fy_end,revenue,op_income,pretax,net_income,da,amort,capex,cfo,sbc,interest,buyback,dividends,shares_diluted,shares_basic,assets,liab_current,cash,st_inv,ppe_net,ppe_gross,acc_dep,debt_lt,debt_st,equity,shares,roe,debt,net_debt,invested_capital,nopat,roic,roic_incr_5y,op_margin,dep,maint_greenwald,useful_life,maint_full,maint_base,maint_stress,owner_earnings,owner_earnings_stress,fcf,fcf_ex_sbc,oe_ps,capex_to_dep,interest_cover,ticker
2007-12-31,4067599000.0,1108112000.0,1671432000.0,1085886000.0,97642000.0,,81587000.0,769861000.0,58213000.0,57277000.0,600532000.0,74002000.0,135153000.0,134887000.0,,,1659000000.0,,,,,,,3032000000.0,135153000.0,0.35814182058047495,0.0,-1659000000.0,,875408480.0,,,0.27242410080246354,97642000.0,,,,97642000.0,97642000.0,1085886000.0,1085886000.0,688274000.0,630061000.0,8.034494239861491,0.835572806783966,19.3465439879882,MA
2008-12-31,4992000000.0,-534000000.0,-383000000.0,-254000000.0,112000000.0,53000000.0,76000000.0,413000000.0,61000000.0,104000000.0,649000000.0,79000000.0,130000000.0,130000000.0,6475849000.0,2990451000.0,1505000000.0,,306798000.0,,278269000.0,19387000.0,149380000.0,1927355000.0,130000000.0,-0.10243267521683767,168767000.0,-1336233000.0,2129778000.0,-421860000.0,-0.19807698267143337,,-0.10697115384615384,59000000.0,,,,59000000.0,59000000.0,-201000000.0,-201000000.0,337000000.0,276000000.0,-1.5461538461538462,1.2881355932203389,-5.134615384615385,MA
2009-12-31,5099000000.0,2260000000.0,2218000000.0,1463000000.0,141000000.0,65000000.0,57000000.0,1378000000.0,88000000.0,115000000.0,0.0,79000000.0,130000000.0,130000000.0,7470000000.0,3167000000.0,2055000000.0,,449000000.0,753000000.0,304000000.0,22000000.0,0.0,3504000000.0,130000000.0,0.5387237623024089,22000000.0,-2033000000.0,2248000000.0,1785400000.0,0.815664933214978,,0.4432241616003138,76000000.0,,,,76000000.0,76000000.0,1528000000.0,1528000000.0,1321000000.0,1233000000.0,11.753846153846155,0.75,19.652173913043477,MA
2010-12-31,5539000000.0,2752000000.0,2757000000.0,1846000000.0,148000000.0,78000000.0,61000000.0,1697000000.0,63000000.0,52000000.0,0.0,79000000.0,131000000.0,131000000.0,8837000000.0,3143000000.0,3067000000.0,,439000000.0,771000000.0,332000000.0,,,5205000000.0,131000000.0,0.4239292685727408,0.0,-3067000000.0,2627000000.0,2174080000.0,0.8919302564102564,,0.49684058494313055,70000000.0,,9.916389830508475,77750069.65014262,70000000.0,77750069.65014262,1924000000.0,1916249930.3498573,1636000000.0,1573000000.0,14.687022900763358,0.8714285714285714,52.92307692307692,MA
2011-12-31,6714000000.0,2713000000.0,2748000000.0,1906000000.0,194000000.0,117000000.0,77000000.0,2684000000.0,35000000.0,25000000.0,1148000000.0,77000000.0,1284000000.0,1279000000.0,10693000000.0,4217000000.0,3734000000.0,,449000000.0,819000000.0,370000000.0,,,5868000000.0,1284000000.0,0.3442608145940576,0.0,-3734000000.0,2742000000.0,2143270000.0,0.7983870366921214,,0.40408102472445634,77000000.0,0.0,10.276376733436056,79697350.6562128,77000000.0,79697350.6562128,2023000000.0,2020302649.3437872,2607000000.0,2572000000.0,1.5755451713395638,1.0,108.52,MA
2012-12-31,7391000000.0,3937000000.0,3933000000.0,2759000000.0,230000000.0,,96000000.0,2948000000.0,0.0,20000000.0,1748000000.0,132000000.0,1258000000.0,1253000000.0,12462000000.0,4906000000.0,2052000000.0,,472000000.0,858000000.0,386000000.0,,,6917000000.0,1258000000.0,0.4315995307000391,0.0,-2052000000.0,5504000000.0,3110230000.0,0.7543609022556391,,0.5326748748477879,230000000.0,45961951.06474877,9.916389830508475,86523423.81299919,230000000.0,230000000.0,2759000000.0,2759000000.0,2852000000.0,2852000000.0,2.1931637519872815,0.41739130434782606,196.85,MA
2013-12-31,8346000000.0,4503000000.0,4500000000.0,3116000000.0,258000000.0,166000000.0,155000000.0,4135000000.0,63000000.0,14000000.0,2443000000.0,255000000.0,1215000000.0,1211000000.0,14242000000.0,6032000000.0,3599000000.0,,526000000.0,920000000.0,394000000.0,0.0,,7484000000.0,1215000000.0,0.43274772585237137,0.0,-3599000000.0,4611000000.0,3557370000.0,0.7033850716757292,1.6037379968418788,0.5395398993529834,92000000.0,86334117.7179524,9.958194915254238,92386221.3814191,92000000.0,92386221.3814191,3282000000.0,3281613778.618581,3980000000.0,3917000000.0,2.7012345679012344,1.684782608695652,321.64285714285717,MA
2014-12-31,9473000000.0,5106000000.0,5079000000.0,3617000000.0,321000000.0,214000000.0,175000000.0,3407000000.0,-15000000.0,48000000.0,3386000000.0,515000000.0,1169000000.0,1165000000.0,15329000000.0,6222000000.0,5137000000.0,,615000000.0,1052000000.0,437000000.0,1494000000.0,,6790000000.0,1169000000.0,0.5067955723693428,1494000000.0,-3643000000.0,3970000000.0,4033740000.0,0.9401561589558326,1.3056562137049943,0.5390055948485168,107000000.0,93614031.38750216,9.916389830508475,106086995.16465636,107000000.0,107000000.0,3831000000.0,3831000000.0,3232000000.0,3247000000.0,3.27715996578272,1.6355140186915889,106.375,MA
2015-12-31,9667000000.0,5078000000.0,4958000000.0,3808000000.0,366000000.0,235000000.0,177000000.0,4101000000.0,122000000.0,61000000.0,3518000000.0,727000000.0,1137000000.0,1134000000.0,16250000000.0,6269000000.0,5747000000.0,,675000000.0,1166000000.0,491000000.0,3268000000.0,,6028000000.0,1137000000.0,0.5941644562334217,3268000000.0,-2479000000.0,4234000000.0,4011620000.0,0.9779668454412481,1.143459863098942,0.5252922313023689,131000000.0,163887990.80300894,9.91214228367529,117633501.0767887,163887990.80300894,163887990.80300894,4010112009.196991,4010112009.196991,3924000000.0,3802000000.0,3.5269234909384264,1.3511450381679388,83.24590163934427,MA
2016-12-31,10776000000.0,5761000000.0,5646000000.0,4059000000.0,373000000.0,221000000.0,215000000.0,4637000000.0,149000000.0,95000000.0,3511000000.0,837000000.0,1101000000.0,1098000000.0,18675000000.0,7206000000.0,6721000000.0,,733000000.0,1336000000.0,603000000.0,5180000000.0,,5656000000.0,1101000000.0,0.6947963026360835,5180000000.0,-1541000000.0,4748000000.0,4551190000.0,1.0134023602761077,1.2003589232303091,0.5346139569413512,152000000.0,142137063.91863644,9.907894736842104,134841965.47144756,152000000.0,152000000.0,4280000000.0,4280000000.0,4422000000.0,4273000000.0,3.887375113533152,1.4144736842105263,60.642105263157895,MA
2017-12-31,12497000000.0,6622000000.0,6522000000.0,3915000000.0,437000000.0,252000000.0,300000000.0,5664000000.0,176000000.0,154000000.0,3762000000.0,942000000.0,1072000000.0,1067000000.0,21329000000.0,8793000000.0,5933000000.0,,829000000.0,1543000000.0,714000000.0,5424000000.0,0.0,5468000000.0,1072000000.0,0.7038834951456311,5424000000.0,-509000000.0,6603000000.0,5231380000.0,0.9217478636243502,1.9300727934485897,0.5298871729215011,185000000.0,186533189.73861733,9.869835218888342,156334930.19691882,186533189.73861733,186533189.73861733,4165466810.2613826,4165466810.2613826,5364000000.0,5188000000.0,3.88569665136323,1.6216216216216217,43.0,MA
2018-12-31,21831000000.0,7282000000.0,7204000000.0,5859000000.0,459000000.0,250000000.0,330000000.0,6223000000.0,196000000.0,186000000.0,4933000000.0,1044000000.0,1047000000.0,1041000000.0,24860000000.0,11593000000.0,6682000000.0,,921000000.0,1768000000.0,847000000.0,5834000000.0,500000000.0,5395000000.0,1047000000.0,1.0787075393537697,6334000000.0,-348000000.0,7085000000.0,5752780000.0,0.8405581531268265,0.8873928860145514,0.3335623654436352,209000000.0,0.0,9.83177570093458,179825095.0570342,209000000.0,209000000.0,6109000000.0,6109000000.0,5893000000.0,5697000000.0,5.834765998089781,1.5789473684210527,39.1505376344086,MA
2019-12-31,24980000000.0,9664000000.0,9731000000.0,8118000000.0,522000000.0,285000000.0,422000000.0,8183000000.0,250000000.0,224000000.0,6497000000.0,1345000000.0,1022000000.0,1017000000.0,29236000000.0,11904000000.0,6988000000.0,,1828000000.0,2928000000.0,1100000000.0,8527000000.0,0.0,5893000000.0,1022000000.0,1.4383416017009214,8527000000.0,1539000000.0,10344000000.0,7634560000.0,0.8760755063400081,0.5649231251961092,0.3868694955964772,237000000.0,225948488.2618223,9.869835218888342,296661487.7618784,237000000.0,296661487.7618784,8403000000.0,8343338512.238122,7761000000.0,7511000000.0,8.222113502935422,1.780590717299578,43.142857142857146,MA
2020-12-31,23616000000.0,8081000000.0,7760000000.0,6411000000.0,580000000.0,303000000.0,339000000.0,7224000000.0,254000000.0,380000000.0,4473000000.0,1605000000.0,1006000000.0,1002000000.0,33584000000.0,11847000000.0,10113000000.0,,1902000000.0,3292000000.0,1390000000.0,12023000000.0,649000000.0,6391000000.0,1006000000.0,1.0437968088570497,12672000000.0,2559000000.0,12273000000.0,6383990000.0,0.5645302206304992,0.2951076004478169,0.3421832655826558,277000000.0,339000000.0,9.907894736842104,332260292.16467464,339000000.0,339000000.0,6652000000.0,6652000000.0,6885000000.0,6631000000.0,6.612326043737575,1.2238267148014441,21.26578947368421,MA
2021-12-31,29845000000.0,10082000000.0,10307000000.0,8687000000.0,726000000.0,424000000.0,407000000.0,9463000000.0,273000000.0,431000000.0,5904000000.0,1741000000.0,992000000.0,988000000.0,37669000000.0,13162000000.0,7421000000.0,,1907000000.0,3521000000.0,1614000000.0,13109000000.0,792000000.0,7312000000.0,992000000.0,1.2678975406845217,13901000000.0,6480000000.0,17878000000.0,7964780000.0,0.5283260920035819,0.259984006092917,0.337812028815547,302000000.0,0.0,9.91214228367529,355220889.6152427,302000000.0,355220889.6152427,9111000000.0,9057779110.384758,9056000000.0,8783000000.0,9.184475806451612,1.3476821192052981,23.392111368909514,MA
2022-12-31,22237000000.0,12264000000.0,11732000000.0,9930000000.0,750000000.0,414000000.0,442000000.0,11195000000.0,295000000.0,471000000.0,8753000000.0,1903000000.0,971000000.0,968000000.0,38724000000.0,14171000000.0,7008000000.0,,2006000000.0,3910000000.0,1904000000.0,13749000000.0,274000000.0,6298000000.0,971000000.0,1.4592211609110948,14023000000.0,7015000000.0,17819000000.0,9688560000.0,0.5428220858895706,0.3973947931526391,0.5515132436929442,336000000.0,442000000.0,9.916389830508475,394296721.5720593,442000000.0,442000000.0,10238000000.0,10238000000.0,10753000000.0,10458000000.0,10.5437693099897,1.3154761904761905,26.038216560509554,MA
2023-12-31,25098000000.0,14008000000.0,13639000000.0,11195000000.0,799000000.0,457000000.0,371000000.0,11980000000.0,460000000.0,575000000.0,9032000000.0,2158000000.0,946000000.0,944000000.0,42448000000.0,16264000000.0,8588000000.0,,2061000000.0,4298000000.0,2237000000.0,14344000000.0,1337000000.0,6929000000.0,946000000.0,1.6927496786875331,15681000000.0,7093000000.0,18933000000.0,11066320000.0,0.6022159338267306,0.4484756920999325,0.5581321220814408,342000000.0,170723313.3193241,9.958194915254238,431604325.5405862,342000000.0,431604325.5405862,11652000000.0,11562395674.459414,11609000000.0,11149000000.0,12.317124735729386,1.0847953216374269,24.36173913043478,MA
2024-12-31,28167000000.0,15582000000.0,15254000000.0,12874000000.0,897000000.0,523000000.0,474000000.0,14780000000.0,526000000.0,571000000.0,10954000000.0,2448000000.0,927000000.0,925000000.0,48081000000.0,19220000000.0,8442000000.0,,2138000000.0,4531000000.0,2393000000.0,17476000000.0,750000000.0,6485000000.0,927000000.0,1.9194871030266885,18226000000.0,9784000000.0,21169000000.0,12309780000.0,0.6139234950875269,0.4318909930715935,0.5532005538395995,374000000.0,234653558.50377944,10.0,453100000.0,374000000.0,453100000.0,13397000000.0,13317900000.0,14306000000.0,13780000000.0,14.451995685005393,1.267379679144385,27.28896672504378,MA
2025-12-31,32791000000.0,18897000000.0,18578000000.0,14968000000.0,1143000000.0,760000000.0,489000000.0,17648000000.0,597000000.0,680000000.0,11727000000.0,2756000000.0,906000000.0,905000000.0,54157000000.0,22762000000.0,10566000000.0,,2303000000.0,5059000000.0,2756000000.0,18251000000.0,749000000.0,7737000000.0,906000000.0,2.1049078891857684,19000000000.0,8434000000.0,21578000000.0,14928630000.0,0.6984644536458698,0.9182847931219774,0.5762861760849013,383000000.0,125860677.44532698,10.318181818181818,490299559.47136563,383000000.0,490299559.47136563,15728000000.0,15620700440.528635,17159000000.0,16562000000.0,17.3598233995585,1.276762402088773,27.78970588235294,MA
2007-12-31,,5694000000.0,,4012000000.0,648000000.0,,938000000.0,8011000000.0,276000000.0,3981000000.0,3572000000.0,712000000.0,1193000000.0,1173000000.0,,,15268000000.0,,,,,,,11029000000.0,1193000000.0,0.363768247347901,,,,,,,,,,,,,,,,,,,,,AXP
2008-12-31,28365000000.0,3581000000.0,3581000000.0,2699000000.0,712000000.0,,977000000.0,7773000000.0,256000000.0,3555000000.0,218000000.0,836000000.0,1156000000.0,1154000000.0,126074000000.0,,20550000000.0,,2948000000.0,,3743000000.0,60041000000.0,8993000000.0,11841000000.0,1156000000.0,0.2360297332750328,,,,,,,,,,,,,,,,,,,,,AXP
2009-12-31,24523000000.0,2841000000.0,2841000000.0,2130000000.0,1070000000.0,,722000000.0,6337000000.0,230000000.0,2207000000.0,0.0,924000000.0,1171000000.0,1168000000.0,125145000000.0,,4064000000.0,,2782000000.0,,4130000000.0,77300000000.0,2344000000.0,12637000000.0,1171000000.0,0.1740338262929978,,,,,,,,,,,,,,,,,,,,,AXP
2010-12-31,27819000000.0,,5964000000.0,4057000000.0,917000000.0,176000000.0,878000000.0,8935000000.0,287000000.0,2423000000.0,590000000.0,867000000.0,1195000000.0,1188000000.0,146689000000.0,,654000000.0,,2905000000.0,,4483000000.0,66416000000.0,3414000000.0,18794000000.0,1195000000.0,0.25815277910343293,,,,,,,,,,,,,,,,,,,,,AXP
2011-12-31,,,6956000000.0,4935000000.0,918000000.0,189000000.0,1189000000.0,10475000000.0,301000000.0,2320000000.0,2300000000.0,861000000.0,1184000000.0,1178000000.0,153337000000.0,,,,3367000000.0,,4747000000.0,59570000000.0,4337000000.0,18794000000.0,1184000000.0,0.26258380334149195,,,,,,,,,,,,,,,,,,,,,AXP
2012-12-31,,,6451000000.0,4482000000.0,991000000.0,198000000.0,1053000000.0,,297000000.0,2226000000.0,3952000000.0,902000000.0,1141000000.0,1135000000.0,153140000000.0,,,,3635000000.0,,5429000000.0,58973000000.0,3314000000.0,18886000000.0,1141000000.0,0.23789808917197452,,,,,,,,,,,,,,,,,,,,,AXP
2013-12-31,,,7888000000.0,5359000000.0,1020000000.0,193000000.0,1006000000.0,,350000000.0,1958000000.0,3943000000.0,939000000.0,1089000000.0,1082000000.0,153000000000.0,,,,3875000000.0,,5978000000.0,55330000000.0,5021000000.0,19496000000.0,1089000000.0,0.27924547965192015,,,,,,,,,,,,,,,,,,,,,AXP
2014-12-31,,,8991000000.0,5885000000.0,1012000000.0,174000000.0,1195000000.0,,290000000.0,1707000000.0,4389000000.0,1041000000.0,1051000000.0,1045000000.0,159000000000.0,,,,3938000000.0,,6270000000.0,57955000000.0,3480000000.0,20673000000.0,1051000000.0,0.29301202419776445,,,,,,,,,,,,,,,,,,,,,AXP
2015-12-31,32818000000.0,,7938000000.0,5163000000.0,1043000000.0,183000000.0,1341000000.0,,234000000.0,1623000000.0,4500000000.0,1172000000.0,1003000000.0,999000000.0,161000000000.0,,23239000000.0,,4108000000.0,,6801000000.0,48061000000.0,4812000000.0,20673000000.0,1003000000.0,0.24974604556668117,,,,,,,,,,,,,,,,,,,,,AXP
2016-12-31,24235000000.0,,8042000000.0,5375000000.0,1095000000.0,194000000.0,1375000000.0,,254000000.0,1705000000.0,4400000000.0,1207000000.0,935000000.0,933000000.0,159000000000.0,,25494000000.0,,4433000000.0,,5145000000.0,46990000000.0,5581000000.0,20523000000.0,935000000.0,0.26094766482182735,,,,,,,,,,,,,,,,,,,,,AXP
2017-12-31,24780000000.0,,7425000000.0,2748000000.0,1321000000.0,207000000.0,1062000000.0,13540000000.0,282000000.0,2112000000.0,4300000000.0,1251000000.0,886000000.0,883000000.0,181000000000.0,,33263000000.0,70000000.0,4329000000.0,,5455000000.0,55804000000.0,3278000000.0,18261000000.0,886000000.0,0.1417079207920792,,,,,,,,,,,,,,,,,,,,,AXP
2018-12-31,26607000000.0,,8122000000.0,6921000000.0,1293000000.0,212000000.0,1310000000.0,8930000000.0,283000000.0,2943000000.0,1600000000.0,1324000000.0,859000000.0,856000000.0,189000000000.0,,27808000000.0,166000000.0,4416000000.0,,6015000000.0,58423000000.0,3100000000.0,22290000000.0,859000000.0,0.34134793223348375,,,,,,,,,,,,,,,,,,,,,AXP
2019-12-31,28159000000.0,,8429000000.0,6759000000.0,1188000000.0,49000000.0,1645000000.0,13632000000.0,283000000.0,3464000000.0,,1422000000.0,830000000.0,828000000.0,198000000000.0,,24446000000.0,223000000.0,4834000000.0,,6562000000.0,57835000000.0,6442000000.0,23071000000.0,830000000.0,0.2980093031458742,,,,,,,,,,,,,,,,,,,,,AXP
2020-12-31,21974000000.0,,4296000000.0,3135000000.0,1543000000.0,54000000.0,1478000000.0,5591000000.0,249000000.0,2098000000.0,1029000000.0,1474000000.0,806000000.0,805000000.0,191000000000.0,,32965000000.0,157000000.0,5015000000.0,,7540000000.0,42952000000.0,1878000000.0,22984000000.0,806000000.0,0.13614156986212136,,,,,,,,,,,,,,,,,,,,,AXP
2021-12-31,27716000000.0,,10689000000.0,8060000000.0,1695000000.0,57000000.0,1550000000.0,14645000000.0,330000000.0,1283000000.0,7652000000.0,1448000000.0,790000000.0,789000000.0,189000000000.0,,22028000000.0,188000000.0,4988000000.0,,8602000000.0,38675000000.0,2243000000.0,22177000000.0,790000000.0,0.3569451517902615,,,,,,,,,,,,,,,,,,,,,AXP
2022-12-31,34219000000.0,,9585000000.0,7514000000.0,1626000000.0,51000000.0,1855000000.0,21079000000.0,375000000.0,2763000000.0,3502000000.0,1565000000.0,752000000.0,751000000.0,228354000000.0,,33914000000.0,307000000.0,5215000000.0,,9850000000.0,42573000000.0,1348000000.0,24711000000.0,752000000.0,0.32050844565773756,,,,,,,,,,,,,,,,,,,,,AXP
2023-12-31,37218000000.0,,10513000000.0,8374000000.0,1651000000.0,49000000.0,1563000000.0,18559000000.0,450000000.0,6849000000.0,3650000000.0,1780000000.0,736000000.0,735000000.0,261108000000.0,,46596000000.0,166000000.0,5138000000.0,,9911000000.0,47866000000.0,1293000000.0,28057000000.0,736000000.0,0.3173893268647665,,,,,,,,,,,,,,,,,,,,,AXP
2024-12-31,38825000000.0,,12895000000.0,10129000000.0,1676000000.0,46000000.0,1911000000.0,14050000000.0,504000000.0,,6020000000.0,1999000000.0,713000000.0,712000000.0,271461000000.0,,40640000000.0,221000000.0,5371000000.0,,10739000000.0,49715000000.0,1374000000.0,30264000000.0,713000000.0,0.34735344044169336,,,,,,,,,,,,,,,,,,,,,AXP
2025-12-31,41304000000.0,,13795000000.0,10833000000.0,1777000000.0,36000000.0,2425000000.0,18428000000.0,551000000.0,,5814000000.0,2271000000.0,696000000.0,695000000.0,300052000000.0,,47792000000.0,742000000.0,6118000000.0,,12039000000.0,56387000000.0,1371000000.0,33474000000.0,696000000.0,0.3399228089993411,,,,,,,,,,,,,,,,,,,,,AXP
2007-12-31,118245000000.0,,20161000000.0,13213000000.0,2407000000.0,,5373000000.0,12550000000.0,,,,,,1545751.0,,,44329000000.0,,,,,,,,1545751.0,,,,,,,,,,,,,,,,,,,,,,BRK-B
2008-12-31,107786000000.0,,7574000000.0,4994000000.0,2810000000.0,,6138000000.0,11252000000.0,,,,,,1548960000000.0,267399000000.0,,25539000000.0,,,,,,,109267000000.0,1548960000000.0,0.04570455855839366,,,,,,,,,,,,,,,,,,,,,BRK-B
2009-12-31,112493000000.0,11158000000.0,11552000000.0,8055000000.0,3127000000.0,,4937000000.0,15846000000.0,,,,,,1551174000000.0,297119000000.0,,30558000000.0,,,,,,,131102000000.0,1551174000000.0,0.06702195374611535,,,,,,,,,,,,,,,,,,,,,BRK-B
2010-12-31,136185000000.0,17271000000.0,19051000000.0,12967000000.0,4279000000.0,,5980000000.0,17895000000.0,,,,,,1635661.0,372229000000.0,,38227000000.0,,,,,,,157318000000.0,1635661.0,0.08991748145066222,,,,,,,,,,,,,,,,,,,,,BRK-B
2011-12-31,143688000000.0,17184000000.0,15314000000.0,10254000000.0,5492000000.0,,8191000000.0,,,,67000000.0,,,1649891.0,392647000000.0,,37299000000.0,,,,,,,164850000000.0,1649891.0,0.06365622904819845,,,,,,,,,,,,,,,,,,,,,BRK-B
2012-12-31,162463000000.0,20079000000.0,22236000000.0,14824000000.0,6154000000.0,1008000000.0,9775000000.0,,,,1296000000.0,,,1651294.0,427452000000.0,,46992000000.0,,,,,,,187647000000.0,1651294.0,0.08410851723560768,,,,,,,,,,,,,,,,,,,,,BRK-B
2013-12-31,182150000000.0,,28796000000.0,19476000000.0,6508000000.0,1090000000.0,11087000000.0,,,2801000000.0,,,,1643613.0,484624000000.0,,45907000000.0,,,,,,,221890000000.0,1643613.0,0.095112285336856,,,,,,,,,,,,,,,,,,,,,BRK-B
2014-12-31,194699000000.0,,28105000000.0,19872000000.0,7370000000.0,1155000000.0,15185000000.0,,,3253000000.0,,,,1643456.0,525867000000.0,,60033000000.0,,,,,,,240170000000.0,1643456.0,0.08601480327230229,,,,,,,,,,,,,,,,,,,,,BRK-B
2015-12-31,210943000000.0,,34946000000.0,24083000000.0,7779000000.0,1106000000.0,16082000000.0,31491000000.0,,3515000000.0,,,,,552257000000.0,,67161000000.0,,,,,,,255550000000.0,,0.09716372145566045,,,,,,,,,,,,,,,,,,,,,BRK-B
2016-12-31,215114000000.0,,33667000000.0,24074000000.0,8901000000.0,1490000000.0,12954000000.0,32647000000.0,,3741000000.0,,,,,620854000000.0,,28048000000.0,,,,,,,282070000000.0,,0.0895576801458279,,,,,,,,,,,,,,,,,,,,,BRK-B
2017-12-31,239933000000.0,,23838000000.0,44940000000.0,9188000000.0,1469000000.0,11708000000.0,45728000000.0,,4386000000.0,,,,,702095000000.0,,31583000000.0,,,,,,,348296000000.0,,0.1425838322498358,,,,,,,,,,,,,,,,,,,,,BRK-B
2018-12-31,175445000000.0,,4001000000.0,4021000000.0,9779000000.0,1393000000.0,14537000000.0,37400000000.0,,3853000000.0,1346000000.0,,,,707794000000.0,,30811000000.0,,,,,,,348703000000.0,,0.01153803663993779,,,,,,,,,,,,,,,,,,,,,BRK-B
2019-12-31,176512000000.0,,102696000000.0,81417000000.0,10064000000.0,1317000000.0,15979000000.0,38687000000.0,,3961000000.0,4850000000.0,,,,817729000000.0,,64632000000.0,,,,,,,424791000000.0,,0.21051747007733737,,,,,,,,,,,,,,,,,,,,,BRK-B
2020-12-31,166733000000.0,,55693000000.0,42521000000.0,10596000000.0,1277000000.0,13012000000.0,39773000000.0,,4083000000.0,24706000000.0,,,,873729000000.0,,48396000000.0,,,,,,,443164000000.0,,0.09797973397238337,,,,,,,,,,,,,,,,,,,,,BRK-B
2021-12-31,191252000000.0,,111861000000.0,89937000000.0,10718000000.0,1252000000.0,13276000000.0,39427000000.0,,4172000000.0,27061000000.0,,,,959388000000.0,,88706000000.0,,,,,,,506199000000.0,,0.18946809597593334,,,,,,,,,,,,,,,,,,,,,BRK-B
2022-12-31,207771000000.0,,-30500000000.0,-22759000000.0,10899000000.0,1200000000.0,15464000000.0,37350000000.0,,4352000000.0,7854000000.0,,,,948465000000.0,,36399000000.0,,,,,,,473424000000.0,,-0.046464813504787046,,,,,,,,,,,,,,,,,,,,,BRK-B
2023-12-31,254906000000.0,,120166000000.0,96223000000.0,12486000000.0,1800000000.0,19409000000.0,49196000000.0,,5003000000.0,9171000000.0,,,,1069978000000.0,,38643000000.0,,,,,,,561273000000.0,,0.1859926142629195,,,,,,,,,,,,,,,,,,,,,BRK-B
2024-12-31,249714000000.0,,110376000000.0,88995000000.0,12855000000.0,1800000000.0,18976000000.0,30592000000.0,,5200000000.0,2918000000.0,,,,1153881000000.0,,48376000000.0,,,,,,,649368000000.0,,0.1470212887222554,,,,,,,,,,,,,,,,,,,,,BRK-B
2025-12-31,247244000000.0,,82459000000.0,66968000000.0,13476000000.0,1700000000.0,20927000000.0,45969000000.0,,5069000000.0,,,,,1222176000000.0,,52569000000.0,,,,,,,717419000000.0,,0.09799332302692372,,,,,,,,,,,,,,,,,,,,,BRK-B
2010-12-31,1974000000.0,1032000000.0,1008000000.0,606000000.0,139000000.0,9000000.0,293000000.0,698000000.0,20000000.0,22000000.0,,,1414000000.0,1107000000.0,,,1785000000.0,,,,,,,,1414000000.0,,0.0,-1785000000.0,,815280000.0,,,0.5227963525835866,130000000.0,,,,130000000.0,130000000.0,615000000.0,615000000.0,405000000.0,385000000.0,0.4349363507779349,2.253846153846154,46.90909090909091,META
2011-12-31,3711000000.0,1756000000.0,1695000000.0,1000000000.0,323000000.0,20000000.0,606000000.0,1549000000.0,217000000.0,42000000.0,,,1508000000.0,1294000000.0,6331000000.0,899000000.0,1512000000.0,2396000000.0,1475000000.0,1925000000.0,450000000.0,0.0,,4899000000.0,1508000000.0,0.20412329046744235,0.0,-3908000000.0,1524000000.0,1387240000.0,0.9102624671916011,,0.4731878199946106,303000000.0,,,,303000000.0,303000000.0,1020000000.0,1020000000.0,943000000.0,726000000.0,0.6763925729442971,2.0,41.80952380952381,META
2012-12-31,5089000000.0,538000000.0,494000000.0,53000000.0,649000000.0,78000000.0,1235000000.0,1612000000.0,1572000000.0,51000000.0,,,2166000000.0,2006000000.0,15103000000.0,1052000000.0,2384000000.0,7242000000.0,2391000000.0,3273000000.0,882000000.0,1500000000.0,,11755000000.0,2166000000.0,0.006364837276330011,1500000000.0,-8126000000.0,4425000000.0,425020000.0,0.1428878803160195,,0.10571821575948123,571000000.0,,,,571000000.0,571000000.0,131000000.0,131000000.0,377000000.0,-1195000000.0,0.060480147737765465,2.1628721541155866,10.549019607843137,META
2013-12-31,7872000000.0,2804000000.0,2754000000.0,1500000000.0,1011000000.0,145000000.0,1362000000.0,4222000000.0,906000000.0,56000000.0,,,2517000000.0,2420000000.0,17895000000.0,1100000000.0,3323000000.0,8126000000.0,2882000000.0,4142000000.0,1260000000.0,0.0,,15470000000.0,2517000000.0,0.11019283746556474,0.0,-11449000000.0,5346000000.0,2215160000.0,0.45341520826936854,,0.3561991869918699,866000000.0,,5.732049036777584,722603727.4671555,866000000.0,866000000.0,1645000000.0,1645000000.0,2860000000.0,1954000000.0,0.6535558204211362,1.5727482678983833,50.07142857142857,META
2014-12-31,12466000000.0,4994000000.0,4910000000.0,2940000000.0,1243000000.0,319000000.0,1831000000.0,7326000000.0,1786000000.0,23000000.0,,,2664000000.0,2614000000.0,39966000000.0,1424000000.0,4315000000.0,6884000000.0,3967000000.0,5784000000.0,1817000000.0,,,36096000000.0,2664000000.0,0.11402862351161618,0.0,-11199000000.0,27343000000.0,3945260000.0,0.2413815044816299,,0.40060965827049577,924000000.0,0.0,5.995894648258922,964660044.7990774,924000000.0,964660044.7990774,3259000000.0,3218339955.2009225,5495000000.0,3709000000.0,1.2233483483483483,1.9816017316017316,217.1304347826087,META
2015-12-31,17928000000.0,6225000000.0,6194000000.0,3688000000.0,1945000000.0,730000000.0,2523000000.0,10320000000.0,2960000000.0,23000000.0,0.0,,2853000000.0,2803000000.0,49407000000.0,1925000000.0,4907000000.0,13527000000.0,5687000000.0,7819000000.0,2132000000.0,,,44218000000.0,2853000000.0,0.09183952984535697,0.0,-18434000000.0,29048000000.0,4917750000.0,0.1744161302335479,,0.3472222222222222,1215000000.0,404239416.65716624,6.259740259740259,1249093360.9958508,1215000000.0,1249093360.9958508,4418000000.0,4383906639.004149,7797000000.0,4837000000.0,1.5485453908166842,2.0765432098765433,270.6521739130435,META
2016-12-31,27638000000.0,12427000000.0,12518000000.0,10217000000.0,2342000000.0,751000000.0,4491000000.0,16108000000.0,3218000000.0,10000000.0,0.0,,2925000000.0,2863000000.0,64961000000.0,2875000000.0,8903000000.0,20546000000.0,8591000000.0,11803000000.0,3212000000.0,,,59194000000.0,2925000000.0,0.1975979576838278,0.0,-29449000000.0,32637000000.0,9817330000.0,0.3183052605982005,0.2709507279915148,0.4496345611115131,1591000000.0,861692352.4470654,6.306437786635806,1871579550.8222015,1591000000.0,1871579550.8222015,10968000000.0,10687420449.1778,11617000000.0,8399000000.0,3.7497435897435896,2.822752985543683,1242.7,META
2017-12-31,40653000000.0,20203000000.0,20594000000.0,15934000000.0,3025000000.0,692000000.0,6733000000.0,24216000000.0,3723000000.0,6000000.0,1976000000.0,,2956000000.0,2901000000.0,84524000000.0,3760000000.0,8079000000.0,33632000000.0,13721000000.0,18337000000.0,4616000000.0,,,74347000000.0,2956000000.0,0.23863832081533012,0.0,-41711000000.0,39053000000.0,15960370000.0,0.44526070581671084,0.4486354972854337,0.4969620938184144,2333000000.0,2093871850.7126694,6.353135313531353,2886291428.571429,2333000000.0,2886291428.571429,16626000000.0,16072708571.428572,17483000000.0,13760000000.0,5.624492557510149,2.8859837119588514,3367.1666666666665,META
2018-12-31,55838000000.0,24913000000.0,25361000000.0,22112000000.0,4315000000.0,640000000.0,13915000000.0,29274000000.0,4152000000.0,9000000.0,12879000000.0,,2921000000.0,2890000000.0,97334000000.0,7017000000.0,10019000000.0,31095000000.0,24683000000.0,31573000000.0,6890000000.0,,,84127000000.0,2921000000.0,0.2790615495286293,0.0,-41114000000.0,49203000000.0,19681270000.0,0.44600412436548226,0.39825136238228787,0.4461656936136681,3675000000.0,8904248206.267757,6.394263130016705,4937707341.411443,8904248206.267757,8904248206.267757,17522751793.732243,17522751793.732243,15359000000.0,11207000000.0,5.998887981421514,3.786394557823129,2768.1111111111113,META
2019-12-31,70697000000.0,23986000000.0,24812000000.0,18485000000.0,5741000000.0,562000000.0,15102000000.0,36314000000.0,4836000000.0,20000000.0,4202000000.0,,2876000000.0,2854000000.0,133376000000.0,15053000000.0,19079000000.0,35776000000.0,35323000000.0,45986000000.0,10663000000.0,,,101054000000.0,2876000000.0,0.1996425119207694,0.0,-54855000000.0,63468000000.0,18948940000.0,0.3363587791002121,0.4153267820069204,0.3392788944368219,5179000000.0,9973146547.517103,6.435390946502058,7145797416.549431,9973146547.517103,9973146547.517103,14252853452.482897,14252853452.482897,21212000000.0,16376000000.0,4.955790491127572,2.9160069511488707,1199.3,META
2020-12-31,85965000000.0,32671000000.0,33180000000.0,29146000000.0,6862000000.0,473000000.0,15163000000.0,38747000000.0,6536000000.0,,6272000000.0,,2888000000.0,2851000000.0,159316000000.0,14981000000.0,17576000000.0,44378000000.0,45633000000.0,61051000000.0,15418000000.0,,,128290000000.0,2888000000.0,0.254168410771592,0.0,-61954000000.0,82381000000.0,25810090000.0,0.35392892649246827,0.39173382333639584,0.3800500203571221,6389000000.0,9339007803.92418,6.926997798832424,8813486271.107292,9339007803.92418,9339007803.92418,26668992196.07582,26668992196.07582,23584000000.0,17048000000.0,9.234415580358664,2.3732978556894664,,META
2021-12-31,117929000000.0,46753000000.0,47284000000.0,39370000000.0,7967000000.0,407000000.0,18690000000.0,57683000000.0,9164000000.0,23000000.0,44537000000.0,,2859000000.0,2815000000.0,165987000000.0,21135000000.0,16601000000.0,31397000000.0,57809000000.0,77889000000.0,20080000000.0,0.0,,124879000000.0,2859000000.0,0.3110175416421442,0.0,-47998000000.0,96854000000.0,36934870000.0,0.41213903534465923,0.4222797701543205,0.39645040660058173,7560000000.0,5131680078.95977,7.4186046511627906,10499144200.626959,7560000000.0,10499144200.626959,39777000000.0,36837855799.37304,38993000000.0,29829000000.0,13.912906610703043,2.4722222222222223,2032.7391304347825,META
2022-12-31,116609000000.0,28944000000.0,28819000000.0,23200000000.0,8686000000.0,185000000.0,31186000000.0,50475000000.0,11992000000.0,185000000.0,27956000000.0,0.0,2702000000.0,2687000000.0,185727000000.0,27026000000.0,14681000000.0,26057000000.0,79518000000.0,104493000000.0,24975000000.0,9923000000.0,,125713000000.0,2702000000.0,0.18516153747924913,9923000000.0,-30815000000.0,117963000000.0,22865760000.0,0.21288594478090653,0.08750969458877202,0.24821411726367604,8501000000.0,31186000000.0,7.639220885375652,13678489150.646107,31186000000.0,31186000000.0,700000000.0,700000000.0,19289000000.0,7297000000.0,0.25906735751295334,3.668509587107399,156.45405405405404,META
2023-12-31,134902000000.0,46751000000.0,47428000000.0,39098000000.0,11178000000.0,161000000.0,27045000000.0,71113000000.0,14027000000.0,446000000.0,19774000000.0,0.0,2629000000.0,2574000000.0,229623000000.0,31960000000.0,41862000000.0,23541000000.0,96587000000.0,129721000000.0,33134000000.0,18385000000.0,,153168000000.0,2629000000.0,0.2803919951520541,18385000000.0,-47018000000.0,132260000000.0,36933290000.0,0.29520299892495894,0.20771301636225725,0.3465552771641636,11017000000.0,17369320432.14048,7.859837119588513,16504286033.702349,17369320432.14048,17369320432.14048,32906679567.85952,32906679567.85952,44068000000.0,30041000000.0,12.516804704396927,2.454842516111464,104.82286995515695,META
2024-12-31,164501000000.0,69380000000.0,70663000000.0,62360000000.0,15498000000.0,211000000.0,37256000000.0,91328000000.0,16690000000.0,683000000.0,30125000000.0,5072000000.0,2614000000.0,2534000000.0,276054000000.0,33596000000.0,43889000000.0,33926000000.0,121346000000.0,164663000000.0,43317000000.0,28826000000.0,,182637000000.0,2614000000.0,0.371406024329596,28826000000.0,-48989000000.0,164643000000.0,54810200000.0,0.36921284055735376,0.3544478379046207,0.42176035404040096,15287000000.0,19978635815.684383,8.225564818297658,20018442944.332455,19978635815.684383,20018442944.332455,57879364184.31561,57839557055.66754,54072000000.0,37382000000.0,22.14206740027376,2.437103421207562,101.58125915080527,META
2025-12-31,200966000000.0,83276000000.0,85932000000.0,60458000000.0,18616000000.0,615000000.0,69691000000.0,115800000000.0,20427000000.0,1090000000.0,26248000000.0,5324000000.0,2574000000.0,2521000000.0,366021000000.0,41836000000.0,35873000000.0,45719000000.0,176400000000.0,233726000000.0,57326000000.0,58744000000.0,,217243000000.0,2574000000.0,0.30238071421426427,58744000000.0,-22848000000.0,242593000000.0,65788040000.0,0.32309540413912324,0.24953155818540435,0.41437855159579234,18001000000.0,46669958910.27861,8.591292517006803,27204986855.857853,46669958910.27861,46669958910.27861,32404041089.72139,32404041089.72139,46109000000.0,25682000000.0,12.588982552339312,3.871507138492306,76.4,META
2013-12-31,,-4269000.0,-4837000.0,-4837000.0,1758000.0,278000.0,3462000.0,1396000.0,1766000.0,,,,,,,,83529000.0,,,,,,,85381000.0,,-0.05665194832573992,0.0,-83529000.0,,-3372510.0,,,,1480000.0,,,,1480000.0,1480000.0,-4559000.0,-4559000.0,-2066000.0,-3832000.0,,2.3391891891891894,,SHOP
2014-12-31,,-21615000.0,-22311000.0,-22311000.0,4672000.0,674000.0,20573000.0,-801000.0,4443000.0,,,,,,95193000.0,19774000.0,41953000.0,17709000.0,21728000.0,24866000.0,3138000.0,,,67732000.0,,-0.29143181833025283,0.0,-59662000.0,15757000.0,-17075850.0,-1.083699308243955,,,3998000.0,,,,3998000.0,3998000.0,-21637000.0,-21637000.0,-21374000.0,-25817000.0,,5.145822911455728,,SHOP
2015-12-31,,-17756000.0,-18790000.0,-18790000.0,7236000.0,1511000.0,16525000.0,15756000.0,8158000.0,,,,,,243712000.0,37237000.0,110070000.0,80103000.0,33048000.0,41833000.0,8785000.0,,,195317000.0,,-0.14286311675771435,0.0,-190173000.0,16302000.0,-14027240.0,-0.875089054555663,,,5725000.0,,,,5725000.0,5725000.0,-17279000.0,-17279000.0,-769000.0,-8927000.0,,2.88646288209607,,SHOP
2016-12-31,,-37165000.0,,-35355000.0,13967000.0,3576000.0,23773000.0,14017000.0,23098000.0,,,,,,490558000.0,66532000.0,84013000.0,308401000.0,45719000.0,64375000.0,18656000.0,,,410476000.0,,-0.11672303905789601,0.0,-392414000.0,31612000.0,-29360350.0,-1.2255436824310222,,,10391000.0,,6.2196098049024515,10350327.75677632,10391000.0,10391000.0,-31779000.0,-31779000.0,-9756000.0,-32854000.0,,2.2878452506977194,,SHOP
2017-12-31,673304000.0,-49157000.0,,-39995000.0,23382000.0,6802000.0,20043000.0,7901000.0,49163000.0,,,,,,1113564000.0,94754000.0,141677000.0,796362000.0,50360000.0,85362000.0,35002000.0,,,1001100000.0,,-0.05666715784343174,0.0,-938039000.0,80771000.0,-38834030.0,-0.691101501116717,,-0.07300862611836555,16580000.0,,6.207437469095437,13751568.247765074,16580000.0,16580000.0,-33193000.0,-33193000.0,-12142000.0,-61305000.0,,1.208866103739445,,SHOP
2018-12-31,1073229000.0,-91920000.0,,-64553000.0,27052000.0,10141000.0,27950000.0,9324000.0,95720000.0,,,,,,2254785000.0,138688000.0,410683000.0,1558987000.0,61612000.0,91787000.0,30175000.0,,,2090768000.0,,-0.041756633853709146,0.0,-1969670000.0,146427000.0,-72616800.0,-0.6392380214614565,,-0.08564807697145717,16911000.0,,6.195265133288423,14815669.39029126,16911000.0,16911000.0,-54412000.0,-54412000.0,-18626000.0,-114346000.0,,1.6527703861391994,,SHOP
2019-12-31,1578173000.0,-141147000.0,,-124842000.0,35651000.0,18872000.0,56759000.0,70615000.0,158456000.0,0.0,,,113026424.0,113026424.0,3489479000.0,316382000.0,649916000.0,1805278000.0,111398000.0,157659000.0,46261000.0,,,3015734000.0,113026424.0,-0.04889531033180835,0.0,-2455194000.0,717903000.0,-111506130.0,-0.2580174933185242,-0.13448809791695746,-0.08943696286782248,16779000.0,,6.207437469095437,25398403.251732547,16779000.0,25398403.251732547,-105970000.0,-114589403.25173254,13856000.0,-144600000.0,-0.9375683689683043,3.382740330174623,,SHOP
2020-12-31,2929491000.0,90153000.0,,319509000.0,70060000.0,31868000.0,41733000.0,424958000.0,246940000.0,9085000.0,,,123463274.0,119569705.0,7762905000.0,438332000.0,2703597000.0,3684370000.0,92104000.0,191718000.0,99614000.0,,,6400723000.0,123463274.0,0.06786182956073607,0.0,-6387967000.0,936606000.0,71220870.0,0.08609305842397956,0.09263038083068204,0.030774288093050977,38192000.0,0.0,6.195265133288423,30945891.075728152,38192000.0,38192000.0,351377000.0,351377000.0,383225000.0,136285000.0,2.846004229565466,1.0927157519899455,9.923280132085855,SHOP
2021-12-31,4611856000.0,268643000.0,,2914659000.0,66308000.0,24480000.0,50788000.0,535711000.0,330763000.0,3493000.0,,,1273647350.0,1246588910.0,13340172000.0,702733000.0,2502992000.0,5265101000.0,105526000.0,232872000.0,127346000.0,,,11133000000.0,1273647350.0,0.33246321959118436,0.0,-7768093000.0,4869346000.0,212227970.0,0.07310703567649199,0.04993832236332134,0.0582505177958722,41828000.0,0.0,5.881318136119204,39595205.46420584,41828000.0,41828000.0,2939139000.0,2939139000.0,484923000.0,154160000.0,2.3076552548081697,1.214210576647222,76.90896077870026,SHOP
2022-12-31,5600000000.0,-822000000.0,,-3460000000.0,93000000.0,54000000.0,50000000.0,-136000000.0,549000000.0,3499000.0,,,1266268155.0,1266268155.0,10757000000.0,856000000.0,1649000000.0,3404000000.0,131000000.0,284000000.0,153000000.0,,,8239000000.0,1266268155.0,-0.3572166012801982,0.0,-5053000000.0,4848000000.0,-649380000.0,-0.13365377748204088,-0.12807145828320812,-0.1467857142857143,39000000.0,0.0,6.195265133288423,45841460.19417475,39000000.0,45841460.19417475,-3406000000.0,-3412841460.194175,-186000000.0,-735000000.0,-2.689793616424003,1.2820512820512822,-234.92426407545014,SHOP
2023-12-31,7060000000.0,-1418000000.0,185000000.0,132000000.0,70000000.0,38000000.0,39000000.0,944000000.0,615000000.0,,,,1295511385.0,1281554559.0,11299000000.0,898000000.0,1413000000.0,3595000000.0,49000000.0,205000000.0,156000000.0,,,9066000000.0,1295511385.0,0.015255706443224501,0.0,-5008000000.0,5393000000.0,-1120220000.0,-0.2187716043355141,-0.19967380612068106,-0.2008498583569405,32000000.0,0.0,6.207437469095437,33024899.730463672,32000000.0,33024899.730463672,170000000.0,168975100.26953632,905000000.0,290000000.0,0.13122231264683173,1.21875,,SHOP
2024-12-31,8880000000.0,1075000000.0,2228000000.0,2019000000.0,36000000.0,14000000.0,19000000.0,1616000000.0,430000000.0,,,,1301509980.0,1289812124.0,13924000000.0,1956000000.0,1498000000.0,3981000000.0,47000000.0,217000000.0,170000000.0,,,11558000000.0,1301509980.0,0.1957913110938712,0.0,-5479000000.0,6489000000.0,849250000.0,0.1429473152667901,0.16647721048528555,0.12105855855855856,22000000.0,0.0,6.2196098049024515,34889648.516046,22000000.0,34889648.516046,2033000000.0,2020110351.483954,1597000000.0,1167000000.0,1.5620318178428412,0.8636363636363636,,SHOP
2025-12-31,11556000000.0,1468000000.0,1509000000.0,1231000000.0,31000000.0,13000000.0,26000000.0,2033000000.0,449000000.0,,,,1304953255.0,1298955860.0,15189000000.0,1392000000.0,1545000000.0,4233000000.0,53000000.0,228000000.0,175000000.0,,,13473000000.0,1304953255.0,0.0983580360353162,0.0,-5778000000.0,8019000000.0,1159720000.0,0.15987317342156052,0.15369084662615495,0.12703357563170647,18000000.0,0.0,6.312929902451225,36116352.23630009,18000000.0,36116352.23630009,1244000000.0,1225883647.7637,2007000000.0,1558000000.0,0.9532908517861047,1.4444444444444444,,SHOP
2019-12-31,533735000.0,-45783000.0,-45416000.0,-30387000.0,16878000.0,9700000.0,33521000.0,-80594000.0,31147000.0,,,,61317000.0,61317000.0,,,548945000.0,,,,,,,497086000.0,61317000.0,-0.06113026719722543,,,,,,,,,,,,,,,,,,,,,COIN
2020-12-31,1277481000.0,408951000.0,409199000.0,322317000.0,30962000.0,16700000.0,9913000.0,293548000.0,70548000.0,0.0,,,91209000.0,68671000.0,5855414000.0,4246855000.0,1061850000.0,,49250000.0,73738000.0,24488000.0,0.0,,963584000.0,91209000.0,0.44132760993242826,,,,,,,,,,,,,,,,,,,,,COIN
2021-12-31,7839444000.0,3076570000.0,3026947000.0,3624120000.0,63651000.0,45300000.0,2910000.0,4038172000.0,820685000.0,29160000.0,,,219965000.0,177319000.0,21274425000.0,11419035000.0,7123478000.0,,59230000.0,101476000.0,42246000.0,3384795000.0,20060000.0,6381689000.0,219965000.0,0.9867897353849203,,,,,,,,,,,,,,,,,,,,,COIN
2022-12-31,3194208000.0,-2710208000.0,-3064582000.0,-2624949000.0,154069000.0,106100000.0,2933000.0,-1585419000.0,1565823000.0,88901000.0,,,222338000.0,222314000.0,89724873000.0,80815293000.0,4425021000.0,,171853000.0,256868000.0,85015000.0,3393448000.0,20519000.0,5454557000.0,222338000.0,-0.44354417777393274,,,,,,,,,,,,,,,,,,,,,COIN
2023-12-31,3108383000.0,-161662000.0,-76845000.0,94871000.0,139642000.0,69628000.0,,673376000.0,780668000.0,82766000.0,0.0,,254391000.0,235796000.0,14753901000.0,5485079000.0,5489100000.0,,192550000.0,313277000.0,120727000.0,2979957000.0,0.0,6281649000.0,254391000.0,0.016167234965030437,,,,,,,,,,,,,,,,,,,,,COIN
2024-12-31,6564028000.0,2307160000.0,2942644000.0,2579066000.0,127518000.0,27042000.0,,3103935000.0,912838000.0,80645000.0,0.0,,273377000.0,247374000.0,22541951000.0,7941320000.0,9308266000.0,0.0,200080000.0,384698000.0,184618000.0,4234081000.0,0.0,10276842000.0,273377000.0,0.31150978673117014,,,,,,,,,,,,,,,,,,,,,COIN
2025-12-31,7181325000.0,1435441000.0,1522065000.0,1260327000.0,188428000.0,67126000.0,,2426383000.0,839440000.0,85413000.0,790195000.0,,287209000.0,260088000.0,29671832000.0,8701282000.0,11285452000.0,309765000.0,264573000.0,536082000.0,271509000.0,5937034000.0,1269585000.0,14793058000.0,287209000.0,0.10054503607912277,,,,,,,,,,,,,,,,,,,,,COIN
2017-12-31,134915000.0,-9730000.0,-9715000.0,-10748000.0,12174000.0,500000.0,19031000.0,3167000.0,2755000.0,862000.0,16000.0,,,,,,26881000.0,,,,,,,-59834000.0,,0.179630310525788,0.0,-26881000.0,,-7686700.0,,,-0.07211948263721603,11674000.0,,,,11674000.0,11674000.0,-10248000.0,-10248000.0,-15864000.0,-18619000.0,,1.6302038718519787,-11.287703016241299,NET
2018-12-31,192674000.0,-84899000.0,-86087000.0,-87164000.0,18905000.0,500000.0,25466000.0,-43281000.0,27347000.0,992000.0,65000.0,,,,298380000.0,61379000.0,25055000.0,135602000.0,73210000.0,113109000.0,39899000.0,,255000.0,-113505000.0,,1.005705582702104,255000.0,-160402000.0,76599000.0,-67070210.0,-0.8756016397080901,,-0.4406354775423773,18405000.0,,,,18405000.0,18405000.0,-86664000.0,-86664000.0,-68747000.0,-96094000.0,,1.3836457484379245,-85.5836693548387,NET
2019-12-31,287022000.0,-107946000.0,-104713000.0,-105828000.0,29479000.0,100000.0,43289000.0,-38917000.0,36627000.0,1112000.0,283000.0,,146306000.0,146306000.0,830824000.0,83883000.0,138976000.0,497972000.0,101466000.0,168655000.0,67189000.0,,0.0,725828000.0,146306000.0,-0.3456607052160379,0.0,-636948000.0,109993000.0,-85277340.0,-0.9140514062767965,,-0.3760896377281184,29379000.0,,,,29379000.0,29379000.0,-105728000.0,-105728000.0,-82206000.0,-118833000.0,-0.7226497887988189,1.4734674427312027,-97.07374100719424,NET
2020-12-31,431059000.0,-106768000.0,-124973000.0,-119370000.0,49387000.0,3100000.0,56375000.0,-17129000.0,56334000.0,24964000.0,157000.0,,299774000.0,299774000.0,1380651000.0,141377000.0,108895000.0,923201000.0,123688000.0,206296000.0,82608000.0,,,816940000.0,299774000.0,-0.15474782987461497,0.0,-1032096000.0,207178000.0,-84346720.0,-0.5318690548631495,,-0.24768767152524365,46287000.0,,5.740665100922428,35935905.748421334,46287000.0,46287000.0,-116270000.0,-116270000.0,-73504000.0,-129838000.0,-0.3878588536697646,1.2179445632683044,-4.276878705335683,NET
2021-12-31,656426000.0,-127684000.0,-247976000.0,-260309000.0,66607000.0,2900000.0,92986000.0,64648000.0,90137000.0,49234000.0,189000.0,,312321000.0,312321000.0,2372071000.0,288565000.0,313777000.0,1508066000.0,183736000.0,303949000.0,120213000.0,,,811359000.0,312321000.0,-0.31973120415845,0.0,-1821843000.0,261663000.0,-100870360.0,-0.430296667740236,,-0.1945139284549972,63707000.0,16329590.004763097,5.255855334456693,57830549.10346381,63707000.0,63707000.0,-257409000.0,-257409000.0,-28338000.0,-118475000.0,-0.8241808908142584,1.4595884282731881,-2.5934110573993583,NET
2022-12-31,975241000.0,-201203000.0,-190733000.0,-193381000.0,102335000.0,15200000.0,143606000.0,123595000.0,202777000.0,4984000.0,3000.0,,326332000.0,326332000.0,2587908000.0,397870000.0,204178000.0,1445759000.0,286600000.0,465501000.0,178901000.0,,,623964000.0,326332000.0,-0.26945990554042537,0.0,-1649937000.0,540101000.0,-158950370.0,-0.3965016388862558,,-0.2063110554211728,87135000.0,39965249.52161805,5.342296436563952,87135000.0,87135000.0,87135000.0,-178181000.0,-178181000.0,-20011000.0,-222788000.0,-0.5460114239486168,1.648086302863373,-40.36978330658106,NET
2023-12-31,1296745000.0,-185485000.0,-177862000.0,-183949000.0,135820000.0,20000000.0,114396000.0,254406000.0,273989000.0,5872000.0,34000.0,,333656000.0,333656000.0,2759767000.0,567084000.0,86864000.0,1586880000.0,322813000.0,541293000.0,218480000.0,,,763047000.0,333656000.0,-0.2652451927201731,0.0,-1673744000.0,518939000.0,-146533150.0,-0.27672826333282974,-0.17964222091603743,-0.14303891667212906,115820000.0,11887618.118767872,5.056671002277455,107045326.80813307,115820000.0,115820000.0,-163949000.0,-163949000.0,140010000.0,-133979000.0,-0.49137135253075026,0.9877050595752029,-31.588044959128066,NET
2024-12-31,1669626000.0,-154761000.0,-70871000.0,-78800000.0,127722000.0,12700000.0,185037000.0,380429000.0,338461000.0,5196000.0,0.0,,341411000.0,341411000.0,3301162000.0,793654000.0,147691000.0,1708228000.0,467420000.0,747738000.0,280318000.0,,,1046201000.0,341411000.0,-0.08710801393728224,0.0,-1855919000.0,651589000.0,-122261190.0,-0.20889921471336012,-0.06828678572219883,-0.09269201605629045,115022000.0,75919081.22953956,5.342296436563952,139965651.2660553,115022000.0,139965651.2660553,-66100000.0,-91043651.26605529,195392000.0,-143069000.0,-0.19360829030113266,1.6087096381561787,-29.784642032332563,NET
2025-12-31,2167937000.0,-207205000.0,-92706000.0,-102267000.0,189742000.0,15000000.0,315617000.0,603114000.0,451454000.0,8766000.0,0.0,,348421000.0,348421000.0,6036256000.0,2350563000.0,943536000.0,3157715000.0,618691000.0,998136000.0,379445000.0,,,1459123000.0,348421000.0,-0.0816397400096754,0.0,-4101251000.0,-415558000.0,-163691950.0,-1.387037719621575,,-0.09557703936968648,174742000.0,177124869.07266822,5.527175962041348,180586977.30176103,177124869.07266822,180586977.30176103,-89649869.07266822,-93111977.30176103,287497000.0,-163957000.0,-0.25730328847190104,1.8061885522656258,-23.637348847821126,NET
2009-12-31,111943000.0,-51897000.0,-55714000.0,-55740000.0,6900000.0,,11884000.0,-80825000.0,1434000.0,2531000.0,,,,,,,69627000.0,,,,,,,-253523000.0,,0.2198617087995961,0.0,-69627000.0,,-40998630.0,,,-0.4636020117381167,6900000.0,,,,6900000.0,6900000.0,-55740000.0,-55740000.0,-92709000.0,-94143000.0,,1.72231884057971,-20.50454365863295,TSLA
2010-12-31,116744000.0,-146838000.0,-154155000.0,-154328000.0,10000000.0,,40203000.0,-127817000.0,21156000.0,992000.0,,,,,386082000.0,85565000.0,99558000.0,,114636000.0,136629000.0,21993000.0,71828000.0,,207048000.0,,6.6413340505648195,71828000.0,-27730000.0,200959000.0,-116002020.0,-0.5772422235381346,,-1.2577777016377716,10000000.0,,,,10000000.0,10000000.0,-154328000.0,-154328000.0,-168020000.0,-189176000.0,,4.0203,-148.02217741935485,TSLA
2011-12-31,204242000.0,-251488000.0,-253922000.0,-254411000.0,14600000.0,,184226000.0,-128034000.0,29419000.0,43000.0,,,,,713448000.0,191339000.0,255266000.0,25061000.0,298414000.0,330636000.0,32222000.0,268335000.0,7916000.0,224045000.0,,-1.1803068015486218,276251000.0,-4076000.0,249698000.0,-198675520.0,-0.8817150072005983,,-1.231323625894772,14600000.0,,,,14600000.0,14600000.0,-254411000.0,-254411000.0,-312260000.0,-341679000.0,,12.618219178082192,-5848.558139534884,TSLA
2012-12-31,413256000.0,-394283000.0,-396077000.0,-396213000.0,25300000.0,,239228000.0,-266081000.0,50145000.0,254000.0,,,,,1114190000.0,539108000.0,201890000.0,,552229000.0,609772000.0,57543000.0,401495000.0,50841000.0,124700000.0,,-2.2722218239688026,452336000.0,250446000.0,424033000.0,-311483570.0,-0.9246526284229165,,-0.9540889908434481,25300000.0,,22.646301369863014,26925897.966343652,25300000.0,26925897.966343652,-396213000.0,-397838897.96634364,-505309000.0,-555454000.0,,9.455652173913043,-1552.2952755905512,TSLA
2013-12-31,2013496000.0,-61283000.0,-71426000.0,-74014000.0,83900000.0,,264224000.0,257994000.0,80737000.0,32934000.0,,,,,2416930000.0,675160000.0,845889000.0,,738494000.0,878636000.0,140142000.0,0.0,,667120000.0,,-0.18694652825137026,0.0,-845889000.0,895881000.0,-48413570.0,-0.07335867336811337,,-0.030436117081931127,83900000.0,0.0,18.15460068493151,48397429.128214106,83900000.0,83900000.0,-74014000.0,-74014000.0,-6230000.0,-86967000.0,,3.1492729439809297,-1.860782170401409,TSLA
2014-12-31,3198356000.0,-186689000.0,-284636000.0,-294040000.0,155900000.0,,969885000.0,,156496000.0,100886000.0,,,,,5830667000.0,2107166000.0,1905713000.0,,1829267000.0,2121857000.0,292590000.0,2959795000.0,,911710000.0,,-0.3724783542243307,2959795000.0,1054082000.0,1817788000.0,-147484310.0,-0.10869734665502682,,-0.0583703002417492,155900000.0,0.0,13.6629,155300631.63750008,155900000.0,155900000.0,-294040000.0,-294040000.0,,,,6.221199486850545,-1.8504946176872905,TSLA
2015-12-31,4046025000.0,-716629000.0,-875624000.0,-888663000.0,278700000.0,,1634850000.0,,197999000.0,118851000.0,,,128202000.0,128202000.0,8067939000.0,2811035000.0,1196908000.0,16700000.0,3403334000.0,3974460000.0,571126000.0,2021093000.0,,1083704000.0,128202000.0,-0.8907053874534308,2021093000.0,807485000.0,4043296000.0,-566136910.0,-0.19318505245787299,-0.11715133003690202,-0.17711927138364197,278700000.0,834985531.8210795,13.961805220667385,284666627.0717403,834985531.8210795,834985531.8210795,-1444948531.8210795,-1444948531.8210795,,,-11.270873557519224,5.865984930032293,-6.029642156986479,TSLA
2016-12-31,7000132000.0,-667340000.0,-746348000.0,-674914000.0,477300000.0,,1280802000.0,-123829000.0,334225000.0,198810000.0,,,144212000.0,144212000.0,22664076000.0,5827005000.0,3393000000.0,,5982957000.0,6980442000.0,997485000.0,5892016000.0,1114652000.0,4752911000.0,144212000.0,-0.23126898039360144,7006668000.0,3613668000.0,14558723000.0,-527198600.0,-0.05668186877994265,-0.022959152003717932,-0.09533248801594027,477300000.0,0.0,14.26071044133477,489487675.1558702,477300000.0,489487675.1558702,-674914000.0,-687101675.1558702,-1404631000.0,-1738856000.0,-4.680012758993704,2.6834318038969203,-3.3566721995875457,TSLA
2017-12-31,11759000000.0,-1632000000.0,-2209000000.0,-1962000000.0,769300000.0,40000000.0,3415000000.0,-61000000.0,467000000.0,471000000.0,,,166000000.0,166000000.0,28655372000.0,7674670000.0,3368000000.0,,10027522000.0,11751316000.0,1723794000.0,8828985000.0,799849000.0,4237242000.0,166000000.0,-0.4364775549426133,9628834000.0,6260834000.0,18412551000.0,-1289280000.0,-0.07820625918185631,-0.05435669742221121,-0.13878731184624543,729300000.0,0.0,14.442781367744693,813646326.2017115,729300000.0,813646326.2017115,-1922000000.0,-2006346326.2017117,-3476000000.0,-3943000000.0,-11.578313253012048,4.682572329631153,-3.464968152866242,TSLA
2018-12-31,21461268000.0,-388000000.0,-1005000000.0,-976000000.0,1110000000.0,66000000.0,2101000000.0,2098000000.0,749000000.0,663000000.0,,,853000000.0,853000000.0,29740000000.0,9993000000.0,3686000000.0,,11330000000.0,14029000000.0,2699000000.0,8411000000.0,2222000000.0,4923000000.0,853000000.0,-0.21309480688392293,10633000000.0,6947000000.0,18283000000.0,-306520000.0,-0.016706112411283863,-0.014844692211515893,-0.018079080881893837,1044000000.0,0.0,14.26071044133477,983751830.4373424,1044000000.0,1044000000.0,-910000000.0,-910000000.0,-3000000.0,-752000000.0,-1.0668229777256741,2.0124521072796937,-0.5852187028657617,TSLA
2019-12-31,24578000000.0,-69000000.0,-665000000.0,-862000000.0,1370000000.0,44000000.0,1327000000.0,2405000000.0,898000000.0,685000000.0,,,887000000.0,887000000.0,34309000000.0,10667000000.0,6268000000.0,,10396000000.0,14130000000.0,3734000000.0,10402000000.0,1399000000.0,6618000000.0,887000000.0,-0.14938046963001472,11801000000.0,5533000000.0,18773000000.0,-54510000.0,-0.0029420336787564765,0.005483523886342442,-0.002807388721620962,1326000000.0,0.0,13.961805220667385,1012046778.813648,1326000000.0,1326000000.0,-818000000.0,-818000000.0,1078000000.0,180000000.0,-0.9222096956031567,1.0007541478129713,-0.10072992700729927,TSLA
2020-12-31,31536000000.0,1994000000.0,1154000000.0,721000000.0,1570000000.0,51000000.0,3157000000.0,5943000000.0,1734000000.0,748000000.0,,,3249000000.0,2798000000.0,52148000000.0,14248000000.0,19384000000.0,,12747000000.0,17864000000.0,5117000000.0,8462000000.0,1758000000.0,22225000000.0,3249000000.0,0.0499947994314045,10220000000.0,-9164000000.0,20274000000.0,1575260000.0,0.08068532793812584,0.1319349370181355,0.06322932521562659,1519000000.0,0.0,13.6629,1307482306.098998,1519000000.0,1519000000.0,772000000.0,772000000.0,2786000000.0,1052000000.0,0.2376115727916282,2.078341013824885,2.665775401069519,TSLA
2021-12-31,53823000000.0,6523000000.0,6343000000.0,5519000000.0,1910000000.0,51000000.0,6482000000.0,11497000000.0,2121000000.0,371000000.0,,,3386000000.0,2959000000.0,62131000000.0,19705000000.0,17576000000.0,131000000.0,18884000000.0,25615000000.0,6731000000.0,4254000000.0,1088000000.0,30189000000.0,3386000000.0,0.21059258976609302,5342000000.0,-12365000000.0,25807000000.0,5153170000.0,0.2236570386927367,0.5049989967352333,0.12119354179440016,1859000000.0,0.0,13.720906697149005,1866859134.412918,1859000000.0,1866859134.412918,5570000000.0,5562140865.587082,5015000000.0,2894000000.0,1.6450088600118133,3.486820871436256,17.5822102425876,TSLA
2022-12-31,81462000000.0,13656000000.0,13719000000.0,12556000000.0,2420000000.0,,7158000000.0,14724000000.0,1560000000.0,191000000.0,,,3475000000.0,3130000000.0,82338000000.0,26709000000.0,16253000000.0,5932000000.0,23548000000.0,32589000000.0,9041000000.0,1029000000.0,1016000000.0,44704000000.0,3475000000.0,0.3353050351835285,2045000000.0,-20140000000.0,34460000000.0,10788240000.0,0.35801483398875006,0.7526130788762749,0.16763644398615304,2420000000.0,0.0,13.6629,2385218365.06159,2420000000.0,2420000000.0,12556000000.0,12556000000.0,7566000000.0,6006000000.0,3.6132374100719424,2.9578512396694214,71.49738219895288,TSLA
2023-12-31,96773000000.0,8891000000.0,9973000000.0,14997000000.0,3330000000.0,,8899000000.0,13256000000.0,1812000000.0,156000000.0,,,3485000000.0,3174000000.0,106618000000.0,28748000000.0,16398000000.0,12696000000.0,29725000000.0,41782000000.0,12057000000.0,2682000000.0,1975000000.0,62634000000.0,3485000000.0,0.2794350556186998,4657000000.0,-24437000000.0,50751000000.0,7023890000.0,0.16485876236636116,0.22577337686337318,0.0918747997891974,3330000000.0,2789808604.4870644,13.636636016677357,3063952132.248846,3330000000.0,3330000000.0,14997000000.0,14997000000.0,4357000000.0,2545000000.0,4.303299856527977,2.6723723723723722,56.993589743589745,TSLA
2024-12-31,97690000000.0,7076000000.0,8990000000.0,7091000000.0,4120000000.0,,11342000000.0,14923000000.0,1999000000.0,350000000.0,,,3498000000.0,3197000000.0,122070000000.0,28821000000.0,16139000000.0,20424000000.0,35836000000.0,51424000000.0,15588000000.0,5535000000.0,2343000000.0,72913000000.0,3498000000.0,0.10462791504053945,7878000000.0,-28685000000.0,59029000000.0,5590040000.0,0.1018407724539989,0.14021636526232115,0.07243320708363189,4120000000.0,11016599292.773397,13.610372033354714,3778294955.7863703,11016599292.773397,11016599292.773397,194400707.22660255,194400707.22660255,3581000000.0,1582000000.0,0.05557481624545527,2.7529126213592234,20.217142857142857,TSLA
2025-12-31,94827000000.0,4355000000.0,5278000000.0,3794000000.0,5030000000.0,,8527000000.0,14747000000.0,2825000000.0,338000000.0,,,3528000000.0,3225000000.0,137806000000.0,31714000000.0,16513000000.0,27546000000.0,40643000000.0,60816000000.0,20173000000.0,6584000000.0,1569000000.0,82137000000.0,3528000000.0,0.04893905191873589,8153000000.0,-35906000000.0,63602000000.0,3440450000.0,0.05611060824750675,0.043048144387001476,0.04592573845001951,5030000000.0,8527000000.0,13.538450479487274,4492094578.485559,8527000000.0,8527000000.0,297000000.0,297000000.0,6220000000.0,3395000000.0,0.08418367346938775,1.6952286282306164,12.884615384615385,TSLA
2019-12-31,4805239000.0,-501543000.0,-411703000.0,-674339000.0,57200000.0,46100000.0,125452000.0,222727000.0,97547000.0,,,,260556000.0,260556000.0,,,2013547000.0,,,,,,,-808000000.0,260556000.0,0.8345779702970297,0.0,-2013547000.0,,-396218970.0,,,-0.1043742049042722,11100000.0,,,,11100000.0,11100000.0,-628239000.0,-628239000.0,97275000.0,-272000.0,-2.411147699534841,11.301981981981982,,ABNB
2020-12-31,3378000000.0,-3590000000.0,-4682000000.0,-4585000000.0,67200000.0,36200000.0,37000000.0,-740000000.0,3003000000.0,,0.0,,284000000.0,284000000.0,10491499000.0,5139779000.0,5480557000.0,910700000.0,270194000.0,,267851000.0,1815562000.0,10000000.0,2901000000.0,284000000.0,-4.381270903010034,1825562000.0,-4565695000.0,-1029537000.0,-2836100000.0,,,-1.0627590290112492,31000000.0,,,,31000000.0,31000000.0,-4548800000.0,-4548800000.0,-777000000.0,-3780000000.0,-16.016901408450703,1.1935483870967742,,ABNB
2021-12-31,5992000000.0,429000000.0,-300000000.0,-352000000.0,85600000.0,24000000.0,25000000.0,2313000000.0,899000000.0,,0.0,,616000000.0,616000000.0,13708000000.0,6359000000.0,6067000000.0,2255000000.0,157000000.0,,379000000.0,1983000000.0,0.0,4775000000.0,616000000.0,-0.09171443460135487,1983000000.0,-6339000000.0,-973000000.0,338910000.0,,,0.0715954606141522,61600000.0,,,,61600000.0,61600000.0,-328000000.0,-328000000.0,2288000000.0,1389000000.0,-0.5324675324675324,0.40584415584415584,,ABNB
2022-12-31,8399000000.0,1802000000.0,1989000000.0,1893000000.0,42600000.0,19000000.0,25000000.0,3430000000.0,930000000.0,,1500000000.0,,680000000.0,637000000.0,16038000000.0,7978000000.0,7378000000.0,2244000000.0,121000000.0,,312000000.0,1987000000.0,,5560000000.0,680000000.0,0.36632801161103046,1987000000.0,-7635000000.0,-1562000000.0,1423580000.0,,,0.21454935111322776,23600000.0,,17.356290322580644,24947727.420568913,23600000.0,24947727.420568913,1912000000.0,1910652272.579431,3405000000.0,2475000000.0,2.8117647058823527,1.0593220338983051,,ABNB
2023-12-31,9917000000.0,1518000000.0,2102000000.0,4792000000.0,18000000.0,13000000.0,,3884000000.0,1120000000.0,,2252000000.0,,662000000.0,637000000.0,20645000000.0,9950000000.0,6874000000.0,3197000000.0,160000000.0,,110000000.0,1991000000.0,,8165000000.0,662000000.0,0.6982877959927141,1991000000.0,-8080000000.0,624000000.0,1199220000.0,,,0.1530704850257134,5000000.0,,17.851873974849646,15124462.584733995,5000000.0,15124462.584733995,4805000000.0,4794875537.415266,,,7.258308157099698,,,ABNB
2024-12-31,11102000000.0,2553000000.0,3331000000.0,2648000000.0,16000000.0,,,4518000000.0,1407000000.0,,3430000000.0,,645000000.0,632000000.0,20959000000.0,10161000000.0,6864000000.0,3747000000.0,147000000.0,,141000000.0,1995000000.0,0.0,8412000000.0,645000000.0,0.3194787959220607,1995000000.0,-8616000000.0,187000000.0,2016870000.0,4.973785450061652,,0.2299585660241398,16000000.0,,18.0,16000000.0,16000000.0,16000000.0,2648000000.0,2648000000.0,,,4.105426356589147,,,ABNB
2025-12-31,12241000000.0,2544000000.0,3137000000.0,2511000000.0,17000000.0,,,4646000000.0,1592000000.0,,3789000000.0,,623000000.0,613000000.0,22208000000.0,13649000000.0,6560000000.0,4454000000.0,107000000.0,,203000000.0,0.0,1999000000.0,8199000000.0,623000000.0,0.3023297814701102,1999000000.0,-9015000000.0,-456000000.0,2009760000.0,,8.44908000704401,0.20782615799362797,17000000.0,,18.11764705882353,17110389.610389613,17000000.0,17110389.610389613,2511000000.0,2510889610.3896103,,,4.030497592295345,,,ABNB
2007-12-28,12990000000.0,1183000000.0,,696000000.0,197000000.0,,671000000.0,778000000.0,,184000000.0,1757000000.0,105000000.0,,,,,332000000.0,,,,,,,1462000000.0,,0.47606019151846785,0.0,-332000000.0,,934570000.0,,,0.09107005388760585,197000000.0,,,,197000000.0,197000000.0,696000000.0,696000000.0,107000000.0,107000000.0,,3.4060913705583755,6.429347826086956,MAR
2009-01-02,12879000000.0,765000000.0,,362000000.0,190000000.0,,357000000.0,641000000.0,112000000.0,163000000.0,434000000.0,115000000.0,370700000.0,355600000.0,8903000000.0,2533000000.0,134000000.0,,1443000000.0,,,2975000000.0,120000000.0,1380000000.0,370700000.0,0.2547501759324419,3095000000.0,2961000000.0,6356000000.0,604350000.0,0.09508338577721838,,0.0593990216631726,190000000.0,,,,190000000.0,190000000.0,362000000.0,362000000.0,284000000.0,172000000.0,0.976530887510116,1.8789473684210527,4.693251533742331,MAR
2010-01-01,10908000000.0,-152000000.0,-418000000.0,-346000000.0,185000000.0,,147000000.0,868000000.0,85000000.0,118000000.0,0.0,63000000.0,356400000.0,356400000.0,7933000000.0,2287000000.0,115000000.0,,1362000000.0,2548000000.0,1186000000.0,2234000000.0,64000000.0,996000000.0,356400000.0,-0.29124579124579125,2298000000.0,2183000000.0,5595000000.0,-120080000.0,-0.020095389507154213,,-0.013934726806013934,185000000.0,,,,185000000.0,185000000.0,-346000000.0,-346000000.0,721000000.0,636000000.0,-0.9708193041526375,0.7945945945945946,-1.2881355932203389,MAR
2010-12-31,11691000000.0,695000000.0,551000000.0,458000000.0,178000000.0,40000000.0,307000000.0,1151000000.0,90000000.0,180000000.0,57000000.0,43000000.0,378300000.0,362800000.0,8983000000.0,2501000000.0,505000000.0,,1307000000.0,2556000000.0,1249000000.0,2691000000.0,138000000.0,1585000000.0,378300000.0,0.35490120108485085,2829000000.0,2324000000.0,6115000000.0,549050000.0,0.09377455166524339,,0.05944743820032504,138000000.0,,,,138000000.0,138000000.0,498000000.0,498000000.0,844000000.0,754000000.0,1.316415543219667,2.2246376811594204,3.861111111111111,MAR
2011-12-30,12317000000.0,526000000.0,356000000.0,198000000.0,144000000.0,57000000.0,183000000.0,1089000000.0,103000000.0,164000000.0,1425000000.0,134000000.0,362300000.0,350100000.0,5910000000.0,2558000000.0,102000000.0,,1168000000.0,2095000000.0,927000000.0,1816000000.0,355000000.0,-781000000.0,362300000.0,0.4925373134328358,2171000000.0,2069000000.0,3605000000.0,415540000.0,0.08550205761316873,,0.04270520418933182,87000000.0,110237777.89989327,18.52173913043478,113110328.63849767,110237777.89989327,113110328.63849767,231762222.10010672,228889671.36150235,906000000.0,803000000.0,0.639696997240151,2.103448275862069,3.207317073170732,MAR
2012-12-28,11814000000.0,940000000.0,849000000.0,571000000.0,102000000.0,54000000.0,437000000.0,989000000.0,94000000.0,137000000.0,1145000000.0,191000000.0,332900000.0,322600000.0,6342000000.0,2773000000.0,88000000.0,,1539000000.0,2530000000.0,991000000.0,2528000000.0,,-1285000000.0,332900000.0,-0.5527589545014521,2528000000.0,2440000000.0,3481000000.0,742600000.0,0.2095963872424499,,0.07956661587946504,48000000.0,437000000.0,21.30109945027486,118773211.96053821,437000000.0,437000000.0,236000000.0,236000000.0,552000000.0,458000000.0,0.7089215980775008,9.104166666666666,6.861313868613139,MAR
2013-12-31,12784000000.0,988000000.0,897000000.0,626000000.0,127000000.0,68000000.0,296000000.0,1140000000.0,116000000.0,120000000.0,834000000.0,196000000.0,313000000.0,305000000.0,6794000000.0,2675000000.0,126000000.0,,1543000000.0,2448000000.0,905000000.0,3147000000.0,,-1415000000.0,313000000.0,-0.46370370370370373,3147000000.0,3021000000.0,3993000000.0,780520000.0,0.20886272411024887,,0.07728410513141427,59000000.0,184683148.58580875,24.080459770114942,101659188.54415275,184683148.58580875,184683148.58580875,568316851.4141912,568316851.4141912,844000000.0,728000000.0,1.815708790460675,5.016949152542373,8.233333333333333,MAR
2014-12-31,13796000000.0,1159000000.0,1088000000.0,753000000.0,135000000.0,64000000.0,411000000.0,1224000000.0,109000000.0,115000000.0,1510000000.0,223000000.0,296800000.0,289900000.0,6833000000.0,3038000000.0,104000000.0,,1460000000.0,2378000000.0,918000000.0,3447000000.0,,-2200000000.0,296800000.0,-0.416597510373444,3447000000.0,3343000000.0,3691000000.0,915610000.0,0.23831598125976053,,0.08400985792983473,71000000.0,293111494.60841334,28.786708758296907,82607567.95667419,293111494.60841334,293111494.60841334,594888505.3915867,594888505.3915867,813000000.0,704000000.0,2.004341325443351,5.788732394366197,10.078260869565218,MAR
2015-12-31,14486000000.0,1350000000.0,1255000000.0,859000000.0,132000000.0,65000000.0,305000000.0,1515000000.0,113000000.0,167000000.0,1917000000.0,253000000.0,272800000.0,267300000.0,6082000000.0,3233000000.0,96000000.0,,1029000000.0,1926000000.0,897000000.0,3807000000.0,,-3590000000.0,272800000.0,-0.29671848013816926,3807000000.0,3711000000.0,2753000000.0,1066500000.0,0.33100558659217877,,0.09319342813751208,67000000.0,227248263.58790898,28.746268656716417,67000000.0,227248263.58790898,227248263.58790898,763751736.412091,763751736.412091,1210000000.0,1097000000.0,2.7996764531235008,4.552238805970149,8.083832335329342,MAR
2016-12-31,15407000000.0,1424000000.0,1239000000.0,808000000.0,157000000.0,87000000.0,199000000.0,1619000000.0,212000000.0,234000000.0,568000000.0,374000000.0,295700000.0,290900000.0,24140000000.0,5147000000.0,858000000.0,,2335000000.0,3320000000.0,985000000.0,8197000000.0,,5121000000.0,295700000.0,1.055519268451992,8197000000.0,7339000000.0,18135000000.0,1124960000.0,0.10771351972424359,0.04882450103234687,0.09242552086713832,70000000.0,102726565.2156694,31.119613201597645,106685130.64389743,102726565.2156694,106685130.64389743,862273434.7843306,858314869.3561026,1420000000.0,1208000000.0,2.916041375665643,2.842857142857143,6.085470085470085,MAR
2017-12-31,20452000000.0,2504000000.0,2982000000.0,1459000000.0,231000000.0,185000000.0,240000000.0,2227000000.0,181000000.0,288000000.0,3013000000.0,482000000.0,379900000.0,375200000.0,23846000000.0,5807000000.0,383000000.0,,1793000000.0,2890000000.0,1097000000.0,7840000000.0,,3582000000.0,379900000.0,0.33528668275307366,7840000000.0,7457000000.0,17656000000.0,1978160000.0,0.1105395211086586,0.0871647266313933,0.1224330138861725,46000000.0,0.0,33.49295774647887,86286795.62657696,46000000.0,86286795.62657696,1644000000.0,1603713204.373423,1987000000.0,1806000000.0,4.32745459331403,5.217391304347826,8.694444444444445,MAR
2018-12-31,20758000000.0,2366000000.0,2345000000.0,1907000000.0,256000000.0,,556000000.0,2357000000.0,184000000.0,340000000.0,2850000000.0,543000000.0,354200000.0,350100000.0,23696000000.0,6437000000.0,316000000.0,,1956000000.0,3473000000.0,1517000000.0,8514000000.0,,2225000000.0,354200000.0,0.6567935250559669,8514000000.0,8198000000.0,16943000000.0,1869140000.0,0.10804589728026821,0.08406332046332046,0.11398015223046536,256000000.0,523148892.57139385,31.119613201597645,111601644.19465536,523148892.57139385,523148892.57139385,1639851107.428606,1639851107.428606,1801000000.0,1617000000.0,4.629732093248464,2.171875,6.958823529411765,MAR
2019-12-31,20972000000.0,1800000000.0,1599000000.0,1273000000.0,346000000.0,,653000000.0,1685000000.0,187000000.0,394000000.0,2260000000.0,612000000.0,335500000.0,332700000.0,25051000000.0,6677000000.0,225000000.0,,1904000000.0,3205000000.0,1301000000.0,247000000.0,,703000000.0,335500000.0,0.869535519125683,247000000.0,22000000.0,18149000000.0,1422000000.0,0.08104411261826057,0.03502489970950339,0.08582872401296968,346000000.0,631158570.0007732,28.746268656716417,111492731.04880582,631158570.0007732,631158570.0007732,987841429.9992268,987841429.9992268,1032000000.0,845000000.0,2.9443857824120023,1.8872832369942196,4.568527918781726,MAR
2020-12-31,10571000000.0,84000000.0,-466000000.0,-267000000.0,322000000.0,,135000000.0,1639000000.0,201000000.0,445000000.0,150000000.0,156000000.0,325800000.0,325800000.0,24701000000.0,5752000000.0,877000000.0,,1514000000.0,2402000000.0,888000000.0,143000000.0,,430000000.0,325800000.0,-0.471315092674316,143000000.0,-734000000.0,18072000000.0,66360000.0,0.003664172717484332,-0.06528755140674979,0.007946268091949673,322000000.0,135000000.0,26.41336421341568,90938813.42006385,322000000.0,322000000.0,-267000000.0,-267000000.0,1504000000.0,1303000000.0,-0.8195211786372008,0.4192546583850932,0.18876404494382024,MAR
2021-12-31,13857000000.0,1750000000.0,1180000000.0,1099000000.0,138000000.0,,183000000.0,1177000000.0,182000000.0,420000000.0,0.0,0.0,329300000.0,327200000.0,25553000000.0,6407000000.0,1393000000.0,,1503000000.0,2353000000.0,850000000.0,135000000.0,,1414000000.0,329300000.0,1.1919739696312364,135000000.0,-1258000000.0,17753000000.0,1382500000.0,0.07718073970690859,,0.12628996175218302,138000000.0,0.0,24.080459770114942,97714081.14558473,138000000.0,138000000.0,1099000000.0,1099000000.0,994000000.0,812000000.0,3.337382326146371,1.326086956521739,4.166666666666667,MAR
2022-12-31,20773000000.0,3462000000.0,3114000000.0,2358000000.0,114000000.0,197000000.0,332000000.0,2363000000.0,192000000.0,403000000.0,2566000000.0,321000000.0,325800000.0,324400000.0,24815000000.0,7339000000.0,507000000.0,,1585000000.0,2459000000.0,874000000.0,92000000.0,,568000000.0,325800000.0,2.37941473259334,92000000.0,-415000000.0,16969000000.0,2734980000.0,0.15753585622947988,,0.16665864343137726,0.0,0.0,24.080459770114942,102115990.45346062,0.0,102115990.45346062,2472000000.0,2369884009.5465393,2031000000.0,1839000000.0,7.587476979742173,,8.590570719602978,MAR
2023-12-31,23713000000.0,3864000000.0,3378000000.0,3083000000.0,122000000.0,226000000.0,452000000.0,3170000000.0,205000000.0,565000000.0,3953000000.0,587000000.0,302900000.0,301500000.0,25674000000.0,7762000000.0,338000000.0,,1581000000.0,2471000000.0,890000000.0,56000000.0,,-682000000.0,302900000.0,-54.08771929824562,56000000.0,-282000000.0,17574000000.0,3052560000.0,0.17673971571664301,1.8754675118858954,0.1629485935984481,0.0,150353369.35492116,24.080459770114942,102614319.80906922,150353369.35492116,150353369.35492116,3054646630.6450787,3054646630.6450787,2718000000.0,2513000000.0,10.084670289353182,,6.838938053097345,MAR
2024-12-31,25100000000.0,3767000000.0,3151000000.0,2375000000.0,128000000.0,255000000.0,750000000.0,2749000000.0,237000000.0,695000000.0,3762000000.0,682000000.0,285200000.0,284200000.0,26182000000.0,8649000000.0,396000000.0,,1833000000.0,2714000000.0,881000000.0,55000000.0,,-2992000000.0,285200000.0,-1.2928688078388677,55000000.0,-341000000.0,17137000000.0,2975930000.0,0.17146898677652617,,0.1500796812749004,0.0,615336715.852175,24.080459770114942,112705489.2601432,615336715.852175,615336715.852175,1887663284.147825,1887663284.147825,1999000000.0,1762000000.0,6.618735217909625,,5.420143884892086,MAR
2025-12-31,26186000000.0,4141000000.0,3394000000.0,2601000000.0,145000000.0,313000000.0,604000000.0,3212000000.0,236000000.0,809000000.0,3300000000.0,718000000.0,273600000.0,272900000.0,27540000000.0,8398000000.0,358000000.0,,1954000000.0,2901000000.0,947000000.0,23000000.0,,-3771000000.0,273600000.0,-0.7691852728079255,23000000.0,-335000000.0,18784000000.0,3271390000.0,0.18214359288438517,4.501446629213483,0.15813793630184067,0.0,502418122.14630103,24.080459770114942,120471121.7183771,502418122.14630103,502418122.14630103,2243581877.8536987,2243581877.8536987,2608000000.0,2372000000.0,8.200226161745976,,5.118665018541409,MAR
2012-12-31,9276000000.0,1100000000.0,573000000.0,352000000.0,550000000.0,260000000.0,433000000.0,1110000000.0,50000000.0,569000000.0,,,921000000.0,921000000.0,,,755000000.0,,,,,,,2155000000.0,921000000.0,0.16334106728538283,0.0,-755000000.0,,869000000.0,,,0.11858559724018973,290000000.0,,,,290000000.0,290000000.0,612000000.0,612000000.0,677000000.0,627000000.0,0.6644951140065146,1.493103448275862,1.9332161687170475,HLT
2013-12-31,9735000000.0,1102000000.0,698000000.0,415000000.0,603000000.0,285000000.0,254000000.0,2101000000.0,262000000.0,620000000.0,,0.0,923000000.0,923000000.0,26562000000.0,2142000000.0,594000000.0,,9058000000.0,10848000000.0,1790000000.0,11751000000.0,,4363000000.0,923000000.0,0.12733967474685487,11751000000.0,11157000000.0,23826000000.0,870580000.0,0.03653907496012759,,0.11319979455572676,318000000.0,,,,318000000.0,318000000.0,700000000.0,700000000.0,1847000000.0,1585000000.0,0.7583965330444203,0.7987421383647799,1.7774193548387096,HLT
2014-12-31,10502000000.0,1673000000.0,1147000000.0,673000000.0,628000000.0,315000000.0,268000000.0,1307000000.0,78000000.0,618000000.0,,0.0,329000000.0,328000000.0,26125000000.0,2257000000.0,566000000.0,,7483000000.0,9352000000.0,1869000000.0,10803000000.0,,4752000000.0,329000000.0,0.14766867800329128,10803000000.0,10237000000.0,23302000000.0,1321670000.0,0.05608852486844339,,0.15930298990668443,313000000.0,,,,313000000.0,313000000.0,988000000.0,988000000.0,1039000000.0,961000000.0,3.0030395136778116,0.8562300319488818,2.707119741100324,HLT
2015-12-31,7133000000.0,900000000.0,533000000.0,1404000000.0,385000000.0,325000000.0,310000000.0,1446000000.0,124000000.0,377000000.0,0.0,138000000.0,330000000.0,329000000.0,25622000000.0,2443000000.0,609000000.0,,9119000000.0,11239000000.0,2120000000.0,9857000000.0,,5985000000.0,330000000.0,0.26152556580050296,9857000000.0,9248000000.0,22570000000.0,711000000.0,0.030999302406696894,,0.12617412028599467,60000000.0,,34.113207547169814,329461836.28318584,60000000.0,329461836.28318584,1729000000.0,1459538163.716814,1136000000.0,1012000000.0,5.239393939393939,5.166666666666667,2.387267904509284,HLT
2016-12-31,6576000000.0,868000000.0,540000000.0,338000000.0,353000000.0,312000000.0,317000000.0,1310000000.0,91000000.0,334000000.0,0.0,277000000.0,329000000.0,329000000.0,26211000000.0,2684000000.0,1062000000.0,,341000000.0,767000000.0,426000000.0,6583000000.0,33000000.0,5899000000.0,329000000.0,0.0568832043083137,6616000000.0,5554000000.0,22498000000.0,685720000.0,0.030430460637259252,,0.13199513381995134,41000000.0,317000000.0,31.995900898185546,23971820.716681108,317000000.0,317000000.0,374000000.0,374000000.0,993000000.0,902000000.0,1.1367781155015197,7.7317073170731705,2.5988023952095807,HLT
2017-12-31,8131000000.0,1132000000.0,753000000.0,1084000000.0,336000000.0,288000000.0,58000000.0,849000000.0,121000000.0,351000000.0,891000000.0,195000000.0,327000000.0,324000000.0,14228000000.0,2462000000.0,570000000.0,,353000000.0,803000000.0,450000000.0,6556000000.0,46000000.0,1688000000.0,327000000.0,0.28575194411493343,6602000000.0,6032000000.0,11242000000.0,894280000.0,0.05301007705986959,,0.13922026810970362,48000000.0,0.0,29.878594249201278,26875427.71599658,48000000.0,48000000.0,1372000000.0,1372000000.0,791000000.0,670000000.0,4.195718654434251,1.2083333333333333,3.225071225071225,HLT
2018-12-31,8906000000.0,1432000000.0,1078000000.0,764000000.0,325000000.0,,72000000.0,1255000000.0,127000000.0,371000000.0,1721000000.0,181000000.0,305000000.0,302000000.0,13995000000.0,2615000000.0,403000000.0,,367000000.0,848000000.0,481000000.0,7266000000.0,,551000000.0,305000000.0,0.6824475212148281,7266000000.0,6863000000.0,10977000000.0,1131280000.0,0.10182996534497502,,0.16079047832921625,325000000.0,0.0,24.292955661186006,34907238.617937684,325000000.0,325000000.0,764000000.0,764000000.0,1183000000.0,1056000000.0,2.504918032786885,0.22153846153846155,3.8598382749326148,HLT
2019-12-31,9452000000.0,1657000000.0,1244000000.0,881000000.0,346000000.0,,81000000.0,1384000000.0,154000000.0,414000000.0,1538000000.0,172000000.0,290000000.0,287000000.0,14957000000.0,2871000000.0,538000000.0,,380000000.0,889000000.0,509000000.0,7956000000.0,,-482000000.0,290000000.0,25.536231884057973,7956000000.0,7418000000.0,11548000000.0,1309030000.0,0.11622907880133185,,0.17530681337283116,346000000.0,0.0,18.70731707317073,47521512.38591917,346000000.0,346000000.0,881000000.0,881000000.0,1303000000.0,1149000000.0,3.037931034482759,0.23410404624277456,4.002415458937198,HLT
2020-12-31,4307000000.0,-418000000.0,-924000000.0,-715000000.0,331000000.0,,46000000.0,708000000.0,97000000.0,429000000.0,296000000.0,42000000.0,277000000.0,277000000.0,16755000000.0,2431000000.0,3218000000.0,,346000000.0,832000000.0,486000000.0,10431000000.0,,-1490000000.0,277000000.0,0.7251521298174443,10431000000.0,7213000000.0,11106000000.0,-330220000.0,-0.029153350401695064,,-0.09705131181797075,331000000.0,46000000.0,17.7182418699187,46957254.90758399,331000000.0,331000000.0,-715000000.0,-715000000.0,662000000.0,565000000.0,-2.5812274368231045,0.13897280966767372,-0.9743589743589743,HLT
2021-12-31,5788000000.0,1010000000.0,560000000.0,410000000.0,188000000.0,,35000000.0,109000000.0,193000000.0,397000000.0,0.0,0.0,281000000.0,279000000.0,15441000000.0,3019000000.0,1427000000.0,,305000000.0,810000000.0,505000000.0,8712000000.0,,-821000000.0,281000000.0,-0.35482475118996104,8712000000.0,7285000000.0,10995000000.0,797900000.0,0.07220487760734809,,0.17449896337249482,188000000.0,0.0,16.729166666666668,48418430.88418431,188000000.0,188000000.0,410000000.0,410000000.0,74000000.0,-119000000.0,1.4590747330960854,0.18617021276595744,2.544080604534005,HLT
2022-12-31,8773000000.0,2094000000.0,1734000000.0,1255000000.0,162000000.0,,39000000.0,1681000000.0,162000000.0,415000000.0,1590000000.0,123000000.0,277000000.0,275000000.0,15512000000.0,3372000000.0,1209000000.0,,280000000.0,769000000.0,489000000.0,8708000000.0,,-1102000000.0,277000000.0,-1.3052522100884036,8708000000.0,7499000000.0,10931000000.0,1654260000.0,0.15089482805801332,,0.23868688020061551,162000000.0,0.0,10.738040123456791,71614558.25818272,162000000.0,162000000.0,1255000000.0,1255000000.0,1642000000.0,1480000000.0,4.530685920577618,0.24074074074074073,5.04578313253012,HLT
2023-12-31,10235000000.0,2225000000.0,1692000000.0,1141000000.0,147000000.0,,151000000.0,1946000000.0,169000000.0,464000000.0,2338000000.0,158000000.0,264000000.0,262000000.0,15401000000.0,3722000000.0,800000000.0,,382000000.0,902000000.0,520000000.0,9157000000.0,,-2360000000.0,264000000.0,-0.6591565569035239,9157000000.0,8357000000.0,10879000000.0,1757750000.0,0.16118752865657954,,0.21739130434782608,147000000.0,78965218.14950608,6.136054421768708,147000000.0,147000000.0,147000000.0,1141000000.0,1141000000.0,1795000000.0,1626000000.0,4.321969696969697,1.0272108843537415,4.795258620689655,HLT
2024-12-31,11174000000.0,2370000000.0,1783000000.0,1535000000.0,146000000.0,,96000000.0,2013000000.0,176000000.0,569000000.0,2893000000.0,150000000.0,250000000.0,248000000.0,16522000000.0,4700000000.0,1301000000.0,,411000000.0,910000000.0,499000000.0,10616000000.0,,-3727000000.0,250000000.0,-0.5043535403318548,10616000000.0,9315000000.0,10521000000.0,1872300000.0,0.17498130841121495,,0.21209951673527833,146000000.0,50463810.91147112,6.184465567048737,147142867.90576428,146000000.0,147142867.90576428,1535000000.0,1533857132.0942357,1917000000.0,1741000000.0,6.14,0.6575342465753424,4.1652021089630935,HLT
2025-12-31,12039000000.0,2693000000.0,2072000000.0,1457000000.0,177000000.0,,101000000.0,2129000000.0,170000000.0,620000000.0,3182000000.0,143000000.0,238000000.0,236000000.0,16774000000.0,4508000000.0,918000000.0,,684000000.0,1170000000.0,486000000.0,12338000000.0,,-5388000000.0,238000000.0,-0.3196928140427866,12338000000.0,11420000000.0,11348000000.0,2127470000.0,0.19456490923224656,10.155743801652893,0.22368967522219455,177000000.0,59644280.159665436,6.232876712328767,187714285.71428573,177000000.0,187714285.71428573,1457000000.0,1446285714.2857141,2028000000.0,1858000000.0,6.121848739495798,0.5706214689265536,4.343548387096774,HLT
2009-12-31,3330000000.0,,,-43000000.0,269000000.0,,216000000.0,,,56000000.0,,,151486490.0,151486490.0,,,1327000000.0,,,,,,,5040000000.0,151486490.0,-0.008531746031746031,0.0,-1327000000.0,,,,,,269000000.0,,,,269000000.0,269000000.0,-43000000.0,-43000000.0,,,-0.2838536954681569,0.8029739776951673,,H
2010-12-31,3527000000.0,,88000000.0,66000000.0,279000000.0,14000000.0,310000000.0,,,54000000.0,0.0,,174354202.0,174115200.0,7243000000.0,596000000.0,1110000000.0,524000000.0,3453000000.0,5437000000.0,1984000000.0,714000000.0,57000000.0,5118000000.0,174354202.0,0.01299468399291199,771000000.0,-863000000.0,5070000000.0,,,,,265000000.0,,,,265000000.0,265000000.0,80000000.0,80000000.0,,,0.45883608816035304,1.169811320754717,,H
2011-12-31,3698000000.0,,83000000.0,113000000.0,305000000.0,17000000.0,331000000.0,393000000.0,,57000000.0,396000000.0,,169240447.0,168761751.0,7507000000.0,568000000.0,534000000.0,588000000.0,4043000000.0,6083000000.0,2040000000.0,1221000000.0,4000000.0,4818000000.0,169240447.0,0.022745571658615137,1225000000.0,103000000.0,5821000000.0,,,,,288000000.0,,,,288000000.0,288000000.0,130000000.0,130000000.0,62000000.0,62000000.0,0.7681378908199173,1.1493055555555556,,H
2012-12-31,3949000000.0,,95000000.0,88000000.0,353000000.0,26000000.0,301000000.0,499000000.0,22000000.0,70000000.0,136000000.0,,165377328.0,165017485.0,7630000000.0,618000000.0,413000000.0,514000000.0,4139000000.0,6351000000.0,2212000000.0,1229000000.0,4000000.0,4811000000.0,165377328.0,0.018278118184650534,1233000000.0,306000000.0,6089000000.0,,,,,327000000.0,,20.516981132075472,309548464.2265955,327000000.0,327000000.0,114000000.0,114000000.0,198000000.0,176000000.0,0.6893326998244886,0.9204892966360856,,H
2013-12-31,4184000000.0,,321000000.0,207000000.0,345000000.0,25000000.0,232000000.0,456000000.0,27000000.0,65000000.0,275000000.0,,159189079.0,158544930.0,8177000000.0,871000000.0,454000000.0,30000000.0,4671000000.0,7016000000.0,2345000000.0,1289000000.0,194000000.0,4769000000.0,159189079.0,0.043215031315240085,1483000000.0,999000000.0,7016000000.0,,,,,320000000.0,0.0,20.819254454926625,336995737.0562685,320000000.0,336995737.0562685,232000000.0,215004262.9437315,224000000.0,197000000.0,1.4573864077698446,0.725,,H
2014-12-31,4415000000.0,,525000000.0,344000000.0,354000000.0,30000000.0,253000000.0,,52000000.0,71000000.0,443000000.0,,154350452.0,153136511.0,8143000000.0,730000000.0,685000000.0,130000000.0,4186000000.0,6208000000.0,2022000000.0,1381000000.0,9000000.0,4627000000.0,154350452.0,0.07322264793529161,1390000000.0,575000000.0,6607000000.0,,,,,324000000.0,8323534.783512682,20.516981132075472,302578627.91980875,324000000.0,324000000.0,374000000.0,374000000.0,,,2.4230573681766736,0.7808641975308642,,H
2015-12-31,4328000000.0,,194000000.0,124000000.0,320000000.0,31000000.0,269000000.0,538000000.0,26000000.0,68000000.0,715000000.0,,143999323.0,142814868.0,7591000000.0,1107000000.0,457000000.0,46000000.0,4031000000.0,6252000000.0,2221000000.0,1042000000.0,,3991000000.0,143999323.0,0.02877697841726619,1042000000.0,539000000.0,5981000000.0,,,,,289000000.0,269000000.0,20.819254454926625,300298937.86713094,289000000.0,300298937.86713094,155000000.0,143701062.13286906,269000000.0,243000000.0,1.0763939494354429,0.9307958477508651,,H
2016-12-31,4265000000.0,,282000000.0,206000000.0,326000000.0,11000000.0,211000000.0,462000000.0,26000000.0,76000000.0,272000000.0,0.0,133939331.0,132930578.0,7749000000.0,924000000.0,482000000.0,56000000.0,4270000000.0,6634000000.0,2364000000.0,1445000000.0,,3903000000.0,133939331.0,0.052191537876868505,1445000000.0,907000000.0,6287000000.0,,,,,315000000.0,211000000.0,21.06031746031746,315000000.0,315000000.0,315000000.0,217000000.0,217000000.0,251000000.0,225000000.0,1.620136507923875,0.6698412698412698,,H
2017-12-31,4462000000.0,,722000000.0,389000000.0,348000000.0,13000000.0,298000000.0,587000000.0,32000000.0,80000000.0,743000000.0,0.0,126346903.0,124836917.0,7572000000.0,992000000.0,503000000.0,49000000.0,4034000000.0,6332000000.0,2298000000.0,1440000000.0,,3837000000.0,126346903.0,0.10051679586563307,1440000000.0,888000000.0,6028000000.0,,,,,335000000.0,99219513.10583267,20.788649296196468,304589293.40630686,335000000.0,335000000.0,402000000.0,402000000.0,289000000.0,257000000.0,3.181716294225273,0.8895522388059701,,H
2018-12-31,4454000000.0,,951000000.0,769000000.0,327000000.0,15000000.0,297000000.0,341000000.0,28000000.0,76000000.0,946000000.0,68000000.0,115125017.0,113259113.0,7643000000.0,1061000000.0,570000000.0,116000000.0,3608000000.0,5847000000.0,2239000000.0,1623000000.0,,3670000000.0,115125017.0,0.20487544958039164,1623000000.0,937000000.0,5896000000.0,,,,,312000000.0,297000000.0,20.516981132075472,284983446.75372446,312000000.0,312000000.0,784000000.0,784000000.0,44000000.0,16000000.0,6.8099881366358455,0.9519230769230769,,H
2019-12-31,5020000000.0,,1006000000.0,766000000.0,329000000.0,25000000.0,369000000.0,396000000.0,35000000.0,75000000.0,421000000.0,80000000.0,106292404.0,104590383.0,8417000000.0,1086000000.0,893000000.0,68000000.0,3456000000.0,5605000000.0,2149000000.0,1612000000.0,,3962000000.0,106292404.0,0.20073375262054508,1612000000.0,651000000.0,6370000000.0,,,,,304000000.0,0.0,19.96949974034966,280678037.65132564,304000000.0,304000000.0,791000000.0,791000000.0,27000000.0,-8000000.0,7.441735911815486,1.2138157894736843,,H
2020-12-31,2066000000.0,,-960000000.0,-703000000.0,310000000.0,27000000.0,122000000.0,-611000000.0,28000000.0,128000000.0,69000000.0,20000000.0,101325394.0,101325394.0,9129000000.0,984000000.0,1207000000.0,675000000.0,3126000000.0,5474000000.0,2348000000.0,2984000000.0,,3211000000.0,101325394.0,-0.1960128258748083,2984000000.0,1102000000.0,6263000000.0,,,,,283000000.0,122000000.0,19.422018348623855,281845063.7694851,283000000.0,283000000.0,-676000000.0,-676000000.0,-733000000.0,-761000000.0,-6.671575340728505,0.43109540636042404,,H
2021-12-31,3028000000.0,,44000000.0,-222000000.0,310000000.0,48000000.0,111000000.0,315000000.0,59000000.0,163000000.0,0.0,0.0,103970738.0,103970738.0,12603000000.0,2232000000.0,960000000.0,227000000.0,2848000000.0,5166000000.0,2318000000.0,3968000000.0,,3563000000.0,103970738.0,-0.06554472984942426,3968000000.0,2781000000.0,9184000000.0,,,,,262000000.0,0.0,19.569787800266127,263978335.0093223,262000000.0,263978335.0093223,-174000000.0,-175978335.0093223,204000000.0,145000000.0,-1.6735478014977638,0.42366412213740456,,H
2022-12-31,5891000000.0,,363000000.0,455000000.0,426000000.0,210000000.0,201000000.0,674000000.0,61000000.0,150000000.0,369000000.0,0.0,111264939.0,109093790.0,12312000000.0,3287000000.0,991000000.0,158000000.0,2384000000.0,4565000000.0,2181000000.0,2453000000.0,,3699000000.0,111264939.0,0.12530983200220325,2453000000.0,1304000000.0,7876000000.0,,,,,216000000.0,0.0,19.717557251908396,231519550.90979484,216000000.0,231519550.90979484,665000000.0,649480449.0902052,473000000.0,412000000.0,5.976725516382119,0.9305555555555556,,H
2023-12-31,6667000000.0,,310000000.0,220000000.0,397000000.0,178000000.0,198000000.0,800000000.0,75000000.0,145000000.0,453000000.0,47000000.0,107726961.0,104861037.0,12833000000.0,3578000000.0,881000000.0,15000000.0,2340000000.0,4589000000.0,2249000000.0,2305000000.0,,3564000000.0,107726961.0,0.06058102712377805,2305000000.0,1409000000.0,8359000000.0,,,,,219000000.0,0.0,20.117269191991934,228112471.73780125,219000000.0,228112471.73780125,398000000.0,388887528.26219875,602000000.0,527000000.0,3.694525458673247,0.9041095890410958,,H
2024-12-31,6648000000.0,,1563000000.0,1296000000.0,333000000.0,131000000.0,170000000.0,633000000.0,64000000.0,180000000.0,1190000000.0,60000000.0,102424100.0,99791270.0,13324000000.0,3274000000.0,1011000000.0,372000000.0,1689000000.0,3217000000.0,1528000000.0,3326000000.0,,3547000000.0,102424100.0,0.36450569540149064,3326000000.0,1943000000.0,8667000000.0,,,,,202000000.0,170000000.0,19.717557251908396,163154084.39798686,202000000.0,202000000.0,1427000000.0,1427000000.0,463000000.0,399000000.0,13.932267893981983,0.8415841584158416,,H
2025-12-31,7101000000.0,,81000000.0,-52000000.0,325000000.0,145000000.0,220000000.0,379000000.0,74000000.0,317000000.0,293000000.0,57000000.0,95504061.0,95504061.0,14036000000.0,2894000000.0,787000000.0,26000000.0,1577000000.0,3262000000.0,1685000000.0,4272000000.0,,3334000000.0,95504061.0,-0.015114082255486121,4272000000.0,3459000000.0,10329000000.0,,,,,180000000.0,0.0,19.569787800266127,166685506.93000567,180000000.0,180000000.0,93000000.0,93000000.0,159000000.0,85000000.0,0.9737805809116327,1.2222222222222223,,H
2007-09-30,3590000000.0,-1449000000.0,,-1076000000.0,126000000.0,,160000000.0,505000000.0,0.0,81000000.0,0.0,0.0,,,,,275000000.0,,,,,,,-501000000.0,,2.147704590818363,0.0,-275000000.0,,-1144710000.0,,,-0.40362116991643454,126000000.0,,,,126000000.0,126000000.0,-1076000000.0,-1076000000.0,345000000.0,345000000.0,,1.2698412698412698,-17.88888888888889,V
2008-09-30,6263000000.0,1232000000.0,,804000000.0,237000000.0,,415000000.0,531000000.0,74000000.0,143000000.0,13446000000.0,93000000.0,,,34981000000.0,7165000000.0,4979000000.0,,1080000000.0,,,55000000.0,51000000.0,21141000000.0,,0.07790697674418605,106000000.0,-4873000000.0,22888000000.0,973280000.0,0.042523593149248515,,0.19671084144978446,237000000.0,,,,237000000.0,237000000.0,804000000.0,804000000.0,116000000.0,42000000.0,,1.751054852320675,8.615384615384615,V
2009-09-30,6911000000.0,3538000000.0,4000000000.0,2353000000.0,226000000.0,,306000000.0,558000000.0,115000000.0,115000000.0,2646000000.0,318000000.0,,,32281000000.0,4442000000.0,4617000000.0,,1204000000.0,2029000000.0,825000000.0,44000000.0,12000000.0,23189000000.0,,0.106158357771261,56000000.0,-4561000000.0,23234000000.0,2795020000.0,0.12120116213520662,,0.5119374909564463,226000000.0,,,,226000000.0,226000000.0,2353000000.0,2353000000.0,252000000.0,137000000.0,,1.3539823008849559,30.765217391304347,V
2010-09-30,8065000000.0,4589000000.0,4638000000.0,2966000000.0,265000000.0,,241000000.0,2691000000.0,131000000.0,72000000.0,1000000000.0,368000000.0,,,33408000000.0,3498000000.0,3867000000.0,,1357000000.0,2389000000.0,1032000000.0,32000000.0,12000000.0,25011000000.0,,0.12307053941908713,44000000.0,-3823000000.0,26055000000.0,3625310000.0,0.14710422203737142,,0.5690018598884067,265000000.0,,,,265000000.0,265000000.0,2966000000.0,2966000000.0,2450000000.0,2319000000.0,,0.909433962264151,63.736111111111114,V
2011-09-30,9188000000.0,5456000000.0,5656000000.0,3650000000.0,288000000.0,63000000.0,353000000.0,3872000000.0,154000000.0,32000000.0,2024000000.0,423000000.0,,,34760000000.0,3451000000.0,2127000000.0,,1541000000.0,2749000000.0,1208000000.0,,,26437000000.0,,0.14189084123775464,0.0,-2127000000.0,29182000000.0,4310240000.0,0.15606350815576517,,0.5938180235089247,225000000.0,160250433.87284568,9.015094339622642,304933026.3708664,225000000.0,304933026.3708664,3713000000.0,3633066973.6291337,3519000000.0,3365000000.0,,1.568888888888889,170.5,V
2012-09-30,10421000000.0,2139000000.0,,2144000000.0,333000000.0,68000000.0,376000000.0,5009000000.0,147000000.0,-29000000.0,710000000.0,595000000.0,,,40013000000.0,7954000000.0,2074000000.0,,1634000000.0,3081000000.0,1447000000.0,,,27630000000.0,,0.07930900549318438,0.0,-2074000000.0,29985000000.0,1689810000.0,0.0571200162252607,,0.20525861241723442,265000000.0,165578374.7554616,10.320754716981131,298524680.07312614,265000000.0,298524680.07312614,2212000000.0,2178475319.9268737,4633000000.0,4486000000.0,,1.4188679245283018,,V
2013-09-30,11778000000.0,7239000000.0,,4980000000.0,397000000.0,69000000.0,471000000.0,3022000000.0,179000000.0,,5365000000.0,864000000.0,,,35956000000.0,4335000000.0,2186000000.0,,1732000000.0,3439000000.0,1707000000.0,,,26870000000.0,,0.18275229357798164,0.0,-2186000000.0,29435000000.0,5718810000.0,0.19248771457421743,0.7248403849091187,0.6146204788588895,328000000.0,243178214.52108938,10.484756097560975,328000000.0,328000000.0,328000000.0,5049000000.0,5049000000.0,2551000000.0,2372000000.0,,1.4359756097560976,,V
2014-09-30,12702000000.0,7697000000.0,,5438000000.0,435000000.0,66000000.0,553000000.0,7205000000.0,172000000.0,,4118000000.0,1006000000.0,,,38569000000.0,6006000000.0,1971000000.0,,1892000000.0,3915000000.0,2023000000.0,,,27413000000.0,,0.20035738629036715,0.0,-1971000000.0,30592000000.0,6080630000.0,0.20259649824245757,0.4465357434085349,0.6059675641631239,369000000.0,402564615.4762355,10.547256097560975,371186587.6571759,402564615.4762355,402564615.4762355,5470435384.523765,5470435384.523765,6652000000.0,6480000000.0,,1.4986449864498645,,V
2015-09-30,13880000000.0,9064000000.0,8995000000.0,6328000000.0,494000000.0,63000000.0,414000000.0,6584000000.0,187000000.0,,2910000000.0,1177000000.0,,,39367000000.0,5355000000.0,3518000000.0,,1888000000.0,4283000000.0,2395000000.0,0.0,,29842000000.0,,0.22104619683870405,0.0,-3518000000.0,30494000000.0,7160560000.0,0.23444193432210325,0.7964068483892769,0.6530259365994237,431000000.0,228162916.07974932,10.484756097560975,408497819.13346905,431000000.0,431000000.0,6391000000.0,6391000000.0,6170000000.0,5983000000.0,,0.9605568445475638,,V
2016-09-30,15082000000.0,7883000000.0,8012000000.0,5991000000.0,502000000.0,50000000.0,523000000.0,5574000000.0,221000000.0,,,1350000000.0,,,64035000000.0,8046000000.0,5619000000.0,,2150000000.0,4798000000.0,2648000000.0,15882000000.0,0.0,32912000000.0,,0.1909360359498996,15882000000.0,10263000000.0,50370000000.0,6227570000.0,0.15402577166600712,0.09049131583915423,0.5226760376607877,452000000.0,341126019.4535133,10.547256097560975,454905044.08151466,452000000.0,454905044.08151466,6041000000.0,6038094955.918486,5051000000.0,4830000000.0,,1.157079646017699,,V
2017-09-30,18358000000.0,12144000000.0,11694000000.0,6699000000.0,556000000.0,56000000.0,707000000.0,9317000000.0,235000000.0,,6891000000.0,1579000000.0,,,67977000000.0,9994000000.0,9874000000.0,,2253000000.0,5143000000.0,2890000000.0,16618000000.0,1749000000.0,32760000000.0,,0.20401388719697894,18367000000.0,8493000000.0,49858000000.0,9593760000.0,0.19143871971904058,0.3977230413123333,0.6615099684061445,500000000.0,227798111.06810147,10.484756097560975,490521663.27420765,500000000.0,500000000.0,6755000000.0,6755000000.0,8610000000.0,8375000000.0,,1.414,,V
2018-09-30,20609000000.0,12954000000.0,12806000000.0,10301000000.0,613000000.0,55000000.0,718000000.0,12941000000.0,327000000.0,,7192000000.0,1918000000.0,,,69225000000.0,11305000000.0,8162000000.0,3434000000.0,2472000000.0,5697000000.0,3225000000.0,16630000000.0,0.0,34006000000.0,,0.3085702303567684,16630000000.0,5034000000.0,46324000000.0,10233660000.0,0.21279782079807033,0.2673248860204867,0.6285603377165316,558000000.0,404071204.6745133,10.385378048780488,548559712.8232588,558000000.0,558000000.0,10356000000.0,10356000000.0,12223000000.0,11896000000.0,,1.2867383512544803,,V
2019-09-30,22977000000.0,15001000000.0,14884000000.0,12080000000.0,656000000.0,60000000.0,756000000.0,12784000000.0,407000000.0,,8607000000.0,2269000000.0,,,72574000000.0,13415000000.0,7838000000.0,4110000000.0,2695000000.0,6570000000.0,3875000000.0,16729000000.0,0.0,34684000000.0,,0.3517251419420585,16729000000.0,4781000000.0,47211000000.0,11850790000.0,0.2533979793660127,0.3472025994343823,0.6528702615659138,596000000.0,438591671.5055409,10.484756097560975,626624018.610061,596000000.0,626624018.610061,12140000000.0,12109375981.389938,12028000000.0,11621000000.0,,1.2684563758389262,,V
2020-09-30,21846000000.0,14081000000.0,13790000000.0,10866000000.0,767000000.0,80000000.0,736000000.0,10440000000.0,416000000.0,,8114000000.0,2664000000.0,,,80919000000.0,14510000000.0,16289000000.0,3604000000.0,2737000000.0,7161000000.0,4424000000.0,21071000000.0,2999000000.0,36210000000.0,,0.30654216153694247,24070000000.0,4177000000.0,49515000000.0,11123990000.0,0.2300103384818973,0.20837127385521265,0.6445573560377186,687000000.0,736000000.0,10.454168441793588,684989919.5589592,736000000.0,736000000.0,10897000000.0,10897000000.0,9704000000.0,9288000000.0,,1.0713245997088792,,V
2021-09-30,24105000000.0,15804000000.0,16063000000.0,12311000000.0,804000000.0,83000000.0,705000000.0,15227000000.0,542000000.0,,8676000000.0,2798000000.0,,,82896000000.0,15739000000.0,16487000000.0,,2715000000.0,7674000000.0,4959000000.0,19978000000.0,999000000.0,37589000000.0,,0.33363595712679034,20977000000.0,4490000000.0,51669000000.0,12485160000.0,0.24678130929791273,4.817236335642802,0.6556316116988177,721000000.0,421357828.14954907,10.484756097560975,731919744.1116604,721000000.0,731919744.1116604,12394000000.0,12383080255.88834,14522000000.0,13980000000.0,,0.9778085991678225,,V
2022-09-30,29310000000.0,18813000000.0,18136000000.0,14957000000.0,861000000.0,90000000.0,970000000.0,18849000000.0,602000000.0,538000000.0,11589000000.0,3203000000.0,,,85501000000.0,20853000000.0,15689000000.0,,3223000000.0,8881000000.0,5658000000.0,20200000000.0,2250000000.0,35581000000.0,,0.4088287549542162,22450000000.0,6761000000.0,51209000000.0,14862270000.0,0.28892999475106435,3.8997113249444855,0.6418628454452405,771000000.0,347603885.87900734,10.547256097560975,842019945.0787686,771000000.0,842019945.0787686,15047000000.0,14975980054.921232,17879000000.0,17277000000.0,,1.25810635538262,34.968401486988846,V
2023-09-30,32653000000.0,21000000000.0,21037000000.0,17273000000.0,943000000.0,76000000.0,1059000000.0,20755000000.0,765000000.0,644000000.0,12101000000.0,3751000000.0,,,90499000000.0,23098000000.0,16286000000.0,,3425000000.0,8780000000.0,5355000000.0,20463000000.0,0.0,38733000000.0,,0.4648653012891245,20463000000.0,4177000000.0,51115000000.0,16590000000.0,0.32426410226339863,1.3267251095804633,0.6431262058616359,867000000.0,667789037.01426,10.484756097560975,837406222.7391684,867000000.0,867000000.0,17349000000.0,17349000000.0,19696000000.0,18931000000.0,,1.221453287197232,32.608695652173914,V
2024-09-30,35926000000.0,23595000000.0,23916000000.0,19743000000.0,1034000000.0,79000000.0,1257000000.0,19950000000.0,850000000.0,641000000.0,16713000000.0,4217000000.0,,,94511000000.0,26517000000.0,11975000000.0,,3824000000.0,9297000000.0,5473000000.0,20836000000.0,0.0,39137000000.0,,0.507075895723642,20836000000.0,8861000000.0,56019000000.0,18640050000.0,0.3479763660462598,0.7708060853769301,0.6567666870789957,955000000.0,883836875.6680906,10.454168441793588,889310331.2581545,955000000.0,955000000.0,19822000000.0,19822000000.0,18693000000.0,17843000000.0,,1.3162303664921466,36.80967238689548,V
2025-09-30,40000000000.0,23994000000.0,24194000000.0,20058000000.0,1220000000.0,78000000.0,1482000000.0,23059000000.0,897000000.0,589000000.0,18316000000.0,4634000000.0,,,99627000000.0,35048000000.0,17164000000.0,,4236000000.0,10106000000.0,5870000000.0,19602000000.0,5569000000.0,37909000000.0,,0.5206759598162137,25171000000.0,8007000000.0,52984000000.0,18955260000.0,0.3477933634854087,2.2575007206687805,0.59985,1142000000.0,1026353543.3685076,10.423580786026202,969532467.5324675,1142000000.0,1142000000.0,20136000000.0,20136000000.0,21577000000.0,20680000000.0,,1.297723292469352,40.73684210526316,V
2013-12-31,55519000000.0,15403000000.0,15899000000.0,12733000000.0,,,7358000000.0,18659000000.0,3343000000.0,81000000.0,0.0,0.0,,,,,18898000000.0,,,,,,,86977000000.0,,0.14639502397185464,0.0,-18898000000.0,,12168370000.0,,,0.27743655325203986,,,,,,,,,11301000000.0,7958000000.0,,,190.1604938271605,GOOGL
2014-12-31,66001000000.0,16496000000.0,17259000000.0,14136000000.0,,,11014000000.0,23024000000.0,4279000000.0,101000000.0,0.0,0.0,,,129187000000.0,16779000000.0,18347000000.0,,23883000000.0,32746000000.0,8863000000.0,2992000000.0,2009000000.0,103860000000.0,,0.14814737184089039,5001000000.0,-13346000000.0,96070000000.0,13031840000.0,0.13564942229624233,,0.24993560703625703,,,,,,,,,12010000000.0,7731000000.0,,,163.32673267326732,GOOGL
2015-12-31,74989000000.0,19360000000.0,19651000000.0,16348000000.0,,,9950000000.0,26572000000.0,5203000000.0,104000000.0,1780000000.0,47000000.0,,,147461000000.0,19310000000.0,16549000000.0,,29016000000.0,40146000000.0,11130000000.0,1995000000.0,3225000000.0,120331000000.0,,0.14583993113015242,5220000000.0,-11329000000.0,114827000000.0,15294400000.0,0.14504141832268833,,0.25817119844243824,,,,,,,,,16622000000.0,11419000000.0,,,186.15384615384616,GOOGL
2016-12-31,90272000000.0,23716000000.0,24150000000.0,19478000000.0,,,10212000000.0,36036000000.0,6703000000.0,124000000.0,3693000000.0,0.0,,,167497000000.0,16756000000.0,12918000000.0,,34234000000.0,47527000000.0,13293000000.0,3935000000.0,0.0,139036000000.0,,0.15019643979380568,3935000000.0,-8983000000.0,137823000000.0,18735640000.0,0.14831300217692459,,0.26271712158808935,,,,,,,,,25824000000.0,19121000000.0,,,191.25806451612902,GOOGL
2017-12-31,110855000000.0,26178000000.0,27193000000.0,12662000000.0,,,13184000000.0,37091000000.0,7679000000.0,109000000.0,4846000000.0,0.0,,,197295000000.0,24183000000.0,10715000000.0,91156000000.0,42383000000.0,59647000000.0,17264000000.0,3943000000.0,,152502000000.0,,0.08686346205297422,3943000000.0,-97928000000.0,71241000000.0,20680620000.0,0.1978400872460108,,0.23614631726128726,,5444609773.01247,,,5444609773.01247,5444609773.01247,,,23907000000.0,16228000000.0,,,240.1651376146789,GOOGL
2018-12-31,136819000000.0,27524000000.0,34913000000.0,30736000000.0,,,25139000000.0,47971000000.0,9353000000.0,114000000.0,9075000000.0,,,,232792000000.0,34620000000.0,16701000000.0,92439000000.0,59719000000.0,82507000000.0,22788000000.0,3950000000.0,,177628000000.0,,0.18620543422288188,3950000000.0,-105190000000.0,89032000000.0,21743960000.0,0.271336532042203,,0.20117089000796673,,15335286821.293982,,,15335286821.293982,15335286821.293982,,,22832000000.0,13479000000.0,,,241.43859649122808,GOOGL
2019-12-31,161857000000.0,34231000000.0,39625000000.0,34343000000.0,,,23548000000.0,54520000000.0,10794000000.0,100000000.0,18396000000.0,,,,275909000000.0,45221000000.0,18498000000.0,101177000000.0,73646000000.0,104207000000.0,30561000000.0,3958000000.0,0.0,201442000000.0,,0.18119608515577598,3958000000.0,-115717000000.0,111013000000.0,27042490000.0,0.27036406808468094,0.9376062370340628,0.2114891540063142,,13799021033.448307,,,13799021033.448307,13799021033.448307,,,30972000000.0,20178000000.0,,,342.31,GOOGL
2020-12-31,182527000000.0,41224000000.0,48082000000.0,40269000000.0,,,22281000000.0,65124000000.0,12991000000.0,135000000.0,31149000000.0,,,,319616000000.0,56834000000.0,26465000000.0,110229000000.0,84749000000.0,126462000000.0,41713000000.0,15319000000.0,999000000.0,222544000000.0,,0.18995438528630662,16318000000.0,-120376000000.0,127087000000.0,32566960000.0,0.2735569928601428,1.4088548123980424,0.22585151785763202,,13847701894.687466,,,13847701894.687466,13847701894.687466,,,42843000000.0,29852000000.0,,,305.36296296296297,GOOGL
2021-12-31,257637000000.0,78714000000.0,90734000000.0,76033000000.0,10273000000.0,,24640000000.0,91652000000.0,15376000000.0,346000000.0,50274000000.0,,,,359268000000.0,64254000000.0,20945000000.0,118704000000.0,97599000000.0,147013000000.0,49414000000.0,15440000000.0,0.0,251635000000.0,,0.3206932403164206,15440000000.0,-124209000000.0,155365000000.0,62184060000.0,0.4403159474884228,2.4768224831832173,0.3055228868524319,10273000000.0,0.0,,,10273000000.0,10273000000.0,76033000000.0,76033000000.0,67012000000.0,51636000000.0,,2.3985203932638957,227.4971098265896,GOOGL
2022-12-31,282836000000.0,74842000000.0,71328000000.0,59972000000.0,13475000000.0,,31485000000.0,91495000000.0,19362000000.0,357000000.0,59296000000.0,0.0,13159000000.0,13063000000.0,365264000000.0,69300000000.0,21879000000.0,91883000000.0,112668000000.0,171710000000.0,59042000000.0,15312000000.0,0.0,256144000000.0,13159000000.0,0.23621299817440264,15312000000.0,-98450000000.0,182202000000.0,59125180000.0,0.3503018956236836,0.3464691197808239,0.2646127084246701,13475000000.0,20815996874.854294,,,20815996874.854294,20815996874.854294,52631003125.145706,52631003125.145706,60010000000.0,40648000000.0,3.9996202694084433,2.336549165120594,209.64145658263305,GOOGL
2023-12-31,307394000000.0,84293000000.0,85717000000.0,73795000000.0,11946000000.0,,32251000000.0,101746000000.0,22460000000.0,308000000.0,61504000000.0,0.0,12722000000.0,12630000000.0,402392000000.0,81814000000.0,24048000000.0,86868000000.0,134345000000.0,166667000000.0,67458000000.0,11870000000.0,1000000000.0,283379000000.0,12722000000.0,0.2735564563512584,12870000000.0,-98046000000.0,210662000000.0,66591470000.0,0.33900520281827806,0.36872079256762313,0.27421810445226646,11946000000.0,21774692629.652206,13.951699313577766,11946000000.0,21774692629.652206,21774692629.652206,63966307370.34779,63966307370.34779,69495000000.0,47035000000.0,5.028007182074186,2.6997321279089235,273.67857142857144,GOOGL
2024-12-31,350018000000.0,112390000000.0,119815000000.0,100118000000.0,15311000000.0,,52535000000.0,125299000000.0,22785000000.0,268000000.0,62222000000.0,7363000000.0,12447000000.0,12319000000.0,450256000000.0,89122000000.0,23466000000.0,72191000000.0,171036000000.0,199829000000.0,79390000000.0,10883000000.0,999000000.0,325084000000.0,12447000000.0,0.3290849238162386,11882000000.0,-83775000000.0,266476000000.0,88788100000.0,0.37216947717431853,0.39717238185291676,0.32109777211457696,15311000000.0,34347035576.691345,13.501517477310077,14800484488.934067,34347035576.691345,34347035576.691345,81081964423.30865,81081964423.30865,72764000000.0,49979000000.0,6.514177265470287,3.431193259747894,419.36567164179104,GOOGL
2025-12-31,402836000000.0,129039000000.0,158826000000.0,132170000000.0,21136000000.0,,91447000000.0,164713000000.0,24953000000.0,736000000.0,45709000000.0,10049000000.0,12230000000.0,12116000000.0,595281000000.0,102745000000.0,30708000000.0,96135000000.0,246597000000.0,,98485000000.0,46547000000.0,1996000000.0,415265000000.0,12230000000.0,0.3570478247421149,48543000000.0,-78300000000.0,367689000000.0,101940810000.0,0.32149617213185844,0.28833446937265694,0.32032638592380025,21136000000.0,68553796453.344284,13.951699313577766,24734047963.90407,68553796453.344284,68553796453.344284,84752203546.65572,84752203546.65572,73266000000.0,48313000000.0,6.929861287543394,4.326599167297502,175.32472826086956,GOOGL
2007-12-31,14835000000.0,655000000.0,660000000.0,476000000.0,246000000.0,,224000000.0,1405000000.0,185000000.0,77000000.0,248000000.0,,424000000.0,413000000.0,,,2539000000.0,,,,,,,1197000000.0,424000000.0,0.39766081871345027,0.0,-2539000000.0,,517450000.0,,,0.044152342433434445,246000000.0,,,,246000000.0,246000000.0,476000000.0,476000000.0,1181000000.0,996000000.0,1.1226415094339623,0.9105691056910569,8.506493506493506,AMZN
2008-12-31,19166000000.0,842000000.0,901000000.0,645000000.0,311000000.0,,333000000.0,1697000000.0,275000000.0,71000000.0,100000000.0,,432000000.0,423000000.0,8314000000.0,4746000000.0,2769000000.0,958000000.0,854000000.0,,,409000000.0,,2672000000.0,432000000.0,0.33341948823985523,409000000.0,-3318000000.0,-159000000.0,665180000.0,,,0.04393196285088177,311000000.0,,,,311000000.0,311000000.0,645000000.0,645000000.0,1364000000.0,1089000000.0,1.4930555555555556,1.0707395498392283,11.859154929577464,AMZN
2009-12-31,24509000000.0,1129000000.0,1161000000.0,902000000.0,384000000.0,,373000000.0,3293000000.0,341000000.0,34000000.0,0.0,,442000000.0,433000000.0,13813000000.0,7364000000.0,3444000000.0,2922000000.0,1290000000.0,1915000000.0,625000000.0,109000000.0,,5257000000.0,442000000.0,0.2275192331946021,109000000.0,-6257000000.0,83000000.0,891910000.0,,,0.04606471092251826,384000000.0,,,,384000000.0,384000000.0,902000000.0,902000000.0,2920000000.0,2579000000.0,2.0407239819004523,0.9713541666666666,33.205882352941174,AMZN
2010-12-31,34204000000.0,1406000000.0,1497000000.0,1152000000.0,552000000.0,,979000000.0,3495000000.0,424000000.0,39000000.0,,,456000000.0,447000000.0,18797000000.0,10372000000.0,3777000000.0,4985000000.0,2414000000.0,3256000000.0,842000000.0,184000000.0,,6864000000.0,456000000.0,0.19008332645821302,184000000.0,-8578000000.0,-337000000.0,1110740000.0,,,0.04110630335633259,552000000.0,,,,552000000.0,552000000.0,1152000000.0,1152000000.0,2516000000.0,2092000000.0,2.526315789473684,1.7735507246376812,36.05128205128205,AMZN
2011-12-31,48077000000.0,862000000.0,934000000.0,631000000.0,1034000000.0,149000000.0,1811000000.0,3903000000.0,557000000.0,65000000.0,277000000.0,,461000000.0,453000000.0,25278000000.0,14896000000.0,5269000000.0,4307000000.0,4417000000.0,5786000000.0,1369000000.0,255000000.0,129000000.0,7757000000.0,461000000.0,0.08631420559469256,384000000.0,-9192000000.0,935000000.0,680980000.0,2.27752508361204,,0.0179295713126859,885000000.0,1035183278.9477415,5.898550724637682,980918918.9189188,1035183278.9477415,1035183278.9477415,629816721.0522585,629816721.0522585,2092000000.0,1535000000.0,1.3661967918704088,2.0463276836158193,13.261538461538462,AMZN
2012-12-31,61093000000.0,676000000.0,544000000.0,-39000000.0,1653000000.0,163000000.0,3785000000.0,4180000000.0,833000000.0,92000000.0,960000000.0,,453000000.0,453000000.0,32555000000.0,19002000000.0,8084000000.0,3364000000.0,7060000000.0,9582000000.0,2522000000.0,3084000000.0,579000000.0,8192000000.0,453000000.0,-0.004890588751645871,3663000000.0,-7785000000.0,2684000000.0,534040000.0,0.2951312517269964,,0.011065097474342396,1490000000.0,2940125609.712967,6.164711603929579,1554330618.465937,2940125609.712967,2940125609.712967,-1326125609.712967,-1326125609.712967,395000000.0,-438000000.0,-2.9274296020153794,2.540268456375839,7.3478260869565215,AMZN
2013-12-31,74452000000.0,745000000.0,506000000.0,274000000.0,2460000000.0,168000000.0,3444000000.0,5475000000.0,1134000000.0,141000000.0,0.0,,465000000.0,457000000.0,40159000000.0,22980000000.0,8658000000.0,3789000000.0,10949000000.0,14809000000.0,3860000000.0,3191000000.0,753000000.0,9746000000.0,465000000.0,0.030549671089307614,3944000000.0,-8503000000.0,5485000000.0,588550000.0,0.14409352429917982,-0.013577250177179305,0.010006447106860796,2292000000.0,2441531789.1572237,6.430872483221476,2302797954.4980173,2441531789.1572237,2441531789.1572237,292468210.8427763,292468210.8427763,2031000000.0,897000000.0,0.6289638942855404,1.5026178010471205,5.283687943262412,AMZN
2014-12-31,88988000000.0,178000000.0,-111000000.0,-241000000.0,3616000000.0,215000000.0,4893000000.0,6842000000.0,1497000000.0,210000000.0,0.0,,462000000.0,462000000.0,54505000000.0,28089000000.0,14557000000.0,2859000000.0,16967000000.0,22730000000.0,5763000000.0,8265000000.0,1520000000.0,10741000000.0,462000000.0,-0.023527114755698735,9785000000.0,-7631000000.0,10520000000.0,140620000.0,0.017572008747266478,-0.07198332854268467,0.002000269699285297,3401000000.0,3504211852.4781895,6.446020883844595,3526206385.239504,3504211852.4781895,3526206385.239504,-129211852.47818947,-151206385.23950386,1949000000.0,452000000.0,-0.2796793343683755,1.4386945016171715,0.8476190476190476,AMZN
2015-12-31,107006000000.0,2233000000.0,1568000000.0,596000000.0,6281000000.0,270000000.0,4589000000.0,12039000000.0,2119000000.0,459000000.0,,,477000000.0,467000000.0,64747000000.0,33887000000.0,15890000000.0,3918000000.0,21838000000.0,30053000000.0,8215000000.0,8227000000.0,238000000.0,13384000000.0,477000000.0,0.04940932642487047,8465000000.0,-11343000000.0,11290000000.0,1764070000.0,0.16176707932141218,0.0561907628795046,0.020867988710913405,6011000000.0,2370123423.4129906,6.430872483221476,4673238363.598414,6011000000.0,6011000000.0,866000000.0,866000000.0,7450000000.0,5331000000.0,1.8155136268343814,0.763433704874397,4.864923747276689,AMZN
2016-12-31,135987000000.0,4186000000.0,3892000000.0,2371000000.0,8116000000.0,287000000.0,6737000000.0,17203000000.0,2975000000.0,484000000.0,,,484000000.0,474000000.0,83402000000.0,43816000000.0,19334000000.0,6647000000.0,29114000000.0,42441000000.0,13327000000.0,7694000000.0,1056000000.0,19285000000.0,484000000.0,0.14515289724203373,8750000000.0,-17231000000.0,14661000000.0,3306940000.0,0.2548603136680667,0.19131283695177037,0.030782354195621642,7829000000.0,2394229961.8305244,6.164711603929579,6884506969.141393,7829000000.0,7829000000.0,2658000000.0,2658000000.0,10466000000.0,7491000000.0,5.491735537190083,0.8605185847490101,8.648760330578513,AMZN
2017-12-31,177866000000.0,4106000000.0,3806000000.0,3033000000.0,11478000000.0,366000000.0,11955000000.0,18365000000.0,4215000000.0,848000000.0,,,493000000.0,480000000.0,131310000000.0,57883000000.0,20522000000.0,10464000000.0,48866000000.0,72656000000.0,23790000000.0,24743000000.0,100000000.0,27709000000.0,493000000.0,0.1290803081244414,24843000000.0,-6143000000.0,42541000000.0,3243740000.0,0.11341351700989476,0.0679855483352987,0.023084794170892695,11112000000.0,4655784455.11965,6.430872483221476,11298000417.449385,11112000000.0,11298000417.449385,3399000000.0,3212999582.5506153,6410000000.0,2195000000.0,6.894523326572008,1.0758639308855291,4.841981132075472,AMZN
2018-12-31,232887000000.0,12421000000.0,11261000000.0,10073000000.0,15341000000.0,475000000.0,13427000000.0,30723000000.0,5418000000.0,1417000000.0,,,500000000.0,487000000.0,162648000000.0,68391000000.0,31750000000.0,9500000000.0,61797000000.0,95770000000.0,33973000000.0,23495000000.0,1371000000.0,43549000000.0,500000000.0,0.28271913329029724,24866000000.0,-16384000000.0,54378000000.0,9812590000.0,0.2024905333319576,0.18865768105863825,0.053334879147397665,14866000000.0,2085650325.1114922,6.436544811501765,14879100946.965223,14866000000.0,14879100946.965223,10548000000.0,10534899053.034777,17296000000.0,11878000000.0,21.096,0.9032019373066057,8.765702187720537,AMZN
2019-12-31,280522000000.0,14541000000.0,13976000000.0,11588000000.0,21789000000.0,565000000.0,16861000000.0,38514000000.0,6864000000.0,1600000000.0,,,504000000.0,494000000.0,225248000000.0,87812000000.0,36092000000.0,18929000000.0,72705000000.0,119680000000.0,46975000000.0,23414000000.0,1305000000.0,62060000000.0,504000000.0,0.21945099376000152,24719000000.0,-30302000000.0,83720000000.0,11487390000.0,0.16636576923633942,0.15501051912568306,0.05183550666257905,21224000000.0,5915153947.347773,6.430872483221476,18610227509.914425,21224000000.0,21224000000.0,12153000000.0,12153000000.0,21653000000.0,14789000000.0,24.113095238095237,0.7944308330192236,9.088125,AMZN
2020-12-31,386064000000.0,22899000000.0,24178000000.0,21331000000.0,25180000000.0,509000000.0,40140000000.0,66064000000.0,9208000000.0,1647000000.0,0.0,,10198000000.0,10005000000.0,321195000000.0,126385000000.0,42122000000.0,42274000000.0,113114000000.0,173548000000.0,60434000000.0,31816000000.0,1155000000.0,93404000000.0,10198000000.0,0.2744172284258735,32971000000.0,-51425000000.0,111569000000.0,18090210000.0,0.18526604161012653,0.16280716800127643,0.05931399975133657,24671000000.0,14441782740.650284,6.436544811501765,26962913345.9739,24671000000.0,26962913345.9739,21840000000.0,19548086654.0261,25924000000.0,16716000000.0,2.141596391449304,1.6270114709578047,13.903460837887067,AMZN
2021-12-31,469822000000.0,24879000000.0,38151000000.0,33364000000.0,34433000000.0,512000000.0,61053000000.0,46327000000.0,12757000000.0,1809000000.0,0.0,,10296000000.0,10117000000.0,420549000000.0,142266000000.0,36220000000.0,59829000000.0,160281000000.0,238800000000.0,78519000000.0,48744000000.0,1491000000.0,138245000000.0,10296000000.0,0.2880564992726064,50235000000.0,-45814000000.0,183725000000.0,19654410000.0,0.13311757096317567,0.09669397387971419,0.052954097509269465,33921000000.0,39169527607.18642,6.442217139782053,37067983710.97421,39169527607.18642,39169527607.18642,28627472392.813583,28627472392.813583,-14726000000.0,-27483000000.0,2.7804460365980557,1.7998584947377732,13.75290215588723,AMZN
2022-12-31,513983000000.0,12248000000.0,-5936000000.0,-2722000000.0,41921000000.0,604000000.0,63645000000.0,46752000000.0,19621000000.0,2367000000.0,6000000000.0,,10189000000.0,10189000000.0,462675000000.0,155393000000.0,53888000000.0,16138000000.0,186715000000.0,283730000000.0,97015000000.0,67150000000.0,2999000000.0,146043000000.0,10189000000.0,-0.01914959477712742,70149000000.0,123000000.0,240255000000.0,9675920000.0,0.045643285060616066,0.03253274932478226,0.023829581912242232,41317000000.0,50984838049.06177,6.451693212124884,43977602572.10877,50984838049.06177,50984838049.06177,-11785838049.061768,-11785838049.061768,-16893000000.0,-36514000000.0,-1.1567217635746165,1.5404070963525909,5.174482467258133,AMZN
2023-12-31,574785000000.0,36852000000.0,37557000000.0,30425000000.0,48663000000.0,706000000.0,52729000000.0,84946000000.0,24023000000.0,3182000000.0,0.0,,10492000000.0,10304000000.0,527854000000.0,164917000000.0,73387000000.0,13393000000.0,204177000000.0,324288000000.0,120111000000.0,58314000000.0,8494000000.0,201875000000.0,10492000000.0,0.1748975333268184,66808000000.0,-19972000000.0,284651000000.0,29113080000.0,0.11092683261383943,0.08381568833515002,0.0641144079960333,47957000000.0,34221532150.874294,6.461169284467714,50190296171.24721,47957000000.0,50190296171.24721,31131000000.0,28897703828.752792,32217000000.0,8194000000.0,2.967117804041174,1.0995058072856934,11.581395348837209,AMZN
2024-12-31,637959000000.0,68593000000.0,68614000000.0,59248000000.0,52795000000.0,838000000.0,82999000000.0,115877000000.0,22011000000.0,2406000000.0,0.0,,10721000000.0,10473000000.0,624894000000.0,179431000000.0,78779000000.0,22423000000.0,252665000000.0,394055000000.0,141390000000.0,52623000000.0,5017000000.0,285970000000.0,10721000000.0,0.24289682173641217,57640000000.0,-43562000000.0,349278000000.0,54188470000.0,0.17096069118150456,0.1607975658801467,0.1075194487420038,51957000000.0,62634014078.91861,6.499511195906173,60628405448.120804,62634014078.91861,62634014078.91861,49408985921.08139,49408985921.08139,32878000000.0,10867000000.0,4.608617285801827,1.5974555882749197,28.509143807148796,AMZN
2025-12-31,716924000000.0,79975000000.0,97311000000.0,77670000000.0,65756000000.0,817000000.0,131819000000.0,139514000000.0,19467000000.0,2274000000.0,,,10827000000.0,10656000000.0,818042000000.0,218005000000.0,86810000000.0,36219000000.0,357025000000.0,534098000000.0,177073000000.0,65648000000.0,2748000000.0,411065000000.0,10827000000.0,0.22285824958574535,68396000000.0,-54633000000.0,479756000000.0,63180250000.0,0.15241895989790527,0.12246505172643249,0.11155296795755199,64939000000.0,104201913516.66888,6.537853107344633,81693178361.5624,104201913516.66888,104201913516.66888,39224086483.331116,39224086483.331116,7695000000.0,-11772000000.0,3.6228028524366045,2.029889588690925,35.16930518909411,AMZN
2008-06-30,60420000000.0,22271000000.0,23814000000.0,17681000000.0,1400000000.0,472000000.0,3182000000.0,21612000000.0,1479000000.0,106000000.0,12533000000.0,4015000000.0,9470000000.0,9328000000.0,,,10339000000.0,,,,,,,36286000000.0,9470000000.0,0.4872678167888442,0.0,-10339000000.0,,17594090000.0,,,0.36860311155246606,928000000.0,,,,928000000.0,928000000.0,18153000000.0,18153000000.0,18430000000.0,16951000000.0,1.916895459345301,3.4288793103448274,210.10377358490567,MSFT
2009-06-30,58437000000.0,20363000000.0,19821000000.0,14569000000.0,1700000000.0,591000000.0,3119000000.0,19037000000.0,1708000000.0,38000000.0,9353000000.0,4468000000.0,8996000000.0,8945000000.0,77888000000.0,27034000000.0,6076000000.0,,7535000000.0,15082000000.0,7547000000.0,3746000000.0,2000000000.0,39558000000.0,8996000000.0,0.3841833236643637,5746000000.0,-330000000.0,46778000000.0,16086770000.0,0.3438960622514857,,0.348460735492924,1109000000.0,,,,1109000000.0,1109000000.0,15160000000.0,15160000000.0,15918000000.0,14210000000.0,1.6851934192974656,2.812443642921551,535.8684210526316,MSFT
2010-06-30,62484000000.0,24098000000.0,25013000000.0,18760000000.0,1800000000.0,707000000.0,1977000000.0,24073000000.0,1891000000.0,151000000.0,11269000000.0,4578000000.0,8927000000.0,8813000000.0,86113000000.0,26147000000.0,5505000000.0,,7630000000.0,16259000000.0,8629000000.0,4939000000.0,1000000000.0,46175000000.0,8927000000.0,0.4376377824175055,5939000000.0,434000000.0,55461000000.0,19037420000.0,0.3724101370318567,,0.38566673068305485,1093000000.0,,,,1093000000.0,1093000000.0,19467000000.0,19467000000.0,22096000000.0,20205000000.0,2.1806878010529855,1.808783165599268,159.58940397350995,MSFT
2011-06-30,69943000000.0,27161000000.0,28071000000.0,23150000000.0,2000000000.0,537000000.0,2355000000.0,26994000000.0,2166000000.0,295000000.0,11555000000.0,5180000000.0,8593000000.0,8490000000.0,108704000000.0,28774000000.0,9610000000.0,,8162000000.0,17991000000.0,9829000000.0,11921000000.0,0.0,57083000000.0,8593000000.0,0.44839140792965193,11921000000.0,2311000000.0,70320000000.0,21457190000.0,0.34118332657555595,,0.38833049769097694,1463000000.0,,13.599639314697926,1322902731.733192,1463000000.0,1463000000.0,23687000000.0,23687000000.0,24639000000.0,22473000000.0,2.756546025834982,1.6097060833902939,92.07118644067796,MSFT
2012-06-30,73723000000.0,21763000000.0,22267000000.0,16978000000.0,2200000000.0,558000000.0,2305000000.0,31626000000.0,2244000000.0,380000000.0,5029000000.0,6385000000.0,8506000000.0,8396000000.0,121271000000.0,32688000000.0,6938000000.0,,8269000000.0,19231000000.0,10962000000.0,10713000000.0,1231000000.0,66363000000.0,8506000000.0,0.2750676409118157,11944000000.0,5006000000.0,82876000000.0,17192770000.0,0.22445455494921537,,0.2951995984970769,1642000000.0,1841636810.2508771,12.948486779700296,1485192851.2719321,1841636810.2508771,1841636810.2508771,17336363189.749123,17336363189.749123,29321000000.0,27077000000.0,2.0381334575298755,1.4037758830694276,57.27105263157895,MSFT
2013-06-30,77849000000.0,26764000000.0,27052000000.0,21863000000.0,2600000000.0,739000000.0,4257000000.0,28833000000.0,2406000000.0,429000000.0,5360000000.0,7455000000.0,8470000000.0,8375000000.0,142431000000.0,37417000000.0,3804000000.0,,9991000000.0,22504000000.0,12513000000.0,12601000000.0,2999000000.0,78944000000.0,8470000000.0,0.30092149724376666,15600000000.0,11796000000.0,104209000000.0,21143560000.0,0.22603158991902075,,0.3437937545761667,1861000000.0,3761971122.4096503,12.297334244702666,1829990106.1641932,3761971122.4096503,3761971122.4096503,20701028877.59035,20701028877.59035,24576000000.0,22170000000.0,2.444041189798152,2.2874798495432564,62.386946386946384,MSFT
2014-06-30,86833000000.0,27759000000.0,27820000000.0,22074000000.0,3400000000.0,845000000.0,5485000000.0,,2446000000.0,597000000.0,7316000000.0,8879000000.0,8399000000.0,8299000000.0,172384000000.0,45625000000.0,8669000000.0,,13011000000.0,27804000000.0,14793000000.0,20645000000.0,0.0,89784000000.0,8399000000.0,0.2616518894315111,20645000000.0,11976000000.0,118090000000.0,21929610000.0,0.19729832342925518,0.08193347543190486,0.3196826091462923,2555000000.0,4392096663.303064,12.19487883648352,2279973452.2018,4392096663.303064,4392096663.303064,21081903336.696938,21081903336.696938,,,2.5100492126082794,2.146771037181996,46.49748743718593,MSFT
2015-06-30,93580000000.0,18161000000.0,18507000000.0,12193000000.0,4100000000.0,1300000000.0,5944000000.0,,2574000000.0,781000000.0,14443000000.0,9882000000.0,8254000000.0,8177000000.0,174472000000.0,49647000000.0,5595000000.0,,14731000000.0,32337000000.0,17606000000.0,27808000000.0,2499000000.0,80083000000.0,8254000000.0,0.14355937292116774,30307000000.0,24712000000.0,121729000000.0,14347190000.0,0.11965015282358779,-0.07077669463391079,0.19406924556529173,2800000000.0,5095029145.434008,12.092423428264373,2674153794.8809104,5095029145.434008,5095029145.434008,11197970854.565992,11197970854.565992,,,1.356672020180033,2.1228571428571428,23.253521126760564,MSFT
2016-06-30,91154000000.0,26078000000.0,25639000000.0,20539000000.0,4900000000.0,978000000.0,8343000000.0,33325000000.0,2668000000.0,1243000000.0,15969000000.0,11006000000.0,8013000000.0,7925000000.0,193468000000.0,59357000000.0,6510000000.0,,18356000000.0,38156000000.0,19800000000.0,40557000000.0,0.0,83090000000.0,8013000000.0,0.2517450803748169,40557000000.0,34047000000.0,127601000000.0,20601620000.0,0.1652558456663859,-0.01493636633438662,0.28608728086534874,3922000000.0,8343000000.0,11.902180045435475,3205799261.508647,8343000000.0,8343000000.0,17096000000.0,17096000000.0,24982000000.0,22314000000.0,2.1335330088606015,2.127231004589495,20.9798873692679,MSFT
2017-06-30,96571000000.0,29025000000.0,29901000000.0,25489000000.0,6100000000.0,1700000000.0,8129000000.0,39507000000.0,3266000000.0,2222000000.0,11788000000.0,11845000000.0,7832000000.0,7746000000.0,250312000000.0,55745000000.0,7663000000.0,,23734000000.0,47913000000.0,24179000000.0,76073000000.0,1049000000.0,87711000000.0,7832000000.0,0.29846429470553454,77122000000.0,69459000000.0,187953000000.0,22929750000.0,0.14533011782452449,0.05459786632659859,0.3005560675565128,4400000000.0,7317392285.736032,11.711936662606577,4090954500.5459933,7317392285.736032,7317392285.736032,24271607714.26397,24271607714.26397,31378000000.0,28112000000.0,3.0990306070306395,1.8475,13.062556255625562,MSFT
2018-06-30,110360000000.0,35058000000.0,36474000000.0,16571000000.0,7700000000.0,2200000000.0,11632000000.0,43884000000.0,3940000000.0,2733000000.0,10721000000.0,12699000000.0,7794000000.0,7700000000.0,258848000000.0,58488000000.0,11946000000.0,121822000000.0,29460000000.0,58683000000.0,29223000000.0,72242000000.0,3998000000.0,82718000000.0,7794000000.0,0.19446221006988249,76240000000.0,-57528000000.0,70590000000.0,27695820000.0,0.21424536730833943,,0.3176694454512505,5500000000.0,9197594748.521519,11.630432617017576,5045642060.995686,9197594748.521519,9197594748.521519,15073405251.478481,15073405251.478481,32252000000.0,28312000000.0,1.933975526235371,2.114909090909091,12.827661909989024,MSFT
2019-06-30,125843000000.0,42959000000.0,43688000000.0,39240000000.0,9700000000.0,1900000000.0,13925000000.0,52185000000.0,4652000000.0,2686000000.0,19543000000.0,13811000000.0,7753000000.0,7673000000.0,286556000000.0,69420000000.0,11356000000.0,122463000000.0,36477000000.0,71807000000.0,35330000000.0,66662000000.0,5516000000.0,102330000000.0,7753000000.0,0.42410617785655613,72178000000.0,-61641000000.0,88833000000.0,33937610000.0,0.42575550579276517,,0.3413698020549415,7800000000.0,10762315864.633371,11.548928571428572,6217633051.921947,10762315864.633371,10762315864.633371,38177684135.36663,38177684135.36663,38260000000.0,33608000000.0,4.924246631673756,1.7852564102564104,15.99367088607595,MSFT
2020-06-30,143015000000.0,52959000000.0,53036000000.0,44281000000.0,10700000000.0,1600000000.0,15441000000.0,60675000000.0,5289000000.0,2591000000.0,22968000000.0,15137000000.0,7683000000.0,7610000000.0,301311000000.0,72310000000.0,13576000000.0,122951000000.0,44151000000.0,87348000000.0,43197000000.0,59578000000.0,3749000000.0,118304000000.0,7683000000.0,0.40139779000516695,63327000000.0,-73200000000.0,96223000000.0,41837610000.0,0.452161615943282,,0.37030381428521486,9100000000.0,11452415948.026272,11.219123376623376,7785635032.947571,11452415948.026272,11452415948.026272,43528584051.973724,43528584051.973724,45234000000.0,39945000000.0,5.665571267990853,1.6968131868131868,20.439598610575068,MSFT
2021-06-30,168088000000.0,69916000000.0,71102000000.0,61271000000.0,9300000000.0,1600000000.0,20622000000.0,76740000000.0,6118000000.0,2346000000.0,27385000000.0,16521000000.0,7608000000.0,7547000000.0,333779000000.0,88657000000.0,14224000000.0,116110000000.0,59715000000.0,111066000000.0,51351000000.0,50074000000.0,8072000000.0,141988000000.0,7608000000.0,0.47078665498747563,58146000000.0,-72188000000.0,122860000000.0,55233640000.0,0.5042257044133959,,0.415948788729713,7700000000.0,14039522863.277292,11.548928571428572,9616996010.761665,14039522863.277292,14039522863.277292,56531477136.72271,56531477136.72271,56118000000.0,50000000000.0,7.430530643628116,2.678181818181818,29.80221653878943,MSFT
2022-06-30,198270000000.0,83383000000.0,83716000000.0,72738000000.0,12600000000.0,2000000000.0,23886000000.0,89035000000.0,7502000000.0,2063000000.0,32696000000.0,18135000000.0,7540000000.0,7496000000.0,364840000000.0,95082000000.0,13931000000.0,90826000000.0,74398000000.0,134058000000.0,59660000000.0,47032000000.0,2749000000.0,166542000000.0,7540000000.0,0.47151330502706384,49781000000.0,-54976000000.0,167750000000.0,65872570000.0,0.45334000894669835,,0.4205527815604983,10600000000.0,15033321847.660728,11.630432617017576,11526484389.226173,15033321847.660728,15033321847.660728,70304678152.33926,70304678152.33926,65149000000.0,57647000000.0,9.324227871663032,2.253396226415094,40.41832283082889,MSFT
2023-06-30,211915000000.0,88523000000.0,89311000000.0,72361000000.0,11000000000.0,2500000000.0,28107000000.0,87582000000.0,9611000000.0,1968000000.0,22245000000.0,19800000000.0,7472000000.0,7446000000.0,411976000000.0,104149000000.0,34704000000.0,76558000000.0,95641000000.0,163892000000.0,68251000000.0,41990000000.0,5247000000.0,206223000000.0,7472000000.0,0.38823923919895914,47237000000.0,-64025000000.0,201812000000.0,69933170000.0,0.37846515604959385,0.32187704805596623,0.417728806361041,8500000000.0,23751467642.88624,11.711936662606577,13993586604.960741,23751467642.88624,23751467642.88624,59609532357.11376,59609532357.11376,59475000000.0,49864000000.0,7.9777211398706855,3.3067058823529414,44.98119918699187,MSFT
2024-06-30,245122000000.0,109433000000.0,107787000000.0,88136000000.0,15200000000.0,4800000000.0,44477000000.0,118548000000.0,10734000000.0,2935000000.0,17254000000.0,21771000000.0,7469000000.0,7431000000.0,512163000000.0,125286000000.0,18315000000.0,57228000000.0,135591000000.0,212012000000.0,76421000000.0,42688000000.0,2249000000.0,268477000000.0,7469000000.0,0.3713334737729092,44937000000.0,-30606000000.0,313583000000.0,86452070000.0,0.33547888512694146,0.2336572191323693,0.44644299573273716,10400000000.0,32652711744.46592,11.902180045435475,17812871187.5189,32652711744.46592,32652711744.46592,70683288255.53409,70683288255.53409,74071000000.0,63337000000.0,9.46355445916911,4.276634615384616,37.285519591141394,MSFT
2025-06-30,281724000000.0,128528000000.0,123627000000.0,101832000000.0,22000000000.0,6000000000.0,64551000000.0,136162000000.0,11974000000.0,2385000000.0,18420000000.0,24082000000.0,7465000000.0,7433000000.0,619003000000.0,141218000000.0,30242000000.0,64323000000.0,204966000000.0,298619000000.0,93653000000.0,40152000000.0,2999000000.0,343479000000.0,7465000000.0,0.3328082411153743,43151000000.0,-51414000000.0,386219000000.0,101537120000.0,0.29018813893072615,0.20586321880301797,0.4562195624085985,16000000000.0,49590394072.88197,12.092423428264373,24694719116.601494,49590394072.88197,49590394072.88197,74241605927.11803,74241605927.11803,71611000000.0,59637000000.0,9.945292153666179,4.0344375,53.89014675052411,MSFT
2026-06-30,331839000000.0,155237000000.0,165934000000.0,133749000000.0,34300000000.0,4700000000.0,115948000000.0,182935000000.0,12405000000.0,3051000000.0,22271000000.0,26445000000.0,7453000000.0,7429000000.0,758376000000.0,168825000000.0,20935000000.0,55908000000.0,313076000000.0,431767000000.0,118691000000.0,31067000000.0,9227000000.0,442387000000.0,7453000000.0,0.3403862745048138,40294000000.0,-36549000000.0,521935000000.0,122637230000.0,0.270080250706378,0.16889955522144962,0.4678081840892722,29600000000.0,91266232927.20871,12.19487883648352,35405599825.09044,91266232927.20871,91266232927.20871,76782767072.79129,76782767072.79129,66987000000.0,54582000000.0,10.30226312529066,3.917162162162162,50.880694854146185,MSFT
2007-09-29,24578000000.0,4407000000.0,5006000000.0,3495000000.0,327000000.0,,735000000.0,5470000000.0,242000000.0,,,,889292000.0,864595000.0,,,9352000000.0,,,,,,,14531000000.0,889292000.0,0.2405202670153465,0.0,-9352000000.0,,3481530000.0,,,0.17930669704613883,327000000.0,,,,327000000.0,327000000.0,3495000000.0,3495000000.0,4735000000.0,4493000000.0,3.930092702959208,2.2477064220183487,,AAPL
2008-09-27,37491000000.0,8327000000.0,8947000000.0,6119000000.0,496000000.0,,1091000000.0,9596000000.0,516000000.0,,,,902139000.0,881592000.0,36171000000.0,11361000000.0,11875000000.0,,,,,,,22297000000.0,902139000.0,0.3323015097208646,0.0,-11875000000.0,12935000000.0,6578330000.0,0.5085682257441051,,0.22210663892667573,496000000.0,,,,496000000.0,496000000.0,6119000000.0,6119000000.0,8505000000.0,7989000000.0,6.782768509065676,2.1995967741935485,,AAPL
2009-09-26,42905000000.0,11740000000.0,12066000000.0,8235000000.0,734000000.0,,1144000000.0,10159000000.0,710000000.0,,,,907005000.0,893016000.0,47501000000.0,11506000000.0,5263000000.0,18201000000.0,,,,,,31640000000.0,907005000.0,0.30535624895711666,0.0,-23464000000.0,12531000000.0,9274600000.0,0.7283907955705646,,0.2736277823097541,734000000.0,,,,734000000.0,734000000.0,8235000000.0,8235000000.0,9015000000.0,8305000000.0,9.079332528486612,1.55858310626703,,AAPL
2010-09-25,65225000000.0,18385000000.0,18540000000.0,14013000000.0,1027000000.0,69000000.0,2005000000.0,18595000000.0,879000000.0,,,,924712000.0,909461000.0,75183000000.0,20722000000.0,11261000000.0,14359000000.0,,,,,,47791000000.0,924712000.0,0.3528345356347018,0.0,-25620000000.0,28841000000.0,14524150000.0,0.7021246253504786,,0.2818704484476811,958000000.0,,,,958000000.0,958000000.0,14082000000.0,14082000000.0,16590000000.0,15711000000.0,15.228525205685662,2.092901878914405,,AAPL
2011-09-24,108249000000.0,33790000000.0,34205000000.0,25922000000.0,1814000000.0,192000000.0,4260000000.0,37529000000.0,1168000000.0,0.0,0.0,,936645000.0,924258000.0,116371000000.0,27970000000.0,9815000000.0,,7777000000.0,11768000000.0,3991000000.0,,,76615000000.0,936645000.0,0.41673231194636917,0.0,-9815000000.0,78586000000.0,26694100000.0,0.4969718971953047,,0.31215068961376086,1622000000.0,,,,1622000000.0,1622000000.0,26114000000.0,26114000000.0,33269000000.0,32101000000.0,27.880360221855664,2.626387176325524,,AAPL
2012-09-29,156508000000.0,55241000000.0,55763000000.0,41733000000.0,3277000000.0,605000000.0,8295000000.0,50856000000.0,1740000000.0,0.0,0.0,,6617483000.0,6543726000.0,176064000000.0,38542000000.0,10746000000.0,,15452000000.0,21887000000.0,6435000000.0,0.0,,118210000000.0,6617483000.0,0.42841524445014756,0.0,-10746000000.0,126776000000.0,43640390000.0,0.4250093980385855,,0.35295959311984054,2672000000.0,,,,2672000000.0,2672000000.0,42338000000.0,42338000000.0,42561000000.0,40821000000.0,6.397900833292658,3.1044161676646707,,AAPL
2013-09-28,170910000000.0,48999000000.0,50155000000.0,37037000000.0,6757000000.0,960000000.0,8165000000.0,53666000000.0,2253000000.0,136000000.0,22860000000.0,10528000000.0,6521634000.0,6477320000.0,207000000000.0,43658000000.0,14259000000.0,,16597000000.0,28519000000.0,11922000000.0,16960000000.0,,123549000000.0,6521634000.0,0.30639603903060486,16960000000.0,2701000000.0,149083000000.0,38709210000.0,0.28064489467445325,0.23599964744248905,0.2866947516236616,5797000000.0,,7.255240443896424,3930813902.10741,5797000000.0,5797000000.0,37997000000.0,37997000000.0,45501000000.0,43248000000.0,5.826300586632123,1.4084871485250992,360.2867647058824,AAPL
2014-09-27,182795000000.0,52503000000.0,53483000000.0,39510000000.0,7946000000.0,1100000000.0,9571000000.0,,2863000000.0,384000000.0,45000000000.0,11031000000.0,6122663000.0,6085572000.0,231839000000.0,63448000000.0,13844000000.0,,20624000000.0,39015000000.0,18391000000.0,28987000000.0,0.0,111547000000.0,6122663000.0,0.3361180113655698,28987000000.0,15143000000.0,154547000000.0,41477370000.0,0.27320995949016896,0.22675452061739523,0.28722339232473537,6846000000.0,8510529233.023056,6.477094367434628,6023534286.633006,8510529233.023056,8510529233.023056,38945470766.976944,38945470766.976944,,,6.360871203751855,1.3980426526438796,136.7265625,AAPL
2015-09-26,233715000000.0,71230000000.0,72515000000.0,53394000000.0,9200000000.0,1300000000.0,11247000000.0,81266000000.0,3586000000.0,733000000.0,35253000000.0,11561000000.0,5793069000.0,5753421000.0,290345000000.0,80610000000.0,21120000000.0,,22471000000.0,49257000000.0,26786000000.0,53329000000.0,2500000000.0,119355000000.0,5793069000.0,0.4624819187360872,55829000000.0,34709000000.0,191115000000.0,56271700000.0,0.32558800215239164,0.25726579735509075,0.3047729071732666,7900000000.0,6403122591.626481,6.23506329113924,7900000000.000001,7900000000.0,7900000000.000001,54694000000.0,54694000000.0,70019000000.0,66433000000.0,9.441282332387203,1.4236708860759493,97.17598908594816,AAPL
2016-09-24,215639000000.0,60024000000.0,61372000000.0,45687000000.0,10505000000.0,1500000000.0,12734000000.0,66231000000.0,4210000000.0,1456000000.0,29722000000.0,12150000000.0,5500281000.0,5470820000.0,321686000000.0,79006000000.0,20484000000.0,,27010000000.0,61245000000.0,34235000000.0,75427000000.0,3500000000.0,128249000000.0,5500281000.0,0.3690328104554046,78927000000.0,58443000000.0,225696000000.0,47418960000.0,0.22753219084908988,0.14088002175243017,0.27835410106706115,9005000000.0,12734000000.0,6.518142417363068,9396081901.6251,12734000000.0,12734000000.0,43458000000.0,43458000000.0,53497000000.0,49287000000.0,7.901050873582641,1.4141032759578012,41.22527472527472,AAPL
2017-09-30,229234000000.0,61344000000.0,64089000000.0,48351000000.0,10157000000.0,1200000000.0,12451000000.0,64225000000.0,4840000000.0,2323000000.0,32900000000.0,12769000000.0,5251692000.0,5217242000.0,375319000000.0,100814000000.0,20289000000.0,,33783000000.0,75076000000.0,41293000000.0,97207000000.0,6496000000.0,134047000000.0,5251692000.0,0.3686750846372038,103703000000.0,83414000000.0,260712000000.0,48461760000.0,0.19926382789756747,0.03599756600167244,0.2676042820872994,8957000000.0,11009745481.499416,6.801221543586896,11038605273.89991,11009745481.499416,11038605273.89991,47498254518.50058,47469394726.10009,51774000000.0,46934000000.0,9.044371703157873,1.3900859662833538,26.40723202755058,AAPL
2018-09-29,265595000000.0,70898000000.0,72903000000.0,59531000000.0,10903000000.0,,13313000000.0,77434000000.0,5340000000.0,3240000000.0,72738000000.0,13712000000.0,20000435000.0,19821510000.0,365725000000.0,115929000000.0,25913000000.0,40388000000.0,41304000000.0,90403000000.0,49099000000.0,93735000000.0,8784000000.0,107147000000.0,20000435000.0,0.4936358284202758,102519000000.0,36218000000.0,192279000000.0,56009420000.0,0.24728712049466767,0.40050490786183907,0.26694026619477024,10903000000.0,9104494145.90583,7.02823099374166,12862838469.666124,10903000000.0,12862838469.666124,59531000000.0,57571161530.33388,64121000000.0,58781000000.0,2.9764852614455637,1.2210400807117308,21.882098765432097,AAPL
2019-09-28,260174000000.0,63930000000.0,65737000000.0,55256000000.0,12547000000.0,,10495000000.0,69391000000.0,6068000000.0,3576000000.0,66897000000.0,14119000000.0,18595651000.0,18471336000.0,338516000000.0,105718000000.0,48844000000.0,51713000000.0,37378000000.0,95957000000.0,58579000000.0,91807000000.0,10260000000.0,90488000000.0,18595651000.0,0.5591722113998027,102067000000.0,1510000000.0,142501000000.0,50504700000.0,0.3017187406655117,,0.24572017188496928,12547000000.0,10495000000.0,7.255240443896424,13225888341.264446,12547000000.0,13225888341.264446,55256000000.0,54577111658.73555,58896000000.0,52828000000.0,2.9714474637107355,0.8364549294652108,17.87751677852349,AAPL
2020-09-26,274515000000.0,66288000000.0,67091000000.0,57411000000.0,11056000000.0,,7309000000.0,80674000000.0,6829000000.0,2873000000.0,72358000000.0,14081000000.0,17528214000.0,17352119000.0,323888000000.0,105392000000.0,38016000000.0,52927000000.0,36766000000.0,103526000000.0,66760000000.0,98667000000.0,8773000000.0,65339000000.0,17528214000.0,0.7368556155223421,107440000000.0,16497000000.0,136326000000.0,52367520000.0,0.37562732447001185,,0.24147314354406862,11056000000.0,5393167317.305494,7.451522349946937,13893268400.481577,11056000000.0,13893268400.481577,57411000000.0,54573731599.518425,73365000000.0,66536000000.0,3.2753479618630856,0.661089001447178,23.07274625826662,AAPL
2021-09-25,365817000000.0,108949000000.0,109207000000.0,94680000000.0,11284000000.0,,11085000000.0,104038000000.0,7906000000.0,2645000000.0,85971000000.0,14467000000.0,16864919000.0,16701272000.0,351002000000.0,125481000000.0,34940000000.0,27699000000.0,39440000000.0,109723000000.0,70283000000.0,109106000000.0,9613000000.0,63090000000.0,16864919000.0,1.4744333444938449,118719000000.0,56080000000.0,172495000000.0,86069710000.0,0.5574084016307181,,0.29782377527561593,11284000000.0,0.0,7.64780425599745,14346993768.041935,11284000000.0,14346993768.041935,94680000000.0,91617006231.95807,92953000000.0,85047000000.0,5.61402044089272,0.9823644097837646,41.19054820415879,AAPL
2022-09-24,394328000000.0,119437000000.0,119103000000.0,99803000000.0,11104000000.0,,10708000000.0,122151000000.0,9038000000.0,2931000000.0,89402000000.0,14841000000.0,16325819000.0,16215963000.0,352755000000.0,153982000000.0,23646000000.0,24658000000.0,42117000000.0,114457000000.0,72340000000.0,98959000000.0,11128000000.0,50672000000.0,16325819000.0,1.7545929220653644,110087000000.0,61783000000.0,161597000000.0,94355230000.0,0.5648457909797301,,0.30288744395528594,11104000000.0,6783187056.458455,7.919523385483755,14452511146.036413,11104000000.0,14452511146.036413,99803000000.0,96454488853.9636,111443000000.0,102405000000.0,6.1132002014722815,0.9643371757925072,40.74957352439441,AAPL
2023-09-30,383285000000.0,114301000000.0,113736000000.0,96995000000.0,11519000000.0,,10959000000.0,110543000000.0,10833000000.0,3933000000.0,77550000000.0,15025000000.0,15812547000.0,15744231000.0,352583000000.0,145308000000.0,29965000000.0,31590000000.0,43715000000.0,114599000000.0,70884000000.0,95281000000.0,9822000000.0,62146000000.0,15812547000.0,1.7194951160275842,105103000000.0,43548000000.0,155542000000.0,90297790000.0,0.5694524482955423,,0.2982141226502472,11519000000.0,10959000000.0,8.19124251497006,13990429387.307533,11519000000.0,13990429387.307533,96995000000.0,94523570612.69247,99584000000.0,88751000000.0,6.134052913803197,0.9513846688080563,29.062039155860667,AAPL
2024-09-28,391035000000.0,123216000000.0,123485000000.0,93736000000.0,11445000000.0,,9447000000.0,118254000000.0,11688000000.0,,94949000000.0,15234000000.0,15408095000.0,15343783000.0,364980000000.0,176392000000.0,29943000000.0,35228000000.0,45680000000.0,119128000000.0,73448000000.0,85750000000.0,10912000000.0,56950000000.0,15408095000.0,1.5741250755692886,96662000000.0,31491000000.0,134329000000.0,97340640000.0,0.6716135108375795,,0.31510222870075566,11445000000.0,8507281270.565536,8.241406821091378,14454813672.724913,11445000000.0,14454813672.724913,93736000000.0,90726186327.27509,108807000000.0,97119000000.0,6.083555429791938,0.8254259501965924,,AAPL
2025-09-27,416161000000.0,133050000000.0,132729000000.0,112010000000.0,11698000000.0,,12715000000.0,111482000000.0,12863000000.0,,90711000000.0,15421000000.0,15004697000.0,14948500000.0,359241000000.0,165631000000.0,35934000000.0,18763000000.0,49834000000.0,125848000000.0,76014000000.0,78328000000.0,12350000000.0,73733000000.0,15004697000.0,1.7142244974480232,90678000000.0,35981000000.0,151263000000.0,105109500000.0,0.7360815429003613,3.5309620405703956,0.31970799762591884,11698000000.0,9803283829.386507,8.291571127212693,15177823125.338762,11698000000.0,15177823125.338762,112010000000.0,108530176874.66124,98767000000.0,85904000000.0,7.464995794316939,1.0869379381090785,,AAPL
