date,symbol,episode,entry_time,entry_minute,trigger,entry_fill,stop_init,t1,risk_ps,shares_init,shares_max,adds,exit_time,exit_reason,t1_hit,pnl,r_multiple,mfe_r,mae_r,pct_at_entry,rvol_at_entry,float_shares,fills
2020-01-08,WAFU,1,2020-01-08 09:27:00-05:00,567,3.34,3.35,3.1399,3.7402,0.2001,499,499,0,2020-01-08 09:29:00-05:00,topping_tail,False,71.36,0.7146,1.999,0.0,0.8923713778829097,5.366826500616736,4381033.0,"[{""t"": ""2020-01-08 09:27:00-05:00"", ""side"": ""B"", ""sh"": 499, ""px"": 3.35, ""why"": ""entry""}, {""t"": ""2020-01-08 09:29:00-05:00"", ""side"": ""S"", ""sh"": 499, ""px"": 3.5, ""why"": ""topping_tail""}]"
2020-01-10,CPAH,1,2020-01-10 09:58:00-05:00,598,2.31,2.32,2.18,2.57,0.13,769,769,0,2020-01-10 09:59:00-05:00,topping_tail,True,114.46,1.1449,2.154,0.0,1.283058894837862,199.73034046272778,,"[{""t"": ""2020-01-10 09:58:00-05:00"", ""side"": ""B"", ""sh"": 769, ""px"": 2.32, ""why"": ""entry""}, {""t"": ""2020-01-10 09:58:00-05:00"", ""side"": ""S"", ""sh"": 384, ""px"": 2.56, ""why"": ""t1""}, {""t"": ""2020-01-10 09:59:00-05:00"", ""side"": ""S"", ""sh"": 385, ""px"": 2.3919, ""why"": ""topping_tail""}]"
2020-01-13,BVSN,1,2020-01-13 09:41:00-05:00,581,2.81,2.82,2.78,2.87,0.03,2612,2612,0,2020-01-13 09:43:00-05:00,volume_divergence,True,158.03,2.0167,5.0,0.0,0.131902834008097,7.738835791381725,,"[{""t"": ""2020-01-13 09:41:00-05:00"", ""side"": ""B"", ""sh"": 2612, ""px"": 2.82, ""why"": ""entry""}, {""t"": ""2020-01-13 09:41:00-05:00"", ""side"": ""S"", ""sh"": 1306, ""px"": 2.86, ""why"": ""t1""}, {""t"": ""2020-01-13 09:41:00-05:00"", ""side"": ""S"", ""sh"": 653, ""px"": 2.89, ""why"": ""t2""}, {""t"": ""2020-01-13 09:43:00-05:00"", ""side"": ""S"", ""sh"": 653, ""px"": 2.94, ""why"": ""volume_divergence""}]"
2020-01-15,CETX,1,2020-01-15 08:50:00-05:00,530,2.15,2.16,2.06,2.33,0.09,1111,1111,0,2020-01-15 08:54:00-05:00,first_red_candle,False,-74.44,-0.7444,0.667,0.778,0.7542372881355932,9.305285209443335,4527889.0,"[{""t"": ""2020-01-15 08:50:00-05:00"", ""side"": ""B"", ""sh"": 1111, ""px"": 2.16, ""why"": ""entry""}, {""t"": ""2020-01-15 08:54:00-05:00"", ""side"": ""S"", ""sh"": 1111, ""px"": 2.1, ""why"": ""first_red_candle""}]"
2020-01-27,NEGG,1,2020-01-27 09:12:00-05:00,552,2.22,2.26,2.19,2.28,0.03,1038,1038,0,2020-01-27 09:12:00-05:00,stop_same_bar,False,-90.31,-2.9,1.0,1.0,1.0462962962962963,10.14549714627514,17806586.0,"[{""t"": ""2020-01-27 09:12:00-05:00"", ""side"": ""B"", ""sh"": 1038, ""px"": 2.26, ""why"": ""entry""}, {""t"": ""2020-01-27 09:12:00-05:00"", ""side"": ""S"", ""sh"": 1038, ""px"": 2.18, ""why"": ""stop_same_bar""}]"
2020-02-03,ARTL,1,2020-02-03 09:21:00-05:00,561,3.56,3.57,3.48,3.72,0.08,1250,1250,0,2020-02-03 09:22:00-05:00,topping_tail,False,-33.75,-0.3375,0.375,0.0,0.7339901477832513,9.451444124947376,3427399.0,"[{""t"": ""2020-02-03 09:21:00-05:00"", ""side"": ""B"", ""sh"": 1250, ""px"": 3.57, ""why"": ""entry""}, {""t"": ""2020-02-03 09:22:00-05:00"", ""side"": ""S"", ""sh"": 1250, ""px"": 3.55, ""why"": ""topping_tail""}]"
2020-02-21,CLDX,1,2020-02-21 09:50:00-05:00,590,2.83,2.84,2.72,3.05,0.11,909,909,0,2020-02-21 09:52:00-05:00,first_red_candle,False,-0.18,-0.0018,1.0,0.091,0.2290748898678414,5.91818654808469,16130105.0,"[{""t"": ""2020-02-21 09:50:00-05:00"", ""side"": ""B"", ""sh"": 909, ""px"": 2.84, ""why"": ""entry""}, {""t"": ""2020-02-21 09:52:00-05:00"", ""side"": ""S"", ""sh"": 909, ""px"": 2.8468, ""why"": ""first_red_candle""}]"
2020-03-30,GRIN,1,2020-03-30 09:42:00-04:00,582,3.26,3.27,3.1,3.58,0.16,448,448,0,2020-03-30 09:44:00-04:00,first_red_candle,False,5.82,0.0813,1.5,0.0,0.11888111888111896,5.224809751204727,,"[{""t"": ""2020-03-30 09:42:00-04:00"", ""side"": ""B"", ""sh"": 448, ""px"": 3.27, ""why"": ""entry""}, {""t"": ""2020-03-30 09:44:00-04:00"", ""side"": ""S"", ""sh"": 448, ""px"": 3.29, ""why"": ""first_red_candle""}]"
2020-04-15,FORK,1,2020-04-15 09:39:00-04:00,579,2.31,2.32,2.14,2.65,0.17,588,588,0,2020-04-15 09:41:00-04:00,first_red_candle,False,-51.16,-0.5118,0.412,0.353,0.35981249999999987,75.77846927683882,,"[{""t"": ""2020-04-15 09:39:00-04:00"", ""side"": ""B"", ""sh"": 588, ""px"": 2.32, ""why"": ""entry""}, {""t"": ""2020-04-15 09:41:00-04:00"", ""side"": ""S"", ""sh"": 588, ""px"": 2.24, ""why"": ""first_red_candle""}]"
2020-04-23,CPAH,1,2020-04-23 08:37:00-04:00,517,4.0,4.01,3.86,4.28,0.14,714,714,0,2020-04-23 08:38:00-04:00,first_red_candle,False,-83.54,-0.8357,0.0,0.714,0.7873303167420815,9.112286397206754,,"[{""t"": ""2020-04-23 08:37:00-04:00"", ""side"": ""B"", ""sh"": 714, ""px"": 4.01, ""why"": ""entry""}, {""t"": ""2020-04-23 08:38:00-04:00"", ""side"": ""S"", ""sh"": 714, ""px"": 3.9, ""why"": ""first_red_candle""}]"
2020-05-13,SIF,1,2020-05-13 09:37:00-04:00,577,5.16,5.17,4.8,5.88,0.36,277,277,0,2020-05-13 09:40:00-04:00,first_red_candle,False,-24.1,-0.2417,0.667,0.639,1.2216118047673095,338.6763314453099,5916123.0,"[{""t"": ""2020-05-13 09:37:00-04:00"", ""side"": ""B"", ""sh"": 277, ""px"": 5.17, ""why"": ""entry""}, {""t"": ""2020-05-13 09:40:00-04:00"", ""side"": ""S"", ""sh"": 277, ""px"": 5.09, ""why"": ""first_red_candle""}]"
2020-05-21,XTNT,1,2020-05-21 07:31:00-04:00,451,2.71,2.72,2.52,3.09,0.19,526,526,0,2020-05-21 07:33:00-04:00,stop,False,-114.14,-1.1421,0.737,1.895,2.8145100972326103,7.565144400283128,13223565.0,"[{""t"": ""2020-05-21 07:31:00-04:00"", ""side"": ""B"", ""sh"": 526, ""px"": 2.72, ""why"": ""entry""}, {""t"": ""2020-05-21 07:33:00-04:00"", ""side"": ""S"", ""sh"": 526, ""px"": 2.51, ""why"": ""stop""}]"
2020-05-28,ORKA,1,2020-05-28 09:20:00-04:00,560,8.28,8.29,8.07,8.7,0.21,476,476,0,2020-05-28 09:22:00-04:00,first_red_candle,False,-17.61,-0.1762,1.857,0.381,1.0810126582278485,59.62080976613556,1594070.0,"[{""t"": ""2020-05-28 09:20:00-04:00"", ""side"": ""B"", ""sh"": 476, ""px"": 8.29, ""why"": ""entry""}, {""t"": ""2020-05-28 09:22:00-04:00"", ""side"": ""S"", ""sh"": 476, ""px"": 8.26, ""why"": ""first_red_candle""}]"
2020-05-29,SNOA,1,2020-05-29 07:40:00-04:00,460,13.86,13.8739,13.3,14.98,0.56,178,178,0,2020-05-29 07:43:00-04:00,first_red_candle,False,-7.96,-0.0798,1.018,0.286,1.5600739371534194,13.849260342543477,1777483.0,"[{""t"": ""2020-05-29 07:40:00-04:00"", ""side"": ""B"", ""sh"": 178, ""px"": 13.8739, ""why"": ""entry""}, {""t"": ""2020-05-29 07:43:00-04:00"", ""side"": ""S"", ""sh"": 178, ""px"": 13.8361, ""why"": ""first_red_candle""}]"
2020-05-29,PHIO,1,2020-05-29 09:05:00-04:00,545,5.76,5.77,5.6,6.08,0.16,625,625,0,2020-05-29 09:07:00-04:00,sell_pressure_proxy,True,142.44,1.4244,2.75,0.0,1.5446428571428577,8.936847199775904,4580930.0,"[{""t"": ""2020-05-29 09:05:00-04:00"", ""side"": ""B"", ""sh"": 625, ""px"": 5.77, ""why"": ""entry""}, {""t"": ""2020-05-29 09:05:00-04:00"", ""side"": ""S"", ""sh"": 312, ""px"": 6.07, ""why"": ""t1""}, {""t"": ""2020-05-29 09:07:00-04:00"", ""side"": ""S"", ""sh"": 313, ""px"": 5.94, ""why"": ""sell_pressure_proxy""}]"
2020-06-02,ENVB,1,2020-06-02 09:11:00-04:00,551,4.14,4.15,3.84,4.74,0.3,333,333,0,2020-06-02 09:12:00-04:00,first_red_candle,False,-68.93,-0.69,0.133,0.867,2.022388059701492,6.171673682229067,3246705.0,"[{""t"": ""2020-06-02 09:11:00-04:00"", ""side"": ""B"", ""sh"": 333, ""px"": 4.15, ""why"": ""entry""}, {""t"": ""2020-06-02 09:12:00-04:00"", ""side"": ""S"", ""sh"": 333, ""px"": 3.95, ""why"": ""first_red_candle""}]"
2020-06-03,QNTM,1,2020-06-03 07:05:00-04:00,425,10.02,10.03,9.56,10.94,0.46,217,217,0,2020-06-03 07:11:00-04:00,sell_pressure_proxy,True,266.97,2.6745,5.217,0.0,2.129032258064516,32.463044600794,7056245.0,"[{""t"": ""2020-06-03 07:05:00-04:00"", ""side"": ""B"", ""sh"": 217, ""px"": 10.03, ""why"": ""entry""}, {""t"": ""2020-06-03 07:06:00-04:00"", ""side"": ""S"", ""sh"": 108, ""px"": 10.9291, ""why"": ""t1""}, {""t"": ""2020-06-03 07:07:00-04:00"", ""side"": ""S"", ""sh"": 54, ""px"": 11.3886, ""why"": ""t2""}, {""t"": ""2020-06-03 07:11:00-04:00"", ""side"": ""S"", ""sh"": 55, ""px"": 11.8182, ""why"": ""sell_pressure_proxy""}]"
2020-06-09,PRSO,1,2020-06-09 09:53:00-04:00,593,2.06,2.07,1.99,2.2,0.07,1428,1428,0,2020-06-09 09:55:00-04:00,first_red_candle,False,-67.12,-0.6714,0.143,0.429,0.23780487804878048,5.325392611179905,3532512.0,"[{""t"": ""2020-06-09 09:53:00-04:00"", ""side"": ""B"", ""sh"": 1428, ""px"": 2.07, ""why"": ""entry""}, {""t"": ""2020-06-09 09:55:00-04:00"", ""side"": ""S"", ""sh"": 1428, ""px"": 2.03, ""why"": ""first_red_candle""}]"
2020-06-11,WAFU,1,2020-06-11 07:05:00-04:00,425,6.26,6.27,5.9,6.98,0.36,277,277,0,2020-06-11 07:10:00-04:00,topping_tail,True,281.69,2.8248,5.389,0.0,1.734234234234234,8.583411106290402,4381033.0,"[{""t"": ""2020-06-11 07:05:00-04:00"", ""side"": ""B"", ""sh"": 277, ""px"": 6.27, ""why"": ""entry""}, {""t"": ""2020-06-11 07:05:00-04:00"", ""side"": ""S"", ""sh"": 138, ""px"": 6.97, ""why"": ""t1""}, {""t"": ""2020-06-11 07:05:00-04:00"", ""side"": ""S"", ""sh"": 69, ""px"": 7.33, ""why"": ""t2""}, {""t"": ""2020-06-11 07:10:00-04:00"", ""side"": ""S"", ""sh"": 70, ""px"": 7.9, ""why"": ""topping_tail""}]"
2020-06-15,EDSA,1,2020-06-15 08:33:00-04:00,513,7.33,7.34,6.9,8.19,0.43,232,232,0,2020-06-15 08:36:00-04:00,topping_tail,True,193.26,1.9372,2.93,0.0,1.5,13.145151087990929,8859159.0,"[{""t"": ""2020-06-15 08:33:00-04:00"", ""side"": ""B"", ""sh"": 232, ""px"": 7.34, ""why"": ""entry""}, {""t"": ""2020-06-15 08:34:00-04:00"", ""side"": ""S"", ""sh"": 116, ""px"": 8.18, ""why"": ""t1""}, {""t"": ""2020-06-15 08:36:00-04:00"", ""side"": ""S"", ""sh"": 116, ""px"": 8.18, ""why"": ""topping_tail""}]"
2020-06-17,OPHC,1,2020-06-17 08:53:00-04:00,533,6.12,6.13,5.8,6.76,0.32,312,312,0,2020-06-17 08:54:00-04:00,first_red_candle,False,-27.14,-0.2719,0.312,0.375,1.600503048130622,16.83767912004618,2951353.0,"[{""t"": ""2020-06-17 08:53:00-04:00"", ""side"": ""B"", ""sh"": 312, ""px"": 6.13, ""why"": ""entry""}, {""t"": ""2020-06-17 08:54:00-04:00"", ""side"": ""S"", ""sh"": 312, ""px"": 6.05, ""why"": ""first_red_candle""}]"
2020-06-17,PNBK,1,2020-06-17 09:40:00-04:00,580,6.99,7.01,6.83,7.31,0.16,135,135,0,2020-06-17 10:03:00-04:00,volume_divergence,True,78.12,3.6165,6.312,-0.062,0.18268398268398256,8.376713383643924,3935141.0,"[{""t"": ""2020-06-17 09:40:00-04:00"", ""side"": ""B"", ""sh"": 135, ""px"": 7.01, ""why"": ""entry""}, {""t"": ""2020-06-17 10:00:00-04:00"", ""side"": ""S"", ""sh"": 68, ""px"": 7.3, ""why"": ""t1""}, {""t"": ""2020-06-17 10:00:00-04:00"", ""side"": ""S"", ""sh"": 34, ""px"": 7.46, ""why"": ""t2""}, {""t"": ""2020-06-17 10:03:00-04:00"", ""side"": ""S"", ""sh"": 33, ""px"": 8.3621, ""why"": ""volume_divergence""}]"
2020-06-19,HYLN,1,2020-06-19 08:18:00-04:00,498,17.15,17.1671,17.0,17.45,0.15,666,666,0,2020-06-19 08:18:00-04:00,stop_same_bar,False,-127.31,-1.2743,0.867,1.0,0.6731898238747553,18.62985422352393,,"[{""t"": ""2020-06-19 08:18:00-04:00"", ""side"": ""B"", ""sh"": 666, ""px"": 17.1671, ""why"": ""entry""}, {""t"": ""2020-06-19 08:18:00-04:00"", ""side"": ""S"", ""sh"": 666, ""px"": 16.983, ""why"": ""stop_same_bar""}]"
2020-06-19,BBGI,1,2020-06-19 09:51:00-04:00,591,3.67,3.68,3.475,4.06,0.195,512,512,0,2020-06-19 09:53:00-04:00,topping_tail,True,147.46,1.4769,2.103,0.0,0.35300751879699255,7.514615191981832,,"[{""t"": ""2020-06-19 09:51:00-04:00"", ""side"": ""B"", ""sh"": 512, ""px"": 3.68, ""why"": ""entry""}, {""t"": ""2020-06-19 09:52:00-04:00"", ""side"": ""S"", ""sh"": 256, ""px"": 4.05, ""why"": ""t1""}, {""t"": ""2020-06-19 09:53:00-04:00"", ""side"": ""S"", ""sh"": 256, ""px"": 3.9, ""why"": ""topping_tail""}]"
2020-06-25,CHRN,1,2020-06-25 09:09:00-04:00,549,5.3,5.31,5.12,5.66,0.18,555,555,0,2020-06-25 09:11:00-04:00,first_red_candle,False,-42.73,-0.4278,1.0,0.333,0.6936257710760798,10.770899438013046,5843442.0,"[{""t"": ""2020-06-25 09:09:00-04:00"", ""side"": ""B"", ""sh"": 555, ""px"": 5.31, ""why"": ""entry""}, {""t"": ""2020-06-25 09:11:00-04:00"", ""side"": ""S"", ""sh"": 555, ""px"": 5.24, ""why"": ""first_red_candle""}]"
2020-06-30,POLA,1,2020-06-30 09:55:00-04:00,595,2.47,2.48,2.35,2.71,0.12,833,833,0,2020-06-30 09:57:00-04:00,topping_tail,True,137.81,1.3787,2.083,0.0,0.788321167883212,95.5614543462873,10125681.0,"[{""t"": ""2020-06-30 09:55:00-04:00"", ""side"": ""B"", ""sh"": 833, ""px"": 2.48, ""why"": ""entry""}, {""t"": ""2020-06-30 09:56:00-04:00"", ""side"": ""S"", ""sh"": 416, ""px"": 2.7, ""why"": ""t1""}, {""t"": ""2020-06-30 09:57:00-04:00"", ""side"": ""S"", ""sh"": 417, ""px"": 2.605, ""why"": ""topping_tail""}]"
2020-07-06,FABC,1,2020-07-06 09:55:00-04:00,595,5.38,5.39,5.24,5.66,0.14,714,714,0,2020-07-06 09:55:00-04:00,stop_same_bar,False,-119.24,-1.1929,0.5,1.429,0.6299694189602447,10.864994397299235,6250782.0,"[{""t"": ""2020-07-06 09:55:00-04:00"", ""side"": ""B"", ""sh"": 714, ""px"": 5.39, ""why"": ""entry""}, {""t"": ""2020-07-06 09:55:00-04:00"", ""side"": ""S"", ""sh"": 714, ""px"": 5.23, ""why"": ""stop_same_bar""}]"
2020-07-13,EQ,1,2020-07-13 07:04:00-04:00,424,10.01,10.02,9.44,11.15,0.57,175,175,0,2020-07-13 07:07:00-04:00,sell_pressure_proxy,True,232.94,2.3352,4.105,0.0,2.1097178683385582,7.032616780404479,17683965.0,"[{""t"": ""2020-07-13 07:04:00-04:00"", ""side"": ""B"", ""sh"": 175, ""px"": 10.02, ""why"": ""entry""}, {""t"": ""2020-07-13 07:04:00-04:00"", ""side"": ""S"", ""sh"": 88, ""px"": 11.1388, ""why"": ""t1""}, {""t"": ""2020-07-13 07:05:00-04:00"", ""side"": ""S"", ""sh"": 44, ""px"": 11.7083, ""why"": ""t2""}, {""t"": ""2020-07-13 07:07:00-04:00"", ""side"": ""S"", ""sh"": 43, ""px"": 11.4585, ""why"": ""sell_pressure_proxy""}]"
2020-07-14,INMB,1,2020-07-14 08:16:00-04:00,496,19.56,19.5796,18.61,21.46,0.95,105,105,0,2020-07-14 08:18:00-04:00,stop,False,-104.49,-1.0475,0.453,1.284,1.1242937853107344,5.0949665619301525,10820653.0,"[{""t"": ""2020-07-14 08:16:00-04:00"", ""side"": ""B"", ""sh"": 105, ""px"": 19.5796, ""why"": ""entry""}, {""t"": ""2020-07-14 08:18:00-04:00"", ""side"": ""S"", ""sh"": 105, ""px"": 18.5914, ""why"": ""stop""}]"
2020-07-27,SCKT,1,2020-07-27 07:03:00-04:00,423,2.76,2.77,2.61,3.06,0.15,666,666,0,2020-07-27 07:06:00-04:00,first_red_candle,False,-44.62,-0.4467,0.933,0.4,0.8286418738442574,7.864190950865012,6009507.0,"[{""t"": ""2020-07-27 07:03:00-04:00"", ""side"": ""B"", ""sh"": 666, ""px"": 2.77, ""why"": ""entry""}, {""t"": ""2020-07-27 07:06:00-04:00"", ""side"": ""S"", ""sh"": 666, ""px"": 2.71, ""why"": ""first_red_candle""}]"
2020-07-30,QNTM,1,2020-07-30 07:36:00-04:00,456,9.29,9.3,8.95,9.97,0.34,294,294,0,2020-07-30 07:37:00-04:00,topping_tail,False,24.4,0.2441,1.5,0.0,1.438502673796791,8.17164011275735,7056245.0,"[{""t"": ""2020-07-30 07:36:00-04:00"", ""side"": ""B"", ""sh"": 294, ""px"": 9.3, ""why"": ""entry""}, {""t"": ""2020-07-30 07:37:00-04:00"", ""side"": ""S"", ""sh"": 294, ""px"": 9.39, ""why"": ""topping_tail""}]"
2020-07-30,EDSA,1,2020-07-30 08:17:00-04:00,497,11.95,11.9619,11.3,13.25,0.65,153,153,0,2020-07-30 08:18:00-04:00,topping_tail,False,-12.37,-0.1244,0.369,0.0,1.2115384615384617,7.628432783014912,8859159.0,"[{""t"": ""2020-07-30 08:17:00-04:00"", ""side"": ""B"", ""sh"": 153, ""px"": 11.9619, ""why"": ""entry""}, {""t"": ""2020-07-30 08:18:00-04:00"", ""side"": ""S"", ""sh"": 153, ""px"": 11.8881, ""why"": ""topping_tail""}]"
2020-08-03,HIHO,1,2020-08-03 07:02:00-04:00,422,7.01,7.02,6.65,7.73,0.36,277,277,0,2020-08-03 07:04:00-04:00,first_red_candle,False,-24.1,-0.2417,1.361,0.278,1.585551330798479,7.048725585637099,3801874.0,"[{""t"": ""2020-08-03 07:02:00-04:00"", ""side"": ""B"", ""sh"": 277, ""px"": 7.02, ""why"": ""entry""}, {""t"": ""2020-08-03 07:04:00-04:00"", ""side"": ""S"", ""sh"": 277, ""px"": 6.94, ""why"": ""first_red_candle""}]"
2020-08-04,QXO,1,2020-08-04 07:52:00-04:00,472,18.82,18.8388,17.5,21.46,1.32,75,75,0,2020-08-04 07:54:00-04:00,first_red_candle,False,-49.98,-0.5048,0.811,0.621,5.915441176470587,16.077320518015238,4501271.0,"[{""t"": ""2020-08-04 07:52:00-04:00"", ""side"": ""B"", ""sh"": 75, ""px"": 18.8388, ""why"": ""entry""}, {""t"": ""2020-08-04 07:54:00-04:00"", ""side"": ""S"", ""sh"": 75, ""px"": 18.1818, ""why"": ""first_red_candle""}]"
2020-08-10,ABTS,1,2020-08-10 09:25:00-04:00,565,2.15,2.16,2.09,2.27,0.06,1666,1666,0,2020-08-10 09:28:00-04:00,breakeven_stop,True,54.98,0.55,2.167,2.167,0.737704918032787,5.77425544831446,,"[{""t"": ""2020-08-10 09:25:00-04:00"", ""side"": ""B"", ""sh"": 1666, ""px"": 2.16, ""why"": ""entry""}, {""t"": ""2020-08-10 09:25:00-04:00"", ""side"": ""S"", ""sh"": 833, ""px"": 2.26, ""why"": ""t1""}, {""t"": ""2020-08-10 09:28:00-04:00"", ""side"": ""S"", ""sh"": 833, ""px"": 2.14, ""why"": ""breakeven_stop""}]"
2020-08-11,HYPD,1,2020-08-11 08:15:00-04:00,495,7.83,7.84,7.32,8.85,0.51,196,196,0,2020-08-11 08:16:00-04:00,first_red_candle,False,-93.49,-0.9353,0.059,0.941,1.0851648351648349,8.363373721062123,19776019.0,"[{""t"": ""2020-08-11 08:15:00-04:00"", ""side"": ""B"", ""sh"": 196, ""px"": 7.84, ""why"": ""entry""}, {""t"": ""2020-08-11 08:16:00-04:00"", ""side"": ""S"", ""sh"": 196, ""px"": 7.37, ""why"": ""first_red_candle""}]"
2020-08-11,AIFC,1,2020-08-11 09:53:00-04:00,593,6.24,6.25,5.94,6.84,0.3,333,333,0,2020-08-11 09:54:00-04:00,sell_pressure_proxy,False,-55.61,-0.5567,0.933,0.0,0.2525879917184264,7.406375904815702,2023846.0,"[{""t"": ""2020-08-11 09:53:00-04:00"", ""side"": ""B"", ""sh"": 333, ""px"": 6.25, ""why"": ""entry""}, {""t"": ""2020-08-11 09:54:00-04:00"", ""side"": ""S"", ""sh"": 333, ""px"": 6.09, ""why"": ""sell_pressure_proxy""}]"
2020-08-14,TLC,1,2020-08-14 08:41:00-04:00,521,12.31,12.3223,11.75,13.43,0.56,178,178,0,2020-08-14 08:43:00-04:00,first_red_candle,False,38.83,0.3895,1.357,0.0,1.3287671232876712,21.43555465879571,,"[{""t"": ""2020-08-14 08:41:00-04:00"", ""side"": ""B"", ""sh"": 178, ""px"": 12.3223, ""why"": ""entry""}, {""t"": ""2020-08-14 08:43:00-04:00"", ""side"": ""S"", ""sh"": 178, ""px"": 12.5474, ""why"": ""first_red_candle""}]"
2020-08-25,NTRP,1,2020-08-25 08:44:00-04:00,524,6.96,6.97,6.56,7.76,0.4,250,250,0,2020-08-25 08:45:00-04:00,stop,False,-106.75,-1.0675,0.475,1.0,1.783132530120482,7.045181777562769,3926362.0,"[{""t"": ""2020-08-25 08:44:00-04:00"", ""side"": ""B"", ""sh"": 250, ""px"": 6.97, ""why"": ""entry""}, {""t"": ""2020-08-25 08:45:00-04:00"", ""side"": ""S"", ""sh"": 250, ""px"": 6.55, ""why"": ""stop""}]"
2020-08-28,NSYS,1,2020-08-28 07:15:00-04:00,435,7.14,7.15,6.62,8.18,0.52,192,192,0,2020-08-28 07:16:00-04:00,sell_pressure_proxy,False,-68.54,-0.6865,0.115,0.0,0.7196969696969697,27.42719187122363,2657530.0,"[{""t"": ""2020-08-28 07:15:00-04:00"", ""side"": ""B"", ""sh"": 192, ""px"": 7.15, ""why"": ""entry""}, {""t"": ""2020-08-28 07:16:00-04:00"", ""side"": ""S"", ""sh"": 192, ""px"": 6.8, ""why"": ""sell_pressure_proxy""}]"
2020-09-09,ASTC,1,2020-09-09 09:57:00-04:00,597,2.35,2.36,2.24,2.57,0.11,909,909,0,2020-09-09 09:59:00-04:00,first_red_candle,False,3.27,0.0327,0.818,0.818,0.3274853801169588,10.198377729781619,7844095.0,"[{""t"": ""2020-09-09 09:57:00-04:00"", ""side"": ""B"", ""sh"": 909, ""px"": 2.36, ""why"": ""entry""}, {""t"": ""2020-09-09 09:59:00-04:00"", ""side"": ""S"", ""sh"": 909, ""px"": 2.3706, ""why"": ""first_red_candle""}]"
2020-10-06,WULF,1,2020-10-06 09:42:00-04:00,582,3.91,3.92,3.7705,4.189,0.1395,397,397,0,2020-10-06 09:44:00-04:00,first_red_candle,False,9.13,0.1649,1.147,0.217,0.1673850574712643,5.806472634852593,1976354.0,"[{""t"": ""2020-10-06 09:42:00-04:00"", ""side"": ""B"", ""sh"": 397, ""px"": 3.92, ""why"": ""entry""}, {""t"": ""2020-10-06 09:44:00-04:00"", ""side"": ""S"", ""sh"": 397, ""px"": 3.95, ""why"": ""first_red_candle""}]"
2020-10-23,SCKT,1,2020-10-23 07:12:00-04:00,432,3.24,3.25,3.1,3.52,0.14,714,714,0,2020-10-23 07:14:00-04:00,first_red_candle,False,-19.28,-0.1929,1.143,0.286,1.205479452054795,9.014373072363494,6050655.0,"[{""t"": ""2020-10-23 07:12:00-04:00"", ""side"": ""B"", ""sh"": 714, ""px"": 3.25, ""why"": ""entry""}, {""t"": ""2020-10-23 07:14:00-04:00"", ""side"": ""S"", ""sh"": 714, ""px"": 3.23, ""why"": ""first_red_candle""}]"
2020-11-05,KNTK,1,2020-11-05 09:25:00-05:00,565,19.51,19.5295,18.85,20.83,0.66,151,151,0,2020-11-05 09:26:00-05:00,sell_pressure_proxy,False,-17.51,-0.1757,1.121,0.0,0.9242273180458627,10.656461324486795,,"[{""t"": ""2020-11-05 09:25:00-05:00"", ""side"": ""B"", ""sh"": 151, ""px"": 19.5295, ""why"": ""entry""}, {""t"": ""2020-11-05 09:26:00-05:00"", ""side"": ""S"", ""sh"": 151, ""px"": 19.4206, ""why"": ""sell_pressure_proxy""}]"
2020-11-10,SCNX,1,2020-11-10 07:14:00-05:00,434,7.85,7.86,7.4,8.75,0.45,222,222,0,2020-11-10 07:15:00-05:00,first_red_candle,False,-50.39,-0.5044,0.2,0.778,0.7883720930232561,6.00617135153653,8093199.0,"[{""t"": ""2020-11-10 07:14:00-05:00"", ""side"": ""B"", ""sh"": 222, ""px"": 7.86, ""why"": ""entry""}, {""t"": ""2020-11-10 07:15:00-05:00"", ""side"": ""S"", ""sh"": 222, ""px"": 7.64, ""why"": ""first_red_candle""}]"
2020-11-10,GTEC,1,2020-11-10 09:55:00-05:00,595,5.66,5.67,5.33,6.32,0.33,303,303,0,2020-11-10 09:56:00-05:00,stop,False,-108.17,-1.0818,0.939,1.545,1.3887606837606836,169.5097823260846,10021142.0,"[{""t"": ""2020-11-10 09:55:00-05:00"", ""side"": ""B"", ""sh"": 303, ""px"": 5.67, ""why"": ""entry""}, {""t"": ""2020-11-10 09:56:00-05:00"", ""side"": ""S"", ""sh"": 303, ""px"": 5.32, ""why"": ""stop""}]"
2020-11-12,ZCMD,1,2020-11-12 07:47:00-05:00,467,2.69,2.71,2.55,2.97,0.14,714,714,0,2020-11-12 07:47:00-05:00,stop_same_bar,False,-126.38,-1.2643,0.5,1.143,0.4202127659574466,9.800158205503882,,"[{""t"": ""2020-11-12 07:47:00-05:00"", ""side"": ""B"", ""sh"": 714, ""px"": 2.71, ""why"": ""entry""}, {""t"": ""2020-11-12 07:47:00-05:00"", ""side"": ""S"", ""sh"": 714, ""px"": 2.54, ""why"": ""stop_same_bar""}]"
2020-11-13,NHLD,1,2020-11-13 09:38:00-05:00,578,2.21,2.23,2.1,2.43,0.11,115,115,0,2020-11-13 09:53:00-05:00,first_red_candle,False,3.8,0.3,0.996,0.455,0.1267303358729479,6.3192066106067015,,"[{""t"": ""2020-11-13 09:38:00-05:00"", ""side"": ""B"", ""sh"": 115, ""px"": 2.23, ""why"": ""entry""}, {""t"": ""2020-11-13 09:53:00-05:00"", ""side"": ""S"", ""sh"": 115, ""px"": 2.27, ""why"": ""first_red_candle""}]"
2020-11-18,DNK,1,2020-11-18 09:38:00-05:00,578,4.16,4.17,3.93,4.62,0.23,434,434,0,2020-11-18 09:46:00-05:00,sell_pressure_proxy,True,219.3,2.197,3.609,0.0,0.7083333333333333,8.401392396315387,,"[{""t"": ""2020-11-18 09:38:00-05:00"", ""side"": ""B"", ""sh"": 434, ""px"": 4.17, ""why"": ""entry""}, {""t"": ""2020-11-18 09:41:00-05:00"", ""side"": ""S"", ""sh"": 217, ""px"": 4.61, ""why"": ""t1""}, {""t"": ""2020-11-18 09:41:00-05:00"", ""side"": ""S"", ""sh"": 108, ""px"": 4.84, ""why"": ""t2""}, {""t"": ""2020-11-18 09:46:00-05:00"", ""side"": ""S"", ""sh"": 109, ""px"": 4.67, ""why"": ""sell_pressure_proxy""}]"
2020-11-25,ZKIN,1,2020-11-25 08:46:00-05:00,526,3.05,3.06,2.86,3.43,0.19,526,526,0,2020-11-25 08:47:00-05:00,first_red_candle,False,-93.1,-0.9316,0.263,0.895,0.7142857142857144,8.883713246033542,16558037.0,"[{""t"": ""2020-11-25 08:46:00-05:00"", ""side"": ""B"", ""sh"": 526, ""px"": 3.06, ""why"": ""entry""}, {""t"": ""2020-11-25 08:47:00-05:00"", ""side"": ""S"", ""sh"": 526, ""px"": 2.89, ""why"": ""first_red_candle""}]"
2020-11-30,CAAS,1,2020-11-30 08:28:00-05:00,508,6.84,6.85,6.56,7.4,0.28,357,357,0,2020-11-30 08:30:00-05:00,first_red_candle,False,-6.07,-0.0607,0.929,0.321,0.7310704960835508,5.783854632222376,,"[{""t"": ""2020-11-30 08:28:00-05:00"", ""side"": ""B"", ""sh"": 357, ""px"": 6.85, ""why"": ""entry""}, {""t"": ""2020-11-30 08:30:00-05:00"", ""side"": ""S"", ""sh"": 357, ""px"": 6.84, ""why"": ""first_red_candle""}]"
2020-12-09,XBIO,1,2020-12-09 09:39:00-05:00,579,5.31,5.32,4.91,6.11,0.4,250,250,0,2020-12-09 09:40:00-05:00,first_red_candle,False,-46.75,-0.4675,0.325,0.975,3.7870370370370363,120.23637355591764,6296227.0,"[{""t"": ""2020-12-09 09:39:00-05:00"", ""side"": ""B"", ""sh"": 250, ""px"": 5.32, ""why"": ""entry""}, {""t"": ""2020-12-09 09:40:00-05:00"", ""side"": ""S"", ""sh"": 250, ""px"": 5.14, ""why"": ""first_red_candle""}]"
2020-12-11,SNOA,1,2020-12-11 07:10:00-05:00,430,11.78,11.7918,11.4,12.54,0.38,263,263,0,2020-12-11 07:12:00-05:00,first_red_candle,False,34.0,0.3402,1.211,0.289,0.8923327895595432,6.823558141759617,2043075.0,"[{""t"": ""2020-12-11 07:10:00-05:00"", ""side"": ""B"", ""sh"": 263, ""px"": 11.7918, ""why"": ""entry""}, {""t"": ""2020-12-11 07:12:00-05:00"", ""side"": ""S"", ""sh"": 263, ""px"": 11.9281, ""why"": ""first_red_candle""}]"
2020-12-18,CNSP,1,2020-12-18 08:14:00-05:00,494,4.49,4.5,4.37,4.73,0.12,833,833,0,2020-12-18 08:16:00-05:00,first_red_candle,False,-64.14,-0.6417,0.083,0.417,0.768,16.45670509611625,16652225.0,"[{""t"": ""2020-12-18 08:14:00-05:00"", ""side"": ""B"", ""sh"": 833, ""px"": 4.5, ""why"": ""entry""}, {""t"": ""2020-12-18 08:16:00-05:00"", ""side"": ""S"", ""sh"": 833, ""px"": 4.43, ""why"": ""first_red_candle""}]"
2020-12-21,EYEG,1,2020-12-21 07:11:00-05:00,431,6.54,6.55,6.25,7.12,0.29,344,344,0,2020-12-21 07:21:00-05:00,breakeven_stop,True,90.47,0.9069,2.517,0.655,0.792717086834734,8.827161948759045,,"[{""t"": ""2020-12-21 07:11:00-05:00"", ""side"": ""B"", ""sh"": 344, ""px"": 6.55, ""why"": ""entry""}, {""t"": ""2020-12-21 07:11:00-05:00"", ""side"": ""S"", ""sh"": 172, ""px"": 7.11, ""why"": ""t1""}, {""t"": ""2020-12-21 07:21:00-05:00"", ""side"": ""S"", ""sh"": 172, ""px"": 6.53, ""why"": ""breakeven_stop""}]"
2020-12-22,JG,1,2020-12-22 08:07:00-05:00,487,5.82,5.83,5.71,6.04,0.11,909,909,0,2020-12-22 08:09:00-05:00,first_red_candle,False,-51.81,-0.5182,0.364,0.455,0.7993730407523512,10.010838864768145,,"[{""t"": ""2020-12-22 08:07:00-05:00"", ""side"": ""B"", ""sh"": 909, ""px"": 5.83, ""why"": ""entry""}, {""t"": ""2020-12-22 08:09:00-05:00"", ""side"": ""S"", ""sh"": 909, ""px"": 5.78, ""why"": ""first_red_candle""}]"
2020-12-24,SIF,1,2020-12-24 08:11:00-05:00,491,7.55,7.56,7.11,8.43,0.44,227,227,0,2020-12-24 08:15:00-05:00,first_red_candle,False,-62.88,-0.6295,0.068,0.795,0.8282051282051281,44.06850196673599,5916123.0,"[{""t"": ""2020-12-24 08:11:00-05:00"", ""side"": ""B"", ""sh"": 227, ""px"": 7.56, ""why"": ""entry""}, {""t"": ""2020-12-24 08:15:00-05:00"", ""side"": ""S"", ""sh"": 227, ""px"": 7.29, ""why"": ""first_red_candle""}]"
2020-12-28,MPU,1,2020-12-28 07:11:00-05:00,431,7.37,7.38,7.0,8.11,0.37,270,270,0,2020-12-28 07:13:00-05:00,first_red_candle,False,-47.79,-0.4784,0.622,0.703,1.6431226765799258,11.803114887076887,,"[{""t"": ""2020-12-28 07:11:00-05:00"", ""side"": ""B"", ""sh"": 270, ""px"": 7.38, ""why"": ""entry""}, {""t"": ""2020-12-28 07:13:00-05:00"", ""side"": ""S"", ""sh"": 270, ""px"": 7.21, ""why"": ""first_red_candle""}]"
2020-12-29,UUU,1,2020-12-29 08:07:00-05:00,487,12.92,12.9329,12.2,14.36,0.72,138,138,0,2020-12-29 08:09:00-05:00,sell_pressure_proxy,True,121.39,1.2218,2.042,0.0,3.12987012987013,26.226019634487784,2312887.0,"[{""t"": ""2020-12-29 08:07:00-05:00"", ""side"": ""B"", ""sh"": 138, ""px"": 12.9329, ""why"": ""entry""}, {""t"": ""2020-12-29 08:08:00-05:00"", ""side"": ""S"", ""sh"": 69, ""px"": 14.3456, ""why"": ""t1""}, {""t"": ""2020-12-29 08:09:00-05:00"", ""side"": ""S"", ""sh"": 69, ""px"": 13.2967, ""why"": ""sell_pressure_proxy""}]"
2020-12-29,IMTE,1,2020-12-29 09:27:00-05:00,567,5.68,5.69,5.4,6.24,0.28,357,357,0,2020-12-29 09:29:00-05:00,first_red_candle,False,40.34,0.4036,1.107,0.214,0.4303797468354431,5.748394024344581,,"[{""t"": ""2020-12-29 09:27:00-05:00"", ""side"": ""B"", ""sh"": 357, ""px"": 5.69, ""why"": ""entry""}, {""t"": ""2020-12-29 09:29:00-05:00"", ""side"": ""S"", ""sh"": 357, ""px"": 5.81, ""why"": ""first_red_candle""}]"
2021-01-06,TATT,1,2021-01-06 09:13:00-05:00,553,7.61,7.62,7.5,7.83,0.11,909,909,0,2021-01-06 09:15:00-05:00,sell_pressure_proxy,True,116.29,1.163,2.091,0.0,0.4882352941176471,73.97927579231838,8874696.0,"[{""t"": ""2021-01-06 09:13:00-05:00"", ""side"": ""B"", ""sh"": 909, ""px"": 7.62, ""why"": ""entry""}, {""t"": ""2021-01-06 09:14:00-05:00"", ""side"": ""S"", ""sh"": 454, ""px"": 7.82, ""why"": ""t1""}, {""t"": ""2021-01-06 09:15:00-05:00"", ""side"": ""S"", ""sh"": 455, ""px"": 7.69, ""why"": ""sell_pressure_proxy""}]"
2021-01-12,LJPC,1,2021-01-12 07:55:00-05:00,475,5.9,5.91,5.8,6.1,0.1,1000,1000,0,2021-01-12 08:00:00-05:00,sell_pressure_proxy,True,300.5,3.005,7.8,0.0,0.48477157360406076,6.051174064042576,,"[{""t"": ""2021-01-12 07:55:00-05:00"", ""side"": ""B"", ""sh"": 1000, ""px"": 5.91, ""why"": ""entry""}, {""t"": ""2021-01-12 07:56:00-05:00"", ""side"": ""S"", ""sh"": 500, ""px"": 6.09, ""why"": ""t1""}, {""t"": ""2021-01-12 07:56:00-05:00"", ""side"": ""S"", ""sh"": 250, ""px"": 6.19, ""why"": ""t2""}, {""t"": ""2021-01-12 08:00:00-05:00"", ""side"": ""S"", ""sh"": 250, ""px"": 6.5, ""why"": ""sell_pressure_proxy""}]"
2021-01-26,EDSA,1,2021-01-26 08:15:00-05:00,495,11.33,11.3413,11.0,11.99,0.33,303,303,0,2021-01-26 08:17:00-05:00,first_red_candle,False,15.23,0.1523,1.182,0.0,1.0433996383363469,10.906861591462937,10523087.0,"[{""t"": ""2021-01-26 08:15:00-05:00"", ""side"": ""B"", ""sh"": 303, ""px"": 11.3413, ""why"": ""entry""}, {""t"": ""2021-01-26 08:17:00-05:00"", ""side"": ""S"", ""sh"": 303, ""px"": 11.3986, ""why"": ""first_red_candle""}]"
2021-01-26,KOSS,1,2021-01-26 09:17:00-05:00,557,12.97,12.983,12.66,13.59,0.31,322,322,0,2021-01-26 09:19:00-05:00,first_red_candle,False,-33.12,-0.3318,0.903,0.226,1.1416666666666666,5.904158022704601,7404831.0,"[{""t"": ""2021-01-26 09:17:00-05:00"", ""side"": ""B"", ""sh"": 322, ""px"": 12.983, ""why"": ""entry""}, {""t"": ""2021-01-26 09:19:00-05:00"", ""side"": ""S"", ""sh"": 322, ""px"": 12.8871, ""why"": ""first_red_candle""}]"
2021-02-03,TYME,1,2021-02-03 09:56:00-05:00,596,4.43,4.44,4.18,4.93,0.25,400,400,0,2021-02-03 10:01:00-05:00,topping_tail,True,131.0,1.31,2.24,0.2,1.3461538461538458,35.17682811506918,,"[{""t"": ""2021-02-03 09:56:00-05:00"", ""side"": ""B"", ""sh"": 400, ""px"": 4.44, ""why"": ""entry""}, {""t"": ""2021-02-03 09:57:00-05:00"", ""side"": ""S"", ""sh"": 200, ""px"": 4.92, ""why"": ""t1""}, {""t"": ""2021-02-03 10:01:00-05:00"", ""side"": ""S"", ""sh"": 200, ""px"": 4.629, ""why"": ""topping_tail""}]"
2021-02-08,CRHM,1,2021-02-08 07:24:00-05:00,444,5.71,5.72,5.29,6.55,0.42,238,238,0,2021-02-08 07:26:00-05:00,first_red_candle,False,-39.75,-0.3976,0.167,0.5,1.5825688073394493,7.73425099028245,,"[{""t"": ""2021-02-08 07:24:00-05:00"", ""side"": ""B"", ""sh"": 238, ""px"": 5.72, ""why"": ""entry""}, {""t"": ""2021-02-08 07:26:00-05:00"", ""side"": ""S"", ""sh"": 238, ""px"": 5.56, ""why"": ""first_red_candle""}]"
2021-02-11,RCMT,1,2021-02-11 09:12:00-05:00,552,10.21,10.2202,9.75,11.13,0.46,217,217,0,2021-02-11 09:15:00-05:00,sell_pressure_proxy,True,221.83,2.2223,3.435,0.0,1.7344173441734418,36.831113460810215,11463655.0,"[{""t"": ""2021-02-11 09:12:00-05:00"", ""side"": ""B"", ""sh"": 217, ""px"": 10.2202, ""why"": ""entry""}, {""t"": ""2021-02-11 09:12:00-05:00"", ""side"": ""S"", ""sh"": 108, ""px"": 11.1189, ""why"": ""t1""}, {""t"": ""2021-02-11 09:12:00-05:00"", ""side"": ""S"", ""sh"": 54, ""px"": 11.5784, ""why"": ""t2""}, {""t"": ""2021-02-11 09:15:00-05:00"", ""side"": ""S"", ""sh"": 55, ""px"": 11.1888, ""why"": ""sell_pressure_proxy""}]"
2021-02-11,MNPR,1,2021-02-11 09:22:00-05:00,562,17.25,17.2673,16.3,19.15,0.95,105,105,0,2021-02-11 09:25:00-05:00,stall_heavy_volume,True,141.66,1.4202,2.842,0.0,1.0345238095238094,10.173035379137936,11452177.0,"[{""t"": ""2021-02-11 09:22:00-05:00"", ""side"": ""B"", ""sh"": 105, ""px"": 17.2673, ""why"": ""entry""}, {""t"": ""2021-02-11 09:23:00-05:00"", ""side"": ""S"", ""sh"": 52, ""px"": 19.1308, ""why"": ""t1""}, {""t"": ""2021-02-11 09:25:00-05:00"", ""side"": ""S"", ""sh"": 53, ""px"": 18.1319, ""why"": ""stall_heavy_volume""}]"
2021-02-16,SCKT,1,2021-02-16 07:09:00-05:00,429,7.51,7.52,7.11,8.31,0.4,250,250,0,2021-02-16 07:10:00-05:00,first_red_candle,False,-39.25,-0.3925,0.3,0.525,1.3148148148148149,7.2146542415409485,6080145.0,"[{""t"": ""2021-02-16 07:09:00-05:00"", ""side"": ""B"", ""sh"": 250, ""px"": 7.52, ""why"": ""entry""}, {""t"": ""2021-02-16 07:10:00-05:00"", ""side"": ""S"", ""sh"": 250, ""px"": 7.37, ""why"": ""first_red_candle""}]"
2021-02-19,JMP,1,2021-02-19 07:33:00-05:00,453,10.86,10.8709,10.5,11.58,0.36,277,277,0,2021-02-19 07:35:00-05:00,topping_tail,False,39.09,0.392,0.944,0.0,1.164989939637827,34.52521207863435,,"[{""t"": ""2021-02-19 07:33:00-05:00"", ""side"": ""B"", ""sh"": 277, ""px"": 10.8709, ""why"": ""entry""}, {""t"": ""2021-02-19 07:35:00-05:00"", ""side"": ""S"", ""sh"": 277, ""px"": 11.019, ""why"": ""topping_tail""}]"
2021-03-02,NNVC,1,2021-03-02 07:30:00-05:00,450,9.01,9.02,8.72,9.59,0.29,344,344,0,2021-03-02 07:32:00-05:00,topping_tail,False,21.67,0.2172,1.345,0.0,1.0995260663507107,12.277730452486098,10677000.0,"[{""t"": ""2021-03-02 07:30:00-05:00"", ""side"": ""B"", ""sh"": 344, ""px"": 9.02, ""why"": ""entry""}, {""t"": ""2021-03-02 07:32:00-05:00"", ""side"": ""S"", ""sh"": 344, ""px"": 9.09, ""why"": ""topping_tail""}]"
2021-03-02,NUWE,1,2021-03-02 09:41:00-05:00,581,11.04,11.051,10.53,12.06,0.51,196,196,0,2021-03-02 09:46:00-05:00,stall_heavy_volume,True,137.22,1.3728,2.626,0.02,0.4152105263157895,20.14235139955879,2736060.0,"[{""t"": ""2021-03-02 09:41:00-05:00"", ""side"": ""B"", ""sh"": 196, ""px"": 11.051, ""why"": ""entry""}, {""t"": ""2021-03-02 09:43:00-05:00"", ""side"": ""S"", ""sh"": 98, ""px"": 12.0479, ""why"": ""t1""}, {""t"": ""2021-03-02 09:46:00-05:00"", ""side"": ""S"", ""sh"": 98, ""px"": 11.4685, ""why"": ""stall_heavy_volume""}]"
2021-03-03,SLE,1,2021-03-03 09:38:00-05:00,578,6.23,6.24,5.94,6.81,0.29,344,344,0,2021-03-03 09:40:00-05:00,first_red_candle,False,-43.69,-0.4379,0.579,0.448,0.5236907730673319,8.221768859867861,15483010.0,"[{""t"": ""2021-03-03 09:38:00-05:00"", ""side"": ""B"", ""sh"": 344, ""px"": 6.24, ""why"": ""entry""}, {""t"": ""2021-03-03 09:40:00-05:00"", ""side"": ""S"", ""sh"": 344, ""px"": 6.12, ""why"": ""first_red_candle""}]"
2021-03-10,ENVB,1,2021-03-10 09:39:00-05:00,579,6.11,6.12,5.75,6.83,0.36,277,277,0,2021-03-10 09:39:00-05:00,stop_same_bar,False,-107.2,-1.075,0.528,1.0,1.0682593856655287,17.22264510285172,7491544.0,"[{""t"": ""2021-03-10 09:39:00-05:00"", ""side"": ""B"", ""sh"": 277, ""px"": 6.12, ""why"": ""entry""}, {""t"": ""2021-03-10 09:39:00-05:00"", ""side"": ""S"", ""sh"": 277, ""px"": 5.74, ""why"": ""stop_same_bar""}]"
2021-03-11,ENTX,1,2021-03-11 08:40:00-05:00,520,4.01,4.02,3.7,4.63,0.31,322,322,0,2021-03-11 08:44:00-05:00,topping_tail,False,10.63,0.1065,0.774,0.613,1.3125,7.528350490590208,18202237.0,"[{""t"": ""2021-03-11 08:40:00-05:00"", ""side"": ""B"", ""sh"": 322, ""px"": 4.02, ""why"": ""entry""}, {""t"": ""2021-03-11 08:44:00-05:00"", ""side"": ""S"", ""sh"": 322, ""px"": 4.06, ""why"": ""topping_tail""}]"
2021-03-15,NTRP,1,2021-03-15 09:43:00-04:00,583,6.26,6.27,5.87,7.04,0.39,256,256,0,2021-03-15 09:44:00-04:00,topping_tail,False,-19.71,-0.1974,0.487,0.0,0.8229041916167668,36.669254085450895,5833245.0,"[{""t"": ""2021-03-15 09:43:00-04:00"", ""side"": ""B"", ""sh"": 256, ""px"": 6.27, ""why"": ""entry""}, {""t"": ""2021-03-15 09:44:00-04:00"", ""side"": ""S"", ""sh"": 256, ""px"": 6.2, ""why"": ""topping_tail""}]"
2021-03-17,ZCMD,1,2021-03-17 07:39:00-04:00,459,3.01,3.02,2.78,3.47,0.23,434,434,0,2021-03-17 07:40:00-04:00,first_red_candle,False,-89.84,-0.9,0.304,0.957,0.642857142857143,5.192085853156336,,"[{""t"": ""2021-03-17 07:39:00-04:00"", ""side"": ""B"", ""sh"": 434, ""px"": 3.02, ""why"": ""entry""}, {""t"": ""2021-03-17 07:40:00-04:00"", ""side"": ""S"", ""sh"": 434, ""px"": 2.82, ""why"": ""first_red_candle""}]"
2021-03-17,IMTX,1,2021-03-17 08:30:00-04:00,510,15.97,15.986,15.6,16.71,0.37,270,270,0,2021-03-17 08:30:00-04:00,stop_same_bar,False,-110.31,-1.1042,0.081,1.0,0.36715391229578676,6.704088507420496,,"[{""t"": ""2021-03-17 08:30:00-04:00"", ""side"": ""B"", ""sh"": 270, ""px"": 15.986, ""why"": ""entry""}, {""t"": ""2021-03-17 08:30:00-04:00"", ""side"": ""S"", ""sh"": 270, ""px"": 15.5844, ""why"": ""stop_same_bar""}]"
2021-04-06,SJ,1,2021-04-06 09:08:00-04:00,548,14.97,14.985,14.44,16.03,0.53,188,188,0,2021-04-06 09:08:00-04:00,stop_same_bar,False,-106.49,-1.0687,0.057,1.019,0.5929108485499461,368.61616299098404,7457500.0,"[{""t"": ""2021-04-06 09:08:00-04:00"", ""side"": ""B"", ""sh"": 188, ""px"": 14.985, ""why"": ""entry""}, {""t"": ""2021-04-06 09:08:00-04:00"", ""side"": ""S"", ""sh"": 188, ""px"": 14.4256, ""why"": ""stop_same_bar""}]"
2021-05-24,CLPS,1,2021-05-24 09:39:00-04:00,579,5.04,5.05,4.84,5.44,0.2,500,500,0,2021-05-24 09:40:00-04:00,first_red_candle,False,-108.5,-1.085,0.05,0.95,0.19756097560975627,14.604177911732776,16093248.0,"[{""t"": ""2021-05-24 09:39:00-04:00"", ""side"": ""B"", ""sh"": 500, ""px"": 5.05, ""why"": ""entry""}, {""t"": ""2021-05-24 09:40:00-04:00"", ""side"": ""S"", ""sh"": 500, ""px"": 4.84, ""why"": ""first_red_candle""}]"
2021-05-24,NIKI,1,2021-05-24 09:52:00-04:00,592,3.11,3.12,2.96,3.41,0.15,666,666,0,2021-05-24 09:57:00-04:00,first_red_candle,False,18.65,0.1867,1.6,0.333,0.2766806722689077,19.703047770504224,,"[{""t"": ""2021-05-24 09:52:00-04:00"", ""side"": ""B"", ""sh"": 666, ""px"": 3.12, ""why"": ""entry""}, {""t"": ""2021-05-24 09:57:00-04:00"", ""side"": ""S"", ""sh"": 666, ""px"": 3.155, ""why"": ""first_red_candle""}]"
2021-05-25,TLC,1,2021-05-25 08:53:00-04:00,533,8.29,8.3,7.82,9.23,0.47,212,212,0,2021-05-25 08:54:00-04:00,sell_pressure_proxy,False,-67.2,-0.6745,0.043,0.0,0.6359918200408998,30.539750829380264,,"[{""t"": ""2021-05-25 08:53:00-04:00"", ""side"": ""B"", ""sh"": 212, ""px"": 8.3, ""why"": ""entry""}, {""t"": ""2021-05-25 08:54:00-04:00"", ""side"": ""S"", ""sh"": 212, ""px"": 7.99, ""why"": ""sell_pressure_proxy""}]"
2021-06-01,AEMD,1,2021-06-01 09:46:00-04:00,586,2.33,2.34,2.26,2.47,0.07,1428,1428,0,2021-06-01 09:48:00-04:00,first_red_candle,False,7.43,0.0743,1.0,0.0,0.3247126436781611,31.30844494401693,12123524.0,"[{""t"": ""2021-06-01 09:46:00-04:00"", ""side"": ""B"", ""sh"": 1428, ""px"": 2.34, ""why"": ""entry""}, {""t"": ""2021-06-01 09:48:00-04:00"", ""side"": ""S"", ""sh"": 1428, ""px"": 2.3522, ""why"": ""first_red_candle""}]"
2021-06-01,NUWE,1,2021-06-01 09:51:00-04:00,591,4.94,4.95,4.76,5.3,0.18,555,555,0,2021-06-01 09:53:00-04:00,topping_tail,True,141.08,1.4122,2.5,0.0,0.20733830845771162,5.69383857181889,6532018.0,"[{""t"": ""2021-06-01 09:51:00-04:00"", ""side"": ""B"", ""sh"": 555, ""px"": 4.95, ""why"": ""entry""}, {""t"": ""2021-06-01 09:52:00-04:00"", ""side"": ""S"", ""sh"": 278, ""px"": 5.29, ""why"": ""t1""}, {""t"": ""2021-06-01 09:53:00-04:00"", ""side"": ""S"", ""sh"": 277, ""px"": 5.1321, ""why"": ""topping_tail""}]"
2021-06-09,AEHL,1,2021-06-09 09:34:00-04:00,574,7.3,7.31,6.99,7.92,0.31,322,322,0,2021-06-09 09:35:00-04:00,topping_tail,False,-23.38,-0.2342,0.548,0.0,0.794486215538847,6.243801184164514,4405854.0,"[{""t"": ""2021-06-09 09:34:00-04:00"", ""side"": ""B"", ""sh"": 322, ""px"": 7.31, ""why"": ""entry""}, {""t"": ""2021-06-09 09:35:00-04:00"", ""side"": ""S"", ""sh"": 322, ""px"": 7.2444, ""why"": ""topping_tail""}]"
2021-06-10,DOGZ,1,2021-06-10 09:36:00-04:00,576,2.21,2.22,2.15,2.33,0.06,1666,1666,0,2021-06-10 09:37:00-04:00,topping_tail,False,-61.64,-0.6167,1.167,0.0,0.2732558139534884,7.545940213251508,15000000.0,"[{""t"": ""2021-06-10 09:36:00-04:00"", ""side"": ""B"", ""sh"": 1666, ""px"": 2.22, ""why"": ""entry""}, {""t"": ""2021-06-10 09:37:00-04:00"", ""side"": ""S"", ""sh"": 1666, ""px"": 2.19, ""why"": ""topping_tail""}]"
2021-06-11,RCON,1,2021-06-11 09:35:00-04:00,575,16.99,17.007,16.5,17.97,0.49,204,204,0,2021-06-11 09:36:00-04:00,stop,False,-108.22,-1.0826,0.02,1.735,0.30693092621664064,5.483569593309066,7202832.0,"[{""t"": ""2021-06-11 09:35:00-04:00"", ""side"": ""B"", ""sh"": 204, ""px"": 17.007, ""why"": ""entry""}, {""t"": ""2021-06-11 09:36:00-04:00"", ""side"": ""S"", ""sh"": 204, ""px"": 16.4835, ""why"": ""stop""}]"
2021-06-15,ALF,1,2021-06-15 09:51:00-04:00,591,6.21,6.22,5.88,6.87,0.33,303,303,0,2021-06-15 09:52:00-04:00,topping_tail,False,-2.12,-0.0212,0.576,0.0,0.7991202346041055,11.219224678702348,,"[{""t"": ""2021-06-15 09:51:00-04:00"", ""side"": ""B"", ""sh"": 303, ""px"": 6.22, ""why"": ""entry""}, {""t"": ""2021-06-15 09:52:00-04:00"", ""side"": ""S"", ""sh"": 303, ""px"": 6.22, ""why"": ""topping_tail""}]"
2021-06-22,AUUD,1,2021-06-22 09:50:00-04:00,590,3.56,3.57,3.43,3.82,0.13,769,769,0,2021-06-22 09:51:00-04:00,sell_pressure_proxy,False,-43.83,-0.4385,0.846,0.0,0.26054082095306796,12.87968737150572,11291829.0,"[{""t"": ""2021-06-22 09:50:00-04:00"", ""side"": ""B"", ""sh"": 769, ""px"": 3.57, ""why"": ""entry""}, {""t"": ""2021-06-22 09:51:00-04:00"", ""side"": ""S"", ""sh"": 769, ""px"": 3.52, ""why"": ""sell_pressure_proxy""}]"
2021-06-29,AUUD,1,2021-06-29 09:53:00-04:00,593,8.71,8.72,8.42,9.29,0.29,344,344,0,2021-06-29 09:54:00-04:00,first_red_candle,False,-43.69,-0.4379,0.069,0.828,0.4728352530496276,6.332946201006546,11291829.0,"[{""t"": ""2021-06-29 09:53:00-04:00"", ""side"": ""B"", ""sh"": 344, ""px"": 8.72, ""why"": ""entry""}, {""t"": ""2021-06-29 09:54:00-04:00"", ""side"": ""S"", ""sh"": 344, ""px"": 8.6, ""why"": ""first_red_candle""}]"
2021-07-06,NXPL,1,2021-07-06 09:58:00-04:00,598,9.51,9.52,9.0901,10.3498,0.4199,238,238,0,2021-07-06 09:59:00-04:00,first_red_candle,False,-52.84,-0.5287,0.381,0.738,0.7386029411764707,26.035900767469602,6177203.0,"[{""t"": ""2021-07-06 09:58:00-04:00"", ""side"": ""B"", ""sh"": 238, ""px"": 9.52, ""why"": ""entry""}, {""t"": ""2021-07-06 09:59:00-04:00"", ""side"": ""S"", ""sh"": 238, ""px"": 9.305, ""why"": ""first_red_candle""}]"
2021-07-12,SBET,1,2021-07-12 08:35:00-04:00,515,8.68,8.69,8.45,9.14,0.23,434,434,0,2021-07-12 08:35:00-04:00,stop_same_bar,False,-111.54,-1.1174,0.087,1.217,0.8101265822784813,11.735084819509126,,"[{""t"": ""2021-07-12 08:35:00-04:00"", ""side"": ""B"", ""sh"": 434, ""px"": 8.69, ""why"": ""entry""}, {""t"": ""2021-07-12 08:35:00-04:00"", ""side"": ""S"", ""sh"": 434, ""px"": 8.44, ""why"": ""stop_same_bar""}]"
2021-07-14,DTSS,1,2021-07-14 09:14:00-04:00,554,6.28,6.29,5.85,7.14,0.43,232,232,0,2021-07-14 09:15:00-04:00,first_red_candle,False,-45.7,-0.4581,0.395,0.628,1.1194539249146755,5.931769572391506,,"[{""t"": ""2021-07-14 09:14:00-04:00"", ""side"": ""B"", ""sh"": 232, ""px"": 6.29, ""why"": ""entry""}, {""t"": ""2021-07-14 09:15:00-04:00"", ""side"": ""S"", ""sh"": 232, ""px"": 6.1, ""why"": ""first_red_candle""}]"
2021-07-15,NCEL,1,2021-07-15 08:24:00-04:00,504,4.55,4.56,4.29,5.07,0.26,384,384,0,2021-07-15 08:26:00-04:00,first_red_candle,False,-60.29,-0.6038,0.0,0.692,0.4451827242524917,8.499597024377353,6960000.0,"[{""t"": ""2021-07-15 08:24:00-04:00"", ""side"": ""B"", ""sh"": 384, ""px"": 4.56, ""why"": ""entry""}, {""t"": ""2021-07-15 08:26:00-04:00"", ""side"": ""S"", ""sh"": 384, ""px"": 4.41, ""why"": ""first_red_candle""}]"
2021-07-19,NRXP,1,2021-07-19 08:24:00-04:00,504,16.69,16.7067,16.4,17.27,0.29,344,344,0,2021-07-19 08:24:00-04:00,stop_same_bar,False,-113.55,-1.1382,0.034,1.172,0.950704225352113,12.227889551859525,2688242.0,"[{""t"": ""2021-07-19 08:24:00-04:00"", ""side"": ""B"", ""sh"": 344, ""px"": 16.7067, ""why"": ""entry""}, {""t"": ""2021-07-19 08:24:00-04:00"", ""side"": ""S"", ""sh"": 344, ""px"": 16.3836, ""why"": ""stop_same_bar""}]"
2021-07-22,DVLT,1,2021-07-22 09:53:00-04:00,593,6.3099,6.3199,6.0,6.9297,0.3099,322,322,0,2021-07-22 09:54:00-04:00,first_red_candle,False,-21.54,-0.2159,0.42,0.645,0.5429975429975433,63.60965695563718,11132553.0,"[{""t"": ""2021-07-22 09:53:00-04:00"", ""side"": ""B"", ""sh"": 322, ""px"": 6.3199, ""why"": ""entry""}, {""t"": ""2021-07-22 09:54:00-04:00"", ""side"": ""S"", ""sh"": 322, ""px"": 6.26, ""why"": ""first_red_candle""}]"
2021-07-23,SCKT,1,2021-07-23 08:15:00-04:00,495,13.81,13.8238,13.32,14.79,0.49,204,204,0,2021-07-23 08:15:00-04:00,stop_same_bar,False,-106.92,-1.0697,0.184,1.245,1.339655172413793,12.31579260148061,7128384.0,"[{""t"": ""2021-07-23 08:15:00-04:00"", ""side"": ""B"", ""sh"": 204, ""px"": 13.8238, ""why"": ""entry""}, {""t"": ""2021-07-23 08:15:00-04:00"", ""side"": ""S"", ""sh"": 204, ""px"": 13.3067, ""why"": ""stop_same_bar""}]"
2021-07-29,HBP,1,2021-07-29 09:38:00-04:00,578,7.36,7.37,7.1,7.88,0.26,384,384,0,2021-07-29 09:39:00-04:00,first_red_candle,False,-44.93,-0.45,0.346,0.615,0.24871355060034306,5.428763291561058,,"[{""t"": ""2021-07-29 09:38:00-04:00"", ""side"": ""B"", ""sh"": 384, ""px"": 7.37, ""why"": ""entry""}, {""t"": ""2021-07-29 09:39:00-04:00"", ""side"": ""S"", ""sh"": 384, ""px"": 7.26, ""why"": ""first_red_candle""}]"
2021-08-03,NVNO,1,2021-08-03 08:14:00-04:00,494,8.63,8.64,8.33,9.23,0.3,333,333,0,2021-08-03 08:18:00-04:00,first_red_candle,False,84.25,0.8433,1.8,0.1,0.29984779299847775,9.909840759237424,8513662.0,"[{""t"": ""2021-08-03 08:14:00-04:00"", ""side"": ""B"", ""sh"": 333, ""px"": 8.64, ""why"": ""entry""}, {""t"": ""2021-08-03 08:18:00-04:00"", ""side"": ""S"", ""sh"": 333, ""px"": 8.9, ""why"": ""first_red_candle""}]"
2021-08-03,NMAD,1,2021-08-03 09:47:00-04:00,587,3.87,3.88,3.7,4.21,0.17,588,588,0,2021-08-03 09:49:00-04:00,first_red_candle,False,13.47,0.1347,0.588,0.235,0.3482142857142858,44.026978251608945,13663260.0,"[{""t"": ""2021-08-03 09:47:00-04:00"", ""side"": ""B"", ""sh"": 588, ""px"": 3.88, ""why"": ""entry""}, {""t"": ""2021-08-03 09:49:00-04:00"", ""side"": ""S"", ""sh"": 588, ""px"": 3.9099, ""why"": ""first_red_candle""}]"
2021-08-04,WHLR,1,2021-08-04 08:43:00-04:00,523,4.21,4.22,4.14,4.35,0.07,1428,1428,0,2021-08-04 08:43:00-04:00,stop_same_bar,False,-138.52,-1.3857,0.143,1.143,0.283076923076923,19.7288530023624,9706738.0,"[{""t"": ""2021-08-04 08:43:00-04:00"", ""side"": ""B"", ""sh"": 1428, ""px"": 4.22, ""why"": ""entry""}, {""t"": ""2021-08-04 08:43:00-04:00"", ""side"": ""S"", ""sh"": 1428, ""px"": 4.13, ""why"": ""stop_same_bar""}]"
2021-08-19,SNOA,1,2021-08-19 07:38:00-04:00,458,8.06,8.07,7.51,9.16,0.55,181,181,0,2021-08-19 07:40:00-04:00,first_red_candle,False,2.35,0.0236,0.455,0.218,0.4741697416974171,5.944732341042919,2092392.0,"[{""t"": ""2021-08-19 07:38:00-04:00"", ""side"": ""B"", ""sh"": 181, ""px"": 8.07, ""why"": ""entry""}, {""t"": ""2021-08-19 07:40:00-04:00"", ""side"": ""S"", ""sh"": 181, ""px"": 8.09, ""why"": ""first_red_candle""}]"
2021-08-27,NNA,1,2021-08-27 09:43:00-04:00,583,3.14,3.15,3.06,3.3,0.08,1250,1250,0,2021-08-27 09:44:00-04:00,first_red_candle,False,-83.75,-0.8375,0.0,0.75,0.48571428571428577,30.907921911432595,,"[{""t"": ""2021-08-27 09:43:00-04:00"", ""side"": ""B"", ""sh"": 1250, ""px"": 3.15, ""why"": ""entry""}, {""t"": ""2021-08-27 09:44:00-04:00"", ""side"": ""S"", ""sh"": 1250, ""px"": 3.09, ""why"": ""first_red_candle""}]"
2021-09-20,EDSA,1,2021-09-20 08:21:00-04:00,501,9.2,9.21,8.95,9.7,0.25,400,400,0,2021-09-20 08:29:00-04:00,breakeven_stop,True,89.2,0.892,2.6,0.64,0.5391156462585036,26.72421037399781,13255559.0,"[{""t"": ""2021-09-20 08:21:00-04:00"", ""side"": ""B"", ""sh"": 400, ""px"": 9.21, ""why"": ""entry""}, {""t"": ""2021-09-20 08:22:00-04:00"", ""side"": ""S"", ""sh"": 200, ""px"": 9.69, ""why"": ""t1""}, {""t"": ""2021-09-20 08:29:00-04:00"", ""side"": ""S"", ""sh"": 200, ""px"": 9.19, ""why"": ""breakeven_stop""}]"
2021-09-22,ONTX,1,2021-09-22 08:12:00-04:00,492,6.3,6.31,6.18,6.54,0.12,833,833,0,2021-09-22 08:14:00-04:00,topping_tail,False,19.16,0.1917,1.333,0.417,0.273469387755102,6.150790524924278,,"[{""t"": ""2021-09-22 08:12:00-04:00"", ""side"": ""B"", ""sh"": 833, ""px"": 6.31, ""why"": ""entry""}, {""t"": ""2021-09-22 08:14:00-04:00"", ""side"": ""S"", ""sh"": 833, ""px"": 6.34, ""why"": ""topping_tail""}]"
2021-09-23,MRM,1,2021-09-23 07:35:00-04:00,455,12.61,12.6226,12.22,13.39,0.39,256,256,0,2021-09-23 07:37:00-04:00,first_red_candle,False,1.98,0.0198,1.513,0.0,0.6646140937326603,19.329824851909223,4822500.0,"[{""t"": ""2021-09-23 07:35:00-04:00"", ""side"": ""B"", ""sh"": 256, ""px"": 12.6226, ""why"": ""entry""}, {""t"": ""2021-09-23 07:37:00-04:00"", ""side"": ""S"", ""sh"": 256, ""px"": 12.6373, ""why"": ""first_red_candle""}]"
2021-09-23,RNAZ,1,2021-09-23 08:13:00-04:00,493,3.3,3.31,3.26,3.38,0.04,2500,2500,0,2021-09-23 08:18:00-04:00,topping_tail,True,276.25,2.7625,7.5,0.0,0.2557251908396949,5.118686260769294,12904574.0,"[{""t"": ""2021-09-23 08:13:00-04:00"", ""side"": ""B"", ""sh"": 2500, ""px"": 3.31, ""why"": ""entry""}, {""t"": ""2021-09-23 08:13:00-04:00"", ""side"": ""S"", ""sh"": 1250, ""px"": 3.37, ""why"": ""t1""}, {""t"": ""2021-09-23 08:14:00-04:00"", ""side"": ""S"", ""sh"": 625, ""px"": 3.41, ""why"": ""t2""}, {""t"": ""2021-09-23 08:18:00-04:00"", ""side"": ""S"", ""sh"": 625, ""px"": 3.56, ""why"": ""topping_tail""}]"
2021-09-30,IPM,1,2021-09-30 09:58:00-04:00,598,12.89,12.9029,12.3,14.07,0.59,169,169,0,2021-09-30 10:01:00-04:00,first_red_candle,False,7.97,0.0799,0.898,0.644,0.5077473182359953,5.467605186413179,8239764.0,"[{""t"": ""2021-09-30 09:58:00-04:00"", ""side"": ""B"", ""sh"": 169, ""px"": 12.9029, ""why"": ""entry""}, {""t"": ""2021-09-30 10:01:00-04:00"", ""side"": ""S"", ""sh"": 169, ""px"": 12.957, ""why"": ""first_red_candle""}]"
2021-10-01,BMRA,1,2021-10-01 07:03:00-04:00,423,6.31,6.32,6.06,6.81,0.25,400,400,0,2021-10-01 07:03:00-04:00,stop_same_bar,False,-110.8,-1.108,0.52,1.16,0.37555555555555564,7.243714789556641,12510210.0,"[{""t"": ""2021-10-01 07:03:00-04:00"", ""side"": ""B"", ""sh"": 400, ""px"": 6.32, ""why"": ""entry""}, {""t"": ""2021-10-01 07:03:00-04:00"", ""side"": ""S"", ""sh"": 400, ""px"": 6.05, ""why"": ""stop_same_bar""}]"
2021-10-13,JSPR,1,2021-10-13 09:52:00-04:00,592,11.3,11.3113,10.86,12.18,0.44,227,227,0,2021-10-13 09:54:00-04:00,stall_heavy_volume,True,228.78,2.2906,3.364,0.0,0.5598335644937591,5.00203857631784,,"[{""t"": ""2021-10-13 09:52:00-04:00"", ""side"": ""B"", ""sh"": 227, ""px"": 11.3113, ""why"": ""entry""}, {""t"": ""2021-10-13 09:52:00-04:00"", ""side"": ""S"", ""sh"": 114, ""px"": 12.1678, ""why"": ""t1""}, {""t"": ""2021-10-13 09:53:00-04:00"", ""side"": ""S"", ""sh"": 57, ""px"": 12.6074, ""why"": ""t2""}, {""t"": ""2021-10-13 09:54:00-04:00"", ""side"": ""S"", ""sh"": 56, ""px"": 12.3676, ""why"": ""stall_heavy_volume""}]"
2021-10-15,PWCM,1,2021-10-15 09:48:00-04:00,588,5.55,5.56,5.44,5.77,0.11,909,909,0,2021-10-15 09:49:00-04:00,first_red_candle,False,-79.81,-0.7982,0.364,0.909,0.6075581395348839,27.111354828109313,5414296.0,"[{""t"": ""2021-10-15 09:48:00-04:00"", ""side"": ""B"", ""sh"": 909, ""px"": 5.56, ""why"": ""entry""}, {""t"": ""2021-10-15 09:49:00-04:00"", ""side"": ""S"", ""sh"": 909, ""px"": 5.4792, ""why"": ""first_red_candle""}]"
2021-10-25,BRPM,1,2021-10-25 07:19:00-04:00,439,12.11,12.3924,12.0,12.33,0.11,909,909,0,2021-10-25 07:19:00-04:00,stop_same_bar,True,-124.49,-1.2451,3.545,1.0,0.2422997946611909,13.194844079590888,,"[{""t"": ""2021-10-25 07:19:00-04:00"", ""side"": ""B"", ""sh"": 909, ""px"": 12.3924, ""why"": ""entry""}, {""t"": ""2021-10-25 07:19:00-04:00"", ""side"": ""S"", ""sh"": 454, ""px"": 12.3177, ""why"": ""t1""}, {""t"": ""2021-10-25 07:19:00-04:00"", ""side"": ""S"", ""sh"": 227, ""px"": 12.4276, ""why"": ""t2""}, {""t"": ""2021-10-25 07:19:00-04:00"", ""side"": ""S"", ""sh"": 228, ""px"": 11.988, ""why"": ""stop_same_bar""}]"
2021-10-26,BRPM,1,2021-10-26 09:23:00-04:00,563,13.84,13.8538,13.65,14.22,0.19,526,526,0,2021-10-26 09:25:00-04:00,breakeven_stop,True,156.76,1.5686,5.579,1.789,0.2323503127792672,5.166974741706143,,"[{""t"": ""2021-10-26 09:23:00-04:00"", ""side"": ""B"", ""sh"": 526, ""px"": 13.8538, ""why"": ""entry""}, {""t"": ""2021-10-26 09:24:00-04:00"", ""side"": ""S"", ""sh"": 263, ""px"": 14.2058, ""why"": ""t1""}, {""t"": ""2021-10-26 09:25:00-04:00"", ""side"": ""S"", ""sh"": 132, ""px"": 14.3956, ""why"": ""t2""}, {""t"": ""2021-10-26 09:25:00-04:00"", ""side"": ""S"", ""sh"": 131, ""px"": 13.8262, ""why"": ""breakeven_stop""}]"
2021-11-02,BRCC,1,2021-11-02 07:45:00-04:00,465,11.01,11.021,10.68,11.67,0.33,303,303,0,2021-11-02 07:46:00-04:00,first_red_candle,False,-40.58,-0.4058,0.061,0.455,0.11507128309572301,44.913253383115354,,"[{""t"": ""2021-11-02 07:45:00-04:00"", ""side"": ""B"", ""sh"": 303, ""px"": 11.021, ""why"": ""entry""}, {""t"": ""2021-11-02 07:46:00-04:00"", ""side"": ""S"", ""sh"": 303, ""px"": 10.8941, ""why"": ""first_red_candle""}]"
2021-11-08,PPSI,1,2021-11-08 08:17:00-05:00,497,4.68,4.69,4.52,5.0,0.16,625,625,0,2021-11-08 08:18:00-05:00,first_red_candle,False,-73.12,-0.7312,0.625,0.875,0.41538461538461524,12.501589053794715,8726045.0,"[{""t"": ""2021-11-08 08:17:00-05:00"", ""side"": ""B"", ""sh"": 625, ""px"": 4.69, ""why"": ""entry""}, {""t"": ""2021-11-08 08:18:00-05:00"", ""side"": ""S"", ""sh"": 625, ""px"": 4.58, ""why"": ""first_red_candle""}]"
2021-11-08,POLA,1,2021-11-08 09:42:00-05:00,582,6.57,6.58,6.375,6.96,0.195,512,512,0,2021-11-08 09:44:00-05:00,first_red_candle,False,32.26,0.3231,1.487,0.0,0.2199248120300752,5.244784328167021,12788203.0,"[{""t"": ""2021-11-08 09:42:00-05:00"", ""side"": ""B"", ""sh"": 512, ""px"": 6.58, ""why"": ""entry""}, {""t"": ""2021-11-08 09:44:00-05:00"", ""side"": ""S"", ""sh"": 512, ""px"": 6.65, ""why"": ""first_red_candle""}]"
2021-11-15,QXO,1,2021-11-15 09:46:00-05:00,586,6.7861,6.7961,6.5,7.3583,0.2861,349,349,0,2021-11-15 10:01:00-05:00,sell_pressure_proxy,True,294.31,2.9476,6.62,0.0,0.20503597122302164,10.882325946311417,5136177.0,"[{""t"": ""2021-11-15 09:46:00-05:00"", ""side"": ""B"", ""sh"": 349, ""px"": 6.7961, ""why"": ""entry""}, {""t"": ""2021-11-15 09:56:00-05:00"", ""side"": ""S"", ""sh"": 174, ""px"": 7.3483, ""why"": ""t1""}, {""t"": ""2021-11-15 09:56:00-05:00"", ""side"": ""S"", ""sh"": 87, ""px"": 7.6344, ""why"": ""t2""}, {""t"": ""2021-11-15 10:01:00-05:00"", ""side"": ""S"", ""sh"": 88, ""px"": 8.2487, ""why"": ""sell_pressure_proxy""}]"
2021-11-18,LGVN,1,2021-11-18 09:04:00-05:00,544,3.9,3.91,3.8,4.1,0.1,1000,1000,0,2021-11-18 09:05:00-05:00,first_red_candle,False,-77.0,-0.77,0.5,0.9,0.32534246575342474,9.54788831027683,,"[{""t"": ""2021-11-18 09:04:00-05:00"", ""side"": ""B"", ""sh"": 1000, ""px"": 3.91, ""why"": ""entry""}, {""t"": ""2021-11-18 09:05:00-05:00"", ""side"": ""S"", ""sh"": 1000, ""px"": 3.84, ""why"": ""first_red_candle""}]"
2021-11-22,PRFX,1,2021-11-22 07:24:00-05:00,444,3.26,3.27,3.14,3.5,0.12,833,833,0,2021-11-22 07:24:00-05:00,stop_same_bar,False,-122.45,-1.225,0.417,1.0,0.4192139737991265,5.747485193100403,8758037.0,"[{""t"": ""2021-11-22 07:24:00-05:00"", ""side"": ""B"", ""sh"": 833, ""px"": 3.27, ""why"": ""entry""}, {""t"": ""2021-11-22 07:24:00-05:00"", ""side"": ""S"", ""sh"": 833, ""px"": 3.13, ""why"": ""stop_same_bar""}]"
2021-11-22,ISPC,1,2021-11-22 08:15:00-05:00,495,7.76,7.77,7.5,8.28,0.26,384,384,0,2021-11-22 08:18:00-05:00,topping_tail,True,227.68,2.2805,4.0,0.0,0.5609756097560972,17.846369391723357,6996758.0,"[{""t"": ""2021-11-22 08:15:00-05:00"", ""side"": ""B"", ""sh"": 384, ""px"": 7.77, ""why"": ""entry""}, {""t"": ""2021-11-22 08:17:00-05:00"", ""side"": ""S"", ""sh"": 192, ""px"": 8.27, ""why"": ""t1""}, {""t"": ""2021-11-22 08:17:00-05:00"", ""side"": ""S"", ""sh"": 96, ""px"": 8.53, ""why"": ""t2""}, {""t"": ""2021-11-22 08:18:00-05:00"", ""side"": ""S"", ""sh"": 96, ""px"": 8.41, ""why"": ""topping_tail""}]"
2021-11-23,PRHI,1,2021-11-23 09:38:00-05:00,578,3.05,3.07,2.9,3.35,0.15,666,666,0,2021-11-23 09:40:00-05:00,stop,False,-124.54,-1.2467,0.133,1.0,0.1875,9.521959293181071,9707817.0,"[{""t"": ""2021-11-23 09:38:00-05:00"", ""side"": ""B"", ""sh"": 666, ""px"": 3.07, ""why"": ""entry""}, {""t"": ""2021-11-23 09:40:00-05:00"", ""side"": ""S"", ""sh"": 666, ""px"": 2.89, ""why"": ""stop""}]"
2021-12-07,CHAI,1,2021-12-07 09:44:00-05:00,584,6.2,6.21,5.9,6.8,0.3,333,333,0,2021-12-07 09:45:00-05:00,first_red_candle,False,-62.24,-0.623,0.233,0.667,1.2282608695652177,5.0861041259884745,4663331.0,"[{""t"": ""2021-12-07 09:44:00-05:00"", ""side"": ""B"", ""sh"": 333, ""px"": 6.21, ""why"": ""entry""}, {""t"": ""2021-12-07 09:45:00-05:00"", ""side"": ""S"", ""sh"": 333, ""px"": 6.0301, ""why"": ""first_red_candle""}]"
2021-12-08,LEXX,1,2021-12-08 07:43:00-05:00,463,7.41,7.42,7.16,7.91,0.25,400,400,0,2021-12-08 07:44:00-05:00,first_red_candle,False,-82.8,-0.828,0.16,0.96,0.4756097560975612,12.76529710868526,5726699.0,"[{""t"": ""2021-12-08 07:43:00-05:00"", ""side"": ""B"", ""sh"": 400, ""px"": 7.42, ""why"": ""entry""}, {""t"": ""2021-12-08 07:44:00-05:00"", ""side"": ""S"", ""sh"": 400, ""px"": 7.22, ""why"": ""first_red_candle""}]"
2021-12-09,QTEX,1,2021-12-09 09:06:00-05:00,546,5.29,5.3,5.18,5.51,0.11,909,909,0,2021-12-09 09:08:00-05:00,topping_tail,True,230.05,2.3007,4.818,0.0,0.9405204460966543,5.719235042505412,,"[{""t"": ""2021-12-09 09:06:00-05:00"", ""side"": ""B"", ""sh"": 909, ""px"": 5.3, ""why"": ""entry""}, {""t"": ""2021-12-09 09:06:00-05:00"", ""side"": ""S"", ""sh"": 454, ""px"": 5.5, ""why"": ""t1""}, {""t"": ""2021-12-09 09:06:00-05:00"", ""side"": ""S"", ""sh"": 227, ""px"": 5.61, ""why"": ""t2""}, {""t"": ""2021-12-09 09:08:00-05:00"", ""side"": ""S"", ""sh"": 228, ""px"": 5.63, ""why"": ""topping_tail""}]"
2021-12-27,MBOT,1,2021-12-27 08:09:00-05:00,489,8.7,8.71,8.56,8.98,0.14,714,714,0,2021-12-27 08:14:00-05:00,breakeven_stop,True,80.68,0.8071,2.5,12.143,0.603321033210332,98.50316574421096,7108133.0,"[{""t"": ""2021-12-27 08:09:00-05:00"", ""side"": ""B"", ""sh"": 714, ""px"": 8.71, ""why"": ""entry""}, {""t"": ""2021-12-27 08:10:00-05:00"", ""side"": ""S"", ""sh"": 357, ""px"": 8.97, ""why"": ""t1""}, {""t"": ""2021-12-27 08:14:00-05:00"", ""side"": ""S"", ""sh"": 357, ""px"": 8.69, ""why"": ""breakeven_stop""}]"
2022-01-05,QUCY,1,2022-01-05 07:02:00-05:00,422,16.21,16.2262,15.44,17.75,0.77,129,129,0,2022-01-05 07:05:00-05:00,first_red_candle,False,132.81,1.337,1.987,0.0,0.5206929740134743,6.1513705621627865,,"[{""t"": ""2022-01-05 07:02:00-05:00"", ""side"": ""B"", ""sh"": 129, ""px"": 16.2262, ""why"": ""entry""}, {""t"": ""2022-01-05 07:05:00-05:00"", ""side"": ""S"", ""sh"": 129, ""px"": 17.2627, ""why"": ""first_red_candle""}]"
2022-02-02,OLB,1,2022-02-02 09:14:00-05:00,554,2.45,2.46,2.38,2.59,0.07,1428,1428,0,2022-02-02 09:15:00-05:00,sell_pressure_proxy,False,-24.28,-0.2429,1.143,0.0,0.29100529100529093,10.186935709950923,10772393.0,"[{""t"": ""2022-02-02 09:14:00-05:00"", ""side"": ""B"", ""sh"": 1428, ""px"": 2.46, ""why"": ""entry""}, {""t"": ""2022-02-02 09:15:00-05:00"", ""side"": ""S"", ""sh"": 1428, ""px"": 2.45, ""why"": ""sell_pressure_proxy""}]"
2022-02-03,BCDA,1,2022-02-03 08:22:00-05:00,502,2.07,2.08,2.0,2.21,0.07,1428,1428,0,2022-02-03 08:24:00-05:00,topping_tail,False,47.12,0.4714,1.429,0.0,0.2993630573248407,6.8851355501269955,16871265.0,"[{""t"": ""2022-02-03 08:22:00-05:00"", ""side"": ""B"", ""sh"": 1428, ""px"": 2.08, ""why"": ""entry""}, {""t"": ""2022-02-03 08:24:00-05:00"", ""side"": ""S"", ""sh"": 1428, ""px"": 2.12, ""why"": ""topping_tail""}]"
2022-03-07,BRN,1,2022-03-07 09:59:00-05:00,599,4.52,4.53,4.42,4.72,0.1,1000,1000,0,2022-03-07 10:01:00-05:00,first_red_candle,False,-57.0,-0.57,0.5,0.8,0.3084705882352943,15.145870707095064,9447220.0,"[{""t"": ""2022-03-07 09:59:00-05:00"", ""side"": ""B"", ""sh"": 1000, ""px"": 4.53, ""why"": ""entry""}, {""t"": ""2022-03-07 10:01:00-05:00"", ""side"": ""S"", ""sh"": 1000, ""px"": 4.48, ""why"": ""first_red_candle""}]"
2022-03-22,DPRO,1,2022-03-22 07:22:00-04:00,442,2.75,2.76,2.58,3.09,0.17,588,588,0,2022-03-22 07:25:00-04:00,first_red_candle,False,-4.12,-0.0412,1.353,0.294,0.6107784431137724,5.749039159374213,,"[{""t"": ""2022-03-22 07:22:00-04:00"", ""side"": ""B"", ""sh"": 588, ""px"": 2.76, ""why"": ""entry""}, {""t"": ""2022-03-22 07:25:00-04:00"", ""side"": ""S"", ""sh"": 588, ""px"": 2.76, ""why"": ""first_red_candle""}]"
2022-03-22,JXG,1,2022-03-22 09:50:00-04:00,590,3.48,3.49,3.25,3.94,0.23,434,434,0,2022-03-22 09:50:00-04:00,stop_same_bar,False,-111.54,-1.1174,0.869,1.0,0.675,64.90488502639624,3408646.0,"[{""t"": ""2022-03-22 09:50:00-04:00"", ""side"": ""B"", ""sh"": 434, ""px"": 3.49, ""why"": ""entry""}, {""t"": ""2022-03-22 09:50:00-04:00"", ""side"": ""S"", ""sh"": 434, ""px"": 3.24, ""why"": ""stop_same_bar""}]"
2022-04-01,OLOX,1,2022-04-01 09:51:00-04:00,591,2.61,2.62,2.51,2.81,0.1,1000,1000,0,2022-04-01 09:52:00-04:00,topping_tail,False,-67.0,-0.67,0.4,0.0,0.31266666666666665,107.71179978580692,11986873.0,"[{""t"": ""2022-04-01 09:51:00-04:00"", ""side"": ""B"", ""sh"": 1000, ""px"": 2.62, ""why"": ""entry""}, {""t"": ""2022-04-01 09:52:00-04:00"", ""side"": ""S"", ""sh"": 1000, ""px"": 2.56, ""why"": ""topping_tail""}]"
2022-04-12,BCDA,1,2022-04-12 07:46:00-04:00,466,3.61,3.62,3.52,3.79,0.09,1111,1111,0,2022-04-12 07:48:00-04:00,topping_tail,True,142.23,1.4225,2.556,0.0,0.6744186046511629,35.7109325066761,16871265.0,"[{""t"": ""2022-04-12 07:46:00-04:00"", ""side"": ""B"", ""sh"": 1111, ""px"": 3.62, ""why"": ""entry""}, {""t"": ""2022-04-12 07:47:00-04:00"", ""side"": ""S"", ""sh"": 556, ""px"": 3.78, ""why"": ""t1""}, {""t"": ""2022-04-12 07:48:00-04:00"", ""side"": ""S"", ""sh"": 555, ""px"": 3.73, ""why"": ""topping_tail""}]"
2022-04-12,NMAD,1,2022-04-12 08:40:00-04:00,520,3.41,3.42,3.2,3.83,0.21,476,476,0,2022-04-12 08:40:00-04:00,stop_same_bar,False,-112.81,-1.1286,0.143,1.429,2.0454545454545454,50.79180286513266,13746593.0,"[{""t"": ""2022-04-12 08:40:00-04:00"", ""side"": ""B"", ""sh"": 476, ""px"": 3.42, ""why"": ""entry""}, {""t"": ""2022-04-12 08:40:00-04:00"", ""side"": ""S"", ""sh"": 476, ""px"": 3.19, ""why"": ""stop_same_bar""}]"
2022-04-22,GRI,1,2022-04-22 08:37:00-04:00,517,2.28,2.29,2.21,2.42,0.07,1428,1428,0,2022-04-22 08:37:00-04:00,stop_same_bar,False,-138.52,-1.3857,0.429,1.143,1.0,17.069385538011545,6812836.0,"[{""t"": ""2022-04-22 08:37:00-04:00"", ""side"": ""B"", ""sh"": 1428, ""px"": 2.29, ""why"": ""entry""}, {""t"": ""2022-04-22 08:37:00-04:00"", ""side"": ""S"", ""sh"": 1428, ""px"": 2.2, ""why"": ""stop_same_bar""}]"
2022-05-03,SNOA,1,2022-05-03 07:04:00-04:00,424,4.09,4.1,3.93,4.41,0.16,625,625,0,2022-05-03 07:05:00-04:00,first_red_candle,False,-54.37,-0.5437,0.312,0.625,0.5185115579778239,7.956710790878321,3097674.0,"[{""t"": ""2022-05-03 07:04:00-04:00"", ""side"": ""B"", ""sh"": 625, ""px"": 4.1, ""why"": ""entry""}, {""t"": ""2022-05-03 07:05:00-04:00"", ""side"": ""S"", ""sh"": 625, ""px"": 4.02, ""why"": ""first_red_candle""}]"
2022-05-04,RVSN,1,2022-05-04 08:49:00-04:00,529,2.19,2.2,2.08,2.41,0.11,909,909,0,2022-05-04 08:50:00-04:00,topping_tail,False,-15.45,-0.1545,0.545,0.0,0.6000000000000001,7.612637350048364,,"[{""t"": ""2022-05-04 08:49:00-04:00"", ""side"": ""B"", ""sh"": 909, ""px"": 2.2, ""why"": ""entry""}, {""t"": ""2022-05-04 08:50:00-04:00"", ""side"": ""S"", ""sh"": 909, ""px"": 2.19, ""why"": ""topping_tail""}]"
2022-05-06,SIDU,1,2022-05-06 09:15:00-04:00,555,3.03,3.04,2.92,3.25,0.11,909,909,0,2022-05-06 09:24:00-04:00,sell_pressure_proxy,True,330.37,3.304,9.545,0.0,0.5025380710659897,6.510773533287172,16574040.0,"[{""t"": ""2022-05-06 09:15:00-04:00"", ""side"": ""B"", ""sh"": 909, ""px"": 3.04, ""why"": ""entry""}, {""t"": ""2022-05-06 09:19:00-04:00"", ""side"": ""S"", ""sh"": 454, ""px"": 3.24, ""why"": ""t1""}, {""t"": ""2022-05-06 09:20:00-04:00"", ""side"": ""S"", ""sh"": 227, ""px"": 3.35, ""why"": ""t2""}, {""t"": ""2022-05-06 09:24:00-04:00"", ""side"": ""S"", ""sh"": 228, ""px"": 3.81, ""why"": ""sell_pressure_proxy""}]"
2022-05-16,DTST,1,2022-05-16 09:24:00-04:00,564,3.74,3.75,3.67,3.88,0.07,1428,1428,0,2022-05-16 09:24:00-04:00,stop_same_bar,False,-138.52,-1.3857,0.0,1.286,0.6217391304347828,99.66581270927641,6697127.0,"[{""t"": ""2022-05-16 09:24:00-04:00"", ""side"": ""B"", ""sh"": 1428, ""px"": 3.75, ""why"": ""entry""}, {""t"": ""2022-05-16 09:24:00-04:00"", ""side"": ""S"", ""sh"": 1428, ""px"": 3.66, ""why"": ""stop_same_bar""}]"
2022-05-17,PPSI,1,2022-05-17 09:23:00-04:00,563,4.12,4.13,4.02,4.32,0.1,1000,1000,0,2022-05-17 09:24:00-04:00,first_red_candle,False,-87.0,-0.87,0.3,0.9,0.26708074534161486,45.9630952363318,9644545.0,"[{""t"": ""2022-05-17 09:23:00-04:00"", ""side"": ""B"", ""sh"": 1000, ""px"": 4.13, ""why"": ""entry""}, {""t"": ""2022-05-17 09:24:00-04:00"", ""side"": ""S"", ""sh"": 1000, ""px"": 4.05, ""why"": ""first_red_candle""}]"
2022-05-20,TXMD,1,2022-05-20 09:58:00-04:00,598,2.96,2.97,2.85,3.18,0.11,909,909,0,2022-05-20 10:03:00-04:00,topping_tail,True,170.39,1.704,2.909,0.0,0.28634361233480177,6.925101214392874,8668558.0,"[{""t"": ""2022-05-20 09:58:00-04:00"", ""side"": ""B"", ""sh"": 909, ""px"": 2.97, ""why"": ""entry""}, {""t"": ""2022-05-20 09:59:00-04:00"", ""side"": ""S"", ""sh"": 454, ""px"": 3.17, ""why"": ""t1""}, {""t"": ""2022-05-20 10:03:00-04:00"", ""side"": ""S"", ""sh"": 455, ""px"": 3.1589, ""why"": ""topping_tail""}]"
2022-05-31,AIFC,1,2022-05-31 08:36:00-04:00,516,3.85,3.86,3.6,4.35,0.25,400,400,0,2022-05-31 08:38:00-04:00,first_red_candle,False,-38.8,-0.388,0.24,0.64,0.638392857142857,25.49946485223656,2827410.0,"[{""t"": ""2022-05-31 08:36:00-04:00"", ""side"": ""B"", ""sh"": 400, ""px"": 3.86, ""why"": ""entry""}, {""t"": ""2022-05-31 08:38:00-04:00"", ""side"": ""S"", ""sh"": 400, ""px"": 3.77, ""why"": ""first_red_candle""}]"
2022-06-01,HSDT,1,2022-06-01 09:11:00-04:00,551,2.79,2.8,2.65,3.07,0.14,714,714,0,2022-06-01 09:11:00-04:00,stop_same_bar,False,-119.24,-1.1929,0.141,1.143,0.8493150684931507,34.95677109161079,3797647.0,"[{""t"": ""2022-06-01 09:11:00-04:00"", ""side"": ""B"", ""sh"": 714, ""px"": 2.8, ""why"": ""entry""}, {""t"": ""2022-06-01 09:11:00-04:00"", ""side"": ""S"", ""sh"": 714, ""px"": 2.64, ""why"": ""stop_same_bar""}]"
2022-06-07,AIFC,1,2022-06-07 09:36:00-04:00,576,3.94,3.95,3.77,4.28,0.17,588,588,0,2022-06-07 09:39:00-04:00,first_red_candle,False,44.28,0.4429,1.176,0.0,0.532,16.324335610106957,2827410.0,"[{""t"": ""2022-06-07 09:36:00-04:00"", ""side"": ""B"", ""sh"": 588, ""px"": 3.95, ""why"": ""entry""}, {""t"": ""2022-06-07 09:39:00-04:00"", ""side"": ""S"", ""sh"": 588, ""px"": 4.0323, ""why"": ""first_red_candle""}]"
2022-06-22,JXG,1,2022-06-22 09:46:00-04:00,586,2.2099,2.2199,2.05,2.5297,0.1599,625,625,0,2022-06-22 09:50:00-04:00,first_red_candle,False,76.94,0.7699,1.439,0.0,0.4177181208053691,20.946457273832042,5899893.0,"[{""t"": ""2022-06-22 09:46:00-04:00"", ""side"": ""B"", ""sh"": 625, ""px"": 2.2199, ""why"": ""entry""}, {""t"": ""2022-06-22 09:50:00-04:00"", ""side"": ""S"", ""sh"": 625, ""px"": 2.35, ""why"": ""first_red_candle""}]"
2022-06-27,NRSN,1,2022-06-27 08:44:00-04:00,524,2.73,2.74,2.59,3.01,0.14,714,714,0,2022-06-27 08:46:00-04:00,first_red_candle,False,-19.28,-0.1929,0.429,0.357,0.5588235294117647,24.65713851357297,10943534.0,"[{""t"": ""2022-06-27 08:44:00-04:00"", ""side"": ""B"", ""sh"": 714, ""px"": 2.74, ""why"": ""entry""}, {""t"": ""2022-06-27 08:46:00-04:00"", ""side"": ""S"", ""sh"": 714, ""px"": 2.72, ""why"": ""first_red_candle""}]"
2022-07-06,QTEX,1,2022-07-06 09:07:00-04:00,547,2.35,2.36,2.3,2.45,0.05,2000,2000,0,2022-07-06 09:09:00-04:00,first_red_candle,False,26.0,0.26,1.6,0.0,0.8790322580645162,186.1600380958578,10091706.0,"[{""t"": ""2022-07-06 09:07:00-04:00"", ""side"": ""B"", ""sh"": 2000, ""px"": 2.36, ""why"": ""entry""}, {""t"": ""2022-07-06 09:09:00-04:00"", ""side"": ""S"", ""sh"": 2000, ""px"": 2.38, ""why"": ""first_red_candle""}]"
2022-07-07,GROV,1,2022-07-07 09:52:00-04:00,592,6.36,6.37,5.91,7.26,0.45,222,222,0,2022-07-07 09:53:00-04:00,first_red_candle,False,-63.71,-0.6378,0.089,0.622,0.5674999999999999,5.0265422181780295,,"[{""t"": ""2022-07-07 09:52:00-04:00"", ""side"": ""B"", ""sh"": 222, ""px"": 6.37, ""why"": ""entry""}, {""t"": ""2022-07-07 09:53:00-04:00"", ""side"": ""S"", ""sh"": 222, ""px"": 6.09, ""why"": ""first_red_candle""}]"
2022-07-20,DRCT,1,2022-07-20 09:25:00-04:00,565,2.63,2.64,2.5,2.89,0.13,769,769,0,2022-07-20 09:25:00-04:00,stop_same_bar,False,-120.73,-1.2077,0.077,1.0,0.7182256391482094,23.610629218445695,,"[{""t"": ""2022-07-20 09:25:00-04:00"", ""side"": ""B"", ""sh"": 769, ""px"": 2.64, ""why"": ""entry""}, {""t"": ""2022-07-20 09:25:00-04:00"", ""side"": ""S"", ""sh"": 769, ""px"": 2.49, ""why"": ""stop_same_bar""}]"
2022-07-22,TKLF,1,2022-07-22 08:33:00-04:00,513,2.21,2.22,2.17,2.29,0.04,2500,2500,0,2022-07-22 08:40:00-04:00,topping_tail,True,213.75,2.1375,5.5,0.0,0.4012738853503186,7.877850782641365,,"[{""t"": ""2022-07-22 08:33:00-04:00"", ""side"": ""B"", ""sh"": 2500, ""px"": 2.22, ""why"": ""entry""}, {""t"": ""2022-07-22 08:33:00-04:00"", ""side"": ""S"", ""sh"": 1250, ""px"": 2.28, ""why"": ""t1""}, {""t"": ""2022-07-22 08:35:00-04:00"", ""side"": ""S"", ""sh"": 625, ""px"": 2.32, ""why"": ""t2""}, {""t"": ""2022-07-22 08:40:00-04:00"", ""side"": ""S"", ""sh"": 625, ""px"": 2.37, ""why"": ""topping_tail""}]"
2022-07-26,FRGT,1,2022-07-26 07:25:00-04:00,445,2.36,2.37,2.23,2.62,0.13,769,769,0,2022-07-26 07:26:00-04:00,first_red_candle,False,-74.59,-0.7462,0.231,0.846,0.560810810810811,25.063590332061473,7551467.0,"[{""t"": ""2022-07-26 07:25:00-04:00"", ""side"": ""B"", ""sh"": 769, ""px"": 2.37, ""why"": ""entry""}, {""t"": ""2022-07-26 07:26:00-04:00"", ""side"": ""S"", ""sh"": 769, ""px"": 2.28, ""why"": ""first_red_candle""}]"
2022-08-02,KRKR,1,2022-08-02 07:17:00-04:00,437,2.2,2.21,2.13,2.34,0.07,1428,1428,0,2022-08-02 07:17:00-04:00,stop_same_bar,False,-138.52,-1.3857,1.0,1.429,0.7007874015748032,8.398059057196468,,"[{""t"": ""2022-08-02 07:17:00-04:00"", ""side"": ""B"", ""sh"": 1428, ""px"": 2.21, ""why"": ""entry""}, {""t"": ""2022-08-02 07:17:00-04:00"", ""side"": ""S"", ""sh"": 1428, ""px"": 2.12, ""why"": ""stop_same_bar""}]"
2022-08-02,AMTD,1,2022-08-02 08:24:00-04:00,504,11.23,11.2412,10.9,11.89,0.33,303,303,0,2022-08-02 08:28:00-04:00,breakeven_stop,True,166.29,1.663,3.091,0.545,4.283653846153846,5.497175721764984,,"[{""t"": ""2022-08-02 08:24:00-04:00"", ""side"": ""B"", ""sh"": 303, ""px"": 11.2412, ""why"": ""entry""}, {""t"": ""2022-08-02 08:25:00-04:00"", ""side"": ""S"", ""sh"": 152, ""px"": 11.8781, ""why"": ""t1""}, {""t"": ""2022-08-02 08:25:00-04:00"", ""side"": ""S"", ""sh"": 76, ""px"": 12.2078, ""why"": ""t2""}, {""t"": ""2022-08-02 08:28:00-04:00"", ""side"": ""S"", ""sh"": 75, ""px"": 11.2188, ""why"": ""breakeven_stop""}]"
2022-08-10,CLWT,1,2022-08-10 07:52:00-04:00,472,2.23,2.24,2.14,2.41,0.09,1111,1111,0,2022-08-10 07:54:00-04:00,first_red_candle,False,-107.77,-1.0778,0.222,0.778,0.4794520547945207,18.511759514339925,7732132.0,"[{""t"": ""2022-08-10 07:52:00-04:00"", ""side"": ""B"", ""sh"": 1111, ""px"": 2.24, ""why"": ""entry""}, {""t"": ""2022-08-10 07:54:00-04:00"", ""side"": ""S"", ""sh"": 1111, ""px"": 2.15, ""why"": ""first_red_candle""}]"
2022-08-12,VEEE,1,2022-08-12 09:16:00-04:00,556,6.26,6.27,6.08,6.62,0.18,555,555,0,2022-08-12 09:17:00-04:00,sell_pressure_proxy,False,-37.18,-0.3722,0.444,0.0,0.5449999999999999,85.0737175688229,7000000.0,"[{""t"": ""2022-08-12 09:16:00-04:00"", ""side"": ""B"", ""sh"": 555, ""px"": 6.27, ""why"": ""entry""}, {""t"": ""2022-08-12 09:17:00-04:00"", ""side"": ""S"", ""sh"": 555, ""px"": 6.21, ""why"": ""sell_pressure_proxy""}]"
2022-08-22,SVRE,1,2022-08-22 09:06:00-04:00,546,4.81,4.82,4.68,5.07,0.13,769,769,0,2022-08-22 09:08:00-04:00,first_red_candle,False,-43.83,-0.4385,0.615,0.385,0.7050359712230219,8.394615887328866,,"[{""t"": ""2022-08-22 09:06:00-04:00"", ""side"": ""B"", ""sh"": 769, ""px"": 4.82, ""why"": ""entry""}, {""t"": ""2022-08-22 09:08:00-04:00"", ""side"": ""S"", ""sh"": 769, ""px"": 4.77, ""why"": ""first_red_candle""}]"
2022-09-12,INM,1,2022-09-12 08:56:00-04:00,536,14.12,14.1341,13.85,14.66,0.27,370,370,0,2022-09-12 08:58:00-04:00,first_red_candle,False,-46.31,-0.4635,0.296,0.444,0.2695099818511797,5.0680290839765405,14641645.0,"[{""t"": ""2022-09-12 08:56:00-04:00"", ""side"": ""B"", ""sh"": 370, ""px"": 14.1341, ""why"": ""entry""}, {""t"": ""2022-09-12 08:58:00-04:00"", ""side"": ""S"", ""sh"": 370, ""px"": 14.016, ""why"": ""first_red_candle""}]"
2022-09-15,BEAT,1,2022-09-15 09:39:00-04:00,579,2.25,2.26,2.15,2.45,0.1,1000,1000,0,2022-09-15 09:40:00-04:00,first_red_candle,False,-77.0,-0.77,0.0,0.75,0.7760000000000002,167.73176641723052,7995758.0,"[{""t"": ""2022-09-15 09:39:00-04:00"", ""side"": ""B"", ""sh"": 1000, ""px"": 2.26, ""why"": ""entry""}, {""t"": ""2022-09-15 09:40:00-04:00"", ""side"": ""S"", ""sh"": 1000, ""px"": 2.19, ""why"": ""first_red_candle""}]"
2022-09-26,ISPC,1,2022-09-26 07:37:00-04:00,457,2.59,2.6,2.53,2.71,0.06,1666,1666,0,2022-09-26 07:38:00-04:00,first_red_candle,False,-61.64,-0.6167,1.0,0.333,0.2524271844660195,9.82337146414701,8880598.0,"[{""t"": ""2022-09-26 07:37:00-04:00"", ""side"": ""B"", ""sh"": 1666, ""px"": 2.6, ""why"": ""entry""}, {""t"": ""2022-09-26 07:38:00-04:00"", ""side"": ""S"", ""sh"": 1666, ""px"": 2.57, ""why"": ""first_red_candle""}]"
2022-09-30,AIMD,1,2022-09-30 07:41:00-04:00,461,2.2,2.21,2.14,2.32,0.06,1666,1666,0,2022-09-30 07:43:00-04:00,first_red_candle,False,-128.28,-1.2833,0.5,0.833,0.5717391304347827,31.03324175522252,19478270.0,"[{""t"": ""2022-09-30 07:41:00-04:00"", ""side"": ""B"", ""sh"": 1666, ""px"": 2.21, ""why"": ""entry""}, {""t"": ""2022-09-30 07:43:00-04:00"", ""side"": ""S"", ""sh"": 1666, ""px"": 2.14, ""why"": ""first_red_candle""}]"
2022-10-05,SUNE,1,2022-10-05 08:06:00-04:00,486,2.14,2.15,2.08,2.26,0.06,1666,1666,0,2022-10-05 08:07:00-04:00,topping_tail,False,-61.64,-0.6167,0.5,0.0,0.4755244755244754,14.76071509598169,7435586.0,"[{""t"": ""2022-10-05 08:06:00-04:00"", ""side"": ""B"", ""sh"": 1666, ""px"": 2.15, ""why"": ""entry""}, {""t"": ""2022-10-05 08:07:00-04:00"", ""side"": ""S"", ""sh"": 1666, ""px"": 2.12, ""why"": ""topping_tail""}]"
2022-10-05,KITT,1,2022-10-05 09:03:00-04:00,543,5.33,5.34,5.15,5.69,0.18,555,555,0,2022-10-05 09:04:00-04:00,topping_tail,False,-48.29,-0.4833,0.333,0.0,0.6304347826086956,10.276109874282724,6095789.0,"[{""t"": ""2022-10-05 09:03:00-04:00"", ""side"": ""B"", ""sh"": 555, ""px"": 5.34, ""why"": ""entry""}, {""t"": ""2022-10-05 09:04:00-04:00"", ""side"": ""S"", ""sh"": 555, ""px"": 5.26, ""why"": ""topping_tail""}]"
2022-10-07,LUCY,1,2022-10-07 07:59:00-04:00,479,3.4,3.41,3.16,3.88,0.24,416,416,0,2022-10-07 08:00:00-04:00,stop,False,-111.07,-1.1125,0.333,1.708,0.9567901234567902,6.044922763664848,7307157.0,"[{""t"": ""2022-10-07 07:59:00-04:00"", ""side"": ""B"", ""sh"": 416, ""px"": 3.41, ""why"": ""entry""}, {""t"": ""2022-10-07 08:00:00-04:00"", ""side"": ""S"", ""sh"": 416, ""px"": 3.15, ""why"": ""stop""}]"
2022-11-16,INM,1,2022-11-16 09:41:00-05:00,581,4.14,4.15,3.96,4.5,0.18,555,555,0,2022-11-16 09:42:00-05:00,stop,False,-114.88,-1.15,0.5,1.056,0.4398201438848919,7.7607666584246715,936761.0,"[{""t"": ""2022-11-16 09:41:00-05:00"", ""side"": ""B"", ""sh"": 555, ""px"": 4.15, ""why"": ""entry""}, {""t"": ""2022-11-16 09:42:00-05:00"", ""side"": ""S"", ""sh"": 555, ""px"": 3.95, ""why"": ""stop""}]"
2022-12-13,NCPL,1,2022-12-13 07:14:00-05:00,434,2.56,2.57,2.45,2.78,0.11,909,909,0,2022-12-13 07:16:00-05:00,topping_tail,False,66.36,0.6636,2.0,0.0,0.7985611510791368,15.938536202929738,4619027.0,"[{""t"": ""2022-12-13 07:14:00-05:00"", ""side"": ""B"", ""sh"": 909, ""px"": 2.57, ""why"": ""entry""}, {""t"": ""2022-12-13 07:16:00-05:00"", ""side"": ""S"", ""sh"": 909, ""px"": 2.65, ""why"": ""topping_tail""}]"
2022-12-14,IMMX,1,2022-12-14 09:54:00-05:00,594,2.49,2.5,2.41,2.65,0.08,1250,1250,0,2022-12-14 09:54:00-05:00,stop_same_bar,False,-133.75,-1.3375,0.125,1.5,0.6780821917808222,291.1149174540626,13927067.0,"[{""t"": ""2022-12-14 09:54:00-05:00"", ""side"": ""B"", ""sh"": 1250, ""px"": 2.5, ""why"": ""entry""}, {""t"": ""2022-12-14 09:54:00-05:00"", ""side"": ""S"", ""sh"": 1250, ""px"": 2.4, ""why"": ""stop_same_bar""}]"
2022-12-16,JCTC,1,2022-12-16 09:56:00-05:00,596,6.0,6.01,5.85,6.3,0.15,321,321,0,2022-12-16 09:59:00-05:00,first_red_candle,False,-34.35,-0.7133,0.0,0.533,0.18637274549098182,5.033255116470607,3495342.0,"[{""t"": ""2022-12-16 09:56:00-05:00"", ""side"": ""B"", ""sh"": 321, ""px"": 6.01, ""why"": ""entry""}, {""t"": ""2022-12-16 09:59:00-05:00"", ""side"": ""S"", ""sh"": 321, ""px"": 5.91, ""why"": ""first_red_candle""}]"
2022-12-29,RKTO,1,2022-12-29 09:07:00-05:00,547,7.62,7.63,7.21,8.44,0.41,243,243,0,2022-12-29 09:08:00-05:00,first_red_candle,False,-86.75,-0.8707,0.073,0.902,0.6909090909090909,10.082889874880516,1300382.0,"[{""t"": ""2022-12-29 09:07:00-05:00"", ""side"": ""B"", ""sh"": 243, ""px"": 7.63, ""why"": ""entry""}, {""t"": ""2022-12-29 09:08:00-05:00"", ""side"": ""S"", ""sh"": 243, ""px"": 7.28, ""why"": ""first_red_candle""}]"
2022-12-30,SILO,1,2022-12-30 08:22:00-05:00,502,6.93,6.94,6.5,7.79,0.43,232,232,0,2022-12-30 08:22:00-05:00,stop_same_bar,False,-106.02,-1.0628,0.256,1.837,0.9985380116959064,51.66222495107834,3138797.0,"[{""t"": ""2022-12-30 08:22:00-05:00"", ""side"": ""B"", ""sh"": 232, ""px"": 6.94, ""why"": ""entry""}, {""t"": ""2022-12-30 08:22:00-05:00"", ""side"": ""S"", ""sh"": 232, ""px"": 6.49, ""why"": ""stop_same_bar""}]"
2023-01-10,PRE,1,2023-01-10 07:24:00-05:00,444,2.97,2.98,2.92,3.07,0.05,2000,2000,0,2023-01-10 07:25:00-05:00,topping_tail,False,-54.0,-0.54,1.0,0.0,0.5806451612903225,25.477231289729527,,"[{""t"": ""2023-01-10 07:24:00-05:00"", ""side"": ""B"", ""sh"": 2000, ""px"": 2.98, ""why"": ""entry""}, {""t"": ""2023-01-10 07:25:00-05:00"", ""side"": ""S"", ""sh"": 2000, ""px"": 2.96, ""why"": ""topping_tail""}]"
2023-01-12,MMV,1,2023-01-12 09:50:00-05:00,590,4.0699,4.0799,3.83,4.5497,0.2399,416,416,0,2023-01-12 09:53:00-05:00,first_red_candle,False,-15.35,-0.1538,1.168,0.416,0.4650474383301708,8.252643694139978,,"[{""t"": ""2023-01-12 09:50:00-05:00"", ""side"": ""B"", ""sh"": 416, ""px"": 4.0799, ""why"": ""entry""}, {""t"": ""2023-01-12 09:53:00-05:00"", ""side"": ""S"", ""sh"": 416, ""px"": 4.05, ""why"": ""first_red_candle""}]"
2023-01-31,MSGM,1,2023-01-31 07:06:00-05:00,426,8.01,8.02,7.62,8.79,0.39,256,256,0,2023-01-31 07:07:00-05:00,topping_tail,False,-40.19,-0.4026,0.282,0.0,1.9391634980988597,7.652108623536524,,"[{""t"": ""2023-01-31 07:06:00-05:00"", ""side"": ""B"", ""sh"": 256, ""px"": 8.02, ""why"": ""entry""}, {""t"": ""2023-01-31 07:07:00-05:00"", ""side"": ""S"", ""sh"": 256, ""px"": 7.87, ""why"": ""topping_tail""}]"
2023-02-01,VS,1,2023-02-01 08:43:00-05:00,523,2.78,2.79,2.6,3.14,0.18,555,555,0,2023-02-01 08:43:00-05:00,stop_same_bar,False,-114.88,-1.15,1.722,1.222,3.425322679778734,5.049595312601035,15554255.0,"[{""t"": ""2023-02-01 08:43:00-05:00"", ""side"": ""B"", ""sh"": 555, ""px"": 2.79, ""why"": ""entry""}, {""t"": ""2023-02-01 08:43:00-05:00"", ""side"": ""S"", ""sh"": 555, ""px"": 2.59, ""why"": ""stop_same_bar""}]"
2023-02-10,CNTN,1,2023-02-10 09:36:00-05:00,576,2.55,2.56,2.44,2.77,0.11,909,909,0,2023-02-10 09:36:00-05:00,stop_same_bar,False,-124.53,-1.2455,0.273,1.273,1.0931355932203393,11.602151804039002,11529861.0,"[{""t"": ""2023-02-10 09:36:00-05:00"", ""side"": ""B"", ""sh"": 909, ""px"": 2.56, ""why"": ""entry""}, {""t"": ""2023-02-10 09:36:00-05:00"", ""side"": ""S"", ""sh"": 909, ""px"": 2.43, ""why"": ""stop_same_bar""}]"
2023-02-22,RKTO,1,2023-02-22 09:52:00-05:00,592,3.5399,3.5499,3.46,3.6997,0.0799,1251,1251,0,2023-02-22 09:53:00-05:00,topping_tail,False,3.88,0.0388,1.378,0.0,0.3552509652509652,11.37694605608358,1300382.0,"[{""t"": ""2023-02-22 09:52:00-05:00"", ""side"": ""B"", ""sh"": 1251, ""px"": 3.5499, ""why"": ""entry""}, {""t"": ""2023-02-22 09:53:00-05:00"", ""side"": ""S"", ""sh"": 1251, ""px"": 3.56, ""why"": ""topping_tail""}]"
2023-02-24,BAER,1,2023-02-24 08:08:00-05:00,488,8.23,8.24,8.02,8.65,0.21,476,476,0,2023-02-24 08:08:00-05:00,stop_same_bar,False,-112.81,-1.1286,0.19,13.62,0.8325791855203619,15.512570133114517,,"[{""t"": ""2023-02-24 08:08:00-05:00"", ""side"": ""B"", ""sh"": 476, ""px"": 8.24, ""why"": ""entry""}, {""t"": ""2023-02-24 08:08:00-05:00"", ""side"": ""S"", ""sh"": 476, ""px"": 8.01, ""why"": ""stop_same_bar""}]"
2023-02-28,CDIO,1,2023-02-28 08:35:00-05:00,515,2.9,2.91,2.82,3.06,0.08,1250,1250,0,2023-02-28 08:37:00-05:00,topping_tail,True,122.56,1.2256,2.0,0.0,1.1503496503496504,7.636499835114414,9514743.0,"[{""t"": ""2023-02-28 08:35:00-05:00"", ""side"": ""B"", ""sh"": 1250, ""px"": 2.91, ""why"": ""entry""}, {""t"": ""2023-02-28 08:36:00-05:00"", ""side"": ""S"", ""sh"": 625, ""px"": 3.05, ""why"": ""t1""}, {""t"": ""2023-02-28 08:37:00-05:00"", ""side"": ""S"", ""sh"": 625, ""px"": 2.9801, ""why"": ""topping_tail""}]"
2023-03-08,EDBL,1,2023-03-08 09:58:00-05:00,598,4.31,4.32,4.13,4.67,0.18,555,555,0,2023-03-08 09:58:00-05:00,stop_same_bar,False,-114.88,-1.15,0.333,2.333,0.4006291390728476,7.729431527438148,9860321.0,"[{""t"": ""2023-03-08 09:58:00-05:00"", ""side"": ""B"", ""sh"": 555, ""px"": 4.32, ""why"": ""entry""}, {""t"": ""2023-03-08 09:58:00-05:00"", ""side"": ""S"", ""sh"": 555, ""px"": 4.12, ""why"": ""stop_same_bar""}]"
2023-03-23,CXAI,1,2023-03-23 09:58:00-04:00,598,2.5,2.51,2.34,2.82,0.16,625,625,0,2023-03-23 09:59:00-04:00,first_red_candle,False,-66.81,-0.6681,0.437,0.875,0.44882352941176484,9.237577300985883,,"[{""t"": ""2023-03-23 09:58:00-04:00"", ""side"": ""B"", ""sh"": 625, ""px"": 2.51, ""why"": ""entry""}, {""t"": ""2023-03-23 09:59:00-04:00"", ""side"": ""S"", ""sh"": 625, ""px"": 2.4101, ""why"": ""first_red_candle""}]"
2023-03-24,OXBR,1,2023-03-24 09:36:00-04:00,576,2.31,2.32,2.22,2.49,0.09,1111,1111,0,2023-03-24 09:39:00-04:00,first_red_candle,False,47.77,0.4778,0.77,0.333,0.17949638442997085,13.793232613310026,5781587.0,"[{""t"": ""2023-03-24 09:36:00-04:00"", ""side"": ""B"", ""sh"": 1111, ""px"": 2.32, ""why"": ""entry""}, {""t"": ""2023-03-24 09:39:00-04:00"", ""side"": ""S"", ""sh"": 1111, ""px"": 2.37, ""why"": ""first_red_candle""}]"
2023-03-28,OSCR,1,2023-03-28 09:43:00-04:00,583,5.6,5.61,5.53,5.74,0.07,1428,1428,0,2023-03-28 09:43:00-04:00,stop_same_bar,False,-138.52,-1.3857,0.999,1.429,0.551532033426184,5.118413275738058,,"[{""t"": ""2023-03-28 09:43:00-04:00"", ""side"": ""B"", ""sh"": 1428, ""px"": 5.61, ""why"": ""entry""}, {""t"": ""2023-03-28 09:43:00-04:00"", ""side"": ""S"", ""sh"": 1428, ""px"": 5.52, ""why"": ""stop_same_bar""}]"
2023-04-03,INDO,1,2023-04-03 07:46:00-04:00,466,6.68,6.69,6.6,6.84,0.08,1250,1250,0,2023-04-03 07:47:00-04:00,stop,False,-133.75,-1.3375,0.125,1.375,0.39622641509433976,7.393161502110915,7447955.0,"[{""t"": ""2023-04-03 07:46:00-04:00"", ""side"": ""B"", ""sh"": 1250, ""px"": 6.69, ""why"": ""entry""}, {""t"": ""2023-04-03 07:47:00-04:00"", ""side"": ""S"", ""sh"": 1250, ""px"": 6.59, ""why"": ""stop""}]"
2023-04-04,BFRG,1,2023-04-04 08:33:00-04:00,513,7.36,7.37,7.14,7.8,0.22,454,454,0,2023-04-04 08:34:00-04:00,stop,False,-112.14,-1.1227,0.545,1.091,0.5458422174840083,6.4615524115359,,"[{""t"": ""2023-04-04 08:33:00-04:00"", ""side"": ""B"", ""sh"": 454, ""px"": 7.37, ""why"": ""entry""}, {""t"": ""2023-04-04 08:34:00-04:00"", ""side"": ""S"", ""sh"": 454, ""px"": 7.13, ""why"": ""stop""}]"
2023-04-11,LUCY,1,2023-04-11 07:15:00-04:00,435,2.76,2.77,2.54,3.2,0.22,454,454,0,2023-04-11 07:17:00-04:00,first_red_candle,False,-53.12,-0.5318,0.136,0.545,0.8835616438356164,9.769692172862257,7715757.0,"[{""t"": ""2023-04-11 07:15:00-04:00"", ""side"": ""B"", ""sh"": 454, ""px"": 2.77, ""why"": ""entry""}, {""t"": ""2023-04-11 07:17:00-04:00"", ""side"": ""S"", ""sh"": 454, ""px"": 2.66, ""why"": ""first_red_candle""}]"
2023-04-13,CXAI,1,2023-04-13 08:20:00-04:00,500,2.71,2.72,2.65,2.83,0.06,1666,1666,0,2023-04-13 08:27:00-04:00,topping_tail,True,121.53,1.2158,2.167,0.667,0.675,10.34348659996776,,"[{""t"": ""2023-04-13 08:20:00-04:00"", ""side"": ""B"", ""sh"": 1666, ""px"": 2.72, ""why"": ""entry""}, {""t"": ""2023-04-13 08:24:00-04:00"", ""side"": ""S"", ""sh"": 833, ""px"": 2.82, ""why"": ""t1""}, {""t"": ""2023-04-13 08:27:00-04:00"", ""side"": ""S"", ""sh"": 833, ""px"": 2.7799, ""why"": ""topping_tail""}]"
2023-04-21,MGRX,1,2023-04-21 09:44:00-04:00,584,2.25,2.26,2.15,2.45,0.1,1000,1000,0,2023-04-21 09:46:00-04:00,first_red_candle,False,-107.0,-1.07,0.3,0.9,1.376676176890157,79.78546888665812,,"[{""t"": ""2023-04-21 09:44:00-04:00"", ""side"": ""B"", ""sh"": 1000, ""px"": 2.26, ""why"": ""entry""}, {""t"": ""2023-04-21 09:46:00-04:00"", ""side"": ""S"", ""sh"": 1000, ""px"": 2.16, ""why"": ""first_red_candle""}]"
2023-05-01,QH,1,2023-05-01 07:16:00-04:00,436,3.22,3.23,3.1,3.46,0.12,833,833,0,2023-05-01 07:20:00-04:00,sell_pressure_proxy,True,175.22,1.7529,3.167,0.0,1.1070234113712374,17.508524254693484,,"[{""t"": ""2023-05-01 07:16:00-04:00"", ""side"": ""B"", ""sh"": 833, ""px"": 3.23, ""why"": ""entry""}, {""t"": ""2023-05-01 07:17:00-04:00"", ""side"": ""S"", ""sh"": 416, ""px"": 3.45, ""why"": ""t1""}, {""t"": ""2023-05-01 07:19:00-04:00"", ""side"": ""S"", ""sh"": 208, ""px"": 3.57, ""why"": ""t2""}, {""t"": ""2023-05-01 07:20:00-04:00"", ""side"": ""S"", ""sh"": 209, ""px"": 3.32, ""why"": ""sell_pressure_proxy""}]"
2023-05-01,TANH,1,2023-05-01 09:59:00-04:00,599,2.7,2.71,2.59,2.92,0.11,909,909,0,2023-05-01 10:00:00-04:00,first_red_candle,False,-30.0,-0.3,0.0,0.182,0.35742424242424264,12.791765086939003,1217906.0,"[{""t"": ""2023-05-01 09:59:00-04:00"", ""side"": ""B"", ""sh"": 909, ""px"": 2.71, ""why"": ""entry""}, {""t"": ""2023-05-01 10:00:00-04:00"", ""side"": ""S"", ""sh"": 909, ""px"": 2.684, ""why"": ""first_red_candle""}]"
2023-05-04,SNGX,1,2023-05-04 07:47:00-04:00,467,5.09,5.1,4.71,5.85,0.38,263,263,0,2023-05-04 07:49:00-04:00,first_red_candle,False,19.2,0.1921,1.026,0.158,2.514084507042254,25.867851907195572,2924491.0,"[{""t"": ""2023-05-04 07:47:00-04:00"", ""side"": ""B"", ""sh"": 263, ""px"": 5.1, ""why"": ""entry""}, {""t"": ""2023-05-04 07:49:00-04:00"", ""side"": ""S"", ""sh"": 263, ""px"": 5.18, ""why"": ""first_red_candle""}]"
2023-05-18,ENVB,1,2023-05-18 09:55:00-04:00,595,2.64,2.65,2.55,2.82,0.09,1111,1111,0,2023-05-18 09:56:00-04:00,stop,True,20.13,0.2014,2.333,3.0,0.690855263157895,296.121632767498,2078271.0,"[{""t"": ""2023-05-18 09:55:00-04:00"", ""side"": ""B"", ""sh"": 1111, ""px"": 2.65, ""why"": ""entry""}, {""t"": ""2023-05-18 09:56:00-04:00"", ""side"": ""S"", ""sh"": 556, ""px"": 2.81, ""why"": ""t1""}, {""t"": ""2023-05-18 09:56:00-04:00"", ""side"": ""S"", ""sh"": 555, ""px"": 2.54, ""why"": ""stop""}]"
2023-05-24,GCT,1,2023-05-24 07:29:00-04:00,449,7.64,7.65,7.45,8.02,0.19,526,526,0,2023-05-24 07:30:00-04:00,stop,False,-114.14,-1.1421,0.053,1.105,0.3250883392226147,6.650119814420122,,"[{""t"": ""2023-05-24 07:29:00-04:00"", ""side"": ""B"", ""sh"": 526, ""px"": 7.65, ""why"": ""entry""}, {""t"": ""2023-05-24 07:30:00-04:00"", ""side"": ""S"", ""sh"": 526, ""px"": 7.44, ""why"": ""stop""}]"
2023-06-02,DGLY,1,2023-06-02 09:06:00-04:00,546,5.54,5.55,5.26,6.1,0.28,357,357,0,2023-06-02 09:09:00-04:00,first_red_candle,False,-63.19,-0.6321,0.571,0.714,0.37939698492462326,6.530648351712097,,"[{""t"": ""2023-06-02 09:06:00-04:00"", ""side"": ""B"", ""sh"": 357, ""px"": 5.55, ""why"": ""entry""}, {""t"": ""2023-06-02 09:09:00-04:00"", ""side"": ""S"", ""sh"": 357, ""px"": 5.38, ""why"": ""first_red_candle""}]"
2023-06-05,DCX,1,2023-06-05 09:50:00-04:00,590,7.64,7.65,7.2,8.52,0.44,227,227,0,2023-06-05 09:52:00-04:00,first_red_candle,False,-11.24,-0.1125,0.748,0.773,0.9631578947368422,18.593053306212067,,"[{""t"": ""2023-06-05 09:50:00-04:00"", ""side"": ""B"", ""sh"": 227, ""px"": 7.65, ""why"": ""entry""}, {""t"": ""2023-06-05 09:52:00-04:00"", ""side"": ""S"", ""sh"": 227, ""px"": 7.6075, ""why"": ""first_red_candle""}]"
2023-06-06,RKTO,1,2023-06-06 08:23:00-04:00,503,3.1,3.11,3.0,3.3,0.1,1000,1000,0,2023-06-06 08:24:00-04:00,topping_tail,False,-77.0,-0.77,0.0,0.0,0.6223404255319149,9.071282339698374,3302113.0,"[{""t"": ""2023-06-06 08:23:00-04:00"", ""side"": ""B"", ""sh"": 1000, ""px"": 3.11, ""why"": ""entry""}, {""t"": ""2023-06-06 08:24:00-04:00"", ""side"": ""S"", ""sh"": 1000, ""px"": 3.04, ""why"": ""topping_tail""}]"
2023-06-13,MGIH,1,2023-06-13 07:04:00-04:00,424,3.61,3.62,3.525,3.78,0.085,1176,1176,0,2023-06-13 07:05:00-04:00,topping_tail,False,-55.27,-0.5529,0.471,0.0,0.7949999999999999,6.869811174309603,,"[{""t"": ""2023-06-13 07:04:00-04:00"", ""side"": ""B"", ""sh"": 1176, ""px"": 3.62, ""why"": ""entry""}, {""t"": ""2023-06-13 07:05:00-04:00"", ""side"": ""S"", ""sh"": 1176, ""px"": 3.58, ""why"": ""topping_tail""}]"
2023-06-22,ROOT,1,2023-06-22 08:07:00-04:00,487,15.2,15.2152,14.68,16.24,0.52,192,192,0,2023-06-22 08:08:00-04:00,first_red_candle,False,-20.63,-0.2066,0.038,0.481,0.5790020790020791,6.220182473141848,,"[{""t"": ""2023-06-22 08:07:00-04:00"", ""side"": ""B"", ""sh"": 192, ""px"": 15.2152, ""why"": ""entry""}, {""t"": ""2023-06-22 08:08:00-04:00"", ""side"": ""S"", ""sh"": 192, ""px"": 15.1148, ""why"": ""first_red_candle""}]"
2023-06-28,NERV,1,2023-06-28 08:44:00-04:00,524,9.14,9.15,8.7,10.02,0.44,227,227,0,2023-06-28 08:45:00-04:00,first_red_candle,False,-67.42,-0.675,0.182,0.75,0.4900332225913624,7.636756283406833,5568406.0,"[{""t"": ""2023-06-28 08:44:00-04:00"", ""side"": ""B"", ""sh"": 227, ""px"": 9.15, ""why"": ""entry""}, {""t"": ""2023-06-28 08:45:00-04:00"", ""side"": ""S"", ""sh"": 227, ""px"": 8.86, ""why"": ""first_red_candle""}]"
2023-06-29,IMNM,1,2023-06-29 09:06:00-04:00,546,8.26,8.27,7.83,9.12,0.43,232,232,0,2023-06-29 09:10:00-04:00,sell_pressure_proxy,True,241.68,2.4226,4.163,0.0,0.34686971235194575,6.991979237130195,12215018.0,"[{""t"": ""2023-06-29 09:06:00-04:00"", ""side"": ""B"", ""sh"": 232, ""px"": 8.27, ""why"": ""entry""}, {""t"": ""2023-06-29 09:07:00-04:00"", ""side"": ""S"", ""sh"": 116, ""px"": 9.11, ""why"": ""t1""}, {""t"": ""2023-06-29 09:08:00-04:00"", ""side"": ""S"", ""sh"": 58, ""px"": 9.54, ""why"": ""t2""}, {""t"": ""2023-06-29 09:10:00-04:00"", ""side"": ""S"", ""sh"": 58, ""px"": 9.52, ""why"": ""sell_pressure_proxy""}]"
2023-07-11,GDTC,1,2023-07-11 07:09:00-04:00,429,9.01,9.02,8.71,9.61,0.3,333,333,0,2023-07-11 07:09:00-04:00,stop_same_bar,False,-108.89,-1.09,0.167,1.533,1.5358166189111744,8.950142831375295,11529328.0,"[{""t"": ""2023-07-11 07:09:00-04:00"", ""side"": ""B"", ""sh"": 333, ""px"": 9.02, ""why"": ""entry""}, {""t"": ""2023-07-11 07:09:00-04:00"", ""side"": ""S"", ""sh"": 333, ""px"": 8.7, ""why"": ""stop_same_bar""}]"
2023-07-11,SOS,1,2023-07-11 09:46:00-04:00,586,8.11,8.12,7.81,8.71,0.3,333,333,0,2023-07-11 09:53:00-04:00,stall_heavy_volume,True,198.79,1.9899,4.533,0.0,0.3888091068301225,28.62906659916919,,"[{""t"": ""2023-07-11 09:46:00-04:00"", ""side"": ""B"", ""sh"": 333, ""px"": 8.12, ""why"": ""entry""}, {""t"": ""2023-07-11 09:46:00-04:00"", ""side"": ""S"", ""sh"": 166, ""px"": 8.7, ""why"": ""t1""}, {""t"": ""2023-07-11 09:52:00-04:00"", ""side"": ""S"", ""sh"": 83, ""px"": 9.0, ""why"": ""t2""}, {""t"": ""2023-07-11 09:53:00-04:00"", ""side"": ""S"", ""sh"": 84, ""px"": 8.5, ""why"": ""stall_heavy_volume""}]"
2023-07-18,RIME,1,2023-07-18 08:40:00-04:00,520,2.34,2.35,2.26,2.5,0.08,1250,1250,0,2023-07-18 08:42:00-04:00,first_red_candle,False,-21.25,-0.2125,1.125,0.125,0.5020631850419084,40.8189004816093,4220259.0,"[{""t"": ""2023-07-18 08:40:00-04:00"", ""side"": ""B"", ""sh"": 1250, ""px"": 2.35, ""why"": ""entry""}, {""t"": ""2023-07-18 08:42:00-04:00"", ""side"": ""S"", ""sh"": 1250, ""px"": 2.34, ""why"": ""first_red_candle""}]"
2023-07-21,DJT,1,2023-07-21 09:37:00-04:00,577,19.1099,19.129,18.2308,20.8681,0.8791,113,113,0,2023-07-21 09:38:00-04:00,topping_tail,False,-16.09,-0.162,0.284,0.0,0.41461826347305397,7.653223080398782,,"[{""t"": ""2023-07-21 09:37:00-04:00"", ""side"": ""B"", ""sh"": 113, ""px"": 19.129, ""why"": ""entry""}, {""t"": ""2023-07-21 09:38:00-04:00"", ""side"": ""S"", ""sh"": 113, ""px"": 18.9936, ""why"": ""topping_tail""}]"
2023-07-24,KOSS,1,2023-07-24 08:27:00-04:00,507,4.66,4.67,4.5,4.98,0.16,625,625,0,2023-07-24 08:29:00-04:00,first_red_candle,False,-79.38,-0.7937,1.125,0.562,0.260387811634349,18.483907212327303,9216795.0,"[{""t"": ""2023-07-24 08:27:00-04:00"", ""side"": ""B"", ""sh"": 625, ""px"": 4.67, ""why"": ""entry""}, {""t"": ""2023-07-24 08:29:00-04:00"", ""side"": ""S"", ""sh"": 625, ""px"": 4.55, ""why"": ""first_red_candle""}]"
2023-07-25,BFRG,1,2023-07-25 08:26:00-04:00,506,5.22,5.23,5.14,5.38,0.08,1250,1250,0,2023-07-25 08:27:00-04:00,stop,False,-133.75,-1.3375,1.125,1.875,0.5000000000000002,20.984155614301095,6094644.0,"[{""t"": ""2023-07-25 08:26:00-04:00"", ""side"": ""B"", ""sh"": 1250, ""px"": 5.23, ""why"": ""entry""}, {""t"": ""2023-07-25 08:27:00-04:00"", ""side"": ""S"", ""sh"": 1250, ""px"": 5.13, ""why"": ""stop""}]"
2023-07-27,ULBI,1,2023-07-27 09:36:00-04:00,576,7.43,7.44,7.189,7.912,0.241,414,414,0,2023-07-27 09:36:00-04:00,stop_same_bar,False,-110.95,-1.112,0.0,1.369,0.47099391480730235,73.23149179295986,16150693.0,"[{""t"": ""2023-07-27 09:36:00-04:00"", ""side"": ""B"", ""sh"": 414, ""px"": 7.44, ""why"": ""entry""}, {""t"": ""2023-07-27 09:36:00-04:00"", ""side"": ""S"", ""sh"": 414, ""px"": 7.179, ""why"": ""stop_same_bar""}]"
2023-07-28,AMBR,1,2023-07-28 09:56:00-04:00,596,2.1,2.11,2.08,2.14,0.02,112,112,0,2023-07-28 09:56:00-04:00,stop_same_bar,False,-5.26,-2.35,0.0,2.0,0.11229946524064172,5.4468527928873005,,"[{""t"": ""2023-07-28 09:56:00-04:00"", ""side"": ""B"", ""sh"": 112, ""px"": 2.11, ""why"": ""entry""}, {""t"": ""2023-07-28 09:56:00-04:00"", ""side"": ""S"", ""sh"": 112, ""px"": 2.07, ""why"": ""stop_same_bar""}]"
2023-08-03,BMRA,1,2023-08-03 08:24:00-04:00,504,2.3,2.31,2.16,2.58,0.14,714,714,0,2023-08-03 08:26:00-04:00,first_red_candle,False,-97.82,-0.9786,0.429,0.929,0.48630136986301364,15.197041120615367,16821646.0,"[{""t"": ""2023-08-03 08:24:00-04:00"", ""side"": ""B"", ""sh"": 714, ""px"": 2.31, ""why"": ""entry""}, {""t"": ""2023-08-03 08:26:00-04:00"", ""side"": ""S"", ""sh"": 714, ""px"": 2.18, ""why"": ""first_red_candle""}]"
2023-08-08,DRUG,1,2023-08-08 07:52:00-04:00,472,7.12,7.13,6.62,8.12,0.5,200,200,0,2023-08-08 07:53:00-04:00,first_red_candle,False,-53.4,-0.534,0.36,0.82,1.1987577639751552,5.826505939388373,17592359.0,"[{""t"": ""2023-08-08 07:52:00-04:00"", ""side"": ""B"", ""sh"": 200, ""px"": 7.13, ""why"": ""entry""}, {""t"": ""2023-08-08 07:53:00-04:00"", ""side"": ""S"", ""sh"": 200, ""px"": 6.87, ""why"": ""first_red_candle""}]"
2023-08-10,EDBL,1,2023-08-10 09:37:00-04:00,577,2.24,2.25,2.13,2.46,0.11,909,909,0,2023-08-10 09:37:00-04:00,stop_same_bar,False,-124.53,-1.2455,1.182,1.818,0.8022406639004147,180.0508030912128,2827082.0,"[{""t"": ""2023-08-10 09:37:00-04:00"", ""side"": ""B"", ""sh"": 909, ""px"": 2.25, ""why"": ""entry""}, {""t"": ""2023-08-10 09:37:00-04:00"", ""side"": ""S"", ""sh"": 909, ""px"": 2.12, ""why"": ""stop_same_bar""}]"
2023-09-05,CLRB,1,2023-09-05 08:50:00-04:00,530,2.57,2.58,2.44,2.83,0.13,769,769,0,2023-09-05 08:51:00-04:00,first_red_candle,False,-82.28,-0.8231,0.0,0.846,0.37362637362637385,75.06597382186571,9740507.0,"[{""t"": ""2023-09-05 08:50:00-04:00"", ""side"": ""B"", ""sh"": 769, ""px"": 2.58, ""why"": ""entry""}, {""t"": ""2023-09-05 08:51:00-04:00"", ""side"": ""S"", ""sh"": 769, ""px"": 2.48, ""why"": ""first_red_candle""}]"
2023-09-07,WHLR,1,2023-09-07 07:22:00-04:00,442,8.57,8.58,8.2,9.31,0.37,270,270,0,2023-09-07 07:24:00-04:00,sell_pressure_proxy,True,215.43,2.1565,3.054,0.0,0.856828193832599,12.086845357076326,9809195.0,"[{""t"": ""2023-09-07 07:22:00-04:00"", ""side"": ""B"", ""sh"": 270, ""px"": 8.58, ""why"": ""entry""}, {""t"": ""2023-09-07 07:22:00-04:00"", ""side"": ""S"", ""sh"": 135, ""px"": 9.3, ""why"": ""t1""}, {""t"": ""2023-09-07 07:23:00-04:00"", ""side"": ""S"", ""sh"": 68, ""px"": 9.67, ""why"": ""t2""}, {""t"": ""2023-09-07 07:24:00-04:00"", ""side"": ""S"", ""sh"": 67, ""px"": 9.27, ""why"": ""sell_pressure_proxy""}]"
2023-09-07,WHLRP,1,2023-09-07 07:39:00-04:00,459,3.05,3.06,3.0,3.15,0.05,537,537,0,2023-09-07 07:39:00-04:00,stop_same_bar,False,-41.35,-1.54,1.0,2.0,0.6482610845557937,17.716489874638377,9809195.0,"[{""t"": ""2023-09-07 07:39:00-04:00"", ""side"": ""B"", ""sh"": 537, ""px"": 3.06, ""why"": ""entry""}, {""t"": ""2023-09-07 07:39:00-04:00"", ""side"": ""S"", ""sh"": 537, ""px"": 2.99, ""why"": ""stop_same_bar""}]"
2023-10-03,SPRC,1,2023-10-03 08:46:00-04:00,526,7.46,7.47,7.0,8.38,0.46,217,217,0,2023-10-03 08:47:00-04:00,topping_tail,False,-68.79,-0.6891,0.109,0.0,0.9076086956521738,5.2861793339858165,6798840.0,"[{""t"": ""2023-10-03 08:46:00-04:00"", ""side"": ""B"", ""sh"": 217, ""px"": 7.47, ""why"": ""entry""}, {""t"": ""2023-10-03 08:47:00-04:00"", ""side"": ""S"", ""sh"": 217, ""px"": 7.16, ""why"": ""topping_tail""}]"
2023-10-10,SMX,1,2023-10-10 07:22:00-04:00,442,3.06,3.07,2.88,3.42,0.18,555,555,0,2023-10-10 07:25:00-04:00,breakeven_stop,True,160.16,1.6032,4.278,0.167,0.7869822485183333,5.115014842903989,,"[{""t"": ""2023-10-10 07:22:00-04:00"", ""side"": ""B"", ""sh"": 555, ""px"": 3.07, ""why"": ""entry""}, {""t"": ""2023-10-10 07:22:00-04:00"", ""side"": ""S"", ""sh"": 278, ""px"": 3.41, ""why"": ""t1""}, {""t"": ""2023-10-10 07:22:00-04:00"", ""side"": ""S"", ""sh"": 139, ""px"": 3.59, ""why"": ""t2""}, {""t"": ""2023-10-10 07:25:00-04:00"", ""side"": ""S"", ""sh"": 138, ""px"": 3.05, ""why"": ""breakeven_stop""}]"
2023-10-13,NTRP,1,2023-10-13 09:56:00-04:00,596,7.31,7.32,6.92,8.09,0.39,256,256,0,2023-10-13 09:58:00-04:00,first_red_candle,False,18.69,0.1872,1.513,0.41,1.9648760330578514,115.59064831572041,10772713.0,"[{""t"": ""2023-10-13 09:56:00-04:00"", ""side"": ""B"", ""sh"": 256, ""px"": 7.32, ""why"": ""entry""}, {""t"": ""2023-10-13 09:58:00-04:00"", ""side"": ""S"", ""sh"": 256, ""px"": 7.4, ""why"": ""first_red_candle""}]"
2023-10-26,ABVC,1,2023-10-26 09:03:00-04:00,543,3.81,3.82,3.62,4.19,0.19,526,526,0,2023-10-26 09:05:00-04:00,first_red_candle,False,-93.1,-0.9316,0.632,0.842,3.305882352941177,156.90559763532235,3951388.0,"[{""t"": ""2023-10-26 09:03:00-04:00"", ""side"": ""B"", ""sh"": 526, ""px"": 3.82, ""why"": ""entry""}, {""t"": ""2023-10-26 09:05:00-04:00"", ""side"": ""S"", ""sh"": 526, ""px"": 3.65, ""why"": ""first_red_candle""}]"
2023-11-29,VVOS,1,2023-11-29 07:47:00-05:00,467,9.01,9.02,8.48,10.07,0.53,188,188,0,2023-11-29 07:50:00-05:00,first_red_candle,False,28.76,0.2887,1.094,0.0,0.9840546697038728,20.73649292140581,1197258.0,"[{""t"": ""2023-11-29 07:47:00-05:00"", ""side"": ""B"", ""sh"": 188, ""px"": 9.02, ""why"": ""entry""}, {""t"": ""2023-11-29 07:50:00-05:00"", ""side"": ""S"", ""sh"": 188, ""px"": 9.18, ""why"": ""first_red_candle""}]"
2023-12-29,SXTC,1,2023-12-29 08:05:00-05:00,485,5.16,5.17,4.83,5.82,0.33,303,303,0,2023-12-29 08:07:00-05:00,topping_tail,False,67.57,0.6758,1.606,0.061,1.4925373134328361,30.664721202394954,11434129.0,"[{""t"": ""2023-12-29 08:05:00-05:00"", ""side"": ""B"", ""sh"": 303, ""px"": 5.17, ""why"": ""entry""}, {""t"": ""2023-12-29 08:07:00-05:00"", ""side"": ""S"", ""sh"": 303, ""px"": 5.4, ""why"": ""topping_tail""}]"
2024-01-18,RYM,1,2024-01-18 09:06:00-05:00,546,2.74,2.75,2.66,2.9,0.08,1250,1250,0,2024-01-18 09:06:00-05:00,stop_same_bar,False,-133.75,-1.3375,0.75,1.375,1.288135593220339,628.4934976059166,1701243.0,"[{""t"": ""2024-01-18 09:06:00-05:00"", ""side"": ""B"", ""sh"": 1250, ""px"": 2.75, ""why"": ""entry""}, {""t"": ""2024-01-18 09:06:00-05:00"", ""side"": ""S"", ""sh"": 1250, ""px"": 2.65, ""why"": ""stop_same_bar""}]"
2024-01-26,CRBP,1,2024-01-26 09:21:00-05:00,561,16.26,16.2763,15.8,17.18,0.46,217,217,0,2024-01-26 09:23:00-05:00,sell_pressure_proxy,True,130.97,1.3121,2.457,0.0,0.9028436018957346,114.83579916964031,4423683.0,"[{""t"": ""2024-01-26 09:21:00-05:00"", ""side"": ""B"", ""sh"": 217, ""px"": 16.2763, ""why"": ""entry""}, {""t"": ""2024-01-26 09:21:00-05:00"", ""side"": ""S"", ""sh"": 108, ""px"": 17.1628, ""why"": ""t1""}, {""t"": ""2024-01-26 09:23:00-05:00"", ""side"": ""S"", ""sh"": 109, ""px"": 16.6134, ""why"": ""sell_pressure_proxy""}]"
2024-02-06,HSDT,1,2024-02-06 07:12:00-05:00,432,10.61,10.6206,10.05,11.73,0.56,178,178,0,2024-02-06 07:12:00-05:00,stop_same_bar,False,-104.6,-1.0494,1.304,1.446,0.5035460992907801,59.086878780184755,708247.0,"[{""t"": ""2024-02-06 07:12:00-05:00"", ""side"": ""B"", ""sh"": 178, ""px"": 10.6206, ""why"": ""entry""}, {""t"": ""2024-02-06 07:12:00-05:00"", ""side"": ""S"", ""sh"": 178, ""px"": 10.04, ""why"": ""stop_same_bar""}]"
2024-02-12,BMR,1,2024-02-12 07:33:00-05:00,453,4.17,4.18,3.93,4.65,0.24,416,416,0,2024-02-12 07:34:00-05:00,stop,False,-111.07,-1.1125,0.125,1.0,0.9099526066350714,16.938887404757832,10932896.0,"[{""t"": ""2024-02-12 07:33:00-05:00"", ""side"": ""B"", ""sh"": 416, ""px"": 4.18, ""why"": ""entry""}, {""t"": ""2024-02-12 07:34:00-05:00"", ""side"": ""S"", ""sh"": 416, ""px"": 3.92, ""why"": ""stop""}]"
2024-02-14,DTSS,1,2024-02-14 08:59:00-05:00,539,8.55,8.56,8.12,9.41,0.43,232,232,0,2024-02-14 09:05:00-05:00,sell_pressure_proxy,True,292.97,2.9368,6.372,0.14,4.680272108843537,140.81069135646877,,"[{""t"": ""2024-02-14 08:59:00-05:00"", ""side"": ""B"", ""sh"": 232, ""px"": 8.56, ""why"": ""entry""}, {""t"": ""2024-02-14 09:02:00-05:00"", ""side"": ""S"", ""sh"": 116, ""px"": 9.4, ""why"": ""t1""}, {""t"": ""2024-02-14 09:03:00-05:00"", ""side"": ""S"", ""sh"": 58, ""px"": 9.83, ""why"": ""t2""}, {""t"": ""2024-02-14 09:05:00-05:00"", ""side"": ""S"", ""sh"": 58, ""px"": 10.6943, ""why"": ""sell_pressure_proxy""}]"
2024-03-05,AISP,1,2024-03-05 08:51:00-05:00,531,2.87,2.88,2.69,3.23,0.18,555,555,0,2024-03-05 08:53:00-05:00,topping_tail,False,34.96,0.35,1.222,0.222,0.6727272727272726,49.51598946047208,11485530.0,"[{""t"": ""2024-03-05 08:51:00-05:00"", ""side"": ""B"", ""sh"": 555, ""px"": 2.88, ""why"": ""entry""}, {""t"": ""2024-03-05 08:53:00-05:00"", ""side"": ""S"", ""sh"": 555, ""px"": 2.95, ""why"": ""topping_tail""}]"
2024-03-08,PBM,1,2024-03-08 08:08:00-05:00,488,3.01,3.02,2.84,3.35,0.17,588,588,0,2024-03-08 08:09:00-05:00,first_red_candle,False,-98.2,-0.9824,0.706,0.882,1.283465410866624,12.181710199435077,,"[{""t"": ""2024-03-08 08:08:00-05:00"", ""side"": ""B"", ""sh"": 588, ""px"": 3.02, ""why"": ""entry""}, {""t"": ""2024-03-08 08:09:00-05:00"", ""side"": ""S"", ""sh"": 588, ""px"": 2.86, ""why"": ""first_red_candle""}]"
2024-03-13,GXAI,1,2024-03-13 09:52:00-04:00,592,13.91,13.9239,13.0798,15.5704,0.8302,120,120,0,2024-03-13 09:54:00-04:00,first_red_candle,False,-8.04,-0.0807,0.108,0.494,1.5639097744360901,42.73763279389904,12072553.0,"[{""t"": ""2024-03-13 09:52:00-04:00"", ""side"": ""B"", ""sh"": 120, ""px"": 13.9239, ""why"": ""entry""}, {""t"": ""2024-03-13 09:54:00-04:00"", ""side"": ""S"", ""sh"": 120, ""px"": 13.8639, ""why"": ""first_red_candle""}]"
2024-03-25,ZSTK,1,2024-03-25 07:12:00-04:00,432,2.17,2.18,2.03,2.45,0.14,714,714,0,2024-03-25 07:13:00-04:00,topping_tail,False,-37.13,-0.3714,0.214,0.0,0.3227848101265822,5.159223778543472,8208595.0,"[{""t"": ""2024-03-25 07:12:00-04:00"", ""side"": ""B"", ""sh"": 714, ""px"": 2.18, ""why"": ""entry""}, {""t"": ""2024-03-25 07:13:00-04:00"", ""side"": ""S"", ""sh"": 714, ""px"": 2.135, ""why"": ""topping_tail""}]"
2024-03-27,IBIO,1,2024-03-27 08:37:00-04:00,517,2.56,2.57,2.49,2.7,0.07,1428,1428,0,2024-03-27 08:38:00-04:00,first_red_candle,False,-67.12,-0.6714,0.714,0.286,1.2173913043478262,133.5970030625408,3484266.0,"[{""t"": ""2024-03-27 08:37:00-04:00"", ""side"": ""B"", ""sh"": 1428, ""px"": 2.57, ""why"": ""entry""}, {""t"": ""2024-03-27 08:38:00-04:00"", ""side"": ""S"", ""sh"": 1428, ""px"": 2.53, ""why"": ""first_red_candle""}]"
2024-03-27,NMAD,1,2024-03-27 09:06:00-04:00,546,3.81,3.82,3.6,4.23,0.21,476,476,0,2024-03-27 09:06:00-04:00,stop_same_bar,False,-112.81,-1.1286,0.19,1.143,0.6629711751662972,56.155104807770904,2249290.0,"[{""t"": ""2024-03-27 09:06:00-04:00"", ""side"": ""B"", ""sh"": 476, ""px"": 3.82, ""why"": ""entry""}, {""t"": ""2024-03-27 09:06:00-04:00"", ""side"": ""S"", ""sh"": 476, ""px"": 3.59, ""why"": ""stop_same_bar""}]"
2024-04-05,GCTS,1,2024-04-05 08:19:00-04:00,499,10.75,10.7607,10.1001,12.0498,0.6499,153,153,0,2024-04-05 08:21:00-04:00,first_red_candle,False,4.81,0.0484,1.123,0.0,0.8115183246073299,9.443078031001697,,"[{""t"": ""2024-04-05 08:19:00-04:00"", ""side"": ""B"", ""sh"": 153, ""px"": 10.7607, ""why"": ""entry""}, {""t"": ""2024-04-05 08:21:00-04:00"", ""side"": ""S"", ""sh"": 153, ""px"": 10.7992, ""why"": ""first_red_candle""}]"
2024-04-08,AUUD,1,2024-04-08 08:54:00-04:00,534,3.55,3.56,3.41,3.83,0.14,714,714,0,2024-04-08 08:55:00-04:00,topping_tail,False,-54.98,-0.55,0.357,0.0,1.4335484385030708,16.614252372780804,2194196.0,"[{""t"": ""2024-04-08 08:54:00-04:00"", ""side"": ""B"", ""sh"": 714, ""px"": 3.56, ""why"": ""entry""}, {""t"": ""2024-04-08 08:55:00-04:00"", ""side"": ""S"", ""sh"": 714, ""px"": 3.49, ""why"": ""topping_tail""}]"
2024-04-09,LASE,1,2024-04-09 08:33:00-04:00,513,2.94,2.95,2.82,3.18,0.12,833,833,0,2024-04-09 08:43:00-04:00,topping_tail,True,298.53,2.9865,6.583,0.583,1.006993006993007,14.181986807093894,7878419.0,"[{""t"": ""2024-04-09 08:33:00-04:00"", ""side"": ""B"", ""sh"": 833, ""px"": 2.95, ""why"": ""entry""}, {""t"": ""2024-04-09 08:36:00-04:00"", ""side"": ""S"", ""sh"": 416, ""px"": 3.17, ""why"": ""t1""}, {""t"": ""2024-04-09 08:37:00-04:00"", ""side"": ""S"", ""sh"": 208, ""px"": 3.29, ""why"": ""t2""}, {""t"": ""2024-04-09 08:43:00-04:00"", ""side"": ""S"", ""sh"": 209, ""px"": 3.63, ""why"": ""topping_tail""}]"
2024-04-11,RENT,1,2024-04-11 09:41:00-04:00,581,11.71,11.7217,11.0,13.13,0.71,140,140,0,2024-04-11 09:45:00-04:00,sell_pressure_proxy,True,186.43,1.8756,2.479,0.0,0.5378378378378379,11.591100140582078,,"[{""t"": ""2024-04-11 09:41:00-04:00"", ""side"": ""B"", ""sh"": 140, ""px"": 11.7217, ""why"": ""entry""}, {""t"": ""2024-04-11 09:43:00-04:00"", ""side"": ""S"", ""sh"": 70, ""px"": 13.1169, ""why"": ""t1""}, {""t"": ""2024-04-11 09:45:00-04:00"", ""side"": ""S"", ""sh"": 70, ""px"": 13.0069, ""why"": ""sell_pressure_proxy""}]"
2024-04-12,NXPL,1,2024-04-12 07:07:00-04:00,427,2.5,2.51,2.4,2.7,0.1,1000,1000,0,2024-04-12 07:09:00-04:00,first_red_candle,False,63.0,0.63,1.3,0.0,0.6333333333333333,37.440182831174354,18724596.0,"[{""t"": ""2024-04-12 07:07:00-04:00"", ""side"": ""B"", ""sh"": 1000, ""px"": 2.51, ""why"": ""entry""}, {""t"": ""2024-04-12 07:09:00-04:00"", ""side"": ""S"", ""sh"": 1000, ""px"": 2.58, ""why"": ""first_red_candle""}]"
2024-04-16,PALI,1,2024-04-16 08:47:00-04:00,527,8.39,8.4,8.06,9.05,0.33,303,303,0,2024-04-16 08:49:00-04:00,first_red_candle,False,-89.99,-0.9,0.333,0.939,0.9735576923076925,44.13889829398196,12771015.0,"[{""t"": ""2024-04-16 08:47:00-04:00"", ""side"": ""B"", ""sh"": 303, ""px"": 8.4, ""why"": ""entry""}, {""t"": ""2024-04-16 08:49:00-04:00"", ""side"": ""S"", ""sh"": 303, ""px"": 8.11, ""why"": ""first_red_candle""}]"
2024-04-17,PLCE,1,2024-04-17 09:53:00-04:00,593,10.68,10.6907,10.25,11.54,0.43,232,232,0,2024-04-17 09:57:00-04:00,first_red_candle,False,83.81,0.8401,1.674,0.0,0.45850914205344573,6.56911001246244,12477325.0,"[{""t"": ""2024-04-17 09:53:00-04:00"", ""side"": ""B"", ""sh"": 232, ""px"": 10.6907, ""why"": ""entry""}, {""t"": ""2024-04-17 09:57:00-04:00"", ""side"": ""S"", ""sh"": 232, ""px"": 11.0589, ""why"": ""first_red_candle""}]"
2024-04-18,LRHC,1,2024-04-18 09:57:00-04:00,597,2.13,2.14,2.05,2.29,0.08,1072,1072,0,2024-04-18 09:58:00-04:00,first_red_candle,False,-61.1,-0.7125,0.625,0.707,0.3116874999999999,5.973911668599135,14302716.0,"[{""t"": ""2024-04-18 09:57:00-04:00"", ""side"": ""B"", ""sh"": 1072, ""px"": 2.14, ""why"": ""entry""}, {""t"": ""2024-04-18 09:58:00-04:00"", ""side"": ""S"", ""sh"": 1072, ""px"": 2.09, ""why"": ""first_red_candle""}]"
2024-05-03,OLOX,1,2024-05-03 09:46:00-04:00,586,5.77,5.78,5.5,6.31,0.27,370,370,0,2024-05-03 09:48:00-04:00,first_red_candle,False,-9.99,-0.1,0.852,0.074,0.8924914675767917,26.49854345756607,16482771.0,"[{""t"": ""2024-05-03 09:46:00-04:00"", ""side"": ""B"", ""sh"": 370, ""px"": 5.78, ""why"": ""entry""}, {""t"": ""2024-05-03 09:48:00-04:00"", ""side"": ""S"", ""sh"": 370, ""px"": 5.76, ""why"": ""first_red_candle""}]"
2024-05-07,GSUN,1,2024-05-07 09:55:00-04:00,595,5.51,5.52,5.2675,5.995,0.2425,412,412,0,2024-05-07 09:58:00-04:00,sell_pressure_proxy,True,224.49,2.2469,4.866,0.0,0.853448275862069,313.4685125308579,,"[{""t"": ""2024-05-07 09:55:00-04:00"", ""side"": ""B"", ""sh"": 412, ""px"": 5.52, ""why"": ""entry""}, {""t"": ""2024-05-07 09:56:00-04:00"", ""side"": ""S"", ""sh"": 206, ""px"": 5.985, ""why"": ""t1""}, {""t"": ""2024-05-07 09:56:00-04:00"", ""side"": ""S"", ""sh"": 103, ""px"": 6.2275, ""why"": ""t2""}, {""t"": ""2024-05-07 09:58:00-04:00"", ""side"": ""S"", ""sh"": 103, ""px"": 6.09, ""why"": ""sell_pressure_proxy""}]"
2024-05-09,CPOP,1,2024-05-09 08:08:00-04:00,488,3.3,3.31,3.23,3.44,0.07,1428,1428,0,2024-05-09 08:08:00-04:00,stop_same_bar,False,-138.52,-1.3857,0.143,2.0,0.911764705882353,233.49017585213085,,"[{""t"": ""2024-05-09 08:08:00-04:00"", ""side"": ""B"", ""sh"": 1428, ""px"": 3.31, ""why"": ""entry""}, {""t"": ""2024-05-09 08:08:00-04:00"", ""side"": ""S"", ""sh"": 1428, ""px"": 3.22, ""why"": ""stop_same_bar""}]"
2024-05-16,GOOS,1,2024-05-16 09:57:00-04:00,597,14.26,14.2743,14.05,14.68,0.21,476,476,0,2024-05-16 09:58:00-04:00,first_red_candle,False,-50.19,-0.5021,0.143,0.571,0.2460595446584939,5.085796277320647,,"[{""t"": ""2024-05-16 09:57:00-04:00"", ""side"": ""B"", ""sh"": 476, ""px"": 14.2743, ""why"": ""entry""}, {""t"": ""2024-05-16 09:58:00-04:00"", ""side"": ""S"", ""sh"": 476, ""px"": 14.1758, ""why"": ""first_red_candle""}]"
2024-05-28,AGPU,1,2024-05-28 07:42:00-04:00,462,2.65,2.66,2.55,2.85,0.1,1000,1000,0,2024-05-28 07:44:00-04:00,first_red_candle,False,43.0,0.43,1.5,0.0,0.6570193293114024,16.809626694446315,4101776.0,"[{""t"": ""2024-05-28 07:42:00-04:00"", ""side"": ""B"", ""sh"": 1000, ""px"": 2.66, ""why"": ""entry""}, {""t"": ""2024-05-28 07:44:00-04:00"", ""side"": ""S"", ""sh"": 1000, ""px"": 2.71, ""why"": ""first_red_candle""}]"
2024-06-13,BRTX,1,2024-06-13 09:23:00-04:00,563,2.11,2.12,2.02,2.29,0.09,1111,1111,0,2024-06-13 09:24:00-04:00,first_red_candle,False,-63.33,-0.6333,0.0,0.667,0.548148148148148,126.50372556031719,6769919.0,"[{""t"": ""2024-06-13 09:23:00-04:00"", ""side"": ""B"", ""sh"": 1111, ""px"": 2.12, ""why"": ""entry""}, {""t"": ""2024-06-13 09:24:00-04:00"", ""side"": ""S"", ""sh"": 1111, ""px"": 2.07, ""why"": ""first_red_candle""}]"
2024-06-24,REVB,1,2024-06-24 09:37:00-04:00,577,3.6971,3.7071,3.43,4.2313,0.2671,374,374,0,2024-06-24 09:38:00-04:00,stop,False,-109.99,-1.1011,0.385,1.487,0.6681990521327015,263.31767052786205,1632935.0,"[{""t"": ""2024-06-24 09:37:00-04:00"", ""side"": ""B"", ""sh"": 374, ""px"": 3.7071, ""why"": ""entry""}, {""t"": ""2024-06-24 09:38:00-04:00"", ""side"": ""S"", ""sh"": 374, ""px"": 3.42, ""why"": ""stop""}]"
2024-06-25,RGS,1,2024-06-25 07:30:00-04:00,450,7.63,7.64,7.4,8.09,0.23,434,434,0,2024-06-25 07:30:00-04:00,stop_same_bar,False,-111.54,-1.1174,0.522,1.261,0.48126232741617336,75.36025201090135,2279948.0,"[{""t"": ""2024-06-25 07:30:00-04:00"", ""side"": ""B"", ""sh"": 434, ""px"": 7.64, ""why"": ""entry""}, {""t"": ""2024-06-25 07:30:00-04:00"", ""side"": ""S"", ""sh"": 434, ""px"": 7.39, ""why"": ""stop_same_bar""}]"
2024-06-25,LRHC,1,2024-06-25 09:37:00-04:00,577,3.1,3.11,2.93,3.44,0.17,588,588,0,2024-06-25 09:38:00-04:00,sell_pressure_proxy,False,-74.68,-0.7471,0.471,0.0,0.9866666666666666,6.067300580946241,14817655.0,"[{""t"": ""2024-06-25 09:37:00-04:00"", ""side"": ""B"", ""sh"": 588, ""px"": 3.11, ""why"": ""entry""}, {""t"": ""2024-06-25 09:38:00-04:00"", ""side"": ""S"", ""sh"": 588, ""px"": 2.99, ""why"": ""sell_pressure_proxy""}]"
2024-07-03,CNSP,1,2024-07-03 08:35:00-04:00,515,2.49,2.5,2.36,2.75,0.13,769,769,0,2024-07-03 08:38:00-04:00,first_red_candle,False,2.31,0.0231,0.769,0.154,0.9365079365079365,5.222714979351288,11851932.0,"[{""t"": ""2024-07-03 08:35:00-04:00"", ""side"": ""B"", ""sh"": 769, ""px"": 2.5, ""why"": ""entry""}, {""t"": ""2024-07-03 08:38:00-04:00"", ""side"": ""S"", ""sh"": 769, ""px"": 2.51, ""why"": ""first_red_candle""}]"
2024-07-09,SNGX,1,2024-07-09 07:40:00-04:00,460,3.28,3.29,3.1,3.64,0.18,555,555,0,2024-07-09 07:41:00-04:00,sell_pressure_proxy,False,-76.03,-0.7611,0.611,0.0,0.575,5.254803838546553,15799837.0,"[{""t"": ""2024-07-09 07:40:00-04:00"", ""side"": ""B"", ""sh"": 555, ""px"": 3.29, ""why"": ""entry""}, {""t"": ""2024-07-09 07:41:00-04:00"", ""side"": ""S"", ""sh"": 555, ""px"": 3.16, ""why"": ""sell_pressure_proxy""}]"
2024-07-16,SILO,1,2024-07-16 07:17:00-04:00,437,2.15,2.16,2.05,2.35,0.1,1000,1000,0,2024-07-16 07:19:00-04:00,first_red_candle,False,23.0,0.23,1.2,0.0,0.9813084112149533,29.952925704410067,2803386.0,"[{""t"": ""2024-07-16 07:17:00-04:00"", ""side"": ""B"", ""sh"": 1000, ""px"": 2.16, ""why"": ""entry""}, {""t"": ""2024-07-16 07:19:00-04:00"", ""side"": ""S"", ""sh"": 1000, ""px"": 2.19, ""why"": ""first_red_candle""}]"
2024-07-25,AGPU,1,2024-07-25 08:46:00-04:00,526,2.18,2.19,2.07,2.4,0.11,909,909,0,2024-07-25 08:47:00-04:00,first_red_candle,False,-60.9,-0.6091,0.273,0.455,1.018691588785047,263.54808380311545,4101776.0,"[{""t"": ""2024-07-25 08:46:00-04:00"", ""side"": ""B"", ""sh"": 909, ""px"": 2.19, ""why"": ""entry""}, {""t"": ""2024-07-25 08:47:00-04:00"", ""side"": ""S"", ""sh"": 909, ""px"": 2.13, ""why"": ""first_red_candle""}]"
2024-07-30,PCSA,1,2024-07-30 09:20:00-04:00,560,3.01,3.02,2.81,3.41,0.2,500,500,0,2024-07-30 09:21:00-04:00,first_red_candle,False,-19.45,-0.1945,0.5,0.3,0.7529411764705884,358.67887104183467,2858007.0,"[{""t"": ""2024-07-30 09:20:00-04:00"", ""side"": ""B"", ""sh"": 500, ""px"": 3.02, ""why"": ""entry""}, {""t"": ""2024-07-30 09:21:00-04:00"", ""side"": ""S"", ""sh"": 500, ""px"": 2.9881, ""why"": ""first_red_candle""}]"
2024-07-31,QNME,1,2024-07-31 09:29:00-04:00,569,4.27,4.28,4.05,4.71,0.22,454,454,0,2024-07-31 09:30:00-04:00,topping_tail,False,-62.2,-0.6227,0.364,0.0,0.7468354430379744,56.82096651126912,,"[{""t"": ""2024-07-31 09:29:00-04:00"", ""side"": ""B"", ""sh"": 454, ""px"": 4.28, ""why"": ""entry""}, {""t"": ""2024-07-31 09:30:00-04:00"", ""side"": ""S"", ""sh"": 454, ""px"": 4.15, ""why"": ""topping_tail""}]"
2024-08-01,BBLG,1,2024-08-01 09:11:00-04:00,551,3.71,3.72,3.57,3.99,0.14,714,714,0,2024-08-01 09:12:00-04:00,stop,False,-119.24,-1.1929,0.357,1.0,0.6805555555555554,12.515757916853966,1100489.0,"[{""t"": ""2024-08-01 09:11:00-04:00"", ""side"": ""B"", ""sh"": 714, ""px"": 3.72, ""why"": ""entry""}, {""t"": ""2024-08-01 09:12:00-04:00"", ""side"": ""S"", ""sh"": 714, ""px"": 3.56, ""why"": ""stop""}]"
2024-08-06,TENX,1,2024-08-06 07:36:00-04:00,456,4.41,4.42,4.11,5.01,0.3,333,333,0,2024-08-06 07:39:00-04:00,first_red_candle,False,24.31,0.2433,0.8,0.233,0.5068493150684934,47.9142439231131,1958245.0,"[{""t"": ""2024-08-06 07:36:00-04:00"", ""side"": ""B"", ""sh"": 333, ""px"": 4.42, ""why"": ""entry""}, {""t"": ""2024-08-06 07:39:00-04:00"", ""side"": ""S"", ""sh"": 333, ""px"": 4.5, ""why"": ""first_red_candle""}]"
2024-08-19,ALZN,1,2024-08-19 08:20:00-04:00,500,5.88,5.89,5.5,6.64,0.38,263,263,0,2024-08-19 08:30:00-04:00,repeated_rejection,True,228.02,2.2815,3.211,0.763,1.8382352941176472,94.41969403499685,841240.0,"[{""t"": ""2024-08-19 08:20:00-04:00"", ""side"": ""B"", ""sh"": 263, ""px"": 5.89, ""why"": ""entry""}, {""t"": ""2024-08-19 08:23:00-04:00"", ""side"": ""S"", ""sh"": 132, ""px"": 6.63, ""why"": ""t1""}, {""t"": ""2024-08-19 08:26:00-04:00"", ""side"": ""S"", ""sh"": 66, ""px"": 7.01, ""why"": ""t2""}, {""t"": ""2024-08-19 08:30:00-04:00"", ""side"": ""S"", ""sh"": 65, ""px"": 6.79, ""why"": ""repeated_rejection""}]"
2024-08-29,LUCY,1,2024-08-29 08:22:00-04:00,502,5.4814,5.4914,5.32,5.8042,0.1614,619,619,0,2024-08-29 08:23:00-04:00,topping_tail,False,25.75,0.2577,1.23,0.0,0.6465256797583081,40.778192048055445,1570569.0,"[{""t"": ""2024-08-29 08:22:00-04:00"", ""side"": ""B"", ""sh"": 619, ""px"": 5.4914, ""why"": ""entry""}, {""t"": ""2024-08-29 08:23:00-04:00"", ""side"": ""S"", ""sh"": 619, ""px"": 5.54, ""why"": ""topping_tail""}]"
2024-09-04,CYN,1,2024-09-04 07:20:00-04:00,440,5.03,5.04,4.81,5.47,0.22,454,454,0,2024-09-04 07:20:00-04:00,stop_same_bar,False,-112.14,-1.1227,0.091,1.955,0.34986225895316814,7.799173296083271,2026533.0,"[{""t"": ""2024-09-04 07:20:00-04:00"", ""side"": ""B"", ""sh"": 454, ""px"": 5.04, ""why"": ""entry""}, {""t"": ""2024-09-04 07:20:00-04:00"", ""side"": ""S"", ""sh"": 454, ""px"": 4.8, ""why"": ""stop_same_bar""}]"
2024-09-09,SINT,1,2024-09-09 08:09:00-04:00,489,5.16,5.17,4.78,5.92,0.38,263,263,0,2024-09-09 08:16:00-04:00,breakeven_stop,True,93.22,0.9327,2.711,0.263,0.769503546099291,23.000568991067922,747293.0,"[{""t"": ""2024-09-09 08:09:00-04:00"", ""side"": ""B"", ""sh"": 263, ""px"": 5.17, ""why"": ""entry""}, {""t"": ""2024-09-09 08:10:00-04:00"", ""side"": ""S"", ""sh"": 132, ""px"": 5.91, ""why"": ""t1""}, {""t"": ""2024-09-09 08:16:00-04:00"", ""side"": ""S"", ""sh"": 131, ""px"": 5.15, ""why"": ""breakeven_stop""}]"
2024-09-10,BKYI,1,2024-09-10 08:42:00-04:00,522,2.1,2.11,1.97,2.36,0.13,769,769,0,2024-09-10 08:42:00-04:00,stop_same_bar,False,-120.73,-1.2077,0.154,1.0,1.0098522167487682,522.5088974956773,1982201.0,"[{""t"": ""2024-09-10 08:42:00-04:00"", ""side"": ""B"", ""sh"": 769, ""px"": 2.11, ""why"": ""entry""}, {""t"": ""2024-09-10 08:42:00-04:00"", ""side"": ""S"", ""sh"": 769, ""px"": 1.96, ""why"": ""stop_same_bar""}]"
2024-09-11,PLCE,1,2024-09-11 08:37:00-04:00,517,7.86,7.87,7.61,8.36,0.25,400,400,0,2024-09-11 08:37:00-04:00,stop_same_bar,False,-110.8,-1.108,0.04,1.4,0.5612857142857142,6.102668272400974,12718280.0,"[{""t"": ""2024-09-11 08:37:00-04:00"", ""side"": ""B"", ""sh"": 400, ""px"": 7.87, ""why"": ""entry""}, {""t"": ""2024-09-11 08:37:00-04:00"", ""side"": ""S"", ""sh"": 400, ""px"": 7.6, ""why"": ""stop_same_bar""}]"
2024-09-11,BCTX,1,2024-09-11 09:13:00-04:00,553,2.08,2.09,2.02,2.2,0.06,1666,1666,0,2024-09-11 09:13:00-04:00,stop_same_bar,False,-144.94,-1.45,0.0,1.0,2.3250833961045947,313.1633329299294,18284661.0,"[{""t"": ""2024-09-11 09:13:00-04:00"", ""side"": ""B"", ""sh"": 1666, ""px"": 2.09, ""why"": ""entry""}, {""t"": ""2024-09-11 09:13:00-04:00"", ""side"": ""S"", ""sh"": 1666, ""px"": 2.01, ""why"": ""stop_same_bar""}]"
2024-09-12,MNPR,1,2024-09-12 08:24:00-04:00,504,5.58,5.59,5.4,5.94,0.18,555,555,0,2024-09-12 08:24:00-04:00,stop_same_bar,False,-114.88,-1.15,0.5,1.5,1.2791666666666668,66.0476590388512,17601827.0,"[{""t"": ""2024-09-12 08:24:00-04:00"", ""side"": ""B"", ""sh"": 555, ""px"": 5.59, ""why"": ""entry""}, {""t"": ""2024-09-12 08:24:00-04:00"", ""side"": ""S"", ""sh"": 555, ""px"": 5.39, ""why"": ""stop_same_bar""}]"
2024-09-24,PARA,1,2024-09-24 09:45:00-04:00,585,7.95,7.96,7.6,8.65,0.35,285,285,0,2024-09-24 09:45:00-04:00,stop_same_bar,False,-107.44,-1.0771,0.114,1.571,0.857142857142857,5.466952423659916,,"[{""t"": ""2024-09-24 09:45:00-04:00"", ""side"": ""B"", ""sh"": 285, ""px"": 7.96, ""why"": ""entry""}, {""t"": ""2024-09-24 09:45:00-04:00"", ""side"": ""S"", ""sh"": 285, ""px"": 7.59, ""why"": ""stop_same_bar""}]"
