peak,ticker,name,sector,start,runup_3y,max_dd,dd_date,yrs_last_below,still_below_today,ret_5y,ann_5y,ret_10y,ann_10y,ret_15y,ann_15y,ret_20y,ann_20y,ann_to_today,lump_10y,staged_10y,adds,cash_10y
2000-03-24,MMM,3M,Industrials,2000-03-24,0.10485053563497848,-0.09458200434123087,2000-06-07,1.4948665297741273,False,1.0784520967517945,0.15757197501480702,1.2680946354494789,0.0853407697005033,4.229538611635646,0.11659983222720594,3.789497762217011,0.08147005510684235,0.08524675026285733,1.2680946354494789,0.6161847168563339,0,0.29022975755976144
2007-10-09,MMM,3M,Industrials,2007-10-09,0.2902140028750533,-0.5426012416666569,2009-03-06,4.657084188911704,False,0.1277633568761123,0.0243387354075133,1.943013414419494,0.11398469511163967,0.7172680124156636,0.03670662059177476,,,0.06897542673162849,1.943013414419494,2.9803793571584487,2,0.036017123477011026
2021-12-31,MMM,3M,Industrials,2021-12-31,0.03126506812309793,-0.47555081451148007,2023-10-23,3.3045859000684463,False,,,,,,,,,0.054718133615150544,0.2881465183355536,0.7168560677558051,2,0.20578643905205918
2021-12-31,AOS,A. O. Smith,Industrials,2021-12-31,1.1262696085611124,-0.42684177484899133,2022-09-30,4.7529089664613275,True,,,,,,,,,-0.06591137048295859,-0.2768019171369883,-0.0469738451620173,2,0.20578643905205918
2000-03-24,ABT,Abbott Laboratories,Health Care,2000-03-24,0.18517433914399062,-0.03518672077010998,2002-07-23,2.329911019849418,False,0.704368186932852,0.11253244140004415,1.3364966245341883,0.08857038703302145,3.8801963992846,0.11146507340101985,7.016076409331427,0.10968085261970151,0.10038762806940293,1.3364966245341883,0.6389853798845704,0,0.29022975755976144
2007-10-09,ABT,Abbott Laboratories,Health Care,2007-10-09,0.4466956674689633,-0.20598065897343576,2009-05-01,3.8357289527720737,False,0.5163202343684172,0.08682141200835969,1.7184215355038068,0.10517659800884904,4.497184713754461,0.12032154672973894,,,0.09615322406995608,1.7184215355038068,1.4175213601689944,1,0.036017123477011026
2021-12-31,ABT,Abbott Laboratories,Health Care,2021-12-31,1.0403183491560344,-0.36052172555046813,2026-05-11,4.7529089664613275,True,,,,,,,,,-0.05595285397364713,-0.23941587802200703,-0.014275749272174565,1,0.20578643905205918
2021-12-31,ABBV,AbbVie,Health Care,2021-12-31,0.7161538914506191,-0.015143788773138489,2022-01-21,0.06844626967830253,False,,,,,,,,,0.1919834102396376,1.3041214654783206,0.5718981145274797,0,0.20578643905205918
2021-12-31,ACN,Accenture,Information Technology,2021-12-31,2.062125281389932,-0.6787347840227644,2026-06-30,4.7529089664613275,True,,,,,,,,,-0.12865492673001633,-0.4803279372147359,-0.2716758602800514,2,0.20578643905205918
2000-03-24,ADBE,Adobe Inc.,Information Technology,2000-03-24,4.3381241994678925,-0.6903525823750066,2002-08-05,11.72621492128679,False,0.23854692541031564,0.04371636511810051,0.3591627756445863,0.031162586434139827,1.8087875099700081,0.07127571281994349,10.540413032594408,0.1300848886381083,0.08567098819703722,0.3591627756445863,0.9507802240256624,2,0.29022975755976144
2007-10-09,ADBE,Adobe Inc.,Information Technology,2007-10-09,0.8093000962157246,-0.6446520100408734,2009-03-03,5.861738535249829,False,-0.2953079903527267,-0.06760514278149188,2.368912516957037,0.12914306977396373,5.421391620526108,0.13198831486345508,,,0.09167739274381881,2.368912516957037,3.5433291746372513,2,0.036017123477011026
2021-12-31,ADBE,Adobe Inc.,Information Technology,2021-12-31,1.5064532522552811,-0.6589249735569216,2026-06-25,4.7529089664613275,True,,,,,,,,,-0.16718198771124282,-0.580838000450127,-0.4227110221690229,2,0.20578643905205918
2021-12-31,AMD,Advanced Micro Devices,Information Technology,2021-12-31,6.795232992049476,-0.6112578109839958,2022-10-14,3.5208761122518824,False,,,,,,,,,0.36612042458029803,3.4052119529660265,4.854159863436652,2,0.20578643905205918
2000-03-24,AES,AES Corporation,Utilities,2000-03-24,1.5842216406129723,-0.9749174905403232,2002-10-16,26.524298425735797,True,-0.5699008886154882,-0.1552781868644132,-0.7090428528817154,-0.11614117413158342,-0.651679946455117,-0.06789415379126384,-0.580818135742422,-0.04254113576317731,-0.017157180440802722,-0.7090428528817154,-0.44885459427355245,2,0.29022975755976144
2007-10-09,AES,AES Corporation,Utilities,2007-10-09,1.0190106599097786,-0.7688323794981765,2009-03-09,18.195756331279945,False,-0.4924669761288599,-0.12684195223271577,-0.39631895809446016,-0.0492184322091771,0.5824318764076988,0.031070436923932743,,,0.006308760299361893,-0.39631895809446016,-0.17878782191667741,2,0.036017123477011026
2021-12-31,AES,AES Corporation,Utilities,2021-12-31,0.8396794322813077,-0.5470914458006051,2025-04-21,4.7529089664613275,True,,,,,,,,,-0.05970617544006518,-0.25368142987489617,0.014820986269806768,2,0.20578643905205918
2007-10-09,A,Agilent Technologies,Health Care,2007-10-09,0.8218685063148414,-0.6740043410797758,2009-03-09,5.163586584531143,False,0.007265805724613994,0.0014489561088124603,1.5838392295592199,0.09957928298699437,4.141257894050151,0.11533318964476336,,,0.10761999238565934,1.5838392295592199,2.4248749754741517,2,0.036017123477011026
2021-12-31,A,Agilent Technologies,Health Care,2021-12-31,1.4159837892022802,-0.36287414572042753,2025-04-08,4.7091033538672145,False,,,,,,,,,0.01781269107980088,0.08753852158227349,0.22329787057469508,1,0.20578643905205918
2000-03-24,APD,Air Products,Materials,2000-03-24,-0.11821069672220241,-0.03455730588702122,2000-03-27,0.07118412046543464,False,1.4346024727057958,0.19477358346607998,2.189194103231303,0.12296984730464078,6.42014272634341,0.14295066310105486,10.585014879525785,0.13030286859037798,0.11849686702015672,2.189194103231303,0.9232178727836087,0,0.29022975755976144
2007-10-09,APD,Air Products,Materials,2007-10-09,0.9239343674350047,-0.5666319287213941,2008-11-20,5.4839151266255985,False,-0.03639335456446102,-0.007387003337442688,1.177977587759599,0.08094933986291353,2.7178885064365677,0.09148999071593478,,,0.08766590642232108,1.177977587759599,1.9571737292826512,2,0.036017123477011026
2021-12-31,APD,Air Products,Materials,2021-12-31,1.0276058102336538,-0.28262029156765955,2022-03-14,4.492813141683778,False,,,,,,,,,0.006296697169095644,0.030283286122189113,0.1797429032873301,1,0.20578643905205918
2007-10-09,AKAM,Akamai Technologies,Information Technology,2007-10-09,1.3542629651328983,-0.7391914587190734,2008-11-20,5.538672142368241,False,0.07692312635119491,0.014931988261969398,0.4124088400310617,0.03513273450436594,1.3043235343160515,0.057230208133884686,,,0.06065212019207622,0.4124088400310617,0.9111290934332898,2,0.036017123477011026
2021-12-31,AKAM,Akamai Technologies,Information Technology,2021-12-31,0.9161754650770346,-0.41720780458894,2025-04-08,4.7529089664613275,True,,,,,,,,,-0.015014168766835256,-0.06937801335496041,0.3163660835706641,2,0.20578643905205918
2021-12-31,ALB,Albemarle Corporation,Materials,2021-12-31,2.1734511019538862,-0.7748630538159104,2025-04-08,4.7529089664613275,True,,,,,,,,,-0.14504155770165006,-0.5251670977245891,-0.35355944787208704,2,0.20578643905205918
2021-12-31,ALGN,Align Technology,Health Care,2021-12-31,2.137945927798232,-0.8099759599421839,2025-09-25,4.7529089664613275,True,,,,,,,,,-0.27370136419973135,-0.7812775691665373,-0.7090045980646162,2,0.20578643905205918
2021-12-31,ALLE,Allegion,Industrials,2021-12-31,0.7183421874126312,-0.3199313852672585,2022-09-27,3.3045859000684463,False,,,,,,,,,0.046892920536799165,0.2433507025191728,0.3480489107918654,1,0.20578643905205918
2021-12-31,LNT,Alliant Energy,Utilities,2021-12-31,0.5874246700357872,-0.205126384348991,2023-10-02,2.614647501711157,False,,,,,,,,,0.04329767549015506,0.2231865241284816,0.3255968567982084,1,0.20578643905205918
2007-10-09,GOOGL,Alphabet Inc. (Class A),Communication Services,2007-10-09,3.466564950401973,-0.5815208676921553,2008-11-24,4.7967145790554415,False,0.2095483108905032,0.0387825460418556,2.2228545398921713,0.12414949690565491,5.4099174537770915,0.13185335485506533,,,0.17831690337945694,2.2228545398921713,3.3973961540137205,2,0.036017123477011026
2021-12-31,GOOGL,Alphabet Inc. (Class A),Communication Services,2021-12-31,1.7723930557650038,-0.4240328642192196,2022-11-03,2.2039698836413417,False,,,,,,,,,0.20161377224279775,1.3939512141172368,2.2147450087809757,2,0.20578643905205918
2021-12-31,GOOG,Alphabet Inc. (Class C),Communication Services,2021-12-31,1.7940931317574784,-0.4229314795067516,2022-11-03,2.2039698836413417,False,,,,,,,,,0.19957660993511284,1.37472233909721,2.1787364102147695,2,0.20578643905205918
2000-03-24,MO,Altria,Consumer Staples,2000-03-24,-0.4076607521258445,-0.03470028925419233,2000-03-29,0.013689253935660506,False,3.2288144577503735,0.3342700145886517,6.669461049253569,0.22596051980644916,24.018735409540707,0.23941768945360908,19.300184211807093,0.16245191946494053,0.17341314100188576,6.669461049253569,2.416640188124364,0,0.29022975755976144
2007-10-09,MO,Altria,Consumer Staples,2007-10-09,1.279445736152585,-0.2959546726971699,2008-11-20,2.1437371663244353,False,1.1134323959292098,0.16144238814512168,3.9730450427433537,0.17398416555772567,3.731863200072522,0.10918029448051558,,,0.12964409279021627,3.9730450427433537,3.1396048965640038,1,0.036017123477011026
2021-12-31,MO,Altria,Consumer Staples,2021-12-31,0.20279044010980418,-0.09933353427000435,2022-07-06,2.1765913757700206,False,,,,,,,,,0.16273368865187554,1.0474895537477957,0.48635414395063803,0,0.20578643905205918
2007-10-09,AMZN,Amazon,Consumer Discretionary,2007-10-09,1.3829998970031738,-0.6325010310128258,2008-11-20,2.0369609856262834,False,1.6328159626598269,0.2136238441647944,9.396454396416777,0.26382960751908424,23.036928768369386,0.23611420845548436,,,0.23237212562887755,9.396454396416777,12.993156059999116,2,0.036017123477011026
2021-12-31,AMZN,Amazon,Consumer Discretionary,2021-12-31,1.219977607128333,-0.509228200895756,2022-12-28,2.6036960985626285,False,,,,,,,,,0.09037388770990562,0.5086644520644172,1.055986023356299,2,0.20578643905205918
2021-12-31,AMCR,Amcor,Materials,2021-12-31,0.4822104722807974,-0.24664115423711175,2026-05-15,4.7529089664613275,True,,,,,,,,,-0.02505483767244443,-0.11361205727243173,0.09116300654083731,1,0.20578643905205918
2000-03-24,AEE,Ameren,Utilities,2000-03-24,,-0.0061477571138987,2000-03-28,0.010951403148528405,False,1.1270412190521157,0.16293430335986514,0.4799296949159706,0.039977895209609704,2.082708861148157,0.0779422655565698,4.661852523611977,0.09055588990964658,0.09248929956596053,0.4799296949159706,0.3534630700118311,0,0.29022975755976144
2007-10-09,AEE,Ameren,Utilities,2007-10-09,0.3495250534955954,-0.5986169935254526,2009-03-09,6.828199863107461,False,-0.19217591126971023,-0.04178412890791272,0.7780060978144077,0.059237443876648754,1.6469801386510796,0.06704658161876198,,,0.07407082542693022,0.7780060978144077,1.365895389901902,2,0.036017123477011026
2021-12-31,AEE,Ameren,Utilities,2021-12-31,0.4748817791409614,-0.19189983618417994,2024-02-08,2.6611909650924024,False,,,,,,,,,0.05551448613890564,0.29277575095574027,0.2347828763532862,0,0.20578643905205918
2000-03-24,AEP,American Electric Power,Utilities,2000-03-24,-0.143640311207195,-0.31418815116758636,2002-10-09,3.055441478439425,False,0.49009449254376314,0.08303567366897324,0.875144419413278,0.06488686983746095,2.9433584402191277,0.09578264298607575,4.9048444957935695,0.09284966442370846,0.09939415112754646,0.875144419413278,1.0540533460752695,1,0.29022975755976144
2007-10-09,AEP,American Electric Power,Utilities,2007-10-09,0.6761717809295444,-0.46552411836816854,2009-03-09,4.654346338124572,False,0.1666508735790162,0.03130751430687195,1.2786438345638942,0.08584452215509342,2.11945399174854,0.07879412412398024,,,0.090758244207922,1.2786438345638942,2.0961830539995896,2,0.036017123477011026
2021-12-31,AEP,American Electric Power,Utilities,2021-12-31,0.31444304230040787,-0.14672543536268856,2023-10-05,2.294318959616701,False,,,,,,,,,0.10303900329075688,0.5937878971699684,0.3351202584246957,0,0.20578643905205918
2021-12-31,AWK,American Water Works,Utilities,2021-12-31,1.1823616113613764,-0.3710107278531497,2024-04-16,4.7529089664613275,True,,,,,,,,,-0.054680792317235216,-0.23453251190272395,-0.023717788492075398,1,0.20578643905205918
2021-12-31,AME,Ametek,Industrials,2021-12-31,1.2160910744098863,-0.26878685295746907,2022-06-17,1.8480492813141685,False,,,,,,,,,0.12728893550590437,0.7673345982268298,0.7354408194195556,1,0.20578643905205918
2000-03-24,AMGN,Amgen,Health Care,2000-03-24,2.6450951342723936,-0.4305615221224588,2002-07-15,11.526351813826146,False,0.08096153787733806,0.015692038583663415,0.08261150531480999,0.007969204691183895,2.27043805373189,0.082198834393711,3.5587790555222263,0.0788036998061723,0.09486915789157724,0.08261150531480999,0.5230687130746348,2,0.29022975755976144
2007-10-09,AMGN,Amgen,Health Care,2007-10-09,0.025328197680208664,-0.2997546940128737,2008-03-19,4.139630390143737,False,0.5348393480095699,0.0894632494472436,2.7137175592645066,0.14019960734928105,4.316122595316917,0.11782289161254722,,,0.13232667412236032,2.7137175592645066,2.1729818289330263,1,0.036017123477011026
2021-12-31,AMGN,Amgen,Health Care,2021-12-31,0.26156362296367686,-0.016979657808854798,2022-02-24,0.15058179329226556,False,,,,,,,,,0.16608496830661013,1.0756902804170014,0.4957543861737066,0,0.20578643905205918
2021-12-31,APH,Amphenol,Information Technology,2021-12-31,1.2225983388881057,-0.28340564657594713,2022-06-16,1.8562628336755647,False,,,,,,,,,0.3490214803334233,3.1492330549254532,2.524415177575735,1,0.20578643905205918
2000-03-24,ADI,Analog Devices,Information Technology,2000-03-24,7.307691896126386,-0.8022414413439675,2008-12-01,16.61601642710472,False,-0.5888209586175628,-0.1628443860772073,-0.6238821881719322,-0.0931564047100325,-0.09772699430052645,-0.006832427941871555,0.5731518787195993,0.022912610559726154,0.08065182992049857,-0.6238821881719322,-0.4697266264017721,2,0.29022975755976144
2007-10-09,ADI,Analog Devices,Information Technology,2007-10-09,-0.005750396212280129,-0.5503497819923289,2008-12-01,4.128678986995209,False,0.22316735420137013,0.04111133846027748,2.1803490791091735,0.12265800947524674,4.789884144680688,0.12420278862224432,,,0.16376616216062545,2.1803490791091735,3.2097343453818423,2,0.036017123477011026
2021-12-31,ADI,Analog Devices,Information Technology,2021-12-31,1.1686903709950167,-0.21089324024751854,2022-10-14,3.2580424366872007,False,,,,,,,,,0.21970545104115002,1.5701708599783015,1.3415716721257747,1,0.20578643905205918
2000-03-24,APA,APA Corporation,Energy,2000-03-24,0.312093702930603,-0.0885072435150106,2001-09-26,20.851471594798085,False,2.331382023660254,0.2721106472962813,4.9125569543796415,0.19447629046271375,2.5576656789377767,0.08828925750405414,-0.6201734353708018,-0.0472493213919053,0.04836486550588015,4.9125569543796415,1.8310054898330543,0,0.29022975755976144
2007-10-09,APA,APA Corporation,Energy,2007-10-09,0.7938825970549002,-0.9477456636078815,2020-04-01,18.981519507186857,True,-0.025718498137772938,-0.005197446453888532,-0.4460382013675517,-0.05735540503158043,-0.43370896583268925,-0.0372002273614398,,,-0.02100211616131853,-0.4460382013675517,-0.24603477699312248,2,0.036017123477011026
2021-12-31,APA,APA Corporation,Energy,2021-12-31,0.08588892110578028,-0.431940472496104,2025-04-08,4.0191649555099245,False,,,,,,,,,0.1427552157941534,0.8855859862169904,1.8214136054315944,2,0.20578643905205918
2000-03-24,AAPL,Apple Inc.,Information Technology,2000-03-24,7.405324189022442,-0.8107973966045987,2003-04-17,5.13347022587269,False,0.22577719412109976,0.04155523812719175,5.615450333353335,0.2079694232165208,26.11648939704418,0.24608852747439292,56.42047995799143,0.22448463783659078,0.24319148945492186,5.615450333353335,10.134485006507827,2,0.29022975755976144
2007-10-09,AAPL,Apple Inc.,Information Technology,2007-10-09,7.594980490114446,-0.5341355033605681,2009-01-20,1.9028062970568105,False,2.804242046009397,0.30633218879039936,6.2235989986915214,0.21863981434224367,26.36816739786778,0.24685623448708371,,,0.247437861609354,6.2235989986915214,8.666827643167988,2,0.036017123477011026
2021-12-31,AAPL,Apple Inc.,Information Technology,2021-12-31,3.638398609033164,-0.2918535130342771,2023-01-05,3.268993839835729,False,,,,,,,,,0.14759517454810522,0.9238460332560876,0.8510420563432104,1,0.20578643905205918
2000-03-24,AMAT,Applied Materials,Information Technology,2000-03-24,7.901044215635963,-0.8410089591003058,2008-11-20,19.99726214921287,False,-0.6886132512867524,-0.20811881303450108,-0.7396258999697095,-0.12590270112974655,-0.45906606703155783,-0.04013619577769778,0.10598933509237907,0.005049720090331,0.1046408103340355,-0.7396258999697095,-0.6478443267596401,2,0.29022975755976144
2007-10-09,AMAT,Applied Materials,Information Technology,2007-10-09,0.30561707033311225,-0.5987952663163689,2008-11-20,8.361396303901437,False,-0.41251171063368297,-0.10091688245779018,2.133086174220019,0.12097837343138784,4.231720876800357,0.11663088968375113,,,0.20663023377884104,2.133086174220019,3.261032284131951,2,0.036017123477011026
2021-12-31,AMAT,Applied Materials,Information Technology,2021-12-31,3.9957188372546977,-0.5239097964822936,2022-10-17,3.3319644079397674,False,,,,,,,,,0.3070939686160774,2.571047963375026,3.8468429481151087,2,0.20578643905205918
2021-12-31,APTV,Aptiv,Consumer Discretionary,2021-12-31,1.7144756206852478,-0.7391936874587368,2026-09-30,4.7529089664613275,True,,,,,,,,,-0.24439875259116672,-0.7360412141796566,-0.6524829724544008,2,0.20578643905205918
2000-03-24,ADM,Archer Daniels Midland,Consumer Staples,2000-03-24,-0.3027533346468101,-0.13994451423538667,2000-09-25,0.5831622176591376,False,1.8589245422848983,0.23378799049108867,2.607178523867323,0.13688559476023765,5.6309294691113365,0.1344141297097079,4.313805162034755,0.08710196640695522,0.10997360953029989,2.607178523867323,1.0625460129956155,0,0.29022975755976144
2007-10-09,ADM,Archer Daniels Midland,Consumer Staples,2007-10-09,1.0475167517185757,-0.5374449318727901,2008-10-09,5.327857631759069,False,-0.0683815904750863,-0.014066524768957755,0.5934547597373299,0.047692834825557195,2.689196108312915,0.09092639451162854,,,0.07464578961241686,0.5934547597373299,1.1829001540108135,2,0.036017123477011026
2021-12-31,ADM,Archer Daniels Midland,Consumer Staples,2021-12-31,0.8081808548381346,-0.3246617415918329,2025-04-08,4.0191649555099245,False,,,,,,,,,0.0673967021910229,0.363421751253034,0.4694667541448554,1,0.20578643905205918
2021-12-31,ANET,Arista Networks,Information Technology,2021-12-31,1.7289986157012,-0.37099131708559785,2022-06-16,1.3935660506502396,False,,,,,,,,,0.44592355687423524,4.769739300271739,3.741725377180301,1,0.20578643905205918
2000-03-24,T,AT&T,Communication Services,2000-03-24,0.6741690988743974,-0.4980572033849816,2003-03-11,9.32785763175907,False,-0.30185657253871667,-0.0693445375655739,0.09712440332083072,0.009312350420045634,0.9899745438926915,0.046943314742921016,1.424641369467539,0.045279361457843725,0.05671432252733055,0.09712440332083072,0.5496082063296832,2,0.29022975755976144
2007-10-09,T,AT&T,Communication Services,2007-10-09,0.8792837907010589,-0.43781764053508954,2009-03-09,4.372347707049966,False,0.28823102619785046,0.05195884828724573,0.8685140383577428,0.06450973272232496,0.45761043581516914,0.02543805682578859,,,0.05785164055696512,0.8685140383577428,1.5062228661125117,2,0.036017123477011026
2021-12-31,T,AT&T,Communication Services,2021-12-31,0.1226529458251322,-0.1854701460689756,2023-07-18,1.9082819986310746,False,,,,,,,,,0.12139350766469548,0.7238339202486179,0.3784689327842454,0,0.20578643905205918
2021-12-31,ATO,Atmos Energy,Utilities,2021-12-31,0.21163879284356812,-0.0462443881982475,2022-10-14,0.813141683778234,False,,,,,,,,,0.11609597798727567,0.6854702524598983,0.3656810435213389,0,0.20578643905205918
2000-03-24,ADSK,Autodesk,Information Technology,2000-03-24,0.6594887764895927,-0.5980314044376956,2000-07-28,8.958247775496236,False,1.3946022904107633,0.19082153176219285,1.4469843057105645,0.09361162573823112,4.07772100759043,0.11440894407100188,11.468561981242974,0.13446425984351063,0.11424952998585747,1.4469843057105645,2.5051363308276713,2,0.29022975755976144
2007-10-09,ADSK,Autodesk,Information Technology,2007-10-09,1.1147424905410244,-0.7678817786606662,2009-03-09,8.71731690622861,False,-0.3799014913624731,-0.09115015524056169,1.308177327874846,0.08724374317402295,2.8372414875500307,0.09379166286054419,,,0.07822836825535395,1.308177327874846,2.053351953877138,2,0.036017123477011026
2021-12-31,ADSK,Autodesk,Information Technology,2021-12-31,1.1863774287143096,-0.41566202165088606,2022-06-16,4.7529089664613275,True,,,,,,,,,-0.05769433458529849,-0.2460613885297146,-0.0010264966139904574,2,0.20578643905205918
2000-03-24,ADP,Automatic Data Processing,Industrials,2000-03-24,1.507060206849149,-0.4609918206843726,2003-03-13,10.43668720054757,False,-0.08253002861019632,-0.017079547854010113,0.12523903808410575,0.011869438435127888,1.885762720896199,0.07320834567494527,3.488804950971346,0.07796965788981591,0.09477161112249588,0.12523903808410575,0.5842050992028343,2,0.29022975755976144
2007-10-09,ADP,Automatic Data Processing,Industrials,2007-10-09,0.34882545655462405,-0.3400429165369223,2008-10-27,3.0362765229295,False,0.41148366951527526,0.07135936829508482,2.5253990358555627,0.13428144591776126,6.819924113990474,0.14695620670971543,,,0.1273926566732717,2.5253990358555627,2.023287260539617,1,0.036017123477011026
2021-12-31,ADP,Automatic Data Processing,Industrials,2021-12-31,1.0032673292532768,-0.20395002481732094,2022-02-23,4.48186173853525,False,,,,,,,,,0.03231647840727958,0.16319162181571323,0.2764489923672142,1,0.20578643905205918
2000-03-24,AZO,AutoZone,Consumer Discretionary,2000-03-24,0.09946236559139776,-0.17359413202933982,2000-09-20,0.9336071184120466,False,2.3322249508137225,0.27217501626315443,5.790024736399755,0.21111988753690358,25.11051392496944,0.24295201098841246,30.625623185360634,0.1885075764714088,0.1935679561912489,5.790024736399755,2.123494750506426,0,0.29022975755976144
2007-10-09,AZO,AutoZone,Consumer Discretionary,2007-10-09,0.5949416816393125,-0.2755143900666116,2008-11-20,1.1663244353182751,False,2.089290159204126,0.25305963494925043,3.814507377004632,0.17018677520270198,16.679108550207832,0.21105543810442717,,,0.1788112595835849,3.814507377004632,3.0882604507138227,1,0.036017123477011026
2021-12-31,AZO,AutoZone,Consumer Discretionary,2021-12-31,1.5006439218242722,-0.1548900040096366,2022-05-20,0.7364818617385352,False,,,,,,,,,0.06214436560715009,0.3318276524712953,0.24780017685847122,0,0.20578643905205918
2000-03-24,AVY,Avery Dennison,Materials,2000-03-24,0.5349505720319523,-0.6355532185095241,2009-03-09,13.25119780971937,False,0.11978087506050383,0.022884527014380485,-0.23484266892647476,-0.026412309310435367,0.33359263794668004,0.01937711460090963,1.7006505010365913,0.05092910363422698,0.0650349346932031,-0.23484266892647476,0.1679491390166863,2,0.29022975755976144
2007-10-09,AVY,Avery Dennison,Materials,2007-10-09,-0.008730296335731746,-0.6809913248593793,2009-03-09,7.055441478439425,False,-0.3842485512420024,-0.09242800061949585,1.3454047745526698,0.0889847061090503,3.206273823390208,0.10050791250874735,,,0.08440329398172097,1.3454047745526698,2.1086194258495814,2,0.036017123477011026
2021-12-31,AVY,Avery Dennison,Materials,2021-12-31,1.5388947725888915,-0.2862737317854186,2022-06-16,4.7529089664613275,True,,,,,,,,,-0.032089796251040914,-0.14360254345259738,0.05642290914216774,1,0.20578643905205918
2021-12-31,BKR,Baker Hughes,Energy,2021-12-31,0.2423902159213922,-0.13354294921548093,2022-09-26,0.785763175906913,False,,,,,,,,,0.22186653158669456,1.5918869348987226,0.6678199376676137,0,0.20578643905205918
2000-03-24,BALL,Ball Corporation,Materials,2000-03-24,0.24411430701070946,-0.079337462884432,2000-10-18,0.5831622176591376,False,4.849050694245245,0.42369538448598565,6.454464489220011,0.22247966871481806,19.623678608253417,0.22355757144881494,34.026860274907165,0.1945932611170582,0.14543852550297198,6.454464489220011,2.344974668113178,0,0.29022975755976144
2007-10-09,BALL,Ball Corporation,Materials,2007-10-09,0.5245576736652566,-0.49116457400902813,2008-10-27,2.7761806981519506,False,0.5809444116963798,0.09593127303891569,2.287199244416583,0.12637396294703263,2.9640041405127384,0.09616418090174439,,,0.08699025031601648,2.287199244416583,3.350049662120199,2,0.036017123477011026
2021-12-31,BALL,Ball Corporation,Materials,2021-12-31,1.1441434207778949,-0.5447635038750962,2023-10-23,4.7529089664613275,True,,,,,,,,,-0.09428639814681306,-0.3754292876844362,-0.17523757932339057,2,0.20578643905205918
2000-03-24,BAX,Baxter International,Health Care,2000-03-24,0.41857902633719135,-0.34071941613837675,2003-04-01,3.6906228610540723,False,0.25849539322405835,0.047057003501570716,1.3585083325012488,0.08959158751103624,2.137220123386415,0.07920264102912222,5.6127138134025785,0.09905388655281322,0.03294439006881911,1.3585083325012488,1.3451412425257567,1,0.29022975755976144
2007-10-09,BAX,Baxter International,Health Care,2007-10-09,0.8860411113528803,-0.2348425156042272,2010-05-21,18.70773442847365,False,0.21252349084026223,0.039293071939024315,1.5169454021045992,0.09669882833270815,1.421172356294644,0.06072233537198035,,,0.005514637911494091,1.5169454021045992,1.2589716314623591,1,0.036017123477011026
2021-12-31,BAX,Baxter International,Health Care,2021-12-31,0.35172046580407,-0.7979101855115729,2026-03-30,4.7529089664613275,True,,,,,,,,,-0.22338293928595032,-0.6992791651612953,-0.6020363474420332,2,0.20578643905205918
2000-03-24,BDX,Becton Dickinson,Health Care,2000-03-24,0.2431309053800801,-0.19574240515945218,2000-09-26,2.3381245722108144,False,1.214561258291054,0.1723506798302874,2.232434266999047,0.1244831969750193,5.549314522118732,0.1334778989738239,8.909074865711583,0.12150613971399449,0.10013222699588686,2.232434266999047,0.9376312607061899,0,0.29022975755976144
2007-10-09,BDX,Becton Dickinson,Health Care,2007-10-09,0.7124523400552736,-0.2695724022765197,2008-11-20,5.114305270362765,False,0.0188547927033047,0.0037428358386095706,1.8469139581135012,0.1102925715749341,2.519524666476358,0.08750751703247261,,,0.07339701231676288,1.8469139581135012,1.5447324447898323,1,0.036017123477011026
2021-12-31,BDX,Becton Dickinson,Health Care,2021-12-31,0.16092209819354886,-0.2922990133361181,2025-05-06,4.7529089664613275,True,,,,,,,,,-0.00017764390682473152,-0.0008440439154635548,0.25868067998490174,1,0.20578643905205918
2000-03-24,BBY,Best Buy,Consumer Discretionary,2000-03-24,27.02246092544184,-0.7137128538056174,2000-12-08,15.885010266940451,False,0.010743713912355846,0.0021395676730402435,0.2736741996178851,0.02448554514389678,0.45523100032057173,0.025326375205666718,1.457386565101146,0.045980706732121845,0.06077046940793407,0.2736741996178851,0.7978268604213126,2,0.29022975755976144
2007-10-09,BBY,Best Buy,Consumer Discretionary,2007-10-09,0.40819324721302563,-0.7467964009435557,2012-12-28,9.092402464065708,False,-0.605400874107066,-0.16970729199433543,0.5360682940855466,0.043857107208865154,0.9401172778174351,0.04517384271776037,,,0.06336064613573344,0.5360682940855466,1.0480354836670482,2,0.036017123477011026
2021-12-31,BBY,Best Buy,Consumer Discretionary,2021-12-31,1.0783452983647863,-0.3604597880253734,2022-10-20,4.6652977412731005,False,,,,,,,,,0.017561077494359756,0.08626129217605549,0.24703160642528732,1,0.20578643905205918
2021-12-31,TECH,Bio-Techne,Health Care,2021-12-31,2.6270653443912346,-0.6587070051105299,2026-05-15,4.7529089664613275,True,,,,,,,,,-0.11077294402356419,-0.4276497804805658,-0.23816808030213354,2,0.20578643905205918
2007-10-09,BIIB,Biogen,Health Care,2007-10-09,0.14062759955114057,-0.4196906350767665,2008-12-01,3.375770020533881,False,1.2215944323118713,0.1730943839610144,3.893069902117044,0.17208239294941574,2.8353661933620407,0.09375601834693192,,,0.06440858728115417,3.893069902117044,5.645480716034058,2,0.036017123477011026
2021-12-31,BIIB,Biogen,Health Care,2021-12-31,-0.20271172583022012,-0.5274258164441183,2025-04-10,4.7529089664613275,True,,,,,,,,,-0.018184250752080078,-0.08352781526790931,0.2749902635013446,2,0.20578643905205918
2000-03-24,BA,Boeing,Industrials,2000-03-24,-0.29304027800026256,-0.27128221433861033,2003-03-31,8.950034223134839,False,0.7131955647198067,0.11368248181157092,1.4333869920293973,0.09300240665945925,4.723599991067337,0.12334015880583826,4.475844874970112,0.0887359331778721,0.08306095695136428,1.4333869920293973,1.3744225586611503,1,0.29022975755976144
2007-10-09,BA,Boeing,Industrials,2007-10-09,1.1206096632696148,-0.6997413986552236,2009-03-03,5.535934291581109,False,-0.2058462997021826,-0.04504938497428168,2.3060825124792577,0.12701934026511563,0.7519346698710947,0.038088851881582064,,,0.05189792733336707,2.3060825124792577,3.4702603318977046,2,0.036017123477011026
2021-12-31,BA,Boeing,Industrials,2021-12-31,-0.3575690740521986,-0.4244983290519997,2022-06-13,4.7529089664613275,True,,,,,,,,,-0.008236238127684148,-0.03854564615193845,0.2742320248431467,2,0.20578643905205918
2021-12-31,BKNG,Booking Holdings,Consumer Discretionary,2021-12-31,0.39294126956074393,-0.31869382172550653,2022-10-11,1.111567419575633,False,,,,,,,,,0.11759746115942882,0.6962745320326897,0.7141847474785823,1,0.20578643905205918
2000-03-24,BSX,Boston Scientific,Health Care,2000-03-24,-0.32129277566539927,-0.5545098227279193,2012-07-26,13.44832306639288,False,1.6066106374190303,0.21119824438057866,-0.3689635888535101,-0.044995447429133306,0.5982072760744923,0.031752524616778466,1.5295237479757526,0.047494950372380274,0.051811823678948654,-0.3689635888535101,-0.14695374231159364,2,0.29022975755976144
2007-10-09,BSX,Boston Scientific,Health Care,2007-10-09,-0.6140674401511569,-0.660750858730039,2012-07-26,7.342915811088296,False,-0.6177474368293276,-0.17496935323427798,1.0020478284932897,0.07188315241665832,1.7139931301596874,0.06882659016128834,,,0.05784558846960586,1.0020478284932897,1.7145141262206876,2,0.036017123477011026
2021-12-31,BSX,Boston Scientific,Health Care,2021-12-31,0.202037333299943,-0.1704330965580888,2022-06-14,0.8788501026694046,False,,,,,,,,,0.0005936761196099205,0.002824833643546798,0.13813257058255513,0,0.20578643905205918
2000-03-24,BMY,Bristol Myers Squibb,Health Care,2000-03-24,0.7480077002568168,-0.5853224920193505,2002-07-24,11.682409308692677,False,-0.43416548006020184,-0.10764453482560576,-0.22930418335675473,-0.02570987630246291,1.2964098159088202,0.056987763566409555,0.9709754356347269,0.034508493338268,0.04457226296777783,-0.22930418335675473,0.07641270818145873,2,0.29022975755976144
2007-10-09,BMY,Bristol Myers Squibb,Health Care,2007-10-09,0.4633804406487989,-0.38858960622488237,2008-10-16,3.433264887063655,False,0.4256218020827187,0.07349707561862551,2.1561660946529733,0.12180141895392227,2.9941688829548827,0.0967183118627577,,,0.07826723077290665,2.1561660946529733,1.7658396577632378,1,0.036017123477011026
2021-12-31,BMY,Bristol Myers Squibb,Health Care,2021-12-31,0.3195480091123448,-0.29789687072972715,2024-07-03,3.9479808350444903,False,,,,,,,,,0.04024799882813768,0.2062854052396086,0.36365275002742337,1,0.20578643905205918
2021-12-31,AVGO,Broadcom,Information Technology,2021-12-31,1.925800047411296,-0.3429792353278277,2022-10-14,1.3689253935660506,False,,,,,,,,,0.44717064554940267,4.793429599441876,3.7624908722808357,1,0.20578643905205918
2021-12-31,BR,Broadridge Financial Solutions,Industrials,2021-12-31,0.9974342851511118,-0.2635340062526548,2022-06-17,4.7529089664613275,True,,,,,,,,,-0.013762459220496792,-0.0637436873985755,0.10861049054757976,1,0.20578643905205918
2000-03-24,BF.B,Brown–Forman,Consumer Staples,2000-03-24,0.0803378981354379,0.0,2000-03-24,0.0,False,1.3747291217235706,0.1888383755741312,2.6031366726744527,0.13675814220992755,8.071325555762142,0.15836310639557816,12.746507407354045,0.14001251367662215,0.0833700392158454,2.6031366726744527,1.0611987292646585,0,0.29022975755976144
2007-10-09,BF.B,Brown–Forman,Consumer Staples,2007-10-09,0.7852827669085445,-0.36350318561560313,2009-03-10,2.6611909650924024,False,0.8577632827701185,0.13187397671201184,2.2685271995298946,0.1257325154097193,4.3520471169781745,0.11832490113737215,,,0.04615586324957355,2.2685271995298946,1.8298347951002305,1,0.036017123477011026
2021-12-31,BF.B,Brown–Forman,Consumer Staples,2021-12-31,0.6027391636172048,-0.6602690188925467,2026-03-20,4.7529089664613275,True,,,,,,,,,-0.1768468782039342,-0.6034598865582147,-0.4480616125026954,2,0.20578643905205918
2007-10-09,CHRW,C.H. Robinson,Industrials,2007-10-09,1.3725009080829795,-0.2691207711022585,2009-03-09,1.7659137577002053,False,0.21899566786987967,0.04040021300979313,0.7470540713376641,0.05737888746944453,1.4545507736441965,0.061690997153632354,,,0.08220717165076064,0.7470540713376641,0.7123780970904112,1,0.036017123477011026
2021-12-31,CHRW,C.H. Robinson,Industrials,2021-12-31,0.37301911532971244,-0.33276938710903425,2024-04-16,3.578370978781656,False,,,,,,,,,0.1086128436722349,0.6324309325122592,0.6837684353350479,1,0.20578643905205918
2021-12-31,CDNS,Cadence Design Systems,Information Technology,2021-12-31,3.285878750354996,-0.2758251004656326,2022-02-18,1.1197809719370295,False,,,,,,,,,0.14273540327439416,0.8854306122659534,0.8201828500541046,1,0.20578643905205918
2000-03-24,CAH,Cardinal Health,Health Care,2000-03-24,0.2501681886499696,-0.11335026095786982,2008-11-20,9.322381930184806,False,0.7450613571563656,0.11779494251709677,0.5981213974617077,0.04799926156312839,3.441072851738416,0.10450035508645517,1.4929045104985588,0.046731471768702404,0.10870102490836286,0.5981213974617077,0.3928603041937435,0,0.29022975755976144
2007-10-09,CAH,Cardinal Health,Health Care,2007-10-09,0.5651186259021346,-0.5633903511246019,2008-11-20,5.4811772758384665,False,-0.04320191252706751,-0.008793686299624182,0.6829131607820658,0.053431184823705014,1.1247236074669562,0.051526356839097565,,,0.11279266279834643,0.6829131607820658,1.2624970537023588,2,0.036017123477011026
2021-12-31,CAH,Cardinal Health,Health Care,2021-12-31,0.2944125608196224,-0.018061610015982277,2022-01-21,0.459958932238193,False,,,,,,,,,0.3947887817161999,3.8622298728503734,1.4246009169848302,0,0.20578643905205918
2000-03-24,CCL,Carnival Corporation,Consumer Discretionary,2000-03-24,0.35783861055840527,-0.26212079431561874,2008-11-20,24.39151266255989,False,1.2323612655041658,0.17422925332326145,0.8950633548613836,0.0660126868808597,1.5677644931084114,0.06488737765488395,-0.09822400452649249,-0.005156117944126293,0.020776706828786073,0.8950633548613836,0.8670909515279763,1,0.29022975755976144
2007-10-09,CCL,Carnival Corporation,Consumer Discretionary,2007-10-09,0.11919534332982207,-0.812089115582419,2022-10-07,18.981519507186857,True,-0.18722322860109486,-0.04061205603071749,0.6887926121962202,0.05379863585933098,-0.812089115582419,-0.10546611612103429,,,-0.016615941836836345,0.6887926121962202,1.2311604906207978,2,0.036017123477011026
2021-12-31,CCL,Carnival Corporation,Consumer Discretionary,2021-12-31,-0.5700434352980545,-0.682902592535834,2022-10-10,3.34839151266256,False,,,,,,,,,0.056905322182640994,0.30089224042397866,0.7389474598830938,2,0.20578643905205918
2021-12-31,CARR,Carrier Global,Industrials,2021-12-31,,-0.36698968094250817,2022-10-20,3.887748117727584,False,,,,,,,,,0.017355985969030208,0.08522109235028852,0.21784687812098014,1,0.20578643905205918
2000-03-24,CAT,Caterpillar Inc.,Industrials,2000-03-24,0.01049333176371503,-0.2231364772541955,2000-10-18,2.5571526351813825,False,1.716474802864342,0.22124032517463288,3.0793185784855837,0.15095610883226596,4.9557410576588365,0.12632153332913942,7.763907966984883,0.11464068349507439,0.18114372933115974,3.0793185784855837,2.544679947593175,1,0.29022975755976144
2007-10-09,CAT,Caterpillar Inc.,Industrials,2007-10-09,1.188108006396055,-0.7198914456937338,2009-03-02,8.344969199178644,False,0.1731304577614612,0.03245055505009753,1.0596938204218254,0.07493020521357763,2.259273249000079,0.0819521430736252,,,0.1593141807442373,1.0596938204218254,1.7525921537846512,2,0.036017123477011026
2021-12-31,CAT,Caterpillar Inc.,Industrials,2021-12-31,0.759499050480249,-0.20115473241587645,2022-09-27,0.8186173853524983,False,,,,,,,,,0.3678675528565978,3.4320532997234316,2.744030054143498,1,0.20578643905205918
2021-12-31,CDW,CDW Corporation,Information Technology,2021-12-31,1.6127036944990656,-0.48748761525366135,2026-05-12,4.7529089664613275,True,,,,,,,,,-0.07360297256946147,-0.30467172492064487,-0.010460434438149258,2,0.20578643905205918
2007-10-09,COR,Cencora,Health Care,2007-10-09,0.7733817075690272,-0.38529994236988196,2008-11-20,2.0588637919233403,False,0.8578642494917217,0.13188627958411847,2.9557133100232376,0.1474201725728519,7.795100255309595,0.15597751397622694,,,0.17257297039877906,2.9557133100232376,2.4043910914990554,1,0.036017123477011026
2021-12-31,COR,Cencora,Health Care,2021-12-31,1.195587653624652,-0.01836111726340739,2022-01-06,0.07118412046543464,False,,,,,,,,,0.2059546775530976,1.4353353586612347,0.6156360789217843,0,0.20578643905205918
2021-12-31,CNC,Centene Corporation,Health Care,2021-12-31,0.42931481951288064,-0.6940534148345241,2025-08-06,4.7529089664613275,True,,,,,,,,,-0.054947451780438916,-0.23555824621333432,0.2994602208760371,2,0.20578643905205918
2000-03-24,CNP,CenterPoint Energy,Utilities,2000-03-24,0.24347183552893115,-0.7271481316718906,2002-07-24,9.212867898699521,False,-0.0346293015767406,-0.0070238383230172285,0.44780080141747125,0.0376977648098229,1.6145007412254753,0.06616867387319014,1.133671635789486,0.03861927762518835,0.0761256643561623,0.44780080141747125,1.5202706334010117,2,0.29022975755976144
2007-10-09,CNP,CenterPoint Energy,Utilities,2007-10-09,0.7564119792861392,-0.44713693936838683,2008-10-10,2.8720054757015743,False,0.5960618483876814,0.09801922284607234,1.6581527125934308,0.10270156966849364,1.9323536726987616,0.07435486958789861,,,0.08346520795987922,1.6581527125934308,2.6883384316698056,2,0.036017123477011026
2021-12-31,CNP,CenterPoint Energy,Utilities,2021-12-31,0.09273337210861698,-0.06860682915810656,2022-10-12,2.6365503080082138,False,,,,,,,,,0.09305589074625042,0.5263834996128349,0.31265212590565117,0,0.20578643905205918
2021-12-31,CF,CF Industries,Materials,2021-12-31,0.777473040026954,-0.1261598259488147,2023-06-01,1.4893908281998631,False,,,,,,,,,0.1311123762480333,0.7960068115480832,0.40252656321740043,0,0.20578643905205918
2021-12-31,CRL,Charles River Laboratories,Health Care,2021-12-31,2.329033378365051,-0.7352566475843383,2025-04-11,4.7529089664613275,True,,,,,,,,,-0.053458210915938276,-0.2298157986581758,0.024287229001660027,2,0.20578643905205918
2021-12-31,CHTR,Charter Communications,Communication Services,2021-12-31,1.287854749308115,-0.832369578620834,2026-10-02,4.7529089664613275,True,,,,,,,,,-0.3132387178374647,-0.832369578620834,-0.7789138559139284,2,0.20578643905205918
2000-03-24,CVX,Chevron Corporation,Energy,2000-03-24,0.3297447558992803,-0.21130971905677254,2003-01-27,3.679671457905544,False,0.6080832796657916,0.09966830349113365,1.3997791622265985,0.09148338174459436,3.0031771742919426,0.09688303824588518,2.1428547336805175,0.058927471857616265,0.10140701277279329,1.3997791622265985,1.345827620847822,1,0.29022975755976144
2007-10-09,CVX,Chevron Corporation,Energy,2007-10-09,0.8401795191213763,-0.3630355078384818,2009-03-05,12.454483230663929,False,0.49374469665446385,0.0835657653236972,0.8181576880258608,0.061605487289033034,2.0828158177615266,0.0779447588439699,,,0.08468391031802103,0.8181576880258608,0.8234326165640364,1,0.036017123477011026
2021-12-31,CVX,Chevron Corporation,Energy,2021-12-31,0.24828204441200108,0.0,2021-12-31,0.0,False,,,,,,,,,0.17216744783650983,1.1276567070462655,0.5130765283834613,0,0.20578643905205918
2021-12-31,CMG,Chipotle Mexican Grill,Consumer Discretionary,2021-12-31,3.0488430357802887,-0.31130558872512304,2022-06-14,4.7529089664613275,True,,,,,,,,,-0.016157945942654073,-0.07450306108588767,0.10172704357267293,1,0.20578643905205918
2021-12-31,CHD,Church & Dwight,Consumer Staples,2021-12-31,0.616428264989,-0.3042335748479579,2022-10-07,4.7529089664613275,True,,,,,,,,,-0.005532866849210172,-0.026025573072940733,0.1337792592971896,1,0.20578643905205918
2000-03-24,CI,Cigna,Health Care,2000-03-24,0.5534055397963396,-0.6244319024754266,2008-11-21,9.232032854209445,False,0.22026788183808277,0.040617286705006084,0.5559523069019403,0.04520054638387205,4.558714164991468,0.1211531880069805,5.322839043671801,0.09659334603266667,0.10126691154678724,0.5559523069019403,1.3744344818827008,2,0.29022975755976144
2007-10-09,CI,Cigna,Health Care,2007-10-09,1.297132884356175,-0.8346487249032796,2008-11-21,5.221081451060917,False,-0.07248670324097373,-0.014936949988838544,2.5735176611689727,0.13582021348028905,4.62432136889657,0.12203053293582,,,0.09589704954159384,2.5735176611689727,3.9907402217976857,2,0.036017123477011026
2021-12-31,CI,Cigna,Health Care,2021-12-31,0.2314131442013292,-0.05256310217768956,2022-02-03,0.1998631074606434,False,,,,,,,,,0.054423067257720614,0.2864346117728427,0.23266916329232035,0,0.20578643905205918
2007-10-09,CTAS,Cintas,Industrials,2007-10-09,-0.097769032400852,-0.49320173395222366,2009-03-09,4.1971252566735116,False,0.2546423641480533,0.046415079687412764,3.773930348645294,0.16919677249030007,12.488498295099708,0.1894081410592201,,,0.1898876553762454,3.773930348645294,5.337298990478395,2,0.036017123477011026
2021-12-31,CTAS,Cintas,Industrials,2021-12-31,1.715954451662328,-0.21218895547613592,2022-06-17,1.2265571526351813,False,,,,,,,,,0.13445741088356078,0.8213915206777951,0.7705400623487109,1,0.20578643905205918
2000-03-24,CSCO,Cisco,Information Technology,2000-03-24,14.159146656278931,-0.8916535041610975,2002-10-08,24.542094455852155,False,-0.7747401115289553,-0.2577729584444387,-0.6667716732496125,-0.10406976862200323,-0.610812457490393,-0.060974768137230684,-0.3717992650366906,-0.022976697448499506,0.03040432983840513,-0.6667716732496125,-0.5436546416606263,2,0.29022975755976144
2007-10-09,CSCO,Cisco,Information Technology,2007-10-09,0.7614488968086635,-0.5882710436079686,2009-03-09,8.739219712525667,False,-0.4141379394084055,-0.10141518564836793,0.23523020189163546,0.021350463167344458,0.7142660598040225,0.03658570427545671,,,0.09194882598674892,0.23523020189163546,0.6751516460047711,2,0.036017123477011026
2021-12-31,CSCO,Cisco,Information Technology,2021-12-31,0.6011094462086368,-0.360854818609292,2022-10-12,3.323750855578371,False,,,,,,,,,0.16068384214127085,1.0303899701238994,0.9385741782991774,1,0.20578643905205918
2000-03-24,CLX,Clorox,Consumer Staples,2000-03-24,0.1628884189223545,-0.07765129658818215,2000-03-27,1.1006160164271048,False,1.0908569771498486,0.15895044153815663,1.4943706814191504,0.09571119605122269,4.027913639499108,0.113676837761568,7.67891036567233,0.11409765511279368,0.06341072441201345,1.4943706814191504,0.6916100655128912,0,0.29022975755976144
2007-10-09,CLX,Clorox,Consumer Staples,2007-10-09,0.19608161438586547,-0.22915877557888586,2009-03-09,2.0533880903490758,False,0.39662472601377363,0.06909413076859328,1.7830151624858397,0.10777499331601126,2.116205389506281,0.07871919055460097,,,0.045005680652762114,1.7830151624858397,1.4649016784783209,1,0.036017123477011026
2021-12-31,CLX,Clorox,Consumer Staples,2021-12-31,0.21649994749175971,-0.45420472353847063,2026-10-02,4.7529089664613275,True,,,,,,,,,-0.11961683199706141,-0.45420472353847063,-0.2208293976324891,2,0.20578643905205918
2000-03-24,CMS,CMS Energy,Utilities,2000-03-24,-0.3443429830579554,-0.7810182069722064,2003-03-11,10.206707734428473,False,-0.1843085353191405,-0.03992495001234764,0.06628711816375898,0.006438904296706571,1.9180291261732827,0.0740041879139488,3.969638700661304,0.08346837859717704,0.07892353627726578,0.06628711816375898,0.5064617511665177,2,0.29022975755976144
2007-10-09,CMS,CMS Energy,Utilities,2007-10-09,0.8104991300752458,-0.4595649533309448,2008-11-20,2.7433264887063653,False,0.7075423461852421,0.11294652181217368,2.934964195502949,0.14681688475593813,4.386055901555178,0.11879725060451607,,,0.10839864075351446,2.934964195502949,4.2507634112633585,2,0.036017123477011026
2021-12-31,CMS,CMS Energy,Utilities,2021-12-31,0.42226764368807035,-0.18043666455976437,2023-10-02,2.524298425735797,False,,,,,,,,,0.027213096223844824,0.13611298018605278,0.18256195276339038,0,0.20578643905205918
2000-03-24,KO,Coca-Cola Company (The),Consumer Staples,2000-03-24,-0.19014203737787905,-0.1728113072468196,2003-03-10,8.947296372347708,False,-0.034716162608230405,-0.007041707943090114,0.477375864072749,0.039798292602553964,1.5313293302193576,0.0638733013114603,1.905674358595844,0.054781118755059977,0.07980194022527143,0.477375864072749,0.35261179306409063,0,0.29022975755976144
2007-10-09,KO,Coca-Cola Company (The),Consumer Staples,2007-10-09,0.5676752514606593,-0.3234789813475144,2009-03-05,2.7761806981519506,False,0.5458123122100238,0.09101658471118301,1.1241713768219532,0.07824872988183751,1.9926883612071693,0.07581459784756528,,,0.0916551172937059,1.1241713768219532,0.9950657631537838,1,0.036017123477011026
2021-12-31,KO,Coca-Cola Company (The),Consumer Staples,2021-12-31,0.37631005665572337,-0.06786613164477939,2023-10-05,1.8288843258042438,False,,,,,,,,,0.11275485350049586,0.6616233495151773,0.3577320758730984,0,0.20578643905205918
2007-10-09,CTSH,Cognizant,Information Technology,2007-10-09,1.8022489917484865,-0.6535283499196224,2008-11-20,2.0725530458590007,False,0.6514047372972518,0.10553044037827708,2.4920621134914915,0.13320425352468002,1.9506851020343174,0.07480131949539648,,,0.06269688955180874,2.4920621134914915,3.669615021652474,2,0.036017123477011026
2021-12-31,CTSH,Cognizant,Information Technology,2021-12-31,0.4526198029313353,-0.5285911321085871,2026-06-30,4.7529089664613275,True,,,,,,,,,-0.06778199686381248,-0.28365969891004317,-0.05118019427266929,2,0.20578643905205918
2000-03-24,CL,Colgate-Palmolive,Consumer Staples,2000-03-24,1.0848020197779675,-0.20362717710605982,2000-09-20,5.286789869952088,False,0.025163802315324224,0.004982854726510499,0.8676348202267057,0.06445963224262896,2.460827478814755,0.08628887050359757,2.4324097376200746,0.0636039860709472,0.06645381605638101,0.8676348202267057,0.8571457758728396,1,0.29022975755976144
2007-10-09,CL,Colgate-Palmolive,Consumer Staples,2007-10-09,0.7593637678290701,-0.22759415019880702,2008-10-27,1.6892539356605065,False,0.6673760060248657,0.10766060405045019,1.5091932199291405,0.09636057643294293,1.6921365886327844,0.06825058512233384,,,0.07010326155514357,1.5091932199291405,1.2640763446391934,1,0.036017123477011026
2021-12-31,CL,Colgate-Palmolive,Consumer Staples,2021-12-31,0.5395600146944848,-0.18352231988846812,2022-10-10,4.0191649555099245,False,,,,,,,,,0.021353949080706425,0.10564062447754474,0.17240450086055437,0,0.20578643905205918
2007-10-09,CMCSA,Comcast,Communication Services,2007-10-09,0.23026814355299674,-0.5240674044052641,2009-03-09,4.139630390143737,False,0.6136756731751574,0.10043209986814117,2.7611172765544363,0.14164659986176376,2.2423584979285804,0.08157689740425056,,,0.05789447716833118,2.7611172765544363,4.158051927494164,2,0.036017123477011026
2021-12-31,CMCSA,Comcast,Communication Services,2021-12-31,0.5614297488499003,-0.4641510857239465,2026-10-02,4.7529089664613275,True,,,,,,,,,-0.12301695261613232,-0.4641510857239465,-0.2931230943074379,2,0.20578643905205918
2000-03-24,COP,ConocoPhillips,Energy,2000-03-24,0.1275330045885239,0.0,2000-03-24,0.0,False,1.7839117546105001,0.2272444957596429,2.2051969173086245,0.12353206545212125,5.125474923922555,0.12843353578193972,2.437010597408576,0.0636752243586094,0.11492139983500405,2.2051969173086245,0.9285521441427158,0,0.29022975755976144
2007-10-09,COP,ConocoPhillips,Energy,2007-10-09,1.0840081064763898,-0.5733839360084676,2009-03-02,13.319644079397673,False,0.0592416929211903,0.011577156106383102,0.07589160898940595,0.007341791916740226,2.0495864647118864,0.07716623151266866,,,0.07155453101435061,0.07589160898940595,0.46170453154635016,2,0.036017123477011026
2021-12-31,COP,ConocoPhillips,Energy,2021-12-31,0.2727082019063063,0.0,2021-12-31,0.0,False,,,,,,,,,0.16641150913230063,1.0784544045553064,0.4966757608864749,0,0.20578643905205918
2000-03-24,ED,Consolidated Edison,Utilities,2000-03-24,0.13772977073958748,-0.021367227160082214,2000-03-28,0.02737850787132101,False,0.8874590878077167,0.13546959484086574,1.5814599321595302,0.09947798756444204,3.4634008652381887,0.1048696896380823,5.197950720442232,0.09550006065705308,0.09638897835977023,1.5814599321595302,0.7206398157596843,0,0.29022975755976144
2007-10-09,ED,Consolidated Edison,Utilities,2007-10-09,0.30429514784219736,-0.2561192910632334,2009-03-09,2.116358658453114,False,0.6180546000887983,0.10102868688109812,1.6868882856026,0.10388786958159946,2.2350355688103494,0.0814138746962243,,,0.08497539757550787,1.6868882856026,1.4272841251459805,1,0.036017123477011026
2021-12-31,ED,Consolidated Edison,Utilities,2021-12-31,0.25074939724398737,-0.04617920367161188,2022-01-26,0.7939767282683093,False,,,,,,,,,0.07755882583605733,0.42622834877870797,0.2792670756276088,0,0.20578643905205918
2007-10-09,STZ,Constellation Brands,Consumer Staples,2007-10-09,0.3240308715726914,-0.5784542458245381,2008-11-12,4.720054757015743,False,0.35753323793581515,0.06304119425803045,7.334855057849065,0.2362030341380721,8.573210401792997,0.1625291199977541,,,0.09134801065979947,7.334855057849065,10.224272818265149,2,0.036017123477011026
2021-12-31,STZ,Constellation Brands,Consumer Staples,2021-12-31,0.633918136280875,-0.5084706979348836,2026-09-29,4.7529089664613275,True,,,,,,,,,-0.13864183548871833,-0.5080348024686554,-0.26957747068326987,2,0.20578643905205918
2021-12-31,COO,Cooper Companies (The),Health Care,2021-12-31,0.6470193943963316,-0.49121196926870836,2026-09-15,4.7529089664613275,True,,,,,,,,,-0.12037867451027506,-0.45644590759407544,-0.2662365069522512,2,0.20578643905205918
2021-12-31,CPRT,Copart,Industrials,2021-12-31,2.173294244261986,-0.3221210784246633,2022-06-16,4.7529089664613275,True,,,,,,,,,-0.06729762646479198,-0.28188892784711983,-0.05049207590512028,1,0.20578643905205918
2000-03-24,GLW,Corning Inc.,Information Technology,2000-03-24,3.8808024101332084,-0.9844875316109694,2002-10-08,25.138945927446954,False,-0.8468496642470439,-0.3128942377718904,-0.716213978281308,-0.11834413684696699,-0.6231025717169054,-0.06298140042266742,-0.6344916800051916,-0.049078069520437695,0.04876508317625583,-0.716213978281308,-0.6112321066360821,2,0.29022975755976144
2007-10-09,GLW,Corning Inc.,Information Technology,2007-10-09,1.5702390007947655,-0.6983266490761088,2008-11-20,12.59958932238193,False,-0.46740171201153113,-0.1183830056088323,0.38794587249649903,0.033325752448974066,0.6030516341872976,0.03196072132694949,,,0.12602905355341854,0.38794587249649903,0.8707229671724461,2,0.036017123477011026
2021-12-31,GLW,Corning Inc.,Information Technology,2021-12-31,0.33745465657054363,-0.24463091333408338,2023-10-27,2.3655030800821355,False,,,,,,,,,0.40103022625822904,3.9665139491076093,3.1551940408958776,1,0.20578643905205918
2021-12-31,CTVA,Corteva,Materials,2021-12-31,,-0.7348861673693509,2026-10-02,4.7529089664613275,True,,,,,,,,,-0.24370429192094778,-0.7348861673693509,-0.14945965731957656,2,0.20578643905205918
2000-03-24,COST,Costco,Consumer Staples,2000-03-24,2.6995697996054218,-0.4943850318613727,2002-12-24,9.442847364818617,False,-0.18312614037739705,-0.03964677369349334,0.18805310299750255,0.017380912266502735,2.551395066117937,0.08816127358217263,6.253085113404344,0.10414507259933603,0.1301887305981686,0.18805310299750255,0.6018896327837155,2,0.29022975755976144
2007-10-09,COST,Costco,Consumer Staples,2007-10-09,0.45817963699682074,-0.3831539058219866,2009-03-09,2.9295003422313486,False,0.6719292879932608,0.10826490577082493,2.156247151593912,0.12180429994110042,9.24941709736245,0.16783085231393025,,,0.17436026374252123,2.156247151593912,1.7748347438934493,1,0.036017123477011026
2021-12-31,COST,Costco,Consumer Staples,2021-12-31,1.9346405799045243,-0.26415423880456024,2022-05-20,1.83709787816564,False,,,,,,,,,0.11928750830581669,0.708501009939005,0.7233017770613646,1,0.20578643905205918
2000-03-24,CSX,CSX Corporation,Industrials,2000-03-24,-0.4604853097810081,-0.18440585229506046,2000-06-21,0.5941136208076659,False,0.9410653273354588,0.14184730288011305,4.010399196401275,0.1748630166015921,10.062850434554745,0.17379197517945633,18.899181761802858,0.16129287358806854,0.16357142510579137,4.010399196401275,1.5302862371735992,0,0.29022975755976144
2007-10-09,CSX,CSX Corporation,Industrials,2007-10-09,1.552928230333905,-0.5080024605537756,2009-03-09,1.9822039698836413,False,0.6136831765982536,0.10043312324507037,3.4915077616199586,0.1620885321385397,6.285248787992003,0.14155355929252234,,,0.14763067074086522,3.4915077616199586,5.131245990817,2,0.036017123477011026
2021-12-31,CSX,CSX Corporation,Industrials,2021-12-31,0.8858823787675894,-0.28842097193230976,2022-10-11,4.054757015742642,False,,,,,,,,,0.06456813749685231,0.34633457450823046,0.4213990019288827,1,0.20578643905205918
2000-03-24,CMI,Cummins,Industrials,2000-03-24,-0.24417771268844213,-0.4395972042676456,2002-10-09,3.1813826146475015,False,1.2012527936026816,0.17093822595722452,7.020809632382091,0.2314642848833659,18.57632692259386,0.2193135889639397,19.41415689899272,0.16277737397822922,0.18997870075089818,7.020809632382091,9.993487253766293,2,0.29022975755976144
2007-10-09,CMI,Cummins,Industrials,2007-10-09,2.967473000635162,-0.7415373863951799,2008-11-20,2.7405886379192332,False,0.39897477390135827,0.0694536737494178,1.999525611982679,0.11610552359590742,3.3730746416424138,0.10336480307177531,,,0.1376733419567413,1.999525611982679,3.1124676911155653,2,0.036017123477011026
2021-12-31,CMI,Cummins,Industrials,2021-12-31,0.7711898222027944,-0.13613596462440247,2022-06-23,1.4154688569472964,False,,,,,,,,,0.2323248377035969,1.6990356772748454,0.7035361851263213,0,0.20578643905205918
2000-03-24,CVS,CVS Health,Health Care,2000-03-24,0.5699394282859709,-0.3760053609611489,2003-01-30,4.024640657084189,False,0.5387290486981757,0.09001488981242445,1.1180142941385562,0.07793578234533194,5.688722580127138,0.13507061033692214,2.930560293929146,0.07083540824007595,0.08005462396789076,1.1180142941385562,1.2497036499773087,1,0.29022975755976144
2007-10-09,CVS,CVS Health,Health Care,2007-10-09,0.8608630655569871,-0.3789622933151756,2009-03-09,4.1943874058863795,False,0.29765194616326074,0.05349297628844352,1.1846969755942758,0.08128236687624435,1.9879778056844635,0.07570162449390683,,,0.06626361586695495,1.1846969755942758,1.0191763827862914,1,0.036017123477011026
2021-12-31,CVS,CVS Health,Health Care,2021-12-31,0.7226361755531592,-0.5332792141569238,2024-12-19,4.7529089664613275,True,,,,,,,,,-0.0034739804575109057,-0.016404220774993816,0.36064187590437413,2,0.20578643905205918
2000-03-24,DHR,Danaher Corporation,Health Care,2000-03-24,0.9232669740595567,0.0,2000-03-24,0.0,False,1.6260350352401485,0.2129980513553107,2.7510521255300033,0.14134071451108898,7.541638017444647,0.15372617086323803,26.150099973087535,0.17947454261381468,0.16098173771796342,2.7510521255300033,1.110503880216509,0,0.29022975755976144
2007-10-09,DHR,Danaher Corporation,Health Care,2007-10-09,0.5716666104703576,-0.4203341550090065,2009-03-09,3.9835728952772076,False,0.3476329977496233,0.06148613854653484,3.4496552539677223,0.16100111398015993,13.042126436365113,0.19260197789757028,,,0.14426515866008893,3.4496552539677223,4.953646668225328,2,0.036017123477011026
2021-12-31,DHR,Danaher Corporation,Health Care,2021-12-31,2.229177734037939,-0.4331165244215718,2026-05-15,4.7529089664613275,True,,,,,,,,,-0.05811027758661791,-0.24764182767338372,0.06245118584284737,2,0.20578643905205918
2000-03-24,DRI,Darden Restaurants,Consumer Discretionary,2000-03-24,0.892993818530667,0.0,2000-03-24,0.0,False,2.027713477691448,0.24802405096031088,3.9522308452596313,0.17349187797378196,8.275259670374338,0.16008124368723897,8.3240138287248,0.11809870752639484,0.15097533833938304,3.9522308452596313,1.510896786793051,0,0.29022975755976144
2007-10-09,DRI,Darden Restaurants,Consumer Discretionary,2007-10-09,0.8809619530979869,-0.6893966171529092,2008-11-20,2.8939082819986313,False,0.42273889106765417,0.07306255604039325,1.789844946645795,0.10804655208649239,3.9858437423379414,0.11305317009074267,,,0.12256367625548403,1.789844946645795,2.6754737312738,2,0.036017123477011026
2021-12-31,DRI,Darden Restaurants,Consumer Discretionary,2021-12-31,0.6058484258686745,-0.24552723319993608,2022-06-16,1.7905544147843941,False,,,,,,,,,0.0975757790447036,0.5566162754562995,0.579683793731292,1,0.20578643905205918
2021-12-31,DVA,DaVita,Health Care,2021-12-31,1.210649128646331,-0.4249297034066225,2022-11-09,4.090349075975359,False,,,,,,,,,0.09966698485314529,0.5707630018099021,1.0788412504976828,2,0.20578643905205918
2000-03-24,DE,Deere & Company,Industrials,2000-03-24,-0.0817057515722791,-0.18109083781504098,2000-09-21,1.51129363449692,False,0.9659022910209223,0.14475456947005538,2.8417540351951582,0.14407094309593504,5.277056882220616,0.1302740002404894,9.009866597217922,0.12207378089768794,0.1667140418754527,2.8417540351951582,1.1407378501048937,0,0.29022975755976144
2007-10-09,DE,Deere & Company,Industrials,2007-10-09,1.538458178425187,-0.665016604135305,2009-03-02,4.030116358658453,False,0.19598511856497125,0.03644236148755753,1.1388993704303019,0.0789940138418399,5.404122045003637,0.13178510309588676,,,0.14478049916026214,1.1388993704303019,1.9907664691707612,2,0.036017123477011026
2021-12-31,DE,Deere & Company,Industrials,2021-12-31,1.40782034241276,-0.15150497519858608,2022-07-06,0.7474332648870636,False,,,,,,,,,0.17266212508691337,1.1319277825555671,0.5145002202198952,0,0.20578643905205918
2021-12-31,DAL,Delta Air Lines,Industrials,2021-12-31,-0.19000448713401552,-0.28300921321867223,2022-09-26,3.268993839835729,False,,,,,,,,,0.18372166041484705,1.2291980537624165,1.1098008154911119,1,0.20578643905205918
2007-10-09,DVN,Devon Energy,Energy,2007-10-09,1.3383397610332404,-0.9263697886990665,2020-03-18,18.981519507186857,True,-0.25442047113754873,-0.05702800483004644,-0.528158979209181,-0.0723597815908883,0.15699175296793033,0.009768962496832456,,,-0.005548526970324152,-0.528158979209181,-0.3420274149011746,2,0.036017123477011026
2021-12-31,DVN,Devon Energy,Energy,2021-12-31,1.2349740346024025,-0.27260607930741965,2025-04-08,4.032854209445585,False,,,,,,,,,0.06432616399829616,0.3448807178087956,0.4920577741089014,1,0.20578643905205918
2021-12-31,DXCM,Dexcom,Health Care,2021-12-31,3.4820534100908995,-0.5914703498958611,2025-11-10,4.7529089664613275,True,,,,,,,,,-0.09085790924966974,-0.3641121246315242,-0.15644306539675767,2,0.20578643905205918
2021-12-31,FANG,Diamondback Energy,Energy,2021-12-31,0.23980393564021196,0.0,2021-12-31,0.0,False,,,,,,,,,0.16980598391342938,1.107360687702807,0.5063111886023084,0,0.20578643905205918
2021-12-31,DG,Dollar General,Consumer Staples,2021-12-31,1.2376390602287,-0.694836868762801,2025-01-17,4.7529089664613275,True,,,,,,,,,-0.11908188338543746,-0.45262665894313714,-0.2668834817535395,2,0.20578643905205918
2021-12-31,DLTR,Dollar Tree,Consumer Staples,2021-12-31,0.5558016468916511,-0.5644036633688847,2024-11-11,4.7529089664613275,True,,,,,,,,,-0.04632135310923291,-0.2018218029325064,0.125988284196632,2,0.20578643905205918
2021-12-31,D,Dominion Energy,Utilities,2021-12-31,0.24338548882442823,-0.4577305680444813,2023-10-23,4.7529089664613275,True,,,,,,,,,-0.006671262846601578,-0.03131339809064693,0.32728219809373504,2,0.20578643905205918
2021-12-31,DPZ,Domino's,Consumer Discretionary,2021-12-31,1.3366954579664232,-0.4781290176973153,2023-05-31,4.7529089664613275,True,,,,,,,,,-0.11253311189334092,-0.43301453181897087,-0.24642391700938104,2,0.20578643905205918
2000-03-24,DOV,Dover Corporation,Industrials,2000-03-24,0.771673118356252,-0.47038555697469153,2003-03-12,9.61533196440794,False,-0.09547663591628375,-0.019869378258728698,0.20514190878744776,0.018834913387335783,1.4190250047251949,0.060659592019882025,2.5854422349031143,0.06592619850251813,0.09031373552757183,0.20514190878744776,0.6721220664604832,2,0.29022975755976144
2007-10-09,DOV,Dover Corporation,Industrials,2007-10-09,0.4119361668363084,-0.5526746513480075,2009-03-09,3.9835728952772076,False,0.24049890895242565,0.044045142977362506,1.7703931808187625,0.1072715488944962,3.8240675893919978,0.11060824238655509,,,0.11540913348136561,1.7703931808187625,2.8427334634785533,2,0.036017123477011026
2021-12-31,DOV,Dover Corporation,Industrials,2021-12-31,1.6947769276590208,-0.35096576923553247,2022-09-30,3.808350444900753,False,,,,,,,,,0.02173427239267478,0.10759880900058283,0.23522428616367264,1,0.20578643905205918
2021-12-31,DOW,Dow Inc.,Materials,2021-12-31,,-0.551120980118367,2025-08-11,4.7529089664613275,True,,,,,,,,,-0.08950365430545071,-0.3595974901895843,-0.1038350782226799,2,0.20578643905205918
2007-10-09,DHI,D. R. Horton,Consumer Discretionary,2007-10-09,-0.31394379535557104,-0.6863460994000103,2008-11-21,4.251882272416153,False,0.5728376091369132,0.09480501231706406,2.304902619150814,0.12697911210378598,5.111169626507119,0.1282576561215567,,,0.13963083342799432,2.304902619150814,3.405749689319558,2,0.036017123477011026
2021-12-31,DHI,D. R. Horton,Consumer Discretionary,2021-12-31,2.238525983727011,-0.43832426503608135,2022-06-17,1.8316221765913758,False,,,,,,,,,0.05819317836804028,0.30844359890315265,0.7563675331543034,2,0.20578643905205918
2000-03-24,DTE,DTE Energy,Utilities,2000-03-24,0.28349414548089413,-0.018907202296174708,2000-03-31,0.06570841889117043,False,0.9322125534099206,0.14080385445994215,1.5159730456126144,0.0966564528542393,4.522993377531323,0.1206714330269898,6.023037659868273,0.1023671166689879,0.10676502394575182,1.5159730456126144,0.6988108535773792,0,0.29022975755976144
2007-10-09,DTE,DTE Energy,Utilities,2007-10-09,0.35934885375725534,-0.4969354076510275,2009-03-09,2.3846680355920604,False,0.564425663061481,0.0936314383981649,2.3205296099400816,0.12751086546831414,3.57185539794854,0.10663949492377367,,,0.09967323747087398,2.3205296099400816,3.4238862351111763,2,0.036017123477011026
2021-12-31,DTE,DTE Energy,Utilities,2021-12-31,0.4074154671470709,-0.16705804876385666,2023-10-05,2.524298425735797,False,,,,,,,,,0.042652967784140516,0.21959810461804952,0.21039032757405596,0,0.20578643905205918
2000-03-24,DUK,Duke Energy,Utilities,2000-03-24,0.28338810984821206,-0.450167766606019,2003-03-10,4.339493497604381,False,0.37460882811581797,0.06570211025371098,0.8272915226593816,0.06213760163882309,2.598431274420138,0.08911619045544517,3.1972518335352476,0.07435609345890115,0.0847184027716914,0.8272915226593816,1.5726249164598824,2,0.29022975755976144
2007-10-09,DUK,Duke Energy,Utilities,2007-10-09,0.6377003689779004,-0.3393534490996537,2009-03-09,2.7405886379192332,False,0.472384015120098,0.08044886790805594,1.3744959794640774,0.09032794676311795,2.070242308258818,0.07765110061174818,,,0.08362750002128783,1.3744959794640774,1.167922938879551,1,0.036017123477011026
2021-12-31,DUK,Duke Energy,Utilities,2021-12-31,0.3763383851329143,-0.15708204430685124,2022-10-12,2.294318959616701,False,,,,,,,,,0.05784358237240217,0.30639032558789436,0.23932106789733765,0,0.20578643905205918
2021-12-31,DD,DuPont,Industrials,2021-12-31,0.12428513561856702,-0.37114325194500075,2022-09-26,3.7754962354551678,False,,,,,,,,,0.07436014872488061,0.40621781185445727,0.45756753548546114,1,0.20578643905205918
2000-03-24,ETN,Eaton Corporation,Industrials,2000-03-24,0.11137476579853245,-0.22156154565964703,2000-10-12,0.7665982203969883,False,1.673669225555904,0.21736702969940125,2.4248244454155548,0.13100319420272566,6.161856647760579,0.14025427264328894,7.780046832892415,0.11474322519246494,0.16683573586213463,2.4248244454155548,2.0779960396040593,1,0.29022975755976144
2007-10-09,ETN,Eaton Corporation,Industrials,2007-10-09,0.650121165383746,-0.6853339329149637,2009-03-09,4.7967145790554415,False,0.08252035393422985,0.015984808403424866,1.1093973926840959,0.07749643141811458,3.1848164079607733,0.10013275137868693,,,0.14965251414247938,1.1093973926840959,1.8136794786686372,2,0.036017123477011026
2021-12-31,ETN,Eaton Corporation,Industrials,2021-12-31,1.7201531433615567,-0.2683121215759918,2022-07-14,1.3716632443531827,False,,,,,,,,,0.23386680049302333,1.7151249525960637,1.4418570242644373,1,0.20578643905205918
2007-10-09,EBAY,eBay Inc.,Consumer Discretionary,2007-10-09,-0.15541652610720613,-0.7373401486038538,2009-03-09,4.772073921971253,False,0.18209682763511736,0.03402397949713243,1.3693147354864283,0.09008979896507108,1.4082974537464494,0.060345363635205373,,,0.11066140992614004,1.3693147354864283,2.1780615089310276,2,0.036017123477011026
2021-12-31,EBAY,eBay Inc.,Consumer Discretionary,2021-12-31,1.466593595329393,-0.4388791820843668,2022-09-30,3.271731690622861,False,,,,,,,,,0.12395226518212499,0.7426091565676123,1.3035720686707895,2,0.20578643905205918
2000-03-24,ECL,Ecolab,Materials,2000-03-24,0.9281015063921714,-0.08037880442005918,2001-09-21,1.4948665297741273,False,1.0251708587531163,0.1515752806905446,1.8422585378809324,0.11011087707664391,6.9243314955289135,0.14797080243535388,10.29320926600002,0.12886203852286426,0.122939697575559,1.8422585378809324,0.8075726843334852,0,0.29022975755976144
2007-10-09,ECL,Ecolab,Materials,2007-10-09,0.4899034078201707,-0.3512803306055766,2009-03-09,3.8603696098562628,False,0.46140131663472284,0.07883219616563708,2.1855558856441584,0.1228416736215101,2.6479451038786133,0.09010890226803969,,,0.11016493285524631,2.1855558856441584,1.8274462524372166,1,0.036017123477011026
2021-12-31,ECL,Ecolab,Materials,2021-12-31,0.6372955769208939,-0.43447997439745534,2022-11-03,3.268993839835729,False,,,,,,,,,0.04475582721283988,0.23133329699624539,0.634212236591513,2,0.20578643905205918
2000-03-24,EIX,Edison International,Utilities,2000-03-24,-0.18847816415636487,-0.48703255134999246,2002-10-09,3.137577002053388,False,1.3553446562465492,0.1868911545909968,1.672499654506931,0.1032952940823384,4.770519545185285,0.12395173249646607,4.406917222638511,0.08804657459461773,0.08077307067193495,1.672499654506931,2.829838792321264,2,0.29022975755976144
2007-10-09,EIX,Edison International,Utilities,2007-10-09,1.3035204186431342,-0.5703121697785019,2009-03-06,6.269678302532512,False,-0.032804307798404264,-0.006648685744832461,0.8368114942182361,0.0626896696390653,0.7086827861537413,0.03636028781972889,,,0.03392251931330237,0.8368114942182361,1.4973334740628372,2,0.036017123477011026
2021-12-31,EIX,Edison International,Utilities,2021-12-31,0.3638104187932989,-0.1815607485012064,2025-06-13,4.7529089664613275,True,,,,,,,,,-0.004561501279685243,-0.02149560325706823,0.13002575828235008,0,0.20578643905205918
2021-12-31,EW,Edwards Lifesciences,Health Care,2021-12-31,1.537376797819578,-0.53917406903427,2024-07-25,4.7529089664613275,True,,,,,,,,,-0.0845081558435925,-0.34272482037796803,-0.09685305418856716,2,0.20578643905205918
2007-10-09,ELV,Elevance Health,Health Care,2007-10-09,0.8719160728280169,-0.6303830917839435,2008-11-20,5.6563997262149215,False,-0.19889414898653734,-0.04338325043475755,1.6912006708231053,0.10406491285931274,5.996413020599604,0.13847901340829227,,,0.10052472588865213,1.6912006708231053,2.956943748619726,2,0.036017123477011026
2021-12-31,ELV,Elevance Health,Health Care,2021-12-31,0.8314780470637713,-0.38008416801621037,2025-08-01,4.7529089664613275,True,,,,,,,,,-0.023211549706452228,-0.10561855623500482,0.13392571725272284,1,0.20578643905205918
2000-03-24,EMR,Emerson Electric,Industrials,2000-03-24,0.004733138349407806,-0.04273992874665644,2002-10-09,2.543463381245722,False,0.6028936123644262,0.09895760721905367,1.723507761862364,0.10538320508079724,2.6274138460677685,0.08969880280255782,2.322568896402982,0.06187574218839287,0.10438337833462863,1.723507761862364,0.7679890923272956,0,0.29022975755976144
2007-10-09,EMR,Emerson Electric,Industrials,2007-10-09,0.8655609573186749,-0.525583898459258,2009-03-09,8.295687885010267,False,0.03780062135090878,0.0074483392386717195,0.5849192249668178,0.04713026798878217,1.2117176883780707,0.05434314664754658,,,0.08798636618097544,0.5849192249668178,1.1580276730587986,2,0.036017123477011026
2021-12-31,EMR,Emerson Electric,Industrials,2021-12-31,0.6885134111632498,-0.20039287242406145,2022-09-27,1.9329226557152634,False,,,,,,,,,0.14571353664539188,0.9088994850015302,0.8416100402048385,1,0.20578643905205918
2000-03-24,ETR,Entergy,Utilities,2000-03-24,-0.056067444181668646,-0.009433662499426232,2000-03-30,0.01642710472279261,False,3.11742493338025,0.3271656663951432,4.486360457074443,0.18557336456914664,5.788286954166894,0.1361892594088565,8.405729736501058,0.11858663179795426,0.13335747636849637,4.486360457074443,1.6889399907313214,0,0.29022975755976144
2007-10-09,ETR,Entergy,Utilities,2007-10-09,1.0048416307972676,-0.453026578073797,2009-03-13,10.335386721423683,False,-0.2519442347205296,-0.05640247110225949,0.056568826232001435,0.005517837643460144,0.6390761461860412,0.033490785046208726,,,0.0721834876259615,0.056568826232001435,0.4199018966179673,2,0.036017123477011026
2021-12-31,ETR,Entergy,Utilities,2021-12-31,0.4581015802421857,-0.15589183707247312,2023-10-02,2.291581108829569,False,,,,,,,,,0.17047179462883855,1.1130675729130655,0.5082134836723946,0,0.20578643905205918
2007-10-09,EOG,EOG Resources,Energy,2007-10-09,1.269065531339817,-0.41280402859141274,2009-03-02,13.078713210130047,False,0.4649609294614623,0.07935723864404776,1.6331226715621456,0.1016588033405148,3.092592104833943,0.09849958572897655,,,0.09173596282947027,1.6331226715621456,2.576257454002329,2,0.036017123477011026
2021-12-31,EOG,EOG Resources,Energy,2021-12-31,0.12480581933262913,0.0,2021-12-31,0.0,False,,,,,,,,,0.1521830495734242,0.9606767655863082,0.45741654789680886,0,0.20578643905205918
2000-03-24,EFX,Equifax,Industrials,2000-03-24,-0.04582972142730979,-0.03501544599237316,2000-07-28,0.3586584531143053,False,1.1894941929179885,0.16968456629445594,1.6379984073720744,0.10186262699052073,6.296156371279824,0.14166742315947345,8.548777142328502,0.11943115047353903,0.09954216360404455,1.6379984073720744,0.7394859741638657,0,0.29022975755976144
2007-10-09,EFX,Equifax,Industrials,2007-10-09,0.5349394200270343,-0.4936745079412145,2009-03-09,4.1943874058863795,False,0.3035459489371266,0.05444824630837797,2.1938385354056633,0.12313327863952872,4.057826527499861,0.11411732734239277,,,0.08029626444838067,2.1938385354056633,3.2478926750130315,2,0.036017123477011026
2021-12-31,EFX,Equifax,Industrials,2021-12-31,2.235799167012241,-0.513028290416629,2026-09-30,4.7529089664613275,True,,,,,,,,,-0.1368804590934405,-0.5032349416142525,-0.34564954287974925,2,0.20578643905205918
2007-10-09,EL,Estée Lauder Companies (The),Consumer Staples,2007-10-09,0.08711236200222117,-0.524890622639084,2009-03-09,2.0561259411362083,False,2.072559362589334,0.25169943576559195,4.788533193210034,0.19194674722505245,11.133595538305755,0.18104370078562915,,,0.09330532147562365,4.788533193210034,6.841669352429685,2,0.036017123477011026
2021-12-31,EL,Estée Lauder Companies (The),Consumer Staples,2021-12-31,1.9139203712397692,-0.8575297410077057,2025-04-08,4.7529089664613275,True,,,,,,,,,-0.24206803017711787,-0.7321489072373859,-0.6472373234036402,2,0.20578643905205918
2021-12-31,EVRG,Evergy,Utilities,2021-12-31,0.3383524616945228,-0.25044030803134765,2023-11-13,3.028062970568104,False,,,,,,,,,0.07267626648931391,0.3957730967017854,0.4852733154341411,1,0.20578643905205918
2021-12-31,ES,Eversource Energy,Utilities,2021-12-31,0.5197071843532401,-0.388647686651006,2023-10-23,4.7529089664613275,True,,,,,,,,,-0.03041563738823172,-0.1365392707588602,0.06754284135634614,1,0.20578643905205918
2000-03-24,EXC,Exelon,Utilities,2000-03-24,1.1063311184537885,-0.03453965510054191,2000-03-28,0.02737850787132101,False,1.758848161088344,0.22502671501754734,2.1458457606554027,0.12143406071332374,2.041714485341939,0.07698063996969573,2.766828576919913,0.06855970440509407,0.08092401812347405,2.1458457606554027,0.9087684252583086,0,0.29022975755976144
2007-10-09,EXC,Exelon,Utilities,2007-10-09,1.2588125408496174,-0.5498799326495813,2014-01-03,13.763175906913073,False,-0.4266606225812215,-0.10528987081955099,-0.2588286148689495,-0.02950821308573759,0.19208365090342072,0.0117823880864516,,,0.022417667246529493,-0.2588286148689495,-0.00653881848511817,2,0.036017123477011026
2021-12-31,EXC,Exelon,Utilities,2021-12-31,0.4182972318514564,-0.12747554619117463,2024-02-05,2.965092402464066,False,,,,,,,,,0.034103813632980984,0.17279479648563312,0.19478922486325057,0,0.20578643905205918
2007-10-09,EXPE,Expedia Group,Consumer Discretionary,2007-10-09,,-0.8251950789617744,2008-11-20,6.034223134839151,False,0.12354301043296956,0.023570923608093652,2.1237608605895577,0.1206442778482375,1.0600675997179825,0.04936223722313393,,,0.09795398778011544,2.1237608605895577,3.1335917020181094,2,0.036017123477011026
2021-12-31,EXPE,Expedia Group,Consumer Discretionary,2021-12-31,0.6287445329014449,-0.5369079242532713,2022-12-28,3.583846680355921,False,,,,,,,,,0.08701228284016671,0.48668530718809455,0.9833944146089739,2,0.20578643905205918
2021-12-31,EXPD,Expeditors International,Industrials,2021-12-31,1.0440341509227626,-0.34984984193351687,2022-09-26,3.8412046543463383,False,,,,,,,,,0.09079441186860282,0.5114319159014176,0.5368699650488793,1,0.20578643905205918
2000-03-24,XOM,ExxonMobil,Energy,2000-03-24,0.5883087782556109,-0.17677321887561226,2002-07-22,3.652292950034223,False,0.7202104559860754,0.1145930138662885,1.142203511184055,0.07916057951764177,2.103915939456167,0.07843505597154854,0.5895688841770295,0.023443725170084972,0.08975036553702465,1.142203511184055,0.5742210087678592,0,0.29022975755976144
2007-10-09,XOM,ExxonMobil,Energy,2007-10-09,0.9687291880063487,-0.5018293350173926,2020-03-23,13.95482546201232,False,0.11562219428837706,0.022123631080985584,0.16301694841500858,0.015216352187904514,0.8651575646300678,0.04243192101136861,,,0.0674455336342541,0.16301694841500858,0.2627327703160194,1,0.036017123477011026
2021-12-31,XOM,ExxonMobil,Energy,2021-12-31,0.07785989133558124,0.0,2021-12-31,0.0,False,,,,,,,,,0.27316820238394723,2.151465671979626,0.8543461833612482,0,0.20578643905205918
2021-12-31,FFIV,"F5, Inc.",Information Technology,2021-12-31,0.5102759276520752,-0.4675739049834714,2023-04-25,3.9260780287474333,False,,,,,,,,,0.13888428243766415,0.855420686068709,1.4485751992067524,2,0.20578643905205918
2021-12-31,FAST,Fastenal,Industrials,2021-12-31,1.656694153933131,-0.30316610195409976,2022-10-14,1.9164955509924708,False,,,,,,,,,0.1287601667710243,0.7783243408849938,0.7560191046052835,1,0.20578643905205918
2000-03-24,FDX,FedEx,Industrials,2000-03-24,0.3934065171226717,-0.1466876662054618,2000-05-26,8.969199178644764,False,1.3939496871582007,0.1907566175391464,1.3572619379207738,0.08953399245826854,3.545253402234768,0.10620904886109983,2.4029847726924474,0.06314622217897159,0.09641988476761099,1.3572619379207738,0.6459071510134322,0,0.29022975755976144
2007-10-09,FDX,FedEx,Industrials,2007-10-09,0.25878556821418974,-0.6769028188081314,2009-03-09,12.438056125941136,False,-0.17596860561350047,-0.03796969810674078,1.196406088143248,0.08186049851583932,0.6453989794632042,0.03375609122991685,,,0.07815327610168477,1.196406088143248,1.9447035658791494,2,0.036017123477011026
2021-12-31,FDX,FedEx,Industrials,2021-12-31,0.6714073483475853,-0.43975077279051444,2022-09-26,3.811088295687885,False,,,,,,,,,0.09433564128723515,0.5348960601496919,1.0497517559541558,2,0.20578643905205918
2000-03-24,FE,FirstEnergy,Utilities,2000-03-24,,-0.006269408203181892,2000-03-28,0.010951403148528405,False,1.6014221205064563,0.21071567655066192,2.092147238515052,0.11950494576131998,2.577603961847627,0.08869480570615051,3.3756330489416744,0.07659422208355693,0.07624186940854205,2.092147238515052,0.8908689178781917,0,0.29022975755976144
2007-10-09,FE,FirstEnergy,Utilities,2007-10-09,0.8248237736021933,-0.4391847128613918,2009-03-13,13.527720739219713,False,-0.14170338845547858,-0.030098838101972003,-0.24354779867517962,-0.027525663627800512,0.06543851657101363,0.004234705603510136,,,0.02191782696192157,-0.24354779867517962,0.020327742799162607,2,0.036017123477011026
2021-12-31,FE,FirstEnergy,Utilities,2021-12-31,0.2518955778083718,-0.1602362874289086,2023-10-02,2.297056810403833,False,,,,,,,,,0.05062124125455658,0.2645375413792943,0.2253701398278043,0,0.20578643905205918
2000-03-24,F,Ford Motor Company,Consumer Discretionary,2000-03-24,1.3587230668434986,-0.9344359163106872,2008-11-19,25.19917864476386,False,-0.4495876288453967,-0.11256278446202639,-0.2767135828823195,-0.03187590095964121,-0.06030218123766651,-0.00413787695083867,-0.6200280171604858,-0.0472310864760116,0.008949061435103545,-0.2767135828823195,0.050439321524134106,2,0.29022975755976144
2007-10-09,F,Ford Motor Company,Consumer Discretionary,2007-10-09,-0.3536567281738737,-0.8485577000676526,2008-11-19,12.616016427104723,False,0.2306417457062233,0.04238062064177894,0.8590620213989022,0.06397001283419912,1.2217015175502635,0.05465977149646073,,,0.058184176656228326,0.8590620213989022,1.4593416231454528,2,0.036017123477011026
2021-12-31,F,Ford Motor Company,Consumer Discretionary,2021-12-31,1.9593539882560078,-0.4724979634535541,2025-04-08,4.7529089664613275,True,,,,,,,,,-0.04827606651406169,-0.2095676690370929,0.06362912009400001,2,0.20578643905205918
2021-12-31,FTNT,Fortinet,Information Technology,2021-12-31,4.102938733163613,-0.361018335278362,2022-11-03,2.617385352498289,False,,,,,,,,,0.21439221625713167,1.5173901483369607,1.3460457185752466,1,0.20578643905205918
2021-12-31,FTV,Fortive,Industrials,2021-12-31,0.3631932432015681,-0.2963225970760678,2022-06-17,4.7501711156741955,False,,,,,,,,,0.004265765788584286,0.020437722844169004,0.1699699637544465,1,0.20578643905205918
2021-12-31,FOXA,Fox Corporation (Class A),Communication Services,2021-12-31,,-0.2265458575844962,2022-10-27,2.524298425735797,False,,,,,,,,,0.1311680055704687,0.7964266725820137,0.7725740433301029,1,0.20578643905205918
2021-12-31,FOX,Fox Corporation (Class B),Communication Services,2021-12-31,,-0.21359603529928362,2022-10-27,2.521560574948665,False,,,,,,,,,0.12432841259583682,0.7453827476288015,0.7255925093074895,1,0.20578643905205918
2021-12-31,FCX,Freeport-McMoRan,Materials,2021-12-31,3.1636719317515425,-0.3914057787093064,2022-07-14,3.8795345653661877,False,,,,,,,,,0.13764031785087827,0.8458081017185453,0.8340386905784445,1,0.20578643905205918
2021-12-31,GRMN,Garmin,Consumer Discretionary,2021-12-31,1.3066941238961918,-0.4109571538953565,2022-10-12,2.138261464750171,False,,,,,,,,,0.19008841670934062,1.2867631819514251,2.005644903386142,2,0.20578643905205918
2021-12-31,IT,Gartner,Information Technology,2021-12-31,1.6151440621179782,-0.6239231855633383,2026-06-22,4.7529089664613275,True,,,,,,,,,-0.11726370067691039,-0.44723618388611297,-0.12384417960939476,2,0.20578643905205918
2000-03-24,GE,GE Aerospace,Industrials,2000-03-24,2.132034508270699,-0.8358099522176801,2009-03-05,24.024640657084188,False,-0.25015334623287655,-0.05595109779975549,-0.5327947302388117,-0.07327522565861444,-0.24279938583821048,-0.01837096153703155,-0.753268658049831,-0.06758078221341768,0.03107085262608411,-0.5327947302388117,-0.3383844164793952,2,0.29022975755976144
2007-10-09,GE,GE Aerospace,Industrials,2007-10-09,0.3535139687255522,-0.8265816690621981,2009-03-05,16.407939767282684,False,-0.3422914135260824,-0.08038361129264471,-0.19517798396044994,-0.02147937326060978,-0.6968133414885335,-0.07647780115183678,,,0.04669500259974346,-0.19517798396044994,0.08568858934959112,2,0.036017123477011026
2021-12-31,GE,GE Aerospace,Industrials,2021-12-31,0.6422841264736181,-0.3519859962044004,2022-07-14,1.0239561943874058,False,,,,,,,,,0.4246926559263857,4.37802480898071,3.467167722328555,1,0.20578643905205918
2007-10-09,GEN,Gen Digital,Information Technology,2007-10-09,-0.22956507407529125,-0.5250471489151898,2008-11-20,8.39151266255989,False,-0.16493404245267818,-0.035406889040554224,1.1135433484152988,0.07770802295229573,1.538429342332003,0.06407197542396692,,,0.05838474738810229,1.1135433484152988,1.8372125520824212,2,0.036017123477011026
2021-12-31,GEN,Gen Digital,Information Technology,2021-12-31,1.5258892661811942,-0.38912575662931814,2023-05-16,4.7529089664613275,True,,,,,,,,,-0.014167647191939192,-0.06557050193023906,0.10867484107310998,1,0.20578643905205918
2021-12-31,GNRC,Generac,Industrials,2021-12-31,6.080885473349044,-0.7664242048992713,2023-10-27,4.7529089664613275,True,,,,,,,,,-0.09690051164133873,-0.38395091276536053,-0.17440154493200155,2,0.20578643905205918
2000-03-24,GD,General Dynamics,Industrials,2000-03-24,0.4900111598003869,-0.024611495618558465,2000-03-29,0.013689253935660506,False,1.3500414014632547,0.1863561957024371,2.7085487177698195,0.14004081214112674,6.549924553009951,0.1442726229583302,6.049559760003271,0.10257489551805321,0.12662902272777532,2.7085487177698195,1.0963360776297808,0,0.29022975755976144
2007-10-09,GD,General Dynamics,Industrials,2007-10-09,0.8147708667663796,-0.5735641191934128,2009-03-09,5.593429158110883,False,-0.1427130349766118,-0.030327131776005767,2.09793189053507,0.1197142016856374,2.6515500650728443,0.09018068677564317,,,0.09721639991824049,2.09793189053507,3.198591767740462,2,0.036017123477011026
2021-12-31,GD,General Dynamics,Industrials,2021-12-31,0.43359434732523416,-0.011478031039539927,2022-01-26,0.07118412046543464,False,,,,,,,,,0.12469462960956768,0.748086462845327,0.38655311364981504,0,0.20578643905205918
2000-03-24,GIS,General Mills,Consumer Staples,2000-03-24,0.20624334374648257,-0.06112051425066001,2000-09-05,0.49555099247091033,False,0.6530127678407611,0.10574565529987257,1.729584377802091,0.10562958788054,3.701059070258977,0.10869744633328637,4.088568828441268,0.08475030936559835,0.056689847751413946,1.729584377802091,0.7700146309738714,0,0.29022975755976144
2007-10-09,GIS,General Mills,Consumer Staples,2007-10-09,0.40413263970518765,-0.16265978273888104,2009-03-20,1.7221081451060918,False,0.5743193939682634,0.09501121980548533,1.3395731366127261,0.08871363642611407,3.195204425268436,0.10031459895218853,,,0.039528375749890765,1.3395731366127261,0.47053579452224925,0,0.036017123477011026
2021-12-31,GIS,General Mills,Consumer Staples,2021-12-31,0.9270959699834247,-0.4342275637276254,2026-06-03,4.7529089664613275,True,,,,,,,,,-0.11065756262310145,-0.42729671908875577,-0.1473585771894096,2,0.20578643905205918
2021-12-31,GM,General Motors,Consumer Discretionary,2021-12-31,0.8487555393497372,-0.5398250768404596,2023-11-09,3.783709787816564,False,,,,,,,,,0.07219492017237994,0.39279870878024137,0.8258155537137049,2,0.20578643905205918
2000-03-24,GPC,Genuine Parts Company,Consumer Discretionary,2000-03-24,-0.1934252234747914,-0.17874648038232432,2000-09-26,0.7364818617385352,False,1.201390954835957,0.17095292433338716,1.626254586241613,0.10137111517484132,5.832207988771973,0.1366778712191541,4.0899498928067075,0.08476502781541839,0.10114273583615474,1.626254586241613,0.7355713671203785,0,0.29022975755976144
2007-10-09,GPC,Genuine Parts Company,Consumer Discretionary,2007-10-09,0.4098046225648735,-0.4656716783454279,2009-03-09,2.9568788501026693,False,0.5007103557356898,0.08457446651186773,1.6529698711618606,0.10248637706342545,3.971262663998094,0.11283586542293444,,,0.08406892265258414,1.6529698711618606,2.5313042637914216,2,0.036017123477011026
2021-12-31,GPC,Genuine Parts Company,Consumer Discretionary,2021-12-31,0.5994757711284981,-0.25669228978016334,2026-05-19,4.558521560574949,False,,,,,,,,,0.008692463746238,0.041993765756721535,0.26466509088858814,1,0.20578643905205918
2007-10-09,GILD,Gilead Sciences,Health Care,2007-10-09,1.226984137311609,-0.24376333842640086,2010-08-31,4.238193018480493,False,0.6341173151391459,0.103206079237107,3.1224843448099877,0.15216824520458738,2.924182062013071,0.09542658474305576,,,0.1294304784241671,3.1224843448099877,2.4879679633893814,1,0.036017123477011026
2021-12-31,GILD,Gilead Sciences,Health Care,2021-12-31,0.3080249475179495,-0.2023139632395411,2022-03-10,2.4640657084188913,False,,,,,,,,,0.19779387858010478,1.357995298517304,1.173701066303308,1,0.20578643905205918
2000-03-24,HAL,Halliburton,Energy,2000-03-24,0.17329382779467095,-0.7573560661292711,2002-07-23,20.637919233401778,False,0.18526174139414242,0.034577080982333364,0.8015798006226091,0.06063352501204422,1.681837090791868,0.06797763868194395,-0.5344866660044494,-0.037509157268667326,0.035206939898948075,0.8015798006226091,1.5052030361357485,2,0.29022975755976144
2007-10-09,HAL,Halliburton,Energy,2007-10-09,1.297464831954212,-0.8578135635919957,2020-03-18,18.22861054072553,False,-0.08964952405415949,-0.018609782268574016,0.29849314279033856,0.026464575733719853,-0.035633384212857555,-0.002415993434375596,,,0.0050254520558845606,0.29849314279033856,0.7961841599147088,2,0.036017123477011026
2021-12-31,HAL,Halliburton,Energy,2021-12-31,-0.08610750912652643,-0.10600105556510497,2025-04-08,3.6386036960985626,False,,,,,,,,,0.09397097852292369,0.532466611168892,0.31467982975767006,0,0.20578643905205918
2000-03-24,HAS,Hasbro,Consumer Discretionary,2000-03-24,-0.10067911311992284,-0.4409636776073891,2000-12-07,3.1759069130732374,False,0.32020903736827666,0.05713034697329267,1.7258184624109254,0.10547695311263094,4.153603651762431,0.11551154063766833,4.9945521059457345,0.09367387221496615,0.09428029081903433,1.7258184624109254,2.8698070581494974,2,0.29022975755976144
2007-10-09,HAS,Hasbro,Consumer Discretionary,2007-10-09,0.6528872948378956,-0.253787259762843,2008-01-15,2.0588637919233403,False,0.4759993766256405,0.08097894460650501,3.381456791772595,0.15920929099125924,2.612456781825132,0.08939867822065684,,,0.09458567210545299,3.381456791772595,2.6883239036158844,1,0.036017123477011026
2021-12-31,HAS,Hasbro,Consumer Discretionary,2021-12-31,0.3670790110082591,-0.5410119777060897,2023-11-13,4.550308008213553,False,,,,,,,,,0.014009599696677588,0.06835944078428136,0.421574159539412,2,0.20578643905205918
2021-12-31,HCA,HCA Healthcare,Health Care,2021-12-31,1.1200534593630347,-0.3505375129152185,2022-07-06,1.9301848049281314,False,,,,,,,,,0.12202189730331359,0.7284299470386415,0.7065517261521232,1,0.20578643905205918
2021-12-31,HSIC,Henry Schein,Health Care,2021-12-31,0.25892448431791015,-0.20172835851797855,2023-11-02,4.427104722792608,False,,,,,,,,,0.01923917176284795,0.09480199393584665,0.25317015839223167,1,0.20578643905205918
2000-03-24,HSY,Hershey Company (The),Consumer Staples,2000-03-24,-0.12015424216575066,-0.045454673465898265,2000-03-28,0.4517453798767967,False,2.004711907707472,0.2461220119474583,1.4284795268700403,0.09278177815603006,5.4197581646097985,0.13196911577956683,7.785704072498316,0.1147791272801626,0.1031486980594849,1.4284795268700403,0.6696463473298544,0,0.29022975755976144
2007-10-09,HSY,Hershey Company (The),Consumer Staples,2007-10-09,0.04824165534160474,-0.29853288003634226,2009-03-10,2.4421629021218343,False,0.7897813324263305,0.12346615810981354,2.0297473651396025,0.11722499062628922,5.918373688534001,0.13762798719257185,,,0.09497272173126836,2.0297473651396025,1.6380590860040418,1,0.036017123477011026
2021-12-31,HSY,Hershey Company (The),Consumer Staples,2021-12-31,0.9239185688979481,-0.2003207494621465,2025-02-04,4.7529089664613275,True,,,,,,,,,-0.014168527215794757,-0.06557446650568666,0.15394019081855737,1,0.20578643905205918
2021-12-31,HPE,Hewlett Packard Enterprise,Information Technology,2021-12-31,0.32705055259827387,-0.22141933144584325,2022-09-30,3.2854209445585214,False,,,,,,,,,0.4027823477861354,3.996104087907182,3.1942400794223467,1,0.20578643905205918
2021-12-31,HLT,Hilton Worldwide,Consumer Discretionary,2021-12-31,1.1901206057975022,-0.2956272620632546,2022-07-06,1.83709787816564,False,,,,,,,,,0.16610578088276906,1.0758663694206492,0.9882608130011044,1,0.20578643905205918
2000-03-24,HD,Home Depot (The),Consumer Discretionary,2000-03-24,4.05174766717958,-0.6843723738403296,2009-03-06,12.336755646817249,False,-0.38920949993759624,-0.09389515058666142,-0.40684918043017015,-0.05089007812266999,1.4067483462994552,0.06029987971406636,3.292003993842826,0.07555594685642819,0.08005758549214836,-0.40684918043017015,-0.1765770844199912,2,0.29022975755976144
2007-10-09,HD,Home Depot (The),Consumer Discretionary,2007-10-09,-0.09143302300133271,-0.4431809820774417,2009-03-06,3.8357289527720737,False,1.1160475510448604,0.1617296790714562,5.390986226020672,0.20380678874516733,11.327493702361755,0.1822926398074567,,,0.1474301212199498,5.390986226020672,7.478502021071304,2,0.036017123477011026
2021-12-31,HD,Home Depot (The),Consumer Discretionary,2021-12-31,1.5927572850708378,-0.3454535041185782,2022-09-26,4.7529089664613275,True,,,,,,,,,-0.05339132384582046,-0.22955708814986797,-0.004064478653501902,1,0.20578643905205918
2000-03-24,HON,Honeywell Technologies,Industrials,2000-03-24,0.38311519506903924,-0.5936568426103215,2002-10-09,10.283367556468173,False,-0.16172777765601853,-0.03466730626979131,0.13766105710533005,0.012980975817684426,1.9941212399346573,0.07584892968885559,3.0009380631136713,0.07178602852595506,0.08295168311730339,0.13766105710533005,0.5897803375829231,2,0.29022975755976144
2007-10-09,HON,Honeywell Technologies,Industrials,2007-10-09,0.8250065512469384,-0.6054518860062733,2009-03-09,4.758384668035592,False,0.137469958182459,0.02609598214401565,2.0073600615671627,0.11639669670724939,3.1442647890790463,0.09941881846098388,,,0.09588986216364748,2.0073600615671627,3.001384769901658,2,0.036017123477011026
2021-12-31,HON,Honeywell Technologies,Industrials,2021-12-31,0.6760222115574859,-0.18664192292104298,2022-09-30,3.3045859000684463,False,,,,,,,,,0.02902947225014163,0.14569301726890904,0.1857552984576758,0,0.20578643905205918
2021-12-31,HRL,Hormel Foods,Consumer Staples,2021-12-31,0.21607091044980353,-0.5287627374934523,2026-05-15,4.7529089664613275,True,,,,,,,,,-0.13965969125530364,-0.5107917806189197,-0.3003584398375212,2,0.20578643905205918
2021-12-31,HWM,Howmet Aerospace,Industrials,2021-12-31,1.4807039386682104,-0.03738604721072469,2022-01-27,0.7474332648870636,False,,,,,,,,,0.5221954398719011,6.3665693040677285,2.2593807273906155,0,0.20578643905205918
2000-03-24,HPQ,HP Inc.,Information Technology,2000-03-24,1.5688863968573439,-0.7921997305650539,2002-10-09,20.35044490075291,False,-0.6159423387119048,-0.17419161815552242,0.07344173797278852,0.007112178649925749,-0.2587803891132262,-0.019765929552748585,-0.11448161047799499,-0.006060662370219294,0.03233132583904319,0.07344173797278852,0.47445547871334615,2,0.29022975755976144
2007-10-09,HPQ,HP Inc.,Information Technology,2007-10-09,1.9171444719011066,-0.7634435447997487,2012-11-20,13.05681040383299,False,-0.709708153233294,-0.21915116325450779,0.050056135981350725,0.004896310501547152,0.4841972886185084,0.026674500502797738,,,0.04323395245130501,0.050056135981350725,0.40455445882039287,2,0.036017123477011026
2021-12-31,HPQ,HP Inc.,Information Technology,2021-12-31,1.0271150460298966,-0.4421127000888373,2026-02-24,4.747433264887063,False,,,,,,,,,0.004708552771828023,0.02257790872287435,0.4545568270454077,2,0.20578643905205918
2021-12-31,HUM,Humana,Health Care,2021-12-31,0.653743301485701,-0.633004225001203,2026-03-12,4.7529089664613275,True,,,,,,,,,-0.027165647271737314,-0.12269627959158824,0.2616901689208042,2,0.20578643905205918
2021-12-31,HII,Huntington Ingalls Industries,Industrials,2021-12-31,0.04478112801259604,-0.08580884892900398,2025-02-06,3.1731690622861053,False,,,,,,,,,0.10275816992008924,0.5918601930254079,0.33447769037650876,0,0.20578643905205918
2000-03-24,IBM,IBM,Information Technology,2000-03-24,2.596401443441944,-0.5370306906834973,2002-10-09,9.308692676249144,False,-0.22284636474537367,-0.04917328250770292,0.18865779116460368,0.017432682455813087,0.6629059854443016,0.03448575106441498,0.3170664641449008,0.013865592279345362,0.051630952765753024,0.18865779116460368,0.6622198610823011,2,0.29022975755976144
2007-10-09,IBM,IBM,Information Technology,2007-10-09,0.4129811940249386,-0.3807689866908186,2008-11-20,1.7686516084873374,False,0.9212601700875387,0.13950762574479203,0.574263132423394,0.046424098154050686,0.6838389810067858,0.035348846428219005,,,0.07035348551095222,0.574263132423394,0.5591325617602667,1,0.036017123477011026
2021-12-31,IBM,IBM,Information Technology,2021-12-31,0.42479050936914775,-0.08763373248632855,2022-10-12,1.3716632443531827,False,,,,,,,,,0.15583228044637876,0.9903678643439102,0.4673135808160096,0,0.20578643905205918
2021-12-31,IEX,IDEX Corporation,Industrials,2021-12-31,0.9373955098717721,-0.30119399241126377,2025-08-11,4.7118412046543465,False,,,,,,,,,0.01077407112379003,0.052253741649426866,0.19863867307525296,1,0.20578643905205918
2021-12-31,IDXX,Idexx Laboratories,Health Care,2021-12-31,2.5397269479051237,-0.5069708048852224,2022-10-14,4.7529089664613275,True,,,,,,,,,-0.04907683018780973,-0.21272363188366117,0.04524475436693698,2,0.20578643905205918
2000-03-24,ITW,Illinois Tool Works,Industrials,2000-03-24,0.3513589225555984,-0.15813575488926312,2001-09-21,2.97056810403833,False,0.6433533577205759,0.10445033509774859,0.88106698866411,0.06522273304148452,3.432199835668066,0.10435310239912887,6.022573381468573,0.10236347279480129,0.10949070991116461,0.88106698866411,0.4871755012612111,0,0.29022975755976144
2007-10-09,ITW,Illinois Tool Works,Industrials,2007-10-09,0.3466496081705597,-0.547059894845866,2009-03-05,4.791238877481177,False,0.13674458387507205,0.025965078714135448,2.253850592019217,0.1252260054988994,3.542753713846724,0.10616848071094442,,,0.1079946140673298,2.253850592019217,3.29930721241079,2,0.036017123477011026
2021-12-31,ITW,Illinois Tool Works,Industrials,2021-12-31,1.0951627238570194,-0.2781790046975312,2022-07-14,3.3045859000684463,False,,,,,,,,,0.037950402839918906,0.19367449833318662,0.29783879813513026,1,0.20578643905205918
2021-12-31,INCY,Incyte,Health Care,2021-12-31,0.1542695604615718,-0.3027248059779527,2024-04-25,3.572895277207392,False,,,,,,,,,0.09967901777220822,0.5708446955700139,0.6249366982429616,1,0.20578643905205918
2021-12-31,IR,Ingersoll Rand,Industrials,2021-12-31,2.2532334531112115,-0.3553249184759023,2022-07-14,1.8316221765913758,False,,,,,,,,,0.04563584969704104,0.23627072199972732,0.3318798837220345,1,0.20578643905205918
2000-03-24,INTC,Intel,Information Technology,2000-03-24,3.2781426275274566,-0.8087127390989384,2002-10-08,25.78507871321013,False,-0.659676352004307,-0.19391948075338417,-0.6294798118152938,-0.09451515161525836,-0.3978100988185015,-0.03324691964142301,0.1756368062591005,0.008123314699405304,0.04255333500054315,-0.6294798118152938,-0.5076559635540516,2,0.29022975755976144
2007-10-09,INTC,Intel,Information Technology,2007-10-09,0.32265362316334456,-0.5127624042537678,2009-02-23,5.516769336071184,False,-0.011582920251946738,-0.002327392376434867,1.1210861505233565,0.07809201853270431,0.5603260171251847,0.030103880816423345,,,0.11283386046937283,1.1210861505233565,1.8466127457233892,2,0.036017123477011026
2021-12-31,INTC,Intel,Information Technology,2021-12-31,0.1826137260902252,-0.6204295951908059,2025-04-08,4.246406570841889,False,,,,,,,,,0.2124485910059335,1.4982978046083986,2.329989254091339,2,0.20578643905205918
2000-03-24,IFF,International Flavors & Fragrances,Materials,2000-03-24,-0.14367784086771362,-0.5445615998841865,2000-10-25,8.9637234770705,False,0.3162630260828445,0.05649765254548944,0.6924837308279612,0.054028733702469856,3.84795160498778,0.11097397375111928,3.5279188211117463,0.0784373773998217,0.057552835365534794,0.6924837308279612,1.3902566819250382,2,0.29022975755976144
2007-10-09,IFF,International Flavors & Fragrances,Materials,2007-10-09,0.4986015875104868,-0.5303706989715368,2008-11-20,3.055441478439425,False,0.2552861175025811,0.046522440163014656,2.3301624005530845,0.12783752792447278,1.269080490759035,0.05614446364194303,,,0.04603560952767172,2.3301624005530845,3.4802760079051422,2,0.036017123477011026
2021-12-31,IFF,International Flavors & Fragrances,Materials,2021-12-31,0.20588442997836331,-0.561897242064791,2023-08-17,4.7529089664613275,True,,,,,,,,,-0.09523777264260691,-0.3785413314056508,-0.16744186774257352,2,0.20578643905205918
2000-03-24,IP,International Paper,Materials,2000-03-24,-0.021165676937707656,-0.8612788924423764,2009-03-06,11.737166324435318,False,0.07615745033546206,0.014787626949369193,-0.10618785236339257,-0.011163189137294638,1.1901884677055174,0.05365580903588518,0.3674208884577319,0.015769364681661013,0.03047321143550663,-0.10618785236339257,0.33562479916840937,2,0.29022975755976144
2007-10-09,IP,International Paper,Materials,2007-10-09,-0.004534162682836906,-0.8796383663768879,2009-03-06,4.7939767282683095,False,0.16672514118526194,0.031320644334351444,1.185316135971676,0.08131300736502012,0.5777695603576964,0.030867635212207034,,,0.035068361810575155,1.185316135971676,2.025109564924831,2,0.036017123477011026
2021-12-31,IP,International Paper,Materials,2021-12-31,0.4074632829290965,-0.33425138690261036,2023-06-01,4.7529089664613275,True,,,,,,,,,-0.034986221124371,-0.1557147499868029,0.05059718550785841,1,0.20578643905205918
2007-10-09,INTU,Intuit,Information Technology,2007-10-09,0.4676692692748372,-0.3735650857769329,2008-12-01,2.3764544832306638,False,0.8832453995946996,0.13496216205808276,3.7870791174893874,0.16951840426519893,12.542732331829221,0.18972636615816696,,,0.12881381455104868,3.7870791174893874,2.9806656089057566,1,0.036017123477011026
2021-12-31,INTU,Intuit,Information Technology,2021-12-31,2.336679975834906,-0.5910369058262818,2026-06-25,4.7529089664613275,True,,,,,,,,,-0.15359979463991347,-0.5473378512907494,-0.39390628083188495,2,0.20578643905205918
2021-12-31,ISRG,Intuitive Surgical,Health Care,2021-12-31,1.2506889825023824,-0.49050931317015734,2022-10-14,4.689938398357289,False,,,,,,,,,0.018468132011797644,0.0908712093607853,0.4753020488244879,2,0.20578643905205918
2021-12-31,IQV,IQVIA,Health Care,2021-12-31,1.428682268188754,-0.5144254877468912,2025-05-23,4.7529089664613275,True,,,,,,,,,-0.018474795606568173,-0.08481612657168658,0.2754999674187051,2,0.20578643905205918
2021-12-31,JBHT,J.B. Hunt,Industrials,2021-12-31,1.2555264194002609,-0.37117975538258685,2025-04-16,4.0,False,,,,,,,,,0.03873143562080417,0.19794964758177547,0.30807176580840023,1,0.20578643905205918
2021-12-31,J,Jacobs Solutions,Industrials,2021-12-31,1.4389406043864676,-0.21495443307813833,2022-09-30,4.369609856262834,False,,,,,,,,,0.04807036623591565,0.25001122508118323,0.3516257287272362,1,0.20578643905205918
2000-03-24,JNJ,Johnson & Johnson,Health Care,2000-03-24,0.29815166376772306,-0.03460189181066309,2000-03-27,0.019164955509924708,False,1.0393118908474408,0.1531790139428042,1.2146509793023008,0.08275582613473098,3.106249207183849,0.09874358770759839,4.502681495026247,0.08900210389345631,0.1050011697109885,1.2146509793023008,0.5983701648072746,0,0.29022975755976144
2007-10-09,JNJ,Johnson & Johnson,Health Care,2007-10-09,0.2800336208372256,-0.2658129214878264,2009-03-09,3.4743326488706368,False,0.21851357401040983,0.04031790756253262,1.7415801606849008,0.10611452383996234,2.7550812946030425,0.09221454628132775,,,0.10560380603413022,1.7415801606849008,1.4441695765640206,1,0.036017123477011026
2021-12-31,JNJ,Johnson & Johnson,Health Care,2021-12-31,0.4353152053764351,-0.10716863656798203,2023-10-27,3.4962354551676933,False,,,,,,,,,0.11945466988156106,0.7097140949669187,0.3737623243570125,0,0.20578643905205918
2021-12-31,JCI,Johnson Controls,Industrials,2021-12-31,1.9424424204908943,-0.4232238130752273,2022-07-14,3.3045859000684463,False,,,,,,,,,0.16870307828275322,1.0979340993468125,1.7874985673079058,2,0.20578643905205918
2021-12-31,KEYS,Keysight Technologies,Information Technology,2021-12-31,2.3265139886566835,-0.42225557729776453,2023-10-27,4.0,False,,,,,,,,,0.13980661227871516,0.8625733614830204,1.525073209287644,2,0.20578643905205918
2000-03-24,KMB,Kimberly-Clark,Consumer Staples,2000-03-24,0.06159692376242609,-0.13351929132373275,2003-03-10,3.4113620807665983,False,0.38454249199158186,0.06723794464612043,0.602051900093479,0.04825672711314333,2.457909372291805,0.08622778386759222,3.3865995727328873,0.07672897359823616,0.05831249598123556,0.602051900093479,0.3941704717376673,0,0.29022975755976144
2007-10-09,KMB,Kimberly-Clark,Consumer Staples,2007-10-09,0.21759927494650877,-0.3427477702797508,2009-03-09,3.162217659137577,False,0.5037268044568954,0.08501011834338179,1.4604201993139392,0.09421062709825945,1.757274954274998,0.06995457086715517,,,0.05545250906345878,1.4604201993139392,1.2125773386678174,1,0.036017123477011026
2021-12-31,KMB,Kimberly-Clark,Consumer Staples,2021-12-31,0.3791462927395426,-0.23500044529304653,2026-04-07,4.7529089664613275,True,,,,,,,,,-0.04690432392092725,-0.20413816233479753,0.007534040174405288,1,0.20578643905205918
2021-12-31,KMI,Kinder Morgan,Energy,2021-12-31,0.2375294811830222,0.0,2021-12-31,0.0,False,,,,,,,,,0.21541369430971513,1.527470264890053,0.6463477143313905,0,0.20578643905205918
2000-03-24,KLAC,KLA Corporation,Information Technology,2000-03-24,3.893834172835377,-0.8226012434658101,2008-11-19,15.572895277207392,False,-0.48618605600118725,-0.12469143680956563,-0.6290156639248339,-0.09440178609097627,0.09310653463305307,0.005952558105768002,1.7143849404511315,0.05119569069259322,0.15354002152292456,-0.6290156639248339,-0.4781917542774463,2,0.29022975755976144
2007-10-09,KLAC,KLA Corporation,Information Technology,2007-10-09,0.3493928336384373,-0.7150116844604939,2008-11-19,5.25119780971937,False,-0.031708407051552645,-0.006423680319266767,2.1240406813298014,0.12065431596849208,9.39409743699506,0.1689226812765645,,,0.2517829843845658,2.1240406813298014,3.134353758214858,2,0.036017123477011026
2021-12-31,KLAC,KLA Corporation,Information Technology,2021-12-31,4.0713903870509816,-0.38216060058558465,2022-10-17,1.3935660506502396,False,,,,,,,,,0.40518933365919896,4.03698047376153,3.220089048572425,1,0.20578643905205918
2021-12-31,KHC,Kraft Heinz,Consumer Staples,2021-12-31,-0.03186701777898937,-0.27304317743182893,2026-03-23,4.7529089664613275,True,,,,,,,,,-0.049220976776000236,-0.2132906828786001,0.05292902194929816,1,0.20578643905205918
2000-03-24,KR,Kroger,Consumer Staples,2000-03-24,0.33644854614016206,-0.36167858511095063,2002-10-09,5.240246406570842,False,-0.12167836156785417,-0.02561471557173811,0.2541381295917873,0.02290319989458034,3.971433196458152,0.11283841033774689,3.240546555162342,0.07490749667531738,0.08876627546120996,0.2541381295917873,0.423290171806439,1,0.29022975755976144
2007-10-09,KR,Kroger,Consumer Staples,2007-10-09,0.9265217472601823,-0.3098228268920169,2009-03-09,5.270362765229295,False,-0.10990216938585895,-0.023015781463316287,0.653834730150713,0.05159669078422491,2.8848214605426574,0.0946906388761366,,,0.09735716828579721,0.653834730150713,0.6050912481550574,1,0.036017123477011026
2021-12-31,KR,Kroger,Consumer Staples,2021-12-31,0.7556089808021937,-0.05653091630442919,2022-10-17,1.88911704312115,False,,,,,,,,,0.0807569697120265,0.4464596634185176,0.286010847174212,0,0.20578643905205918
2021-12-31,LHX,L3Harris,Industrials,2021-12-31,0.668351809777795,-0.2148063643473911,2023-10-05,3.1512662559890487,False,,,,,,,,,0.04276122241169933,0.22020006448108265,0.3488881224846303,1,0.20578643905205918
2007-10-09,LH,Labcorp,Health Care,2007-10-09,0.8197902199227076,-0.315378639036373,2009-03-09,3.991786447638604,False,0.18845961624157237,0.03513474401294192,0.9098004617696809,0.06683879308082696,1.6456476667858095,0.06701076360251079,,,0.0866829810539258,0.9098004617696809,0.8045426770937858,1,0.036017123477011026
2021-12-31,LH,Labcorp,Health Care,2021-12-31,1.4866256800964872,-0.3460861227886928,2022-10-11,4.473648186173854,False,,,,,,,,,0.04004730530011891,0.20517967592510344,0.308940147065341,1,0.20578643905205918
2021-12-31,LRCX,Lam Research,Information Technology,2021-12-31,4.533432010931817,-0.557461634820079,2022-10-14,3.3100616016427105,False,,,,,,,,,0.4072341800489305,4.071913923290019,5.775686405906267,2,0.20578643905205918
2021-12-31,LVS,Las Vegas Sands,Consumer Discretionary,2021-12-31,-0.22406624990771296,-0.1992561497731642,2022-05-12,3.323750855578371,False,,,,,,,,,0.005361987529499235,0.025742721610105157,0.14577186657140784,0,0.20578643905205918
2021-12-31,LDOS,Leidos,Industrials,2021-12-31,0.7652464874883436,-0.11873480808685,2023-05-16,1.4893908281998631,False,,,,,,,,,0.07437350439526758,0.4063008998004878,0.2726245926348687,0,0.20578643905205918
2007-10-09,LEN,Lennar,Consumer Discretionary,2007-10-09,-0.408016712524631,-0.8477519403967559,2008-11-21,4.407939767282683,False,0.6030112902177451,0.09897374293430428,1.4921059019248575,0.09561166959508927,2.6688452660513198,0.09052416365833849,,,0.07754083833464187,1.4921059019248575,2.3278157825535395,2,0.036017123477011026
2021-12-31,LEN,Lennar,Consumer Discretionary,2021-12-31,2.0374024719173667,-0.4399556064210094,2022-06-16,4.7529089664613275,True,,,,,,,,,-0.05434561923970327,-0.2332416914682176,0.005882639484877661,2,0.20578643905205918
2000-03-24,LLY,Lilly (Eli),Health Care,2000-03-24,0.48837978731003107,-0.4435893516206627,2009-03-05,12.205338809034908,False,-0.06559134106567177,-0.013476645818735977,-0.22293920889759367,-0.024908210506086825,1.0119771877795825,0.04771108007557845,2.7035120405893722,0.06765438485653053,0.14584778803990384,-0.22293920889759367,0.2561184862805268,2,0.29022975755976144
2007-10-09,LLY,Lilly (Eli),Health Care,2007-10-09,0.08026241884876728,-0.49984776467238756,2009-03-05,4.906228610540725,False,0.13706820298132505,0.02602348833468593,1.2239180687455211,0.08320804867797893,8.215008027054584,0.15957732549811587,,,0.2027728879540267,1.2239180687455211,1.9986737608233178,2,0.036017123477011026
2021-12-31,LLY,Lilly (Eli),Health Care,2021-12-31,1.5275373623510533,-0.14680441009764067,2022-02-14,0.1998631074606434,False,,,,,,,,,0.36022383727953167,3.315568154488247,1.2423803441974552,0,0.20578643905205918
2000-03-24,LIN,Linde plc,Materials,2000-03-24,-0.13440122924580644,-0.1775782557746619,2000-10-23,1.4948665297741273,False,1.6492708403763578,0.21513707518623826,4.005473815491842,0.17474747272879587,7.192577067221162,0.15052140342558662,11.447843171844955,0.13436992931380654,0.14884775680515094,4.005473815491842,1.5286444435371216,0,0.29022975755976144
2007-10-09,LIN,Linde plc,Materials,2007-10-09,1.1147910110554227,-0.42827896539254284,2008-11-20,2.7433264887063653,False,0.37374647389036575,0.06556836407062638,1.0620898685998288,0.07505518676390421,3.3678978530888672,0.10327767834298718,,,0.11635628963659772,1.0620898685998288,1.7525968528455405,2,0.036017123477011026
2021-12-31,LIN,Linde plc,Materials,2021-12-31,1.3346642303443201,-0.22815265187950928,2022-09-26,1.2210814510609171,False,,,,,,,,,0.08536830767927395,0.4760289978671628,0.5231615602168216,1,0.20578643905205918
2021-12-31,LYV,Live Nation Entertainment,Communication Services,2021-12-31,1.4302538566782994,-0.45408977353912616,2023-03-23,3.268993839835729,False,,,,,,,,,0.07497698860806223,0.41005932684379043,0.868588939682239,2,0.20578643905205918
2000-03-24,LMT,Lockheed Martin,Industrials,2000-03-24,-0.558484111218176,0.0,2000-03-24,0.0,False,2.646059800290225,0.2952832738905773,4.655572105827493,0.18918015850291714,15.718199121816308,0.2065517842992921,26.1422574807964,0.17945750531114713,0.16429560277851674,4.655572105827493,1.7453438736490048,0,0.29022975755976144
2007-10-09,LMT,Lockheed Martin,Industrials,2007-10-09,1.1078995544732257,-0.4611466283253215,2009-03-11,5.448323066392882,False,-0.0067177339278594594,-0.001347171641843281,2.9634399284943904,0.1476440991850967,4.757921501946603,0.12378798018340786,,,0.1158356086796426,2.9634399284943904,4.320856475739927,2,0.036017123477011026
2021-12-31,LMT,Lockheed Martin,Industrials,2021-12-31,0.4713674598189197,-0.002954342902563023,2022-01-03,0.008213552361396304,False,,,,,,,,,0.10571094613126841,0.6122210772915797,0.341264651798566,0,0.20578643905205918
2000-03-24,LOW,Lowe's,Consumer Discretionary,2000-03-24,1.7570778365489552,-0.3019977228710895,2000-10-17,1.0650239561943875,False,1.1397048692151017,0.16431575719262081,0.9385440287221147,0.06843367309185,5.598037838644836,0.13403812028297923,6.382827990252384,0.10512432293686014,0.1184554857833644,0.9385440287221147,0.9104482276529484,1,0.29022975755976144
2007-10-09,LOW,Lowe's,Consumer Discretionary,2007-10-09,0.0868088587932121,-0.5275267034879757,2009-03-06,4.867898699520876,False,0.17621737341844068,0.032993331603670795,2.3600839262417455,0.12884681638704776,7.851157533766909,0.15646724876173845,,,0.12134322805050779,2.3600839262417455,3.4585186039091447,2,0.036017123477011026
2021-12-31,LOW,Lowe's,Consumer Discretionary,2021-12-31,1.9462027627396234,-0.3311956991828203,2022-06-16,4.7529089664613275,True,,,,,,,,,-0.05406994290292788,-0.23217871755947983,-0.015781200446738364,1,0.20578643905205918
2021-12-31,LYB,LyondellBasell,Materials,2021-12-31,0.28773073487496337,-0.398378740137899,2025-11-06,4.7529089664613275,True,,,,,,,,,-0.025608786124862726,-0.11600322181921341,0.12445970768926684,1,0.20578643905205918
2021-12-31,MPC,Marathon Petroleum,Energy,2021-12-31,0.23984169191722526,0.0,2021-12-31,0.0,False,,,,,,,,,0.5198540816341384,6.312869994703168,2.2414809576024286,0,0.20578643905205918
2000-03-24,MAR,Marriott International,Consumer Discretionary,2000-03-24,,-0.11359497621104497,2008-11-20,8.958247775496236,False,1.2506254476598055,0.17614439977772522,1.1558491756951907,0.0798460336072715,5.732076833495463,0.1355596116043709,5.941525388162333,0.10172383662003281,0.14069914947251538,1.1558491756951907,0.5787695636049046,0,0.29022975755976144
2007-10-09,MAR,Marriott International,Consumer Discretionary,2007-10-09,0.6086215372156172,-0.6992877090953695,2008-11-20,5.221081451060917,False,0.03259708588138044,0.0064360371162695,2.246679225896467,0.12497776355536971,3.2258800094294866,0.1008491483255547,,,0.1354183224682417,2.246679225896467,3.4359953665407463,2,0.036017123477011026
2021-12-31,MAR,Marriott International,Consumer Discretionary,2021-12-31,0.5501105671365101,-0.19326547348613277,2022-06-23,1.2785763175906912,False,,,,,,,,,0.1878008269846414,1.265946425158892,0.5591731010876702,0,0.20578643905205918
2021-12-31,MLM,Martin Marietta Materials,Materials,2021-12-31,1.6288783867966172,-0.325711584075445,2022-07-01,1.8316221765913758,False,,,,,,,,,0.025523247922001335,0.12725718603119018,0.2501041178805359,1,0.20578643905205918
2000-03-24,MAS,Masco,Industrials,2000-03-24,0.3250509745623569,-0.7922795405848024,2009-03-09,12.71731690622861,False,0.6671649536502897,0.10763256163686141,-0.11532872699773,-0.012179141113978553,0.7318023836755203,0.037289278149941874,1.4749663620787596,0.04635358117866906,0.06979923792894205,-0.11532872699773,0.3116248037956817,2,0.29022975755976144
2007-10-09,MAS,Masco,Industrials,2007-10-09,-0.21275822012669587,-0.8372824851755704,2009-03-09,6.579055441478439,False,-0.28582392736350104,-0.0651088273379481,1.317311233066441,0.08767322236663389,2.0958195854420265,0.07824729233120209,,,0.0848246061721647,1.317311233066441,2.071707061181322,2,0.036017123477011026
2021-12-31,MAS,Masco,Industrials,2021-12-31,1.4951137050591679,-0.37945909098906616,2022-11-03,4.380561259411362,False,,,,,,,,,0.013376695212981904,0.06519378027631073,0.20305960154081193,1,0.20578643905205918
2007-10-09,MKC,McCormick & Company,Consumer Staples,2007-10-09,0.10383306566164108,-0.17351737000755985,2008-11-20,2.0123203285420943,False,0.9766396373847324,0.1460023283563061,2.401603924213562,0.13023401734683526,4.590425494650508,0.12157845366592479,,,0.07179742692034874,2.401603924213562,0.8245460570558611,0,0.036017123477011026
2021-12-31,MKC,McCormick & Company,Consumer Staples,2021-12-31,0.45090781422728754,-0.4923057198991231,2026-10-01,4.7529089664613275,True,,,,,,,,,-0.1307392251006786,-0.486209721883034,-0.26687564237455286,2,0.20578643905205918
2000-03-24,MCD,McDonald's,Consumer Discretionary,2000-03-24,0.4882857067256454,-0.6339848024210588,2003-03-12,6.261464750171116,False,-0.03420365252330915,-0.006936289604064005,1.354312666237656,0.08939759937073255,3.108390923112319,0.09878178353944911,6.672942024763737,0.10725613645175258,0.10085601150347734,1.354312666237656,2.2684032215190806,2,0.29022975755976144
2007-10-09,MCD,McDonald's,Consumer Discretionary,2007-10-09,1.1868249154563064,-0.09228727577009566,2008-01-29,1.5989048596851472,False,0.9094332996604266,0.13810124502673826,2.8903726682429625,0.14551062175898366,5.379246846261619,0.1314914949116548,,,0.1077196831712699,2.8903726682429625,0.987468971732328,0,0.036017123477011026
2021-12-31,MCD,McDonald's,Consumer Discretionary,2021-12-31,0.6209483173478387,-0.1672511506830322,2022-03-10,4.7529089664613275,True,,,,,,,,,-0.007135159984850037,-0.03346167813692702,0.12603706665573045,0,0.20578643905205918
2000-03-24,MCK,McKesson Corporation,Health Care,2000-03-24,-0.3622094432981662,-0.17628159089942874,2000-05-26,0.2053388090349076,False,1.0302260421114404,0.15214961448955733,2.530545489171982,0.13444692208671305,12.11948107129337,0.18721063172247487,6.584158216300631,0.10661198437422947,0.164204279290183,2.530545489171982,1.0370016680971683,0,0.29022975755976144
2007-10-09,MCK,McKesson Corporation,Health Care,2007-10-09,1.4874865926139003,-0.5193230251517909,2008-11-20,2.8939082819986313,False,0.572520584691963,0.09476087451974902,1.6769422300282826,0.10347856108388798,5.57994077807645,0.13383049217591725,,,0.1625932116161064,1.6769422300282826,2.6323454678518052,2,0.036017123477011026
2021-12-31,MCK,McKesson Corporation,Health Care,2021-12-31,1.3222574779303118,-0.015930919918728748,2022-01-06,0.07118412046543464,False,,,,,,,,,0.318144461252033,2.7168348252594665,1.0428025677878616,0,0.20578643905205918
2000-03-24,MDT,Medtronic,Health Care,2000-03-24,2.625975444416058,-0.5257201243678602,2009-03-09,13.089664613278575,False,-0.0477000021105739,-0.009727413644679439,-0.09819789107787014,-0.01028278437835839,0.7558540896039554,0.03824351762669331,0.9815191727284489,0.034784497925955504,0.036641358941239766,-0.09819789107787014,0.3935323734959595,2,0.29022975755976144
2007-10-09,MDT,Medtronic,Health Care,2007-10-09,0.13131584056437617,-0.5615896793355566,2009-03-09,5.6125941136208075,False,-0.1487957853494516,-0.031707087380375754,0.6788308537154824,0.05317537061014277,1.0075800855280486,0.04755827523278833,,,0.04722401407664756,0.6788308537154824,1.2751756322759098,2,0.036017123477011026
2021-12-31,MDT,Medtronic,Health Care,2021-12-31,0.2142317700298424,-0.2906872395062773,2023-10-27,4.7529089664613275,True,,,,,,,,,-0.005615370963121147,-0.02640956722516985,0.13653277736401748,1,0.20578643905205918
2000-03-24,MRK,Merck & Co.,Health Care,2000-03-24,0.44403916637017726,-0.5125081952450325,2009-03-09,12.199863107460644,False,-0.37485652535076486,-0.08967610955433103,-0.07521421255372673,-0.007788823625202834,0.73220943806078,0.03730553046011109,1.3750452158705393,0.044199772138896476,0.072284359971303,-0.07521421255372673,0.3148749360269081,2,0.29022975755976144
2007-10-09,MRK,Merck & Co.,Health Care,2007-10-09,1.0076351116483475,-0.5814314532621229,2009-03-09,5.385352498288843,False,0.07640060145629435,0.014833479803240124,0.7647589911327977,0.058445596212970186,1.9480821932458725,0.07473808531906379,,,0.09362077439722372,0.7647589911327977,1.340452626978729,2,0.036017123477011026
2021-12-31,MRK,Merck & Co.,Health Care,2021-12-31,0.15453161681286853,-0.040840208942209966,2022-02-24,0.16427104722792607,False,,,,,,,,,0.17742091659386028,1.1733623272939209,0.5283117351326798,0,0.20578643905205918
2021-12-31,META,Meta Platforms,Communication Services,2021-12-31,1.565794237646295,-0.7356622604941779,2022-11-03,1.9548254620123204,False,,,,,,,,,0.17878799940559365,1.185382228272748,1.9941344274194148,2,0.20578643905205918
2021-12-31,MTD,Mettler Toledo,Health Care,2021-12-31,2.000830845598801,-0.43296939255199973,2023-10-30,4.7529089664613275,True,,,,,,,,,-0.027547900621125554,-0.1243334792913231,0.18244965731505558,2,0.20578643905205918
2021-12-31,MGM,MGM Resorts,Consumer Discretionary,2021-12-31,0.899509870820832,-0.4251632589829427,2025-04-08,4.7529089664613275,True,,,,,,,,,-0.07811664563541587,-0.32062725936113967,-0.05308699143365814,2,0.20578643905205918
2007-10-09,MCHP,Microchip Technology,Information Technology,2007-10-09,0.25780643615070953,-0.4517332107794152,2009-01-20,2.729637234770705,False,0.2790803734028451,0.05046011430655284,3.192991768825423,0.15412381055995183,5.3059094088230125,0.13061961353731166,,,0.1215955741991841,3.192991768825423,4.675788851661231,2,0.036017123477011026
2021-12-31,MCHP,Microchip Technology,Information Technology,2021-12-31,1.5237103395926797,-0.5664476631836826,2025-04-08,4.747433264887063,False,,,,,,,,,0.008049424198447896,0.038840329921367545,0.4484358890937272,2,0.20578643905205918
2000-03-24,MU,Micron Technology,Information Technology,2000-03-24,2.4113927579608645,-0.9749165046916812,2008-11-20,25.0403832991102,False,-0.8481632570825783,-0.31407698392669536,-0.8451947833874398,-0.1701902007105539,-0.585009258644227,-0.05694744978263777,-0.35777367288895245,-0.021897418265607538,0.11112213145857153,-0.8451947833874398,-0.7926079941146935,2,0.29022975755976144
2007-10-09,MU,Micron Technology,Information Technology,2007-10-09,-0.11407164537061865,-0.841165387099247,2008-11-20,8.61054072553046,False,-0.45864656125332715,-0.1155033752747392,2.849623758830633,0.14430508701182387,4.01214380348727,0.11344362957856724,,,0.2769523035815258,2.849623758830633,4.207880232724914,2,0.036017123477011026
2021-12-31,MU,Micron Technology,Information Technology,2021-12-31,1.9429451888016618,-0.47350904902669433,2022-09-26,3.353867214236824,False,,,,,,,,,0.6809537678536761,10.804457605940637,14.642238379169575,2,0.20578643905205918
2000-03-24,MSFT,Microsoft,Information Technology,2000-03-24,3.9570048924289027,-0.6734758907541181,2009-03-09,14.195756331279945,False,-0.5081746475639798,-0.13231481486503105,-0.34739044858153434,-0.04177975432832126,0.07961694843917577,0.00512015012003908,3.140146589976829,0.0736204764694739,0.10822921383688788,-0.34739044858153434,-0.14137514868378753,2,0.29022975755976144
2007-10-09,MSFT,Microsoft,Information Technology,2007-10-09,0.24335635643543263,-0.48216880068168544,2009-03-09,5.256673511293634,False,0.0872860285083239,0.016877789143760813,2.2457088357386232,0.12494413491115508,9.605644786286621,0.17049385622951885,,,0.18281062834899386,2.2457088357386232,3.3479282657948772,2,0.036017123477011026
2021-12-31,MSFT,Microsoft,Information Technology,2021-12-31,2.4242343280747196,-0.3587956688790622,2022-11-03,1.8206707734428473,False,,,,,,,,,0.10400703337989059,0.6004468077556404,0.6131483997007658,1,0.20578643905205918
2021-12-31,MRNA,Moderna,Health Care,2021-12-31,15.632612188194724,-0.9119615678931714,2025-11-20,4.7529089664613275,True,,,,,,,,,-0.05922652007553875,-0.25187023504531403,0.015001261702427549,2,0.20578643905205918
2021-12-31,MDLZ,Mondelez International,Consumer Staples,2021-12-31,0.7668231327473602,-0.15819473522205818,2022-09-30,4.7529089664613275,True,,,,,,,,,-0.00011795731516983654,-0.0005605163013603365,0.13700412060091938,0,0.20578643905205918
2021-12-31,MPWR,Monolithic Power Systems,Information Technology,2021-12-31,3.35183073438143,-0.36988638071526114,2022-10-14,3.268993839835729,False,,,,,,,,,0.26212517313785777,2.0236438887806814,1.7362852298252633,1,0.20578643905205918
2021-12-31,MNST,Monster Beverage,Consumer Staples,2021-12-31,0.951239303812341,-0.2452103584679407,2022-03-08,3.1129363449691994,False,,,,,,,,,0.13010557940159884,0.7884214168001586,0.7617438124182117,1,0.20578643905205918
2021-12-31,MOS,Mosaic Company (The),Materials,2021-12-31,0.3840641012979207,-0.4339716906880605,2026-06-10,4.7529089664613275,True,,,,,,,,,-0.0997640942104111,-0.3931801272752282,-0.0958340428291573,2,0.20578643905205918
2000-03-24,MSI,Motorola Solutions,Information Technology,2000-03-24,1.9118564802118128,-0.928983654082824,2009-03-06,20.399726214921287,False,-0.6759683572869881,-0.20178941155557695,-0.8339133268745139,-0.16433256491283676,-0.5960133110267258,-0.05863552772939551,-0.11931527518217433,-0.006332642647443487,0.04568186943147157,-0.8339133268745139,-0.7662732496514449,2,0.29022975755976144
2007-10-09,MSI,Motorola Solutions,Information Technology,2007-10-09,0.16909649316296904,-0.8291610968731576,2009-03-06,8.744695414099931,False,-0.29887627110345294,-0.06855131667286807,0.3831330666986825,0.032966878693565294,2.8632769233142557,0.09428485685729049,,,0.11478899647604668,0.3831330666986825,0.9135297024668767,2,0.036017123477011026
2021-12-31,MSI,Motorola Solutions,Information Technology,2021-12-31,1.471421343765627,-0.26949534651749774,2022-06-16,1.2073921971252566,False,,,,,,,,,0.12375108363614795,0.7411271371537174,0.7124834705758156,1,0.20578643905205918
2000-03-24,NTAP,NetApp,Information Technology,2000-03-24,46.76118095109179,-0.9436999938599924,2002-10-08,23.64681724845996,False,-0.720599840172162,-0.22510059032770346,-0.6682999278001822,-0.10448151136534456,-0.6312246542258368,-0.06434130331191834,-0.5577156544758153,-0.03996939460043458,0.04347202474392731,-0.6682999278001822,-0.5539501860555317,2,0.29022975755976144
2007-10-09,NTAP,NetApp,Information Technology,2007-10-09,0.17176886690533877,-0.6230043984320952,2008-11-12,8.777549623545516,False,0.09615359883923902,0.018531072914585556,0.7628663169405356,0.05833202488934819,2.0207834757996403,0.07648497643347274,,,0.13582723791163742,0.7628663169405356,1.3627986607410083,2,0.036017123477011026
2021-12-31,NTAP,NetApp,Information Technology,2021-12-31,0.6979678341489792,-0.35017124791023024,2022-12-28,3.3073237508555784,False,,,,,,,,,0.23631821273720566,1.7408594926145295,1.4819772681305379,1,0.20578643905205918
2021-12-31,NFLX,Netflix,Communication Services,2021-12-31,1.250765814777968,-0.7238397305371382,2022-05-11,2.595482546201232,False,,,,,,,,,0.022807600740192502,0.11313986680979693,0.5549247974951887,2,0.20578643905205918
2000-03-24,NEM,Newmont,Materials,2000-03-24,-0.40760215961436475,-0.4422479867429645,2000-10-25,15.846680355920602,False,0.8408614799329552,0.12980689815553714,1.2899566113055467,0.08638241047200168,0.1629489370641244,0.010114742756538897,1.6010996683180077,0.04895739660499365,0.0792971885762539,1.2899566113055467,2.0820330382252874,2,0.29022975755976144
2007-10-09,NEM,Newmont,Materials,2007-10-09,0.021767194727784656,-0.6173794124060574,2015-09-23,16.39425051334702,False,0.26483808445594614,0.048110294811521515,-0.04861745544394891,-0.004971505183024805,0.21889321458711097,0.013283670717566087,,,0.07061480201352643,-0.04861745544394891,0.34578651301182517,2,0.036017123477011026
2021-12-31,NEM,Newmont,Materials,2021-12-31,0.9665057746235439,-0.47847806828248873,2024-02-27,3.4442162902121836,False,,,,,,,,,0.1709658313855973,1.1173100075310285,1.9571351069203686,2,0.20578643905205918
2021-12-31,NWSA,News Corp (Class A),Communication Services,2021-12-31,1.044965248172991,-0.32286232868923725,2022-09-27,1.9301848049281314,False,,,,,,,,,0.06412038506218876,0.3436453056230546,0.43188674596750465,1,0.20578643905205918
2021-12-31,NWS,News Corp (Class B),Communication Services,2021-12-31,1.026065042468491,-0.31433912240236184,2022-09-27,1.8781656399726214,False,,,,,,,,,0.08387185762063143,0.4663814741071943,0.5390093000166905,1,0.20578643905205918
2000-03-24,NEE,NextEra Energy,Utilities,2000-03-24,0.07406440542181225,0.0,2000-03-24,0.0,False,1.2139592619530784,0.1722869355951524,2.1174420251786565,0.12041738401324698,7.253285233961224,0.15108781583796138,17.625515928024537,0.15745846531329688,0.14048114862678585,2.1174420251786565,0.8993005134327265,0,0.29022975755976144
2007-10-09,NEE,NextEra Energy,Utilities,2007-10-09,1.0449232910410853,-0.4002311546124533,2008-10-10,4.139630390143737,False,0.3243942967004225,0.057799750804752525,2.24880028359227,0.125051236829945,6.5476038892173545,0.14424917148312622,,,0.11913281155026678,2.24880028359227,3.3391098812392723,2,0.036017123477011026
2021-12-31,NEE,NextEra Energy,Utilities,2021-12-31,1.289962231115398,-0.44969726264231613,2023-10-09,4.7529089664613275,True,,,,,,,,,-0.013564340922769591,-0.06284943313637248,0.282226663780615,2,0.20578643905205918
2000-03-24,NKE,"Nike, Inc.",Consumer Discretionary,2000-03-24,-0.46558878805163106,0.0,2000-03-24,0.0,False,1.5372759547020283,0.20468510525427175,3.743305155010269,0.16844454814221144,12.940461447107106,0.19202439472924904,20.21873191414921,0.165026948628769,0.09471182458739213,3.743305155010269,1.4412548900432638,0,0.29022975755976144
2007-10-09,NKE,"Nike, Inc.",Consumer Discretionary,2007-10-09,0.5995830791851804,-0.35971059787721926,2009-03-09,1.9712525667351128,False,0.6539580556791977,0.10587209218282068,2.84016432799156,0.14402359293877542,5.827598356071234,0.13662672798744335,,,0.057319346199398824,2.84016432799156,2.290311533125935,1,0.036017123477011026
2021-12-31,NKE,"Nike, Inc.",Consumer Discretionary,2021-12-31,1.3107484108495018,-0.7776833167658628,2026-10-02,4.7529089664613275,True,,,,,,,,,-0.27120635763116097,-0.7776833167658628,-0.7069287453746051,2,0.20578643905205918
2007-10-09,NI,NiSource,Utilities,2007-10-09,0.08819130858462132,-0.5835408439800077,2009-03-05,3.143052703627652,False,0.6397533591170224,0.10396601950661721,3.8823617240051114,0.17182563707855314,4.416808131429988,0.11922197912519916,,,0.12849803818531025,3.8823617240051114,5.5915884719716935,2,0.036017123477011026
2021-12-31,NI,NiSource,Utilities,2021-12-31,0.20039646222107232,-0.1082860370198856,2023-10-02,2.1218343600273784,False,,,,,,,,,0.11325964309113035,0.6652090388444509,0.358927305649523,0,0.20578643905205918
2000-03-24,NSC,Norfolk Southern,Industrials,2000-03-24,-0.5033566832180666,-0.13893458558200156,2000-10-23,0.7775496235455168,False,1.932216172593468,0.24005000076849914,3.6738263900554937,0.16672165219144364,9.26245047638161,0.16792979619864967,14.275091512514866,0.14603845640500546,0.14859363410826254,3.6738263900554937,1.4180953017250055,0,0.29022975755976144
2007-10-09,NSC,Norfolk Southern,Industrials,2007-10-09,0.8386044039479088,-0.4838772564497491,2009-03-09,2.3627652292950034,False,0.4063603404351699,0.07058048384994109,2.138317093528549,0.12116538860629023,4.647197775292592,0.12233420729373323,,,0.12346604315886567,2.138317093528549,3.2693312438814432,2,0.036017123477011026
2021-12-31,NSC,Norfolk Southern,Industrials,2021-12-31,1.1020100469569187,-0.3564198401885701,2023-10-27,3.693360711841205,False,,,,,,,,,0.03537871745873744,0.17968289712398633,0.30478437588998264,1,0.20578643905205918
2000-03-24,NOC,Northrop Grumman,Industrials,2000-03-24,-0.25871367146977997,-0.022196584869122016,2000-03-29,0.02737850787132101,False,1.173555363455825,0.1679765984484154,1.9835911693751984,0.11551119035819868,8.53325462160762,0.16220501782993146,16.919830003240076,0.1552253071250156,0.14207784891946584,1.9835911693751984,0.8546835614982404,0,0.29022975755976144
2007-10-09,NOC,Northrop Grumman,Industrials,2007-10-09,0.5997791665514085,-0.5579803929340617,2008-11-20,4.714579055441479,False,0.13077520781817742,0.024885280052816094,4.342242008341773,0.18242160317629574,8.77193879704323,0.16412258734461993,,,0.1292920422082804,4.342242008341773,6.427538295669913,2,0.036017123477011026
2021-12-31,NOC,Northrop Grumman,Industrials,2021-12-31,0.6618782705915287,-0.04474636103358731,2022-02-04,0.14784394250513347,False,,,,,,,,,0.062425041135909964,0.33350122243185654,0.2483580335119917,0,0.20578643905205918
2021-12-31,NCLH,Norwegian Cruise Line Holdings,Consumer Discretionary,2021-12-31,-0.5107336619546441,-0.4995178288817649,2022-06-16,4.7529089664613275,True,,,,,,,,,-0.06407236198658184,-0.27000961859188555,0.009625142004281884,2,0.20578643905205918
2021-12-31,NRG,NRG Energy,Utilities,2021-12-31,0.16802050853375539,-0.2536699395096236,2023-01-19,1.7741273100616017,False,,,,,,,,,0.21270772188414533,1.5008366351109856,1.2995209650537252,1,0.20578643905205918
2000-03-24,NUE,Nucor,Materials,2000-03-24,0.033625908481974554,-0.3932727051033337,2000-09-25,3.5236139630390144,False,1.6738557252307134,0.2173840125197517,3.7063454270918497,0.16753089052343517,4.712076063493143,0.12318923433274964,3.4944409486313894,0.07803729074682386,0.14730267727903557,3.7063454270918497,2.9832560150562264,1,0.29022975755976144
2007-10-09,NUE,Nucor,Materials,2007-10-09,1.7461812955448472,-0.5502022126534779,2008-11-20,12.750171115674195,False,-0.20003860186871636,-0.043656729636512126,0.30719521054983323,0.02715041226244974,2.091039705181886,0.07813622620894711,,,0.10653060000574266,0.30719521054983323,0.7885372624587343,2,0.036017123477011026
2021-12-31,NUE,Nucor,Materials,2021-12-31,1.400080593880018,-0.18493222448901603,2022-01-26,3.3921971252566734,False,,,,,,,,,0.186590098331602,1.2549896777626959,0.5555208519556047,0,0.20578643905205918
2007-10-09,NVDA,Nvidia,Information Technology,2007-10-09,6.622996834707152,-0.8399782654048291,2008-11-20,8.457221081451062,False,-0.6503932325834272,-0.1895691470877613,4.419785141112623,0.18412679047757652,13.271628569737942,0.19389161565644208,,,0.34498198306161476,4.419785141112623,6.371741105080682,2,0.036017123477011026
2021-12-31,NVDA,Nvidia,Information Technology,2021-12-31,7.86903729814872,-0.6180128244623225,2022-10-14,1.3716632443531827,False,,,,,,,,,0.5483785313346201,6.988564873967816,9.64021691990819,2,0.20578643905205918
2021-12-31,NVR,"NVR, Inc.",Consumer Discretionary,2021-12-31,1.4246591659653145,-0.378899869651079,2022-06-16,4.380561259411362,False,,,,,,,,,0.0030088520042170774,0.014381764835474042,0.1710919308693688,1,0.20578643905205918
2021-12-31,NXPI,NXP Semiconductors,Information Technology,2021-12-31,2.2220424278098947,-0.384459133490199,2022-10-14,4.287474332648871,False,,,,,,,,,0.033532244727184635,0.16971703084636114,0.2821908875931687,1,0.20578643905205918
2021-12-31,ORLY,O'Reilly Automotive,Consumer Discretionary,2021-12-31,1.0510266297062136,-0.18925846992091566,2022-05-20,0.7474332648870636,False,,,,,,,,,0.13206889473614347,0.8032369101811467,0.40493659609508836,0,0.20578643905205918
2000-03-24,OXY,Occidental Petroleum,Energy,2000-03-24,-0.125666231962124,-0.005639181549647487,2000-07-26,0.3394934976043806,False,3.320017099935427,0.33997622613255896,10.201119004756453,0.27328651945029914,10.583619985506866,0.17739707736765498,1.2237004763705812,0.040767721394973755,0.10150514922534204,10.201119004756453,3.593859506625325,0,0.29022975755976144
2007-10-09,OXY,Occidental Petroleum,Energy,2007-10-09,1.4187639125819809,-0.7862454912585484,2020-10-28,18.187542778918548,False,0.37442505019379535,0.06567361298380692,0.32456245286607865,0.028506981434526457,0.6940402950291831,0.035765836961502595,,,0.021778982193467522,0.32456245286607865,0.40578689526289247,1,0.036017123477011026
2021-12-31,OXY,Occidental Petroleum,Energy,2021-12-31,-0.47839247638933013,0.0,2021-12-31,0.0,False,,,,,,,,,0.17507854901289632,1.1528887546514133,0.5214872109185105,0,0.20578643905205918
2021-12-31,ODFL,Old Dominion,Industrials,2021-12-31,3.4004722699893364,-0.3510070638160605,2022-06-17,4.747433264887063,False,,,,,,,,,0.006828965974748025,0.032875985496695126,0.17771412038575618,1,0.20578643905205918
2000-03-24,OMC,Omnicom Group,Communication Services,2000-03-24,3.0478143524115495,-0.5782052577853943,2002-07-01,11.737166324435318,False,-0.06830134375594843,-0.014049540304069907,-0.08922468426097063,-0.009302367459496752,1.0135167864270267,0.047764509403102506,0.5468198465240126,0.022049633395326396,0.040011530192425315,-0.08922468426097063,0.29015453090589505,2,0.29022975755976144
2007-10-09,OMC,Omnicom Group,Communication Services,2007-10-09,0.43804581504198015,-0.5581528850673336,2008-11-20,5.106091718001369,False,0.13568012645158256,0.025772862195306168,0.8435287959887559,0.06307766192325226,0.9296088359866206,0.04479548045713866,,,0.05013522533386561,0.8435287959887559,1.4691575251642561,2,0.036017123477011026
2021-12-31,OMC,Omnicom Group,Communication Services,2021-12-31,0.12100679718504015,-0.1369692133592012,2022-06-16,0.8049281314168378,False,,,,,,,,,0.03879367589379923,0.19829085236008015,0.2032879101547329,0,0.20578643905205918
2021-12-31,OKE,Oneok,Energy,2021-12-31,0.3760316112312412,-0.09928327130763304,2022-09-26,0.8021902806297057,False,,,,,,,,,0.14858826681642334,0.9317717017067639,0.4477815266036276,0,0.20578643905205918
2000-03-24,ORCL,Oracle Corporation,Information Technology,2000-03-24,8.81818332153723,-0.8317241732169017,2002-06-03,16.83504449007529,False,-0.7149426482594459,-0.22198772473776895,-0.40218538991275576,-0.05014644506216004,0.06555838397689984,0.00424223731855311,0.2630872901288783,0.011746401152357366,0.05482994250921491,-0.40218538991275576,-0.15980714387827055,2,0.29022975755976144
2007-10-09,ORCL,Oracle Corporation,Information Technology,2007-10-09,0.8553816572885695,-0.3866253267811668,2009-03-09,2.8939082819986313,False,0.3971274854278979,0.06917109056314175,1.3603917129157832,0.08967856530035245,2.35176063676488,0.08397233853225683,,,0.11531314148392569,1.3603917129157832,1.2126499394883017,1,0.036017123477011026
2021-12-31,ORCL,Oracle Corporation,Information Technology,2021-12-31,1.0298664272874851,-0.2912294162071041,2022-09-30,1.2073921971252566,False,,,,,,,,,0.12351863708850219,0.7394160411038901,0.7177360325721713,1,0.20578643905205918
2021-12-31,OTIS,Otis Worldwide,Industrials,2021-12-31,,-0.2593906129048277,2022-09-30,4.7529089664613275,True,,,,,,,,,-0.04659676150244019,-0.2029167651331094,0.0065937157172843985,1,0.20578643905205918
2000-03-24,PCAR,Paccar,Industrials,2000-03-24,0.5185436428408932,-0.224135500473006,2000-09-29,1.4948665297741273,False,2.9691492192340974,0.31746620974830964,5.231358735290238,0.2007657045851765,9.715292984960358,0.17129674578847776,10.662007802899502,0.1306772823568092,0.15102112778436583,5.231358735290238,4.232234411009834,1,0.29022975755976144
2007-10-09,PCAR,Paccar,Industrials,2007-10-09,1.1532089870914644,-0.6215658133070661,2009-03-09,8.279260780287474,False,-0.2039920443597696,-0.04460386143876216,0.6816700551221679,0.05335334588425167,1.4240326432611905,0.060805829328871575,,,0.09173421450072516,0.6816700551221679,1.279468243245811,2,0.036017123477011026
2021-12-31,PCAR,Paccar,Industrials,2021-12-31,0.7119388183279722,-0.09718012378307495,2022-07-14,0.75564681724846,False,,,,,,,,,0.17961974532418612,1.1927208901765534,0.5347645894268906,0,0.20578643905205918
2021-12-31,PKG,Packaging Corporation of America,Materials,2021-12-31,0.787024718616653,-0.15771671187609648,2022-09-26,1.4757015742642026,False,,,,,,,,,0.14842544820907966,0.9304705155486133,0.44734779788424395,0,0.20578643905205918
2007-10-09,PSKY,Paramount Skydance Corporation,Communication Services,2007-10-09,,-0.8876436849118314,2009-03-09,18.981519507186857,True,0.3342837016677691,0.059374795935764,1.3400286351470378,0.08873483106268698,-0.14689059323862674,-0.010535276330673748,,,-0.03879948273776079,1.3400286351470378,2.1087027361776753,2,0.036017123477011026
2021-12-31,PSKY,Paramount Skydance Corporation,Communication Services,2021-12-31,-0.2523944645515901,-0.7125388458445816,2026-07-30,4.7529089664613275,True,,,,,,,,,-0.1975707401194876,-0.6487195214884531,-0.52771233110142,2,0.20578643905205918
2000-03-24,PH,Parker Hannifin,Industrials,2000-03-24,0.35876920471219265,-0.18064459358119134,2000-08-03,2.965092402464066,False,0.8664354885175043,0.13292874690463807,1.9245770359052883,0.11328486919723657,4.846750745714872,0.12493554264720874,5.224748654014081,0.09573640502285308,0.1647796631175591,1.9245770359052883,0.8350121836749371,0,0.29022975755976144
2007-10-09,PH,Parker Hannifin,Industrials,2007-10-09,0.8836264263661011,-0.6183008132186341,2009-03-09,3.994524298425736,False,0.18900177954994102,0.035229170393116016,1.8527144259709325,0.11051858189083119,3.448709983744025,0.10462687786539204,,,0.1639333398892091,1.8527144259709325,2.893250608631817,2,0.036017123477011026
2021-12-31,PH,Parker Hannifin,Industrials,2021-12-31,1.244340372478276,-0.2507730738086872,2022-06-17,1.2073921971252566,False,,,,,,,,,0.28110539837907367,2.2459442144235813,1.9068388476991434,1,0.20578643905205918
2000-03-24,PAYX,Paychex,Industrials,2000-03-24,3.1010070269432504,-0.38602115654309244,2002-08-12,11.529089664613279,False,0.03116806062987698,0.006157318661066613,0.16661209899566565,0.015529743015052944,1.2441628195611134,0.055367276980601066,2.0564303099852497,0.057452150839653715,0.07124996507454884,0.16661209899566565,0.40150866901907745,1,0.29022975755976144
2007-10-09,PAYX,Paychex,Industrials,2007-10-09,0.4914617773891874,-0.48947498713481974,2009-03-09,5.393566050650239,False,-0.04478581760202749,-0.009122076867048912,1.1881977231988552,0.08145550621646014,3.366317151410369,0.10325105611679342,,,0.0823963224404678,1.1881977231988552,1.8990113490005616,2,0.036017123477011026
2021-12-31,PAYX,Paychex,Industrials,2021-12-31,1.2878596160060582,-0.28846119510499935,2026-04-10,4.7529089664613275,True,,,,,,,,,-0.03554304391224061,-0.15802767713408017,0.04699035971176757,1,0.20578643905205918
2021-12-31,PNR,Pentair,Industrials,2021-12-31,1.030227172160619,-0.45688173066380366,2022-10-20,4.7529089664613275,True,,,,,,,,,-0.05254694003306892,-0.22628521623557585,0.022286873083884773,2,0.20578643905205918
2000-03-24,PEP,PepsiCo,Consumer Staples,2000-03-24,0.1407395325177565,-0.017551652495560677,2000-03-27,0.010951403148528405,False,0.691554357809838,0.11085453325009853,1.4289385305557296,0.09280243092255036,3.07308110738085,0.09814967459725366,4.604541493545364,0.09000127122647927,0.07955405594833276,1.4289385305557296,0.6697993485584175,0,0.29022975755976144
2007-10-09,PEP,PepsiCo,Consumer Staples,2007-10-09,0.5882278762627013,-0.34911158080335813,2009-03-09,4.432580424366872,False,0.12493291208578405,0.023824044219189044,1.0064411775012494,0.07211813746114237,2.4126927567184744,0.085275034578006,,,0.06038565439774635,1.0064411775012494,0.9121105059750361,1,0.036017123477011026
2021-12-31,PEP,PepsiCo,Consumer Staples,2021-12-31,0.7148297707634219,-0.18683233909083508,2025-05-14,4.7529089664613275,True,,,,,,,,,-0.03444121126764177,-0.15344603581160987,0.08604228076416942,0,0.20578643905205918
2000-03-24,PFE,Pfizer,Health Care,2000-03-24,1.3724811291229164,-0.5627866607548546,2009-03-02,12.336755646817249,False,-0.18883154082485476,-0.040992041819616576,-0.31260024248892515,-0.03679010047360598,0.6254947676540177,0.032917665590842526,0.6768413659424697,0.02618248773344667,0.031689511410788906,-0.31260024248892515,0.06901997584443209,2,0.29022975755976144
2007-10-09,PFE,Pfizer,Health Care,2007-10-09,-0.04648962557699665,-0.49685570033344006,2009-03-02,4.175222450376454,False,0.25958114175185987,0.04723760781559516,1.144279437271777,0.07926511119548696,2.176417273861394,0.08009636198292625,,,0.05231718095061377,1.144279437271777,1.8593158555392097,2,0.036017123477011026
2021-12-31,PFE,Pfizer,Health Care,2021-12-31,0.5994317679483361,-0.5743305707617972,2025-04-10,4.7529089664613275,True,,,,,,,,,-0.09938054261667617,-0.3919503287802216,-0.1821848863868587,2,0.20578643905205918
2021-12-31,PM,Philip Morris International,Consumer Staples,2021-12-31,0.690919622662792,-0.09046703732535444,2022-09-30,0.8569472963723477,False,,,,,,,,,0.20748063833401398,1.4500165672647403,0.6205298151229528,0,0.20578643905205918
2021-12-31,PSX,Phillips 66,Energy,2021-12-31,-0.038364374929656386,0.0,2021-12-31,0.0,False,,,,,,,,,0.36098873260451225,3.3271145746743906,1.2462291509261698,0,0.20578643905205918
2000-03-24,PNW,Pinnacle West Capital,Utilities,2000-03-24,-0.054922829338149515,-0.07443544587798911,2002-10-09,2.5571526351813825,False,0.9593954069614465,0.1439957660713913,1.2859322495273244,0.08619133885171726,3.852572339135391,0.11104453597117203,5.404067142401699,0.09729346775055325,0.09620577338353353,1.2859322495273244,0.6221305882156158,0,0.29022975755976144
2007-10-09,PNW,Pinnacle West Capital,Utilities,2007-10-09,0.12954399904479685,-0.39621151079347106,2009-03-09,2.6666666666666665,False,0.6813928385576338,0.10951668779179213,2.2530165585610016,0.12519716015471083,1.815411413275887,0.07144395217988952,,,0.09132163780180313,2.2530165585610016,1.8252721805653072,1,0.036017123477011026
2021-12-31,PNW,Pinnacle West Capital,Utilities,2021-12-31,-0.07142391682224658,-0.12313762617879742,2022-10-12,0.8323066392881588,False,,,,,,,,,0.11385243251246302,0.6694276176540106,0.3603334985860429,0,0.20578643905205918
2000-03-24,PPG,PPG Industries,Materials,2000-03-24,-0.02310510393633125,-0.2734266295891016,2000-09-26,9.018480492813142,False,0.6417448159053001,0.10423403949511623,0.7976719438616218,0.060403235172476144,5.865711618194777,0.1370486245566116,4.410449505720108,0.08808210404915351,0.0810723602736354,0.7976719438616218,0.801649416374496,1,0.29022975755976144
2007-10-09,PPG,PPG Industries,Materials,2007-10-09,0.3968304714551123,-0.6137980958946915,2009-03-05,2.91854893908282,False,0.7432548770197247,0.11756341930908598,2.654794476996587,0.1383774807402134,3.035841913013094,0.09747746072707764,,,0.07657117275446867,2.654794476996587,3.8845088936687597,2,0.036017123477011026
2021-12-31,PPG,PPG Industries,Materials,2021-12-31,0.7729372788121667,-0.43336392277810865,2025-04-08,4.7529089664613275,True,,,,,,,,,-0.07916804516082454,-0.32430202773798167,-0.056578980248986,2,0.20578643905205918
2007-10-09,PPL,PPL Corporation,Utilities,2007-10-09,1.3002442267557606,-0.48183012672898917,2009-03-09,12.799452429842573,False,-0.26085607467347427,-0.05866154108171162,0.270094569734711,0.024197251214051807,0.08459081128252244,0.005428198464267675,,,0.026722131499077317,0.270094569734711,0.6974469755585428,2,0.036017123477011026
2021-12-31,PPL,PPL Corporation,Utilities,2021-12-31,0.2519795598138812,-0.2037760003094412,2023-10-02,2.521560574948665,False,,,,,,,,,0.0531675851942468,0.2791706679540211,0.3952247729021885,1,0.20578643905205918
2000-03-24,PG,Procter & Gamble,Consumer Staples,2000-03-24,-0.048578606199502605,-0.04540640268793972,2000-06-29,0.31485284052019163,False,1.0725229642798064,0.15691078656365343,1.8223192636343803,0.10932963237508897,3.356699457146748,0.10308888048066134,5.269799617326345,0.0961315621269121,0.09223356892191181,1.8223192636343803,0.8009262595846345,0,0.29022975755976144
2007-10-09,PG,Procter & Gamble,Consumer Staples,2007-10-09,0.4139489663720135,-0.356115190215214,2009-03-09,4.75564681724846,False,0.11920307793916662,0.022778945329513967,0.7572437123310702,0.05799398788726595,1.717302292105023,0.0689134218557339,,,0.06852720465076723,0.7572437123310702,0.6841958650554474,1,0.036017123477011026
2021-12-31,PG,Procter & Gamble,Consumer Staples,2021-12-31,0.921984870129436,-0.23010993164940907,2022-10-10,4.7501711156741955,False,,,,,,,,,0.00022814173089757972,0.0010848011775852484,0.16473748190072746,1,0.20578643905205918
2000-03-24,PEG,Public Service Enterprise Group,Utilities,2000-03-24,0.25061180864794297,-0.11229741262892101,2002-10-17,2.5872689938398357,False,1.4714893754004246,0.19837226599056845,2.3494462363227515,0.12848892459741568,4.766892029822997,0.12390461543646336,5.7327998002587846,0.10004331219370721,0.10464438946834664,2.3494462363227515,0.976635250480758,0,0.29022975755976144
2007-10-09,PEG,Public Service Enterprise Group,Utilities,2007-10-09,1.3894094588805666,-0.44519302747914724,2009-03-12,6.825462012320329,False,-0.12718173863262416,-0.026838845783127452,0.5648536702774296,0.0457969557309843,1.1518626409788495,0.05241647081759071,,,0.06019827439422287,0.5648536702774296,1.1046383822561943,2,0.036017123477011026
2021-12-31,PEG,Public Service Enterprise Group,Utilities,2021-12-31,0.41847572130734334,-0.17904614714860057,2022-10-12,2.1574264202600957,False,,,,,,,,,0.03855127093009325,0.19696240673121657,0.20284509494511171,0,0.20578643905205918
2021-12-31,PTC,PTC Inc.,Information Technology,2021-12-31,0.4613992677437948,-0.1942220262726998,2022-04-27,4.561259411362081,False,,,,,,,,,0.03706759298635087,0.18885676405485285,0.2001432140529904,0,0.20578643905205918
2000-03-24,PHM,PulteGroup,Consumer Discretionary,2000-03-24,0.209008871135814,-0.23536509425894148,2011-10-03,11.570157426420261,False,6.556049521173518,0.4985076317697419,1.5163833099767343,0.09667433404942871,3.8534462483988907,0.11105787419609858,4.273702250980103,0.0866902745452367,0.13607002969875515,1.5163833099767343,0.6989476083654191,0,0.29022975755976144
2007-10-09,PHM,PulteGroup,Consumer Discretionary,2007-10-09,-0.400188064717266,-0.7597608759624446,2011-10-03,4.9253935660506505,False,0.07021768146133178,0.013664937001078181,0.9708011500671179,0.0701983589876427,2.102267348238812,0.07839686036271765,,,0.12442949530032887,0.9708011500671179,1.635662524184272,2,0.036017123477011026
2021-12-31,PHM,PulteGroup,Consumer Discretionary,2021-12-31,1.282818353908731,-0.3615850105757633,2022-06-17,1.2210814510609171,False,,,,,,,,,0.1708359256686831,1.1161938189383833,1.0061969192207787,1,0.20578643905205918
2021-12-31,PWR,Quanta Services,Industrials,2021-12-31,2.851117561990886,-0.15446358114952974,2022-01-27,0.459958932238193,False,,,,,,,,,0.45507453362562456,4.9453676681087915,1.7856468487376365,0,0.20578643905205918
2000-03-24,QCOM,Qualcomm,Information Technology,2000-03-24,19.50096924265581,-0.8373286804188702,2002-08-05,18.93223819301848,False,-0.5029977687018691,-0.13049583289789635,-0.4034781279577466,-0.05035204531419224,0.12217186196230001,0.007713998760745078,0.27741582382177854,0.0123171969537188,0.05513901353479933,-0.4034781279577466,-0.1550657658274912,2,0.29022975755976144
2007-10-09,QCOM,Qualcomm,Information Technology,2007-10-09,0.07523406814772615,-0.30612560001704314,2008-11-20,2.921286789869952,False,0.5336595578300383,0.08929570964201816,0.5457031042091032,0.04451001370252916,3.073690540649711,0.09816062784865487,,,0.10639114195024835,0.5457031042091032,0.5306683698050605,1,0.036017123477011026
2021-12-31,QCOM,Qualcomm,Information Technology,2021-12-31,2.4803818395208017,-0.4233560674695437,2022-11-03,4.657084188911704,False,,,,,,,,,0.024669391849435174,0.1228032585615828,0.5147058920791334,2,0.20578643905205918
2007-10-09,DGX,Quest Diagnostics,Health Care,2007-10-09,0.35880652557972836,-0.2923744205604628,2008-10-17,6.4284736481861735,False,0.1557933977778918,0.0293807486396529,0.8347413591675346,0.0625698409223916,1.7492454667370656,0.06974656636309318,,,0.09498643427250753,0.8347413591675346,0.7322842006347716,1,0.036017123477011026
2021-12-31,DGX,Quest Diagnostics,Health Care,2021-12-31,1.2124562022571417,-0.2861559745299119,2022-09-21,3.268993839835729,False,,,,,,,,,0.08596431946509964,0.4798853758938073,0.5147317979430592,1,0.20578643905205918
2007-10-09,RL,Ralph Lauren Corporation,Consumer Discretionary,2007-10-09,1.1391514109319294,-0.5701347767259608,2009-03-09,12.484599589322382,False,1.1199794408041557,0.16216108731520906,0.29776898769675353,0.02640731658187967,0.4963575068720978,0.02723314601076532,,,0.10289558408718036,0.29776898769675353,0.7503138268735321,2,0.036017123477011026
2021-12-31,RL,Ralph Lauren Corporation,Consumer Discretionary,2021-12-31,0.21013628579510435,-0.2836704009601886,2022-09-26,1.8507871321013005,False,,,,,,,,,0.2895751695528457,2.3492142597407875,1.9488625673503401,1,0.20578643905205918
2000-03-24,RTX,RTX Corporation,Industrials,2000-03-24,0.5193031339291676,-0.2567292276154989,2001-09-20,2.965092402464066,False,0.9203917454820254,0.139404593844914,2.0443015831729543,0.11776052348718213,4.563379521895592,0.12121589474180428,3.564353037658802,0.07886961375916712,0.1149393158213774,2.0443015831729543,1.913969021831683,1,0.29022975755976144
2007-10-09,RTX,RTX Corporation,Industrials,2007-10-09,0.8452689284635506,-0.521589893262562,2009-03-09,4.791238877481177,False,0.07321011045246739,0.014231164507590766,0.8523505687477797,0.06358528056107726,1.3501879572678743,0.05862019123363682,,,0.09521682438394863,0.8523505687477797,1.5037092954453852,2,0.036017123477011026
2021-12-31,RTX,RTX Corporation,Industrials,2021-12-31,0.3836294603186672,-0.15947004279096644,2023-10-05,1.9685147159479808,False,,,,,,,,,0.19963638973599807,1.3752848609784225,0.595619246360847,0,0.20578643905205918
2021-12-31,REGN,Regeneron Pharmaceuticals,Health Care,2021-12-31,0.6908168819110965,-0.23295338249448927,2025-06-05,4.498288843258043,False,,,,,,,,,0.034542462888535574,0.17516115455676617,0.3704072221727077,1,0.20578643905205918
2021-12-31,RSG,Republic Services,Industrials,2021-12-31,1.0391109625684272,-0.16844755008049006,2022-02-23,1.2758384668035592,False,,,,,,,,,0.10310100306082459,0.594213725975457,0.3352622013598583,0,0.20578643905205918
2021-12-31,RMD,ResMed|,Health Care,2021-12-31,1.3532319918181304,-0.4756166557050683,2023-10-27,4.7529089664613275,True,,,,,,,,,-0.027008135765593022,-0.1220209515254983,0.18858901755792878,2,0.20578643905205918
2000-03-24,RVTY,Revvity,Health Care,2000-03-24,2.3366599624666766,-0.8617184652855413,2002-10-17,12.438056125941136,False,-0.2703073593254566,-0.06108129036937693,-0.15346645864049724,-0.01652252612942129,0.8716439516669927,0.0426732113656203,1.813368387693775,0.053079916092517054,0.06870361200809993,-0.15346645864049724,0.28788728437385247,2,0.29022975755976144
2007-10-09,RVTY,Revvity,Health Care,2007-10-09,0.6711931273389053,-0.6157678186944275,2009-03-09,4.895277207392197,False,0.0864732331202045,0.016725711252753017,1.6655258903577712,0.1030070556547491,3.7445567967543916,0.10937841083104805,,,0.09760427825796736,1.6655258903577712,2.631952999677779,2,0.036017123477011026
2021-12-31,RVTY,Revvity,Health Care,2021-12-31,1.5796862175942503,-0.5900624670636028,2023-10-30,4.7529089664613275,True,,,,,,,,,-0.0554724691070938,-0.23757460976895084,0.009277273621949966,2,0.20578643905205918
2000-03-24,ROK,Rockwell Automation,Industrials,2000-03-24,-0.09565361196722544,-0.3117131236008033,2000-09-20,1.6454483230663928,False,3.2412303417984347,0.3350525847746013,3.5100425766595986,0.1625671955088237,9.4698902887098,0.16948900211759454,13.301211767533605,0.14226966077262326,0.15986923900364092,3.5100425766595986,2.855943314069129,1,0.29022975755976144
2007-10-09,ROK,Rockwell Automation,Industrials,2007-10-09,0.9356290527034274,-0.7446525218543922,2009-03-05,4.7939767282683095,False,0.09885859700547983,0.01903326697910379,2.2137302098305014,0.12383082902718545,3.3530835433632387,0.1030278217206646,,,0.1251390596044426,2.2137302098305014,3.2948250404604584,2,0.036017123477011026
2021-12-31,ROK,Rockwell Automation,Industrials,2021-12-31,1.4561096776731883,-0.4469688711785653,2022-06-17,3.485284052019165,False,,,,,,,,,0.0751589613620709,0.41119418617766956,0.8676341691268123,2,0.20578643905205918
2021-12-31,ROL,"Rollins, Inc.",Industrials,2021-12-31,0.4708906785531133,-0.15317169111314421,2022-01-27,4.7529089664613275,True,,,,,,,,,-0.013254616071505021,-0.06145006483329063,0.11670760442360928,0,0.20578643905205918
2021-12-31,ROP,Roper Technologies,Information Technology,2021-12-31,0.8762057535420449,-0.34193721372744845,2026-02-17,4.7529089664613275,True,,,,,,,,,-0.06016935345151708,-0.25542711802168017,-0.037473834584279,1,0.20578643905205918
2021-12-31,ROST,Ross Stores,Consumer Discretionary,2021-12-31,0.4053087458241431,-0.38095828858652114,2022-06-30,1.7604380561259412,False,,,,,,,,,0.16973093419678187,1.1067181756100513,1.0161802423235518,1,0.20578643905205918
2021-12-31,RCL,Royal Caribbean Group,Consumer Discretionary,2021-12-31,-0.18595123656296209,-0.5932379944988577,2022-07-14,1.3716632443531827,False,,,,,,,,,0.3195697647916944,2.7359755455525248,3.905434943690544,2,0.20578643905205918
2021-12-31,CRM,Salesforce,Information Technology,2021-12-31,0.8553693867669356,-0.4952583046670809,2022-12-16,4.7529089664613275,True,,,,,,,,,-0.0126837170645272,-0.058866362049108445,0.2418861416086684,2,0.20578643905205918
2000-03-24,SLB,Schlumberger,Energy,2000-03-24,0.6630273369689226,-0.5473487568642783,2002-10-09,21.09240246406571,False,-0.04171330095515091,-0.00848544910674831,0.7968849222252938,0.0603568015195135,1.5503102318437079,0.06440327193486572,-0.45548320265917686,-0.029935606269275827,0.02818296376808349,0.7968849222252938,1.5025727038117411,2,0.29022975755976144
2007-10-09,SLB,Schlumberger,Energy,2007-10-09,2.1094313097887043,-0.8470260154507071,2020-03-18,18.981519507186857,True,-0.2679165123216233,-0.060466819407508754,-0.22339479758031666,-0.02496539496813599,-0.43266969155016055,-0.037082530861573204,,,-0.01760064052026944,-0.22339479758031666,0.0421021365938552,2,0.036017123477011026
2021-12-31,SLB,Schlumberger,Energy,2021-12-31,-0.076603454499796,0.0,2021-12-31,0.0,False,,,,,,,,,0.13292934576894466,0.8097604750258658,0.40711111770999486,0,0.20578643905205918
2021-12-31,STX,Seagate Technology,Information Technology,2021-12-31,2.348439243461248,-0.5583460921172475,2022-11-03,3.353867214236824,False,,,,,,,,,0.5726575808248908,7.601700616356128,10.386214146987601,2,0.20578643905205918
2021-12-31,SRE,Sempra,Utilities,2021-12-31,0.348811652095804,-0.0047628407203688106,2022-01-24,0.06570841889117043,False,,,,,,,,,0.06915178010466105,0.37410984307263084,0.26189424039224973,0,0.20578643905205918
2021-12-31,NOW,ServiceNow,Information Technology,2021-12-31,2.64566144342743,-0.4734945225178846,2022-10-14,4.65160848733744,False,,,,,,,,,0.007286671021847546,0.03510959959520532,0.36403608619254824,2,0.20578643905205918
2000-03-24,SHW,Sherwin-Williams,Materials,2000-03-24,-0.15336308432111267,-0.12504488956668214,2000-10-18,1.51129363449692,False,1.2035829065086667,0.17118601791989096,2.661827089613482,0.13859633967058183,16.033456693612273,0.20805540483051654,27.435404162733043,0.18220548577896634,0.1694852937257847,2.661827089613482,1.0807622015776683,0,0.29022975755976144
2007-10-09,SHW,Sherwin-Williams,Materials,2007-10-09,0.6360312620333508,-0.32516407313133855,2009-03-06,2.297056810403833,False,1.5146787654027363,0.20253161484546522,5.764367056924035,0.21066145779736445,10.409762550335909,0.17621064915432827,,,0.16580708952285517,5.764367056924035,4.526087399045579,1,0.036017123477011026
2021-12-31,SHW,Sherwin-Williams,Materials,2021-12-31,1.7558150384658755,-0.42458569600491036,2022-10-20,4.7529089664613275,True,,,,,,,,,-0.011209113438964469,-0.052166792580256915,0.25040699933567767,2,0.20578643905205918
2021-12-31,SWKS,Skyworks Solutions,Information Technology,2021-12-31,1.4275873311820901,-0.6542973553303932,2025-04-08,4.7529089664613275,True,,,,,,,,,-0.09295886763479122,-0.3710662479437715,-0.16165492766490352,2,0.20578643905205918
2021-12-31,SJM,J.M. Smucker Company (The),Consumer Staples,2021-12-31,0.5924688540974972,-0.2376277950478891,2026-04-13,4.558521560574949,False,,,,,,,,,0.0038511890511441216,0.01843709710517416,0.24071386213480594,1,0.20578643905205918
2000-03-24,SNA,Snap-on,Industrials,2000-03-24,-0.3061264031874886,-0.17374542359208667,2000-10-13,2.965092402464066,False,0.42084624188714637,0.07277690805103765,1.23659928363272,0.08382413582497206,7.225156396514,0.1508258565274414,5.768624515067385,0.10033523738879868,0.13352605321181987,1.23659928363272,0.6056862662507476,0,0.29022975755976144
2007-10-09,SNA,Snap-on,Industrials,2007-10-09,0.855003892577904,-0.5601191968273389,2009-03-05,3.9835728952772076,False,0.670047394330977,0.1080153047411545,2.8197756006675148,0.14341473613524736,4.999109915488077,0.12686646479358288,,,0.13851849132716465,2.8197756006675148,4.1348632291030825,2,0.036017123477011026
2021-12-31,SNA,Snap-on,Industrials,2021-12-31,0.6020748340555724,-0.09755816108962723,2022-06-16,0.8049281314168378,False,,,,,,,,,0.1496248912803595,0.9400722705354327,0.4505483828798502,0,0.20578643905205918
2000-03-24,SO,Southern Company,Utilities,2000-03-24,0.18598431000821658,-0.008571397671284564,2000-03-30,0.019164955509924708,False,2.0327254021082766,0.24843696087945566,3.000199843322835,0.14870409386041783,5.7877080839210295,0.13618279992617022,8.44368791338179,0.11881191112948586,0.12089741419939526,3.000199843322835,1.1935531194807858,0,0.29022975755976144
2007-10-09,SO,Southern Company,Utilities,2007-10-09,0.3873803605205539,-0.2270263912295719,2009-03-12,2.6611909650924024,False,0.5729689228024644,0.09482329240620047,1.139880877014404,0.07904351692354705,2.4445260675901177,0.0859470045824593,,,0.09067342417323454,1.139880877014404,1.0009197026441354,1,0.036017123477011026
2021-12-31,SO,Southern Company,Utilities,2021-12-31,0.7753345338978825,-0.0775626299887171,2022-10-12,1.7522245037645447,False,,,,,,,,,0.08134496609855235,0.4502038355241096,0.2872589045427427,0,0.20578643905205918
2000-03-24,LUV,Southwest Airlines,Industrials,2000-03-24,1.915559592334465,-0.6197498428731916,2009-03-05,13.44558521560575,False,0.06977929988929543,0.013581880093403775,-0.01112413495045561,-0.0011180216335375803,2.502190231825098,0.08714961274374966,2.089177132698191,0.05801576890000959,0.05156351416714422,-0.01112413495045561,0.6133906698731493,2,0.29022975755976144
2007-10-09,LUV,Southwest Airlines,Industrials,2007-10-09,0.08752589043961456,-0.6641757831745729,2009-03-05,5.982203969883641,False,-0.4085662250511861,-0.09971249134097837,3.0527912727756545,0.1502054570110518,1.3088045332055214,0.057367143581487534,,,0.06578539390552685,3.0527912727756545,4.452988333954629,2,0.036017123477011026
2021-12-31,LUV,Southwest Airlines,Industrials,2021-12-31,-0.06213263413288739,-0.4698125507269767,2023-10-31,4.7091033538672145,False,,,,,,,,,0.01629257199365952,0.07984018771503187,0.4644560410123266,2,0.20578643905205918
2000-03-24,SWK,Stanley Black & Decker,Industrials,2000-03-24,-0.30762886400237377,-0.2284998063074748,2000-10-17,3.077344284736482,False,1.0541996656055113,0.15485785021509635,2.0804758771577734,0.11908166730049796,4.649545657676863,0.12236530941657109,4.845342282579855,0.09229638753809644,0.07775773655204365,2.0804758771577734,1.797099611125585,1,0.29022975755976144
2007-10-09,SWK,Stanley Black & Decker,Industrials,2007-10-09,0.4755017604811671,-0.5837507422212898,2009-03-09,3.9835728952772076,False,0.4480458306923061,0.0768530972298529,2.502061267133836,0.1335283173321966,0.9084797392576884,0.04402885900769693,,,0.05238561604477443,2.502061267133836,3.6722968406447203,2,0.036017123477011026
2021-12-31,SWK,Stanley Black & Decker,Industrials,2021-12-31,0.6618409449325737,-0.6681983375249297,2025-04-08,4.7529089664613275,True,,,,,,,,,-0.10839852778806369,-0.4203494679777655,-0.23509181949107794,2,0.20578643905205918
2007-10-09,SBUX,Starbucks,Consumer Discretionary,2007-10-09,0.1297744949390749,-0.7321629004064715,2008-11-20,3.0061601642710474,False,0.839282076836662,0.1296129636048453,3.5982821249196792,0.16482199140301068,7.04950588628415,0.14917088631502118,,,0.1268342393858357,3.5982821249196792,5.076497056642879,2,0.036017123477011026
2021-12-31,SBUX,Starbucks,Consumer Discretionary,2021-12-31,0.9197924631088339,-0.39800592285374425,2022-05-11,4.7529089664613275,True,,,,,,,,,-0.020179805501449932,-0.09234755977855436,0.08298265570210739,1,0.20578643905205918
2021-12-31,STE,Steris,Health Care,2021-12-31,1.3412666230019679,-0.33559200124613153,2022-09-27,4.7529089664613275,True,,,,,,,,,-0.02293174431933631,-0.10440020846621045,0.07698354437474997,1,0.20578643905205918
2007-10-09,SYK,Stryker Corporation,Health Care,2007-10-09,0.6278538393316746,-0.569306863838503,2009-03-09,5.9986310746064335,False,-0.2401635298864796,-0.05344898191422254,1.263565213788937,0.08512383036831461,2.4238698441455666,0.08551163587741417,,,0.08507278520752659,1.263565213788937,2.0305281394779247,2,0.036017123477011026
2021-12-31,SYK,Stryker Corporation,Health Care,2021-12-31,0.762647204789104,-0.28792840991835966,2022-07-18,1.8206707734428473,False,,,,,,,,,0.016905774698798393,0.08294043257070571,0.2290065152049312,1,0.20578643905205918
2021-12-31,SNPS,Synopsys,Information Technology,2021-12-31,3.3744065686697597,-0.2921845683249237,2022-05-11,4.706365503080082,False,,,,,,,,,0.06174406571328217,0.3294436740745845,0.4050175961461149,1,0.20578643905205918
2000-03-24,SYY,Sysco,Consumer Staples,2000-03-24,1.078290691198951,-0.009107529246578094,2000-03-28,0.013689253935660506,False,1.1512195320525507,0.16556620416154688,1.0761181725574236,0.07578431261704832,2.238072552835607,0.08148152565189659,2.7432842973895455,0.06822476126905741,0.08609048404321196,1.0761181725574236,0.5521925625589821,0,0.29022975755976144
2007-10-09,SYY,Sysco,Consumer Staples,2007-10-09,0.22895044478234006,-0.4142045818008515,2009-03-09,4.837782340862423,False,0.0798148015370459,0.015476448021670697,1.164996276820565,0.08030333147009827,2.277007062348616,0.08234361252200051,,,0.07470664876934019,1.164996276820565,1.946417895585343,2,0.036017123477011026
2021-12-31,SYY,Sysco,Consumer Staples,2021-12-31,0.354903887105281,-0.1601184740471676,2023-10-12,4.243668720054757,False,,,,,,,,,0.025577885334317152,0.12754266264648284,0.17970518025020032,0,0.20578643905205918
2021-12-31,TMUS,T-Mobile US,Communication Services,2021-12-31,0.8232984611860297,-0.12381456775867838,2022-01-21,0.09034907597535935,False,,,,,,,,,0.08658852200772227,0.4839326811681688,0.2985018530907624,0,0.20578643905205918
2021-12-31,TTWO,Take-Two Interactive,Communication Services,2021-12-31,0.7264425588280112,-0.47349764206548983,2022-11-08,2.8747433264887063,False,,,,,,,,,0.02808940969139151,0.14072695439483507,0.4945160384398508,2,0.20578643905205918
2007-10-09,TPR,"Tapestry, Inc.",Consumer Discretionary,2007-10-09,1.1620320717179635,-0.7399111799491354,2009-03-09,16.125941136208077,False,0.27706497745227043,0.05012887184592585,0.08442199512095327,0.008137644253292997,-0.01345607014089778,-0.0009027538378814093,,,0.07696605609210172,0.08442199512095327,0.4381009744861273,2,0.036017123477011026
2021-12-31,TPR,"Tapestry, Inc.",Consumer Discretionary,2021-12-31,0.2991153838287126,-0.3428246730940985,2022-05-11,2.6009582477754964,False,,,,,,,,,0.28415961917371635,2.282889486000531,1.8715985000024764,1,0.20578643905205918
2000-03-24,TGT,Target Corporation,Consumer Staples,2000-03-24,2.3163798594889915,-0.339503935160667,2000-10-12,8.988364134154688,False,0.49848646189305423,0.0842528308997792,0.6891177459954354,0.053818922297791616,1.9222354558845152,0.07410733012300263,3.227392067683285,0.0747405284084266,0.08080177953404144,0.6891177459954354,0.7150390764076493,1,0.29022975755976144
2007-10-09,TGT,Target Corporation,Consumer Staples,2007-10-09,0.421760659012298,-0.6058271663424659,2009-03-09,9.757700205338809,False,0.04364119238858133,0.008579745827593799,0.08753935269923985,0.00842707654886743,2.330425241236413,0.08351096984265971,,,0.07453309176320544,0.08753935269923985,0.4656447283980447,2,0.036017123477011026
2021-12-31,TGT,Target Corporation,Consumer Staples,2021-12-31,2.737125795065779,-0.5902200562398535,2025-11-20,4.7529089664613275,True,,,,,,,,,-0.0496636857771835,-0.21503021755781693,0.08867155671191318,2,0.20578643905205918
2021-12-31,TEL,TE Connectivity,Information Technology,2021-12-31,1.254008833370142,-0.32549520980350377,2022-10-14,3.351129363449692,False,,,,,,,,,0.08469190913690916,0.4716621099854348,0.5104341242212098,1,0.20578643905205918
2021-12-31,TDY,Teledyne Technologies,Information Technology,2021-12-31,1.1098662249254634,-0.2421433427130405,2022-10-14,3.268993839835729,False,,,,,,,,,0.0753912410284523,0.41264382846284287,0.46862520782388617,1,0.20578643905205918
2021-12-31,TER,Teradyne,Information Technology,2021-12-31,4.293192583386345,-0.5785853623533448,2025-04-08,3.890485968514716,False,,,,,,,,,0.24159540674260072,1.796912287504734,2.8759175844514484,2,0.20578643905205918
2021-12-31,TSLA,"Tesla, Inc.",Consumer Discretionary,2021-12-31,14.877103932935146,-0.6931244095915257,2023-01-03,4.657084188911704,False,,,,,,,,,0.01072993760723695,0.05203538881538505,0.38878200082034553,2,0.20578643905205918
2007-10-09,TXN,Texas Instruments,Information Technology,2007-10-09,0.6844576270898743,-0.6134052983356848,2009-03-02,5.371663244353183,False,-0.17834817344188092,-0.03852595487182808,2.148245256848937,0.12151956883418724,5.247260647774034,0.12991552288496888,,,0.1443822840382174,2.148245256848937,3.178587841265003,2,0.036017123477011026
2021-12-31,TXN,Texas Instruments,Information Technology,2021-12-31,1.1602990285238128,-0.20939014797004163,2023-10-30,3.9041752224503763,False,,,,,,,,,0.12966173286856253,0.7850854393603741,0.7443933980800208,1,0.20578643905205918
2000-03-24,TXT,Textron,Industrials,2000-03-24,0.1770948369758043,-0.8421905497124449,2009-03-06,20.0,False,0.4766934244269969,0.08108058556890474,-0.053784887539815585,-0.005513280194994308,0.9442558551134501,0.045322329710121734,-0.00027131780353151225,-1.3567638802003401e-05,0.047065123918736074,-0.053784887539815585,0.31329970926724604,2,0.29022975755976144
2007-10-09,TXT,Textron,Industrials,2007-10-09,1.0963578338024575,-0.9394424207146539,2009-03-06,14.976043805612594,False,-0.584443937362292,-0.1610696144933852,-0.0799735647065346,-0.008300645342282809,0.027060561694158602,0.0017816451621213147,,,0.013903342837025212,-0.0799735647065346,0.23717148132864385,2,0.036017123477011026
2021-12-31,TXT,Textron,Industrials,2021-12-31,0.6870689636396017,-0.2491757498295588,2022-06-16,4.747433264887063,False,,,,,,,,,0.0011918354370854534,0.005677367841655734,0.16923629529300332,1,0.20578643905205918
2007-10-09,TMO,Thermo Fisher Scientific,Health Care,2007-10-09,1.160001204424645,-0.5134682031595049,2008-11-20,5.040383299110198,False,-0.00166131899793176,-0.0003324848183976492,2.361030234020149,0.12887860431818732,8.220629296565944,0.15962446918514095,,,0.13820638930063178,2.361030234020149,3.4909773173056253,2,0.036017123477011026
2021-12-31,TMO,Thermo Fisher Scientific,Health Care,2021-12-31,2.0026143600631556,-0.4095430204144478,2025-06-17,4.7529089664613275,True,,,,,,,,,-0.0010381092409689208,-0.004924436537775745,0.38805020945531465,2,0.20578643905205918
2000-03-24,TJX,TJX Companies,Consumer Discretionary,2000-03-24,0.7981717689177783,-0.22884244118508656,2000-08-04,0.4544832306639288,False,1.3933404675285965,0.1906960058926488,3.560734244474843,0.16386732739162246,14.681541326257651,0.20141370864897512,18.800581113087,0.16100448333209227,0.17344786804597256,3.560734244474843,2.9457556172277855,1,0.29022975755976144
2007-10-09,TJX,TJX Companies,Consumer Discretionary,2007-10-09,0.36607692213660825,-0.36819577695685235,2008-11-19,1.6344969199178645,False,2.222366886712459,0.26367384638318714,4.602490151463556,0.18805927785609433,9.623382653484798,0.1706242639995732,,,0.17976002207412933,4.602490151463556,3.6303713386445153,1,0.036017123477011026
2021-12-31,TJX,TJX Companies,Consumer Discretionary,2021-12-31,0.7573898923488529,-0.2691651453500449,2022-05-11,1.2019164955509924,False,,,,,,,,,0.1409810456166758,0.8717125946073818,0.8351989671328466,1,0.20578643905205918
2021-12-31,TSCO,Tractor Supply,Consumer Discretionary,2021-12-31,1.9672051478618808,-0.3362495674643986,2026-06-03,4.7529089664613275,True,,,,,,,,,-0.0686818138538473,-0.28694011519992446,-0.048938537468496746,1,0.20578643905205918
2021-12-31,TT,Trane Technologies,Industrials,2021-12-31,1.9996367961981591,-0.39566199963093307,2022-06-17,1.8316221765913758,False,,,,,,,,,0.2055939382515728,1.4318748736681615,1.226239614040249,1,0.20578643905205918
2021-12-31,TDG,TransDigm Group,Industrials,2021-12-31,1.0952658356932155,-0.1926667706158388,2022-06-16,0.9691991786447639,False,,,,,,,,,0.16444345905028723,1.0618390624446374,0.491137313516252,0,0.20578643905205918
2021-12-31,TRMB,Trimble Inc.,Information Technology,2021-12-31,1.649346789597827,-0.5318270609952531,2023-11-13,4.7529089664613275,True,,,,,,,,,-0.08379605200980711,-0.34029133103398546,-0.1270632335004942,2,0.20578643905205918
2021-12-31,TYL,Tyler Technologies,Information Technology,2021-12-31,1.895005871291438,-0.4882982010088075,2026-06-22,4.7529089664613275,True,,,,,,,,,-0.10187888741152606,-0.3999256618022724,-0.20740938025385414,2,0.20578643905205918
2007-10-09,TSN,Tyson Foods,Consumer Staples,2007-10-09,0.1893558589863933,-0.7582175333906951,2008-11-20,5.106091718001369,False,-0.061715417959966046,-0.012659581440640388,3.2979286670373646,0.15698018297961358,3.3341307060765093,0.10270700541823063,,,0.07632224869449389,3.2979286670373646,4.727384067416994,2,0.036017123477011026
2021-12-31,TSN,Tyson Foods,Consumer Staples,2021-12-31,0.7496408707963489,-0.4555585586238453,2023-10-23,4.7529089664613275,True,,,,,,,,,-0.07392002339547088,-0.30580204701518887,-0.06112638330336406,2,0.20578643905205918
2021-12-31,ULTA,Ulta Beauty,Consumer Discretionary,2021-12-31,0.6841202520230485,-0.23735266039287695,2025-03-13,3.3921971252566734,False,,,,,,,,,0.05990726671580715,0.31854781799018417,0.45390905092663547,1,0.20578643905205918
2000-03-24,UNP,Union Pacific Corporation,Industrials,2000-03-24,-0.3356696887275773,-0.024589382948114524,2000-03-28,0.5092402464065708,False,0.9660412165567303,0.14477074841723736,3.5035291531763217,0.16239918782327512,14.325713707646676,0.19957677067536106,18.697152395258435,0.16070050194383523,0.1580680843775537,3.5035291531763217,1.3613295560986147,0,0.29022975755976144
2007-10-09,UNP,Union Pacific Corporation,Industrials,2007-10-09,1.0002685969707268,-0.4160761134328099,2009-03-09,2.0670773442847366,False,1.2542528640480213,0.1765232826903178,3.7210985392308285,0.16789636443293454,8.008704742313888,0.1578282903052075,,,0.14935194935765583,3.7210985392308285,5.502657591297124,2,0.036017123477011026
2021-12-31,UNP,Union Pacific Corporation,Industrials,2021-12-31,0.9394461827230878,-0.24768549552003427,2022-10-20,4.076659822039699,False,,,,,,,,,0.04460537615234572,0.23049074208328646,0.3323755058763975,1,0.20578643905205918
2021-12-31,UAL,United Airlines Holdings,Industrials,2021-12-31,-0.47712890213718717,-0.2873457827117706,2022-03-07,2.6611909650924024,False,,,,,,,,,0.21967791113777868,1.569895049641603,1.4610577101166786,1,0.20578643905205918
2007-10-09,UPS,United Parcel Service,Industrials,2007-10-09,0.07103441042635361,-0.47893542936312417,2009-03-09,4.128678986995209,False,0.10435958314578553,0.02005150471385142,1.0459643733729158,0.07421152296942135,2.2330879655240476,0.0813704592607094,,,0.0455083638931999,1.0459643733729158,1.7237447359888565,2,0.036017123477011026
2021-12-31,UPS,United Parcel Service,Industrials,2021-12-31,1.401047433003792,-0.5442886287656931,2025-09-25,4.7529089664613275,True,,,,,,,,,-0.11919421609376069,-0.45295833178165745,-0.23469997876235982,2,0.20578643905205918
2021-12-31,URI,United Rentals,Industrials,2021-12-31,2.2409054453238384,-0.29025861725192414,2022-06-23,1.3716632443531827,False,,,,,,,,,0.292015474644453,2.3794445248994136,1.94415164509277,1,0.20578643905205918
2000-03-24,UNH,UnitedHealth Group,Health Care,2000-03-24,0.06744862238946814,-0.035908856517595344,2000-03-28,0.01642710472279261,False,5.480954769936807,0.45320806055237495,3.5848458466208113,0.1644811795592156,16.844380689393027,0.21180693057992395,34.95574256623243,0.19615762515207558,0.17251062306405718,3.5848458466208113,1.3884351205801115,0,0.29022975755976144
2007-10-09,UNH,UnitedHealth Group,Health Care,2007-10-09,0.32311169191357125,-0.6635547024742302,2008-11-20,4.139630390143737,False,0.23121748526500308,0.042478135208503076,3.561098041624839,0.16387661090599281,11.624634607846179,0.1841714544970139,,,0.1292620666508406,3.561098041624839,5.154994309931054,2,0.036017123477011026
2021-12-31,UNH,UnitedHealth Group,Health Care,2021-12-31,1.1127704379625443,-0.49994291001384883,2025-08-01,4.7529089664613275,True,,,,,,,,,-0.04385421431148162,-0.1919599396715993,0.19480569645819323,2,0.20578643905205918
2021-12-31,UHS,Universal Health Services,Health Care,2021-12-31,0.12542439801405436,-0.3193797562710774,2022-09-27,1.839835728952772,False,,,,,,,,,0.0714740450721858,0.3883535608913009,0.455897825928119,1,0.20578643905205918
2007-10-09,VLO,Valero Energy,Energy,2007-10-09,2.5011996541407244,-0.8015595223321569,2008-11-20,13.078713210130047,False,-0.5232953951896568,-0.1377169098705514,0.48328990218925405,0.04021378316676438,1.7502574714776782,0.06977281362948351,,,0.13468425007481777,0.48328990218925405,0.9966684903685377,2,0.036017123477011026
2021-12-31,VLO,Valero Energy,Energy,2021-12-31,0.17496675868074774,0.0,2021-12-31,0.0,False,,,,,,,,,0.46973188395731524,5.2354462488420035,1.8823397089820402,0,0.20578643905205918
2007-10-09,VRSN,Verisign,Information Technology,2007-10-09,0.6549876693791066,-0.4989708379658513,2008-11-20,3.9863107460643397,False,0.6475281753700175,0.10501092061282646,2.8009492363893407,0.1428499324047292,5.158666996787508,0.12884015093773682,,,0.1299431983191388,2.8009492363893407,4.089696879305705,2,0.036017123477011026
2021-12-31,VRSN,Verisign,Information Technology,2021-12-31,0.7116461065257971,-0.3833819597986535,2022-06-16,4.476386036960986,False,,,,,,,,,0.031071734341743262,0.1565404937050625,0.26975015485988285,1,0.20578643905205918
2021-12-31,VRSK,Verisk Analytics,Industrials,2021-12-31,1.1386390833428832,-0.3057122736508763,2022-06-14,4.7529089664613275,True,,,,,,,,,-0.06108162981432841,-0.2588559995003852,-0.03279458781937361,1,0.20578643905205918
2000-03-24,VZ,Verizon,Communication Services,2000-03-24,1.06686104959465,-0.5017623672375973,2002-07-23,10.707734428473648,False,-0.2997368114163116,-0.06878007599686653,-0.1795902640175241,-0.01960050120114898,0.8178201338301141,0.04064689787844089,1.3045722757529519,0.04262831888772811,0.04356430737053585,-0.1795902640175241,0.14850429695687772,2,0.29022975755976144
2007-10-09,VZ,Verizon,Communication Services,2007-10-09,0.3292731024660118,-0.4194856538279913,2008-10-24,3.8412046543463383,False,0.4225720430558537,0.07303738673431326,0.8975498467678618,0.06615247472337771,0.7911196735909394,0.03962083264873506,,,0.05709203057107226,0.8975498467678618,1.5330413195305863,2,0.036017123477011026
2021-12-31,VZ,Verizon,Communication Services,2021-12-31,0.051052906370558704,-0.33170027923553,2023-10-13,4.076659822039699,False,,,,,,,,,0.03875566317176715,0.19808245529803048,0.3126049216130109,1,0.20578643905205918
2021-12-31,VRTX,Vertex Pharmaceuticals,Health Care,2021-12-31,0.3252066695205724,0.0,2021-12-31,0.0,False,,,,,,,,,0.19136072430805284,1.2984061792257289,0.5699930191099492,0,0.20578643905205918
2007-10-09,VTRS,Viatris,Health Care,2007-10-09,-0.033492535605610274,-0.6442663075329149,2008-10-27,18.472279260780287,False,0.4839704757187142,0.08214399074835388,1.3581999883377733,0.0895773416858594,-0.4317121046843866,-0.036974263350118886,,,0.016281762852387915,1.3581999883377733,2.22895412307725,2,0.036017123477011026
2021-12-31,VTRS,Viatris,Health Care,2021-12-31,-0.494694046336538,-0.3818398955170559,2025-04-10,3.9397672826830936,False,,,,,,,,,0.10274740011845696,0.5917863033293329,0.6342145824019492,1,0.20578643905205918
2000-03-24,VMC,Vulcan Materials Company,Materials,2000-03-24,1.1438786650312291,-0.3026349197314232,2003-03-12,12.224503764544833,False,0.41314793826621776,0.0716118954207281,0.41172953821226166,0.03508293873975954,1.528549940654007,0.06379538613570279,1.641927285325158,0.04977455769213268,0.0812254218633961,0.41172953821226166,0.5555866373869034,1,0.29022975755976144
2007-10-09,VMC,Vulcan Materials Company,Materials,2007-10-09,0.940744518365187,-0.6839904968955555,2011-10-03,12.44079397672827,False,-0.4494381616055547,-0.11251459209117465,0.48423211955155643,0.04027984088312153,1.0390156296662574,0.048643905072503824,,,0.06399525244807691,0.48423211955155643,0.98417261050101,2,0.036017123477011026
2021-12-31,VMC,Vulcan Materials Company,Materials,2021-12-31,1.1619790098067528,-0.315382523939456,2022-06-23,1.834360027378508,False,,,,,,,,,0.04204424109355487,0.21621758848056682,0.32341370702526206,1,0.20578643905205918
2000-03-24,GWW,W. W. Grainger,Industrials,2000-03-24,0.4810020619898183,-0.5513032038262908,2000-10-17,4.388774811772758,False,0.23838132110860144,0.04368845286684664,1.3244363446820575,0.08800719093297138,4.427098433496263,0.11936359923567896,5.148035248927608,0.09505723132499866,0.14408589921524206,1.3244363446820575,2.103158710485746,2,0.29022975755976144
2007-10-09,GWW,W. W. Grainger,Industrials,2007-10-09,0.7018649791710663,-0.3533063664176793,2008-11-19,2.001368925393566,False,1.4363085890742813,0.19494099080567318,1.2607510031604772,0.08498884522042682,5.955080373634725,0.13802938702811796,,,0.1659213195716731,1.2607510031604772,1.0785792682490865,1,0.036017123477011026
2021-12-31,GWW,W. W. Grainger,Industrials,2021-12-31,0.9342909932468049,-0.1409530226688912,2022-06-17,0.8021902806297057,False,,,,,,,,,0.22140310464961033,1.5872179339219823,0.6662636040087002,0,0.20578643905205918
2021-12-31,WAB,Wabtec,Industrials,2021-12-31,0.33655891293890416,-0.12233771314368325,2022-07-14,0.837782340862423,False,,,,,,,,,0.27770584066140147,2.2052084874771443,0.8722604551937543,0,0.20578643905205918
2000-03-24,WMT,Walmart,Consumer Staples,2000-03-24,2.791008008370614,-0.2190020606381572,2000-10-27,10.283367556468173,False,-0.05610153764677994,-0.011480921337060135,0.13016514581225658,0.012311547630775577,0.9107313393774497,0.04411092929643634,1.99440078401204,0.056368631228549404,0.08580374649092115,0.13016514581225658,0.29524419733457363,1,0.29022975755976144
2007-10-09,WMT,Walmart,Consumer Staples,2007-10-09,-0.10619775562410128,-0.05109473072400428,2007-11-09,0.13141683778234087,False,0.834054848912124,0.12897016188682064,1.27064556281137,0.08546277630361643,2.9779318359090747,0.09642052211906127,,,0.12980235140431073,1.27064556281137,0.44755993658846394,0,0.036017123477011026
2021-12-31,WMT,Walmart,Consumer Staples,2021-12-31,0.6368365073145594,-0.17631362034505915,2022-06-17,1.2265571526351813,False,,,,,,,,,0.19066281278866093,1.2920137494992456,0.5678622092011214,0,0.20578643905205918
2000-03-24,DIS,Walt Disney Company (The),Communication Services,2000-03-24,0.6943440525661162,-0.6618521046459631,2002-08-13,11.737166324435318,False,-0.2972613930379029,-0.06812263566040655,-0.06571180440509694,-0.006773985196093957,2.113636843342753,0.0786598918022332,2.060365761172886,0.05752018785977775,0.04588957354804424,-0.06571180440509694,0.3011598825597419,2,0.29022975755976144
2007-10-09,DIS,Walt Disney Company (The),Communication Services,2007-10-09,0.48786480878163707,-0.5488117409286988,2009-03-09,4.128678986995209,False,0.5500283905856977,0.09161106844567546,2.2284864287182082,0.12434578599819401,2.2654711501664955,0.0820891856658581,,,0.06890271599368325,2.2284864287182082,3.4374688787493213,2,0.036017123477011026
2021-12-31,DIS,Walt Disney Company (The),Communication Services,2021-12-31,0.42984891073278964,-0.4878946781778457,2023-10-04,4.7529089664613275,True,,,,,,,,,-0.07780361016300918,-0.3195301197094751,-0.10002324485712077,2,0.20578643905205918
2000-03-24,WM,Waste Management,Industrials,2000-03-24,-0.6367777739928606,-0.03686675688963803,2000-03-28,0.06570841889117043,False,1.2194748736861367,0.17287045544151347,2.062256661184463,0.11841802765361753,4.864221923977606,0.12515933184505146,10.096768225432044,0.12787202739986436,0.13292201819057659,2.062256661184463,0.8809053921013286,0,0.29022975755976144
2007-10-09,WM,Waste Management,Industrials,2007-10-09,0.5599884027865092,-0.39701755404281713,2009-03-09,5.119780971937029,False,-0.0069771705769337,-0.0013993449716187545,1.7869189713040852,0.10793028583836017,5.176481420970267,0.1290575415126627,,,0.12048343705192344,1.7869189713040852,1.4536160476047857,1,0.036017123477011026
2021-12-31,WM,Waste Management,Industrials,2021-12-31,0.97867106743844,-0.15757940722389807,2022-02-23,1.8206707734428473,False,,,,,,,,,0.060285240554379005,0.320784168453659,0.24411901551925919,0,0.20578643905205918
2007-10-09,WAT,Waters Corporation,Health Care,2007-10-09,0.5575714461535404,-0.5407706030400676,2009-03-12,2.921286789869952,False,0.22431308957326324,0.041306306287540506,1.7449224248030069,0.10624929649345516,3.129331000306384,0.09915425746274975,,,0.10228307194354991,1.7449224248030069,2.7467200987009575,2,0.036017123477011026
2021-12-31,WAT,Waters Corporation,Health Care,2021-12-31,0.9750862346063363,-0.3647343181135583,2023-10-30,4.569472963723477,False,,,,,,,,,0.028178517370221146,0.1411969524685044,0.2649786289537497,1,0.20578643905205918
2021-12-31,WEC,WEC Energy Group,Utilities,2021-12-31,0.5261780298775456,-0.16094146888197614,2023-10-02,2.6064339493497606,False,,,,,,,,,0.04487112039557828,0.23197926926912293,0.2145173824577471,0,0.20578643905205918
2021-12-31,WST,West Pharmaceutical Services,Health Care,2021-12-31,3.8334075883090737,-0.5908934816717509,2025-04-08,4.7529089664613275,True,,,,,,,,,-0.04885793875837463,-0.21186192884007804,0.033456069384456555,2,0.20578643905205918
2021-12-31,WDC,Western Digital,Information Technology,2021-12-31,0.8584629251394398,-0.536727490350313,2022-12-28,3.3675564681724848,False,,,,,,,,,0.56743669494672,7.466820397995633,10.352804533810145,2,0.20578643905205918
2000-03-24,WMB,Williams Companies,Energy,2000-03-24,0.9959706230808059,-0.9762277520557248,2002-07-25,20.06297056810404,False,-0.48187005366970526,-0.12322584638533352,-0.3100051554349754,-0.03642708358715718,1.1531326907362112,0.05245786916247441,-0.22331359927546102,-0.01255643246297955,0.06901004398748434,-0.3100051554349754,-0.050146932258953614,2,0.29022975755976144
2007-10-09,WMB,Williams Companies,Energy,2007-10-09,1.8372064053278572,-0.7136287009484132,2009-03-06,12.5201916495551,False,0.4306652032329217,0.07425554203386886,0.5581216808332792,0.04534618127621548,1.0940866693776488,0.05050867586570362,,,0.09764804626132717,0.5581216808332792,1.1280524239595966,2,0.036017123477011026
2021-12-31,WMB,Williams Companies,Energy,2021-12-31,0.4502993455354809,0.0,2021-12-31,0.0,False,,,,,,,,,0.28757223908991625,2.3245620493237524,0.9120449758092903,0,0.20578643905205918
2021-12-31,WYNN,Wynn Resorts,Consumer Discretionary,2021-12-31,-0.10464157043726108,-0.3882879683299546,2022-06-23,4.7529089664613275,True,,,,,,,,,-0.016341294030702724,-0.07532253213467388,0.10225435044071762,1,0.20578643905205918
2000-03-24,XEL,Xcel Energy,Utilities,2000-03-24,-0.07032954797558466,-0.6503211485876137,2002-07-29,3.5044490075290895,False,0.19876820988129063,0.03692427927999731,0.885105547983531,0.06545121052871927,2.7911882340941814,0.0929115689673734,5.921960392943527,0.10156836551187176,0.0952873721716807,0.885105547983531,2.1333604342979235,2,0.29022975755976144
2007-10-09,XEL,Xcel Energy,Utilities,2007-10-09,0.43575166180840985,-0.22992498696024521,2008-10-27,2.116358658453114,False,0.5732832520553137,0.09486704501671483,2.222625786425658,0.12414151760329917,3.6732194908014018,0.10825851973920053,,,0.10244854027013739,2.222625786425658,1.8057959845127631,1,0.036017123477011026
2021-12-31,XEL,Xcel Energy,Utilities,2021-12-31,0.48933339519085206,-0.23939193619373,2024-03-06,2.6639288158795345,False,,,,,,,,,0.044526068844551014,0.23004678915294985,0.3818050938178337,1,0.20578643905205918
2021-12-31,XYL,Xylem Inc.,Industrials,2021-12-31,0.8618383691446088,-0.38775984508225936,2022-06-17,4.7529089664613275,True,,,,,,,,,-0.021667376103716163,-0.09887845926253325,0.09537856340146211,1,0.20578643905205918
2000-03-24,YUM,Yum! Brands,Consumer Discretionary,2000-03-24,,-0.20335378227316148,2000-07-28,0.6023271731690623,False,2.5354424683270067,0.28732663475506626,4.568796802671355,0.1873428385361049,12.014691316923994,0.1865760861408694,16.30131730877007,0.15319820723541988,0.1472235689294943,4.568796802671355,3.6632271523709683,1,0.29022975755976144
2007-10-09,YUM,Yum! Brands,Consumer Discretionary,2007-10-09,0.9031700377864309,-0.4020889332050681,2008-11-20,2.412046543463381,False,0.9203877268676661,0.1394041169805964,2.4118934841186954,0.13057543894646573,4.339263330659627,0.11814662185307157,,,0.10962636475941134,2.4118934841186954,3.6153534494008994,2,0.036017123477011026
2021-12-31,YUM,Yum! Brands,Consumer Discretionary,2021-12-31,0.5916846552443389,-0.2309978512773898,2022-10-11,3.0855578370978782,False,,,,,,,,,0.015080066245689583,0.07373060227784811,0.20982118842819153,1,0.20578643905205918
2021-12-31,ZBRA,Zebra Technologies,Information Technology,2021-12-31,2.737989249371628,-0.6673555083458294,2023-11-01,4.7529089664613275,True,,,,,,,,,-0.09218591831744394,-0.3685148225083952,-0.1643785770872347,2,0.20578643905205918
2007-10-09,ZBH,Zimmer Biomet,Health Care,2007-10-09,0.11049710569076354,-0.6101200798850518,2009-03-09,5.924709103353867,False,-0.21991297237646112,-0.04845657833749917,0.5027453312584214,0.041570182690668256,0.482209138095387,0.026582757958367065,,,0.011958434999656209,0.5027453312584214,1.0778514710642195,2,0.036017123477011026
2021-12-31,ZBH,Zimmer Biomet,Health Care,2021-12-31,0.2517605017954214,-0.3303746262221253,2026-05-11,4.7529089664613275,True,,,,,,,,,-0.05956478752553862,-0.25314790461412584,0.028459400674291313,1,0.20578643905205918
2021-12-31,ZTS,Zoetis,Health Care,2021-12-31,1.9033556774075246,-0.7008293271374655,2026-10-01,4.7529089664613275,True,,,,,,,,,-0.2228379768664499,-0.6982748859249903,-0.6005131236270026,2,0.20578643905205918
2000-03-24,SPY,SPY,ETF,2000-03-24,1.0049216184338947,-0.48500737572229036,2009-03-09,11.739904175222451,False,-0.17742271031115353,-0.03830946216059894,-0.09237642236162336,-0.009645733426250969,0.7960055821762337,0.03980965448238094,1.3110046283985368,0.042773631702301085,0.08154219575085087,-0.09237642236162336,0.27731815601662335,2,0.29022975755976144
2007-10-09,SPY,SPY,ETF,2007-10-09,0.47160880782779047,-0.5518944001105983,2009-03-09,5.136208076659822,False,0.025627881156732313,0.005073826890945599,1.0006665426298578,0.07180917631566675,2.114589108754136,0.07868188160567624,,,0.10761379708217089,1.0006665426298578,1.6687208298932226,2,0.036017123477011026
2021-12-31,SPY,SPY,ETF,2021-12-31,0.998891611131481,-0.24059227904937042,2022-10-12,1.943874058863792,False,,,,,,,,,0.1217521454812518,0.7264558049451835,0.705863967786138,1,0.20578643905205918
2000-03-24,QQQ,QQQ,ETF,2000-03-24,,-0.8293673925625273,2002-10-09,16.262833675564682,False,-0.688406561919922,-0.2080137154460695,-0.5792724676401422,-0.08293505384425137,0.003136512176564299,0.00020879536695073142,0.7885631678040568,0.029497305197294876,0.07932707231871627,-0.5792724676401422,-0.4345892238785435,2,0.29022975755976144
2007-10-09,QQQ,QQQ,ETF,2007-10-09,0.5274757937252406,-0.5196370862642796,2008-11-20,3.9835728952772076,False,0.3056445792286333,0.054787547482237464,2.041733095798567,0.11766618183601962,4.74249972139149,0.1235870684380378,,,0.1587019631132527,2.041733095798567,3.057988321074701,2,0.036017123477011026
2021-12-31,QQQ,QQQ,ETF,2021-12-31,1.627745330598084,-0.3420058474883908,2022-11-03,1.9356605065023955,False,,,,,,,,,0.14946154901713893,0.9387624734302842,0.8566529466494972,1,0.20578643905205918
