,bh_vt|crypto,ma200|crypto,tsmom12|crypto,trend4|crypto,trend4_lo|crypto,xs_mom|crypto,xs_rev|crypto,lowvol|crypto,bh_vt|etf_index,ma200|etf_index,tsmom12|etf_index,trend4|etf_index,trend4_lo|etf_index,xs_mom|etf_index,xs_rev|etf_index,lowvol|etf_index,bh_vt|stocks,ma200|stocks,tsmom12|stocks,trend4|stocks,trend4_lo|stocks,xs_mom|stocks,xs_rev|stocks,lowvol|stocks,bh_vt|ALL,ma200|ALL,tsmom12|ALL,trend4|ALL,trend4_lo|ALL,bh_vt|ALL_ex_stocks,ma200|ALL_ex_stocks,tsmom12|ALL_ex_stocks,trend4|ALL_ex_stocks,trend4_lo|ALL_ex_stocks
1997-05,,,,,,,,,,,,,,,,,0.03172300893379787,0.03172300893379787,0.03172300893379787,0.03172300893379787,0.03172300893379787,,,,0.03172300893379787,0.03172300893379787,0.03172300893379787,0.03172300893379787,0.03172300893379787,,,,,
1997-06,,,,,,,,,,,,,,,,,0.14198299369602352,0.14198299369602352,0.14198299369602352,0.14198299369602352,0.14198299369602352,,,,0.14198299369602352,0.14198299369602352,0.14198299369602352,0.14198299369602352,0.14198299369602352,,,,,
1997-07,,,,,,,,,,,,,,,,,0.001268411667506797,0.001268411667506797,0.001268411667506797,-0.001560691392378799,-0.001560691392378799,,,,0.001268411667506797,0.001268411667506797,0.001268411667506797,-0.001560691392378799,-0.001560691392378799,,,,,
1997-08,,,,,,,,,,,,,,,,,-0.06848216997988799,-0.06848216997988799,-0.06848216997988799,-0.04120983926297139,-0.04120983926297139,,,,-0.06848216997988799,-0.06848216997988799,-0.06848216997988799,-0.04120983926297139,-0.04120983926297139,,,,,
1997-09,,,,,,,,,,,,,,,,,0.03540808799463524,0.03540808799463524,0.03540808799463524,0.0005039045802535114,0.0005039045802535114,,,,0.03540808799463524,0.03540808799463524,0.03540808799463524,0.0005039045802535114,0.0005039045802535114,,,,,
1997-10,,,,,,,,,,,,,,,,,-0.011892443040947054,-0.011892443040947054,-0.011892443040947054,-0.008159938762835162,-0.008159938762835162,,,,-0.011892443040947054,-0.011892443040947054,-0.011892443040947054,-0.008159938762835162,-0.008159938762835162,,,,,
1997-11,,,,,,,,,,,,,,,,,0.016021263024221133,0.016021263024221133,0.016021263024221133,-0.04383847237428762,-0.04383847237428762,,,,0.016021263024221133,0.016021263024221133,0.016021263024221133,-0.04383847237428762,-0.04383847237428762,,,,,
1997-12,,,,,,,,,,,,,,,,,0.01312487518237293,0.01312487518237293,0.01312487518237293,0.016597699889172368,0.016597699889172368,,,,0.01312487518237293,0.01312487518237293,0.01312487518237293,0.016597699889172368,0.016597699889172368,,,,,
1998-01,,,,,,,,,,,,,,,,,0.07331830371151926,0.07331830371151926,0.07331830371151926,0.05547251616895066,0.05547251616895066,,,,0.07331830371151926,0.07331830371151926,0.07331830371151926,0.05547251616895066,0.05547251616895066,,,,,
1998-02,,,,,,,,,,,,,,,,,0.0659402144978829,0.0659402144978829,0.0659402144978829,0.11264088498177904,0.11264088498177904,,,,0.0659402144978829,0.0659402144978829,0.0659402144978829,0.11264088498177904,0.11264088498177904,,,,,
1998-03,,,,,,,,,,,,,,,,,0.11237214108498739,0.11237214108498739,0.11237214108498739,0.13182017438610938,0.13182017438610938,,,,0.11237214108498739,0.11237214108498739,0.11237214108498739,0.13182017438610938,0.13182017438610938,,,,,
1998-04,,,,,,,,,,,,,,,,,0.0023598803812812097,0.0023598803812812097,0.0023598803812812097,0.002354361014718531,0.002354361014718531,,,,0.0023598803812812097,0.0023598803812812097,0.0023598803812812097,0.002354361014718531,0.002354361014718531,,,,,
1998-05,,,,,,,,,,,,,,,,,0.006558665568835664,0.006558665568835664,0.006558665568835664,0.00677648892801308,0.00677648892801308,,,,0.006558665568835664,0.006558665568835664,0.006558665568835664,0.00677648892801308,0.00677648892801308,,,,,
1998-06,,,,,,,,,,,,,,,,,0.04347740781918219,0.04347740781918219,0.04347740781918219,0.04425383924822923,0.04425383924822923,,,,0.04347740781918219,0.04347740781918219,0.04347740781918219,0.04425383924822923,0.04425383924822923,,,,,
1998-07,,,,,,,,,,,,,,,,,-0.04963420184902945,-0.04963420184902945,-0.04963420184902945,-0.03149042415839143,-0.03149042415839143,,,,-0.04963420184902945,-0.04963420184902945,-0.04963420184902945,-0.03149042415839143,-0.03149042415839143,,,,,
1998-08,,,,,,,,,,,,,,,,,-0.05906407133579494,-0.05906407133579494,-0.05906407133579494,-0.0075736080338631995,-0.0075736080338631995,,,,-0.05906407133579494,-0.05906407133579494,-0.05906407133579494,-0.0075736080338631995,-0.0075736080338631995,,,,,
1998-09,,,,,,,,,,,,,,,,,0.0012743215963302301,0.0038928368150323855,0.0012743215963302301,0.0024089526081252366,0.0,,,,0.0012743215963302301,0.0038928368150323855,0.0012743215963302301,0.0024089526081252366,0.0,,,,,
1998-10,,,,,,,,,,,,,,,,,0.023298123941731808,-0.018611457977171897,0.023298123941731808,-0.05662768211887559,-0.025439683027347004,,,,0.023298123941731808,-0.018611457977171897,0.023298123941731808,-0.05662768211887559,-0.025439683027347004,,,,,
1998-11,,,,,,,,,,,,,,,,,0.014127087620994017,-0.02100333171070512,0.014127087620994017,-0.012480495428047078,-0.012997879898061115,,,,0.014127087620994017,-0.02100333171070512,0.014127087620994017,-0.012480495428047078,-0.012997879898061115,,,,,
1998-12,,,,,,,,,,,,,,,,,0.007266276696100471,-0.006968755774044322,0.007266276696100471,-0.00613215208446638,-0.00638663949809648,,,,0.007266276696100471,-0.006968755774044322,0.007266276696100471,-0.00613215208446638,-0.00638663949809648,,,,,
1999-01,,,,,,,,,,,,,,,,,-0.017207302264107605,-0.03795581297802608,-0.017207302264107605,-0.04171118282726949,-0.04376112787458075,,,,-0.017207302264107605,-0.03795581297802608,-0.017207302264107605,-0.04171118282726949,-0.04376112787458075,,,,,
1999-02,,,,,,,,,,,,,,,,,0.032024235216499,-0.0024133956408730617,0.032024235216499,-0.05293083509954988,-0.002665048774948553,,,,0.032024235216499,-0.0024133956408730617,0.032024235216499,-0.05293083509954988,-0.002665048774948553,,,,,
1999-03,,,,,,,,,,,,,,,,,0.007376178229659525,0.050578964214261335,0.007376178229659525,0.021900208624842987,0.03797896166722503,,,,0.007376178229659525,0.050578964214261335,0.007376178229659525,0.021900208624842987,0.03797896166722503,,,,,
1999-04,,,,,,,,,,,,,,,,,0.013848663323605237,0.017248163548629902,0.013848663323605237,0.006814937179413505,0.007129817075939071,,,,0.013848663323605237,0.017248163548629902,0.013848663323605237,0.006814937179413505,0.007129817075939071,,,,,
1999-05,,,,,,,,,,,,,,,,,-0.027391625379369455,-0.03150826576016508,0.0015084041352280142,-0.0074119578200231295,-0.016224634185721287,,,,-0.027391625379369455,-0.03150826576016508,0.0015084041352280142,-0.0074119578200231295,-0.016224634185721287,,,,,
1999-06,,,,,,,,,,,,,,,,,-0.019850509143633177,-0.022923237032173138,0.019399224903620338,0.011628690352370352,0.0,,,,-0.019850509143633177,-0.022923237032173138,0.019399224903620338,0.011628690352370352,0.0,,,,,
1999-07,,,,,,,,,,,,,,,,,-0.04659854680089914,-0.013767826853597787,0.04772680093055137,0.028792706613058217,0.0,,,,-0.04659854680089914,-0.013767826853597787,0.04772680093055137,0.028792706613058217,0.0,,,,,
1999-08,,,,,,,,,,,,,,,,,-0.025227636832645062,0.0,0.023178349332620307,0.02749235370573877,0.0,,,,-0.025227636832645062,0.0,0.023178349332620307,0.02749235370573877,0.0,,,,,
1999-09,,,,,,,,,,,,,,,,,-0.04337106981293237,0.0,0.02656506657177471,0.044971340582031116,0.0,,,,-0.04337106981293237,0.0,0.02656506657177471,0.044971340582031116,0.0,,,,,
1999-10,,,,,,,,,,,,,,,,,0.055706267750391,0.0,-0.05470251601989562,-0.044710405507763507,0.0,,,,0.055706267750391,0.0,-0.05470251601989562,-0.044710405507763507,0.0,,,,,
1999-11,,,,,,,,,,,,,,,,,-0.02154047541755655,0.0,0.021561338419614495,0.0005478678416079852,0.0,,,,-0.02154047541755655,0.0,0.021561338419614495,0.0005478678416079852,0.0,,,,,
1999-12,,,,,,,,,,,,,,,,,0.006051971665522737,0.0,-0.007607542159602576,-0.009418204820230036,0.0,,,,0.006051971665522737,0.0,-0.007607542159602576,-0.009418204820230036,0.0,,,,,
2000-01,,,,,,,,,,,,,,,,,-0.028020269567926692,0.0,0.027264701915304945,0.02324132263857459,0.0,,,,-0.028020269567926692,0.0,0.027264701915304945,0.02324132263857459,0.0,,,,,
2000-02,,,,,,,,,,,,,,,,,-0.013327066738487936,0.0,0.011458403701432252,0.011524226484598277,0.0,,,,-0.013327066738487936,0.0,0.011458403701432252,0.011524226484598277,0.0,,,,,
2000-03,,,,,,,,,0.013245093771805605,0.013245093771805605,0.013245093771805605,0.0066225468859026915,0.0066225468859026915,,,,0.04048370022347991,0.0,-0.03988297143560249,-0.03778130075277997,0.0,,,,0.03914180970178793,0.0066225468859026915,-0.03583418290971652,-0.035635000599328004,0.0033112734429514568,0.013245093771805605,0.013245093771805605,0.013245093771805605,0.0066225468859026915,0.0066225468859026915
2000-04,,,,,,,,,-0.10339259699895176,-0.10339259699895176,-0.10339259699895176,-0.056827142636240446,-0.056827142636240446,,,,0.006843736621784613,0.00787012635847062,-0.006942011710005858,-0.0002716261663091579,0.004606383774658607,,,,-0.006407435668421169,-0.05068256095825452,-0.01327023736236932,-0.006888763472239767,-0.026374175982496473,-0.10339259699895176,-0.10339259699895176,-0.10339259699895176,-0.056827142636240446,-0.056827142636240446
2000-05,,,,,,,,,-0.0184204516862857,-0.028336107235098384,-0.0184204516862857,-0.013381671925255967,-0.013381671925255967,,,,0.00014303117827974,-0.05217843333290595,-0.0007590011038119959,-0.015995762856147455,-0.009135713480647789,,,,-0.007205104400669904,-0.0399605333957781,-0.008186341221632643,-0.010263991449778409,-0.011213346868886753,-0.0184204516862857,-0.028336107235098384,-0.0184204516862857,-0.013381671925255967,-0.013381671925255967
2000-06,,,,,,,,,0.017170049234634055,0.010831661660568148,0.017170049234634055,0.0012558662639938767,0.0012558662639938767,,,,-0.022078501882294432,-0.02716375936965454,0.022091126184283105,-0.015329712267799445,-0.018601414971479158,,,,-0.0017221872957421391,-0.004929993803389654,0.02365660591047347,-0.007702920120400747,-0.008647277805517883,0.017170049234634055,0.010831661660568148,0.017170049234634055,0.0012558662639938767,0.0012558662639938767
2000-07,,,,,,,,,-0.0125878304818281,-0.01319372721888723,-0.0125878304818281,-0.02077366074536835,-0.02664315466753775,,,,0.027595484738839327,-0.0496563708127894,-0.02858155844271759,-0.055583297185200053,-0.019910546761290893,,,,0.004329810416594748,-0.0327573455197222,-0.024939484909097365,-0.038851407343859834,-0.02297973114680718,-0.0125878304818281,-0.01319372721888723,-0.0125878304818281,-0.02077366074536835,-0.02664315466753775
2000-08,,,,,,,,,0.03592122050432467,0.02330215524230983,0.03592122050432467,0.00649227856482848,0.010945966498014714,,,,0.016540899203680848,0.05135436687365469,-0.05735826373761188,-0.0034013068917323475,-0.0035429149532966164,,,,0.029472477540249287,0.035539819577331766,-0.021738359741346747,-0.0016268921942220738,0.0016506136723664078,0.03592122050432467,0.02330215524230983,0.03592122050432467,0.00649227856482848,0.010945966498014714
2000-09,,,,,,,,,-0.04182322999392163,-0.03266095458905338,-0.04182322999392163,-0.01900110932119825,-0.032124006302857167,,,,0.02441732353580539,0.02440823979094664,-0.03391142089521326,0.007441430498359658,0.014588534471545955,,,,-0.0047306179458451725,0.0005504911272862234,-0.05703552212911944,-0.00438473241282844,-0.004525952936753841,-0.04182322999392163,-0.03266095458905338,-0.04182322999392163,-0.01900110932119825,-0.032124006302857167
2000-10,,,,,,,,,-0.013940741108988575,0.0,-0.013940741108988575,0.012661665765496766,0.0,,,,-0.0017980856860465577,-0.028279839563459808,-0.09105806818722584,-0.09818455434736906,-0.06822246288723133,,,,-0.01395511160024454,-0.02236995215999593,-0.0812400386250054,-0.0673995299383916,-0.05152174777235974,-0.013940741108988575,0.0,-0.013940741108988575,0.012661665765496766,0.0
2000-11,,,,,,,,,-0.03732333905825547,0.0,0.004795145442568538,0.04888046279725744,0.0,,,,0.01153618388473654,0.013047240396321325,0.009208814627222006,0.003385409223023439,0.003225998835180155,,,,-0.01806233031575266,0.01215358020149604,0.008656879763090153,0.0269517687413392,0.0032926715144414587,-0.03732333905825547,0.0,0.004795145442568538,0.04888046279725744,0.0
2000-12,,,,,,,,,-0.006168127094078102,0.0,0.005586492640331064,0.004066905890754979,0.0,,,,0.027456262311835733,0.029163086701698537,0.027613975589615203,0.03165287297041752,0.034106815632278575,,,,0.010915624994783713,0.028118606990278128,0.02501194524144945,0.02909290184046931,0.03369298776366447,-0.006168127094078102,0.0,0.005586492640331064,0.004066905890754979,0.0
2001-01,,,,,,,,,0.013325651803560268,0.0,-0.013924979994939468,-0.018233874954618257,0.0,,,,-0.013565824121185455,-0.014187189275148171,-0.013321914914973476,-0.024938787344515045,-0.02617605769023501,,,,0.001838123381300072,-0.013765467834128797,-0.02070167401266787,-0.030920214844591065,-0.025977965590279872,0.013325651803560268,0.0,-0.013924979994939468,-0.018233874954618257,0.0
2001-02,,,,,,,,,-0.04666056520711204,0.0,0.04828524354909858,0.046893047350874184,0.0,,,,0.017633885028847773,0.018064842620581834,0.017652900926512505,0.014657490088476166,0.015020385538249359,,,,-0.025445882925436925,0.017815393226726428,0.04777283631964435,0.04432738750143339,0.014964140018997263,-0.04666056520711204,0.0,0.04828524354909858,0.046893047350874184,0.0
2001-03,,,,,,,,,-0.031064952167194182,0.0,0.030761603923242342,0.032742612523150916,0.0,,,,-0.03410821801403874,-0.03447470053442947,-0.03406860320808236,-0.02165515802709439,-0.02198427605727027,,,,-0.043348580505432555,-0.03425866536184152,-0.00038738328223208995,0.010906575391677276,-0.02193422541497103,-0.031064952167194182,0.0,0.030761603923242342,0.032742612523150916,0.0
2001-04,,,,,,,,,0.025930707447261003,0.0,-0.026191504141392152,-0.029068961170003682,0.0,,,,0.013949137207564855,0.013991687519215201,0.013965100659008689,-0.020337124080569646,-0.02045600979645179,,,,0.023825058311356173,0.013969984674086167,-0.008643467357497547,-0.03525135219932085,-0.020438102201207453,0.025930707447261003,0.0,-0.026191504141392152,-0.029068961170003682,0.0
2001-05,,,,,,,,,-0.004936822421033771,0.0,0.0044444758945927365,0.0030907306732930184,0.0,,,,0.0013455106910442716,0.0013476352167136607,0.0013466427698287653,-0.0026870754749339643,-0.0026996365139483336,,,,-0.0027312047375080972,0.0013466119990408476,0.005275641577188406,0.0012486096483923514,-0.002854414695271923,-0.004936822421033771,0.0,0.0044444758945927365,0.0030907306732930184,0.0
2001-06,,,,,,,,,0.006659423644654439,0.0,-0.007042998026722813,-0.03299280117999204,0.0,,,,-0.0004323967720930577,-0.02653236655302682,-0.00041825141277329614,-0.07067382200636096,-0.05732369833121076,,,,0.006783760810883166,-0.026503829293911596,-0.002042112929485418,-0.06482121463619483,-0.03457916171432418,0.006659423644654439,0.0,-0.007042998026722813,-0.03299280117999204,0.0
2001-07,,,,,,,,,-0.020490677549914516,0.0,0.019844233418905066,0.017033911352174247,0.0,,,,0.0010148339559605812,0.0008455717646238536,0.0010161312365613018,-0.004399140940133828,-0.005017398131892614,,,,-0.012214213766103765,0.0008465002831414825,0.013792936115963883,0.008426863599331647,-0.0038587501785588563,-0.020490677549914516,0.0,0.019844233418905066,0.017033911352174247,0.0
2001-08,,,,,,,,,-0.036626534076796835,0.0,0.03664864369539922,0.04589368210176592,0.0,,,,0.0023244531049257944,0.0022454555341251403,0.0023233567165721336,-0.009295033286508603,-0.009908731966508766,,,,-0.023175931710529785,0.002245607079047973,0.028084424216143322,0.030004176432091523,-0.007224296585289225,-0.036626534076796835,0.0,0.03664864369539922,0.04589368210176592,0.0
2001-09,,,,,,,,,-0.06252401276739339,0.0,0.06531078722561978,0.07175491661904565,0.0,,,,-0.06820102882412404,-0.09997778963857806,-0.06820148075029953,-0.11505800157293433,-0.09293068614244404,,,,-0.09021394670863514,-0.09876971759178022,0.02041818588637523,-0.01137611443295583,-0.06310586656869577,-0.06252401276739339,0.0,0.06531078722561978,0.07175491661904565,0.0
2001-10,,,,,,,,,0.03371340662256617,0.0,-0.03361752937264262,-0.03688563861609917,0.0,,,,-0.001822845195194156,-0.001725822521874365,-0.0018227683276323958,-0.0049045209243042676,-0.005054440267741822,,,,0.015634618707559556,-0.001725834558239825,-0.023410543542212947,-0.03963132221495491,-0.005054483371310536,0.03371340662256617,0.0,-0.03361752937264262,-0.03688563861609917,0.0
2001-11,,,,,,,,,0.031290345688224086,0.0,-0.03088162207053835,-0.02300316788525414,0.0,,,,0.00023095782019777467,-0.017749188289661544,0.00023098251098341294,-0.02250128547039587,-0.009018298906275812,,,,0.018239936812096458,-0.017749020154923967,-0.025887987890586883,-0.041738100817725665,-0.00899768174919513,0.031290345688224086,0.0,-0.03088162207053835,-0.02300316788525414,0.0
2001-12,,,,,,,,,-0.003005064366016108,-0.04950011236589924,0.0022763068615099247,0.0,0.0,,,,0.04130906934111955,0.03035951267739878,0.011077606639309012,0.06172523915801564,0.06552083844818002,,,,0.024346604343372213,0.00391584982062243,0.012155093538114059,0.054248520345368645,0.056610050002813495,-0.003005064366016108,-0.04950011236589924,0.0022763068615099247,0.0,0.0
2002-01,,,,,,,,,-0.00414371722534812,-0.035324593800756476,0.0033867005538994466,0.02084082071425475,0.0,,,,-0.016046063680633882,-0.019253714074095263,-0.015863630277957674,-0.036222332137930136,-0.03791300252616614,,,,-0.013020622799861381,-0.027394971794423517,-0.013126122712516453,-0.02234299060290279,-0.03559695792256434,-0.00414371722534812,-0.035324593800756476,0.0033867005538994466,0.02084082071425475,0.0
2002-02,,,,,,,,,-0.04210942889854352,0.0,0.042766688899150695,0.04807647853869934,0.0,,,,-0.007392532872560698,-0.007904154805270625,-0.007344313114840517,-0.004802452845608096,-0.004888094857822822,,,,-0.03362409473174399,-0.00725270547100243,0.025671953378088697,0.028770728120806943,-0.00447040434018775,-0.04210942889854352,0.0,0.042766688899150695,0.04807647853869934,0.0
2002-03,,,,,,,,,0.02210967839379152,0.0,-0.0368986572908131,-0.04761194107197364,-0.010805602025516947,,,,-0.02124575445639998,-0.047337652191067336,-0.021168263045072355,-0.014652646320062246,-0.014711624932920775,,,,0.00383769874683626,-0.04489423235090706,-0.044639217315365576,-0.051082535557194,-0.01701349464051738,0.02210967839379152,0.0,-0.0368986572908131,-0.04761194107197364,-0.010805602025516947
2002-04,,,,,,,,,-0.03659249547228749,0.0,0.03691056538175408,0.0377755817378691,0.0,,,,0.01983778510068257,0.0185298211031919,0.019843975316697238,-0.00670526266762228,0.0,,,,-0.012330717306483274,0.018284073155270697,0.03975756116033691,0.027290785433810028,0.0,-0.03659249547228749,0.0,0.03691056538175408,0.0377755817378691,0.0
2002-05,,,,,,,,,-0.011565979859897046,0.0,0.009861180625643451,0.013015102644389653,0.0,,,,0.010471392907479782,0.014384965407421513,0.01047285088415828,0.01350891341854421,0.020897330610794462,,,,0.0003537513248679236,0.014138755027717664,0.015167511745036943,0.01599503863961016,0.0024305814203187115,-0.011565979859897046,0.0,0.009861180625643451,0.013015102644389653,0.0
2002-06,,,,,,,,,-0.028950401921325697,0.0,0.029132765716452624,0.031317712202658,0.0,,,,-0.047609285661266765,-0.045591059977697856,-0.03924890930608016,-0.026690824884600062,-0.034603092687500614,,,,-0.049119851674776616,-0.0454904615353654,-0.009861947612918476,0.010267723336482737,-0.034490748234270674,-0.028950401921325697,0.0,0.029132765716452624,0.031317712202658,0.0
2002-07,,,,,,,,,-0.018107727349779057,0.0,0.01715343604837294,0.01789515294254751,0.0,,,,-0.006112750877277695,0.0,-0.0016877992546622256,0.006367087527584969,0.0,,,,-0.01627317668057482,0.0,0.014328889256446597,0.021772799160521883,0.0,-0.018107727349779057,0.0,0.01715343604837294,0.01789515294254751,0.0
2002-08,,,,,,,,,-0.003759603660422939,0.0,0.003188127072527802,-0.005322551578261336,0.0,,,,0.009871462115707885,-0.012439742825913758,0.0033889857288769143,-0.008570126968650782,-0.01681859451411505,,,,0.004680421215448538,-0.010581844951974118,0.005036748098894428,-0.008391417087457387,-0.008598759803074008,-0.003759603660422939,0.0,0.003188127072527802,-0.005322551578261336,0.0
2002-09,,,,,,,,,-0.02702854388859366,0.0,0.02725717838952968,0.02854841585253287,0.0,,,,0.003185253962783241,-0.010447353699696516,-0.015239777337393456,-0.007633979339662922,-0.016345035654101614,,,,-0.013395186310804608,-0.008877319363688185,0.0061249097908859795,0.012952982954443026,-0.010643969138595777,-0.02702854388859366,0.0,0.02725717838952968,0.02854841585253287,0.0
2002-10,,,,,,,,,0.042505554790798206,0.0,-0.04191824848944381,-0.03385241845370501,0.0,,,,-0.0018623208040902117,-0.04115657758489766,0.0023116580818511867,-0.034168639521331645,-0.028026310829364687,,,,0.02630876428191775,-0.036497220750479786,-0.027997277231565865,-0.04556006876631846,-0.018311320710095225,0.042505554790798206,0.0,-0.04191824848944381,-0.03385241845370501,0.0
2002-11,,,,,,,,,0.03140608096712594,-0.0051285274201486875,-0.031191525152237,0.0,0.0,,,,-0.009225387584093858,-0.027594874256411828,-0.009291675105851716,-0.0013890379080211401,-0.0025134260528992813,,,,0.01409821553977908,-0.027376961315192627,-0.025944659856263708,-0.0008825344589361572,-0.0013185795727336247,0.03140608096712594,-0.0051285274201486875,-0.031191525152237,0.0,0.0
2002-12,,,,,,,,,-0.03413725366828291,-0.04041039242381106,0.03472134158744633,4.627261143075323e-05,0.0,,,,0.00397026066588313,0.0010424969951470242,-0.025866118302833585,0.009228385461008681,0.0007245800915987033,,,,-0.020434098744209872,-0.01959278179791135,0.007619864019007938,0.005385826393111914,0.00036238927053977577,-0.03413725366828291,-0.04041039242381106,0.03472134158744633,4.627261143075323e-05,0.0
2003-01,,,,,,,,,0.0011194027089220793,-0.039099596471983245,-0.002186589921316484,-0.030381177975438378,-0.03642144078555942,,,,-0.057601325952861715,-0.013615701652660017,0.043941715243927204,0.014013582751174036,-0.021732244765571007,,,,-0.04044757772416052,-0.028730216691526977,0.029555995900456544,-0.008727600645850875,-0.02894614344571389,0.0011194027089220793,-0.039099596471983245,-0.002186589921316484,-0.030381177975438378,-0.03642144078555942
2003-02,,,,,,,,,0.01429916703701739,0.0,-0.014800240725149183,-0.040846211410561106,0.0,,,,-0.03861165102567532,0.0,0.037903728394878655,0.06150112966027943,0.0,,,,-0.01919164008583807,0.0,0.018591431037865425,0.03240509111844503,0.0,0.01429916703701739,0.0,-0.014800240725149183,-0.040846211410561106,0.0
2003-03,,,,,,,,,0.007990855562423516,0.005915536626042384,-0.009451726926909654,-0.013773002589224426,-0.02816786280209438,,,,0.01949000201729878,0.0,-0.019965723364080534,-0.03434078497966164,0.0,,,,0.020028266572609033,-0.006878481431907502,-0.020960329644340803,-0.03430292293517789,-0.014085113811630467,0.007990855562423516,0.005915536626042384,-0.009451726926909654,-0.013773002589224426,-0.02816786280209438
2003-04,,,,,,,,,0.02968139849223861,0.04676980748605075,-0.029392986452196235,0.019192422238802465,0.022287801638793736,,,,0.026477756793511276,-0.03139728902898342,-0.026522200060252743,-0.018927667452244723,0.0,,,,0.03706903733443867,0.02779693445496867,-0.03671813031097804,-0.011059081410049743,0.011189343725095391,0.02968139849223861,0.04676980748605075,-0.029392986452196235,0.019192422238802465,0.022287801638793736
2003-05,,,,,,,,,0.035642212165216236,0.04212232750967049,-0.02212729512350997,0.04734067690054866,0.05182161888591086,,,,0.0046635378109962655,-0.028370553153165723,-0.005267871601406182,-0.012801193579133896,-0.022510090834312546,,,,0.02522661602050147,0.025135520238101172,-0.016811694300068014,0.015535867277993276,0.01724965258228428,0.035642212165216236,0.04212232750967049,-0.02212729512350997,0.04734067690054866,0.05182161888591086
2003-06,,,,,,,,,0.0021585159896257977,0.002747883754450564,0.0022718221080653134,0.01124732058969724,0.012691449586255787,,,,0.012124624486635316,0.029969679467668486,-0.00721956778764854,-0.007933734335462184,-0.010838901219679897,,,,0.00853048416542701,0.013963893867702692,-0.0035266839306932196,0.0024978207181773904,-1.2086584243786724e-05,0.0021585159896257977,0.002747883754450564,0.0022718221080653134,0.01124732058969724,0.012691449586255787
2003-07,,,,,,,,,0.02793194395319465,0.0290516360257147,0.0277823309437093,0.03444483357857142,0.03477786951917183,,,,-0.0073155704712226655,-0.009198566499118543,-0.007295259827778011,-0.0231881899035975,-0.03173759163273182,,,,0.0152264535512876,0.01798791026442137,0.015272199128085084,0.01527252086029951,0.016605238670456046,0.02793194395319465,0.0290516360257147,0.0277823309437093,0.03444483357857142,0.03477786951917183
2003-08,,,,,,,,,0.022350631085456873,0.022509464859843398,0.02238728930120515,0.0068771097139368464,0.006863780320164992,,,,0.04734866490187306,0.05312019413575575,-0.039334695447507007,-0.024571507061656672,0.009229944003368074,,,,0.040390444648333856,0.042005014649084016,-0.006003342911810483,-0.00497422145073001,0.010913893991767232,0.022350631085456873,0.022509464859843398,0.02238728930120515,0.0068771097139368464,0.006863780320164992
2003-09,,,,,,,,,-0.01300205095332485,-0.01302789002883109,-0.012934599809854563,-0.010919489232178003,-0.010920759081118447,,,,-0.013495190010828106,-0.014125732850138517,-0.013462340347877966,-0.022409575436572182,-0.027717548940708547,,,,-0.014904162393852727,-0.015079619307485026,-0.015437362993173998,-0.015914407253832974,-0.01602623753127619,-0.01300205095332485,-0.01302789002883109,-0.012934599809854563,-0.010919489232178003,-0.010920759081118447
2003-10,,,,,,,,,0.030704992373835394,0.03080244106550456,0.030693034878112035,0.01901763556251712,0.019027198222620667,,,,0.03463232609988798,0.035235649742267006,0.03488788323249925,0.016345780978618496,0.016305910226078524,,,,0.03974396561263149,0.040125450132743046,0.04128618579322274,0.02338484945002528,0.023409177769233125,0.030704992373835394,0.03080244106550456,0.030693034878112035,0.01901763556251712,0.019027198222620667
2003-11,,,,,,,,,0.0005759888939147473,0.0005733233686584516,0.0005892245852998634,-0.00963588044936936,-0.009638741816586638,,,,0.07963088156332576,0.08023926527610015,0.07886435352690824,0.09247381273717736,0.09453711201257287,,,,0.046443049099659905,0.046640128975136586,0.04700717639735075,0.04510468707736792,0.04523717400304639,0.0005759888939147473,0.0005733233686584516,0.0005892245852998634,-0.00963588044936936,-0.009638741816586638
2003-12,,,,,,,,,0.01605826867940441,0.016068727539839234,0.016056255305292533,0.020063640538983796,0.020066725137353414,,,,0.004812365426523302,0.004794756348094786,0.004903595653302784,-0.006246795902158819,-0.006404781550205629,,,,0.014263465899519101,0.014283371758457841,0.0143317187575136,0.009822230295481349,0.009828393619994324,0.01605826867940441,0.016068727539839234,0.016056255305292533,0.020063640538983796,0.020066725137353414
2004-01,,,,,,,,,0.0075848140150593935,0.007592778014422263,0.007582766350966441,0.01076167160674979,0.010764233187687156,,,,0.06066144970765408,0.060747540705552217,0.06051543427236439,0.06484303245246492,0.06508489045221566,,,,0.04451090562870119,0.0445645371507859,0.04463993944151512,0.051613819300414976,0.0516706656510284,0.0075848140150593935,0.007592778014422263,0.007582766350966441,0.01076167160674979,0.010764233187687156
2004-02,,,,,,,,,-0.008333417970377788,-0.008334948249664187,-0.008332112472806297,-0.010262959683682071,-0.010263414461578857,,,,0.04251191827256573,0.042536645717364596,0.04245231795672155,0.043621463679118566,0.04368837588574093,,,,0.02368208602299049,0.023693517298263966,0.023709679046365117,0.024904246675199193,0.02491344913759752,-0.008333417970377788,-0.008334948249664187,-0.008332112472806297,-0.010262959683682071,-0.010263414461578857
2004-03,,,,,,,,,-0.018103366468181226,-0.018106502719605122,-0.01810319424161455,-0.04111206138660217,-0.0411134316280628,,,,-0.012440859301552143,-0.012449849650917666,-0.012406220244322141,-0.01991484266798793,-0.01994586866270298,,,,-0.01835582547767345,-0.018365332746483665,-0.01837705928627542,-0.03467783390049217,-0.034688688613683794,-0.018103366468181226,-0.018106502719605122,-0.01810319424161455,-0.04111206138660217,-0.0411134316280628
2004-04,,,,,,,,,-0.0110852089886746,-0.011085142219773414,-0.011085017008627851,-0.004238597079133544,-0.014352197042206916,,,,-0.0011783269103200489,-0.0011790947400038831,-0.001175478659842688,-0.004940703239257549,-0.004944389005141714,,,,-0.006550445313739828,-0.006550322773223316,-0.006548604292264226,-0.0065220779216871305,-0.010812587324709466,-0.0110852089886746,-0.011085142219773414,-0.011085017008627851,-0.004238597079133544,-0.014352197042206916
2004-05,,,,,,,,,0.027659079493781658,0.008498680400157665,0.027659193808992955,-0.02482882942079878,0.0021744589730050556,,,,-0.04596781520447846,-0.04597186782597984,-0.04596528754607965,-0.03120060648082157,-0.03120537714827587,,,,-0.014069100488489084,-0.022065534549331134,-0.01407306913410511,-0.03504112289124506,-0.024269956610839305,0.027659079493781658,0.008498680400157665,0.027659193808992955,-0.02482882942079878,0.0021744589730050556
2004-06,,,,,,,,,0.022012887467177666,0.024037160860348683,0.022012823338642074,0.04138087556499381,0.04551825426395961,,,,-0.001431356137319817,-0.0014314090058309414,-0.001431340905542422,-0.005735974837595803,-0.005736536100176548,,,,0.01114330583018841,0.011777615467532643,0.011144038801737421,0.01920587345032576,0.019096868304610215,0.022012887467177666,0.024037160860348683,0.022012823338642074,0.04138087556499381,0.04551825426395961
2004-07,,,,,,,,,-0.04749717962038169,-0.036552957975088396,-0.04749707649914825,-0.006992682669755057,-0.015940624080725607,,,,-0.021714602773525882,-0.011410611258884096,-0.02171457246409403,-0.0017176515213240817,-0.011157426411268379,,,,-0.04119271610524511,-0.028370002127602878,-0.04119498720967141,-0.005951380736008982,-0.017296517891372543,-0.04749717962038169,-0.036552957975088396,-0.04749707649914825,-0.006992682669755057,-0.015940624080725607
2004-08,,,,,,,,,-0.013191711981620058,0.0,-0.0659562646613685,-0.016992653820781856,0.0,,,,-0.007088829194178636,0.0,-0.007089017692065602,0.00447403941282043,0.0,,,,-0.015351875532046755,0.0,-0.04890496575209358,-0.007872367136085967,0.0,-0.013191711981620058,0.0,-0.0659562646613685,-0.016992653820781856,0.0
2004-09,,,,,,,,,0.017537497944083436,0.0,0.018246443376667143,-0.005966197693188402,-0.009847832556209357,,,,-0.00663064753303888,0.0,-0.006630641311441199,-0.009202329154195499,0.0,,,,0.0065300536603076775,0.0,0.007263143553844831,-0.009381930071145073,-0.004906764261331964,0.017537497944083436,0.0,0.018246443376667143,-0.005966197693188402,-0.009847832556209357
2004-10,,,,,,,,,0.03251051748577116,-0.025917431055901052,-0.008837441373131583,-0.002981180768251268,0.02428993169105098,,,,-0.036855321206669345,0.0,-0.03685536618272167,0.03623806654331152,0.0,,,,0.0007360863276710816,-0.01183340479005146,-0.0277218182872212,0.017894742192535062,0.01209105978312075,0.03251051748577116,-0.025917431055901052,-0.008837441373131583,-0.002981180768251268,0.02428993169105098
2004-11,,,,,,,,,0.035514715936009855,0.054797538176948324,0.03511681025386437,0.05076732173519205,0.05738298162937716,,,,-0.0035146921690553112,0.0,-0.003514690160679068,-0.002738443760474274,0.0,,,,0.01871152858540115,0.049092602197521984,0.018147849473089117,0.034437783471311434,0.05272207568843146,0.035514715936009855,0.054797538176948324,0.03511681025386437,0.05076732173519205,0.05738298162937716
2004-12,,,,,,,,,0.021999194386519205,0.027219897461005615,0.02165136887382646,0.026392792743465954,0.02792067400495446,,,,0.03515756906171763,-0.02364773320074387,0.03515757292909871,-0.05390981286030028,-0.016867007812617074,,,,0.043211594130171616,0.016289045382886336,0.042069598102897565,-0.006841791446923096,0.020382543115692986,0.021999194386519205,0.027219897461005615,0.02165136887382646,0.026392792743465954,0.02792067400495446
2005-01,,,,,,,,,-0.05585225724601661,-0.06176256973381988,-0.05558999061476899,-0.050192902518102156,-0.051375960898123685,,,,0.011244101684150243,-0.017694660819760677,-0.041025504208009544,-0.014614208529887485,-0.02248473544445939,,,,-0.028429627636124444,-0.05468921682972705,-0.06469557496593947,-0.046371300160778284,-0.053655465828930216,-0.05585225724601661,-0.06176256973381988,-0.05558999061476899,-0.050192902518102156,-0.051375960898123685
2005-02,,,,,,,,,-0.0032359847219495252,-0.003369908300714708,-0.0032424087030414883,-0.006178100264022657,-0.006245987296901068,,,,0.0037818633692081605,0.005521658398332185,-0.004130461158651455,0.002470123145382752,0.00295067861613596,,,,0.0008535568352008305,0.0010825478219051998,-0.004872556345838275,-0.003879061030974018,-0.00414927402159504,-0.0032359847219495252,-0.003369908300714708,-0.0032424087030414883,-0.006178100264022657,-0.006245987296901068
2005-03,,,,,,,,,-0.01190770944917885,-0.018791098164491538,-0.02544393647178833,-0.0211913192818155,-0.014189037794054782,,,,-0.03838250667571386,-0.03953177471059932,0.037151913215867305,-0.00293128394903186,-0.015041907273402488,,,,-0.033328011016171,-0.0347150668339411,0.009005760858100453,-0.01651940679619457,-0.01798689038067891,-0.01190770944917885,-0.018791098164491538,-0.02544393647178833,-0.0211913192818155,-0.014189037794054782
2005-04,,,,,,,,,-0.031170977059698957,-0.02554610374580113,-0.04258237834794876,-0.0009208027575585698,0.0,,,,-0.009171679813930633,-0.008712792290848759,0.008383749718979372,0.012078790074907086,0.0,,,,-0.022432532710841557,-0.020547315593715032,-0.021720976830059247,0.00927742246846086,0.0,-0.031170977059698957,-0.02554610374580113,-0.04258237834794876,-0.0009208027575585698,0.0
2005-05,,,,,,,,,0.053903343308405294,0.016010158910428895,0.029750908528747066,-0.032458076585460405,0.015004741062408788,,,,0.004208279987136798,0.0,-0.005046605472667887,-0.004457779201429979,0.0,,,,0.03458224157622558,0.009563621554540491,0.017106125927114357,-0.02515518759427915,0.007497793727553326,0.053903343308405294,0.016010158910428895,0.029750908528747066,-0.032458076585460405,0.015004741062408788
2005-06,,,,,,,,,-0.03147090353656379,-0.041054336625062526,-0.03129902598780687,-0.012919827917996063,-0.021229807781038335,,,,-0.0056686673866999104,0.0,0.0050995375670876975,0.01086155997868632,0.0,,,,-0.02279774846000182,-0.03129653705186486,-0.01810691912261142,-0.0023675199940108582,-0.01055169039367887,-0.03147090353656379,-0.041054336625062526,-0.03129902598780687,-0.012919827917996063,-0.021229807781038335
2005-07,,,,,,,,,0.06959305073437783,0.024930754171269554,0.06970230357941753,0.03865040403029618,0.048840003226608975,,,,-0.0015241328023488654,0.0,0.0008467250696491124,-0.020011546251684775,0.0,,,,0.044044877868366195,0.020673081838288088,0.051894978324606766,0.009148267174358793,0.024242433278323317,0.06959305073437783,0.024930754171269554,0.06970230357941753,0.03865040403029618,0.048840003226608975
2005-08,,,,,,,,,-0.0132635898871728,-0.016625908685056312,-0.013202030935705822,-0.021529625368122973,-0.023190332922065182,,,,0.00522547665117945,0.0,-0.007885134993152132,-0.020205699918735887,0.0,,,,-0.008869130856386853,-0.015218877875679881,-0.015318873308477698,-0.028711352779019594,-0.021562790952667,-0.0132635898871728,-0.016625908685056312,-0.013202030935705822,-0.021529625368122973,-0.023190332922065182
2005-09,,,,,,,,,0.012164977526992304,0.01319196158088598,0.012177632716667164,0.006930378867924691,0.006889439452019586,,,,-0.0185481899162242,0.0,0.0174028295472628,-0.01013895777464957,0.0,,,,-0.005307927772590926,0.012877244441632296,0.02064498672011683,-0.0026808816955421477,0.0069149133159553955,0.012164977526992304,0.01319196158088598,0.012177632716667164,0.006930378867924691,0.006889439452019586
2005-10,,,,,,,,,-0.02254727224491715,-0.024602773698512936,-0.022544627831901476,-0.04523411559107826,-0.04593930133386037,,,,0.026785802937829617,0.0,-0.026616741076205264,-0.01790868295946202,0.0,,,,0.007175475709422008,-0.023917268318938367,-0.033163130313418665,-0.0467495558538793,-0.04589547441878761,-0.02254727224491715,-0.024602773698512936,-0.022544627831901476,-0.04523411559107826,-0.04593930133386037
2005-11,,,,,,,,,0.03578007512515291,0.036380078562453955,0.035777367378020175,0.032987439619849734,0.033268515465833204,,,,0.05105636648942902,0.017435807969404138,-0.03558790241325838,0.007861738650100314,0.017117530017912497,,,,0.05767999112600375,0.04118246519499991,0.003963570951837969,0.028104369407537577,0.03954920786886351,0.03578007512515291,0.036380078562453955,0.035777367378020175,0.032987439619849734,0.033268515465833204
2005-12,,,,,,,,,-0.01728285765795501,-0.017370013796322192,-0.017285595722195568,-0.006185414546101664,-0.006146216843451957,,,,-0.005437048168905667,-0.005421940542225889,-0.002341877858470398,0.0010202709836495405,0.002119078316599854,,,,-0.01400521168012736,-0.015294480948292555,-0.013301200912958278,-0.003513296989628656,-0.0027682991803156254,-0.01728285765795501,-0.017370013796322192,-0.017285595722195568,-0.006185414546101664,-0.006146216843451957
2006-01,,,,,,,,,0.03407119059227193,0.034284503025570734,0.03407072657541721,0.02194518894047004,0.021992036302738827,,,,-0.003596804733225767,-0.0035729508442147173,0.007687733067105018,-0.007561782239143833,-0.008340223540866387,,,,0.01899102606030012,0.02262263362970729,0.029070255839565684,0.008811282385446262,0.009359053861333955,0.03407119059227193,0.034284503025570734,0.03407072657541721,0.02194518894047004,0.021992036302738827
2006-02,,,,,,,,,-0.012592971390948504,-0.012615702620307201,-0.012592706193296221,-0.01156773413537382,-0.011573549806542793,,,,-0.019266901618595345,-0.022439825938494473,0.018804958171735553,-0.0017601437588224966,-0.008272290829559936,,,,-0.01909225783635593,-0.02025598379354554,0.0009958725997931683,-0.009575060837282878,-0.01253938730986126,-0.012592971390948504,-0.012615702620307201,-0.012592706193296221,-0.01156773413537382,-0.011573549806542793
2006-03,,,,,,,,,0.01654394595051345,0.016558904156468657,0.01654411633541586,-0.010190421684341144,-0.010193827690486823,,,,0.07326542134188885,0.07933443340240065,-0.04131863757325516,-0.025151322598688797,0.02125249188594358,,,,0.05085809508070427,0.052362360053263224,-0.012100310062080788,-0.014467055379067117,0.006919325999284354,0.01654394595051345,0.016558904156468657,0.01654411633541586,-0.010190421684341144,-0.010193827690486823
2006-04,,,,,,,,,-0.002540194456096212,-0.002539069902287805,-0.002540150525598972,-0.000608182916705835,-0.0006059944578982179,,,,-0.04476429501946122,-0.06185638128084836,-0.044377354499937405,-0.08032907879839557,-0.08789712050300691,,,,-0.03061938142254439,-0.04380458198639536,-0.03055698116796457,-0.06099005759970655,-0.06341517349482262,-0.002540194456096212,-0.002539069902287805,-0.002540150525598972,-0.000608182916705835,-0.0006059944578982179
2006-05,,,,,,,,,-0.057276146969625685,-0.05375485363728971,-0.057276182933248876,-0.036834498051614095,-0.03949991494628158,,,,0.02689911147457469,0.030643311534657602,0.02684914825059459,0.04022983256792445,0.041763426263783376,,,,-0.013769525584900744,-0.01300432640823812,-0.013855665770341252,-0.0005825270547066275,-0.0016262931872796926,-0.057276146969625685,-0.05375485363728971,-0.057276182933248876,-0.036834498051614095,-0.03949991494628158
2006-06,,,,,,,,,0.0020166724789343338,0.0,0.0020166866743738243,-0.004705938560552014,0.0,,,,-0.005538447516256428,-0.0058894302575493995,-0.005487643884248494,-0.0035947377635046074,-0.003673759681126265,,,,-0.0038140891596363247,-0.005041326676134439,-0.003835884966984948,-0.006244041518168819,-0.0029708381811062168,0.0020166724789343338,0.0,0.0020166866743738243,-0.004705938560552014,0.0
2006-07,,,,,,,,,-0.017438692988546833,0.0,0.001950463413821879,0.024113476661752786,0.0,,,,0.001463531755055314,0.0013296941065272794,0.0014797453031039076,0.0018189824364407414,0.0018196808303050371,,,,-0.011435289783646163,0.0016291632821554547,0.0011034750285212613,0.013556775258904752,0.0017830271202108339,-0.017438692988546833,0.0,0.001950463413821879,0.024113476661752786,0.0
2006-08,,,,,,,,,0.026677941569061447,0.0,-0.0379748708864468,-0.036723918639835595,0.0,,,,0.053280522723569756,0.05467025886948007,0.05323594668994791,0.07215866742511312,0.07248081698273334,,,,0.05017479990710361,0.05168900478531446,0.006191089318243526,0.021171929495172437,0.06842050000054734,0.026677941569061447,0.0,-0.0379748708864468,-0.036723918639835595,0.0
2006-09,,,,,,,,,0.028512518205536574,0.022681346307378947,-0.00666823552200857,0.007924838103192666,0.015577131356089513,,,,-0.01655721802955612,-0.016805062312452268,-0.0165352483844724,-0.024713102170920487,-0.024757388296053673,,,,0.008248684702772513,-0.009557114657416821,-0.01774941448375611,-0.016561001632286354,-0.019414001565632333,0.028512518205536574,0.022681346307378947,-0.00666823552200857,0.007924838103192666,0.015577131356089513
2006-10,,,,,,,,,0.031450131413112814,0.05781686683202669,0.031096862132412806,0.034674931545271015,0.06034176354980181,,,,0.0898059563356779,0.0902232240923937,0.08978485200572606,0.08495077867940193,0.08499708209156975,,,,0.07783483470781816,0.10096134599766171,0.08468935761475094,0.09079306524267161,0.0947738559156186,0.031450131413112814,0.05781686683202669,0.031096862132412806,0.034674931545271015,0.06034176354980181
2006-11,,,,,,,,,0.02293016949323201,0.02679639559042224,0.0227955769118231,0.028070952447172726,0.02893844242465682,,,,0.004695323512391436,0.004695004273086001,0.004694214693148124,0.004572377313455833,0.0045722329263571115,,,,0.013926491102187466,0.014254125409301155,0.014012828148411094,0.013991330082603781,0.013903290851977834,0.02293016949323201,0.02679639559042224,0.0227955769118231,0.028070952447172726,0.02893844242465682
2006-12,,,,,,,,,-0.0160544491756468,-0.017281838796760596,-0.01600298766968644,-0.0154184259507677,-0.016053700629621193,,,,0.023796706226952846,0.023824603936319466,0.023793803533671776,0.014009120461684343,0.014011208514769447,,,,0.00655968592537115,0.007001620414353038,0.0066811889519056145,0.0010903044615631075,0.00111680201442943,-0.0160544491756468,-0.017281838796760596,-0.01600298766968644,-0.0154184259507677,-0.016053700629621193
2007-01,,,,,,,,,0.019673502636878837,0.0211280402853653,0.01973772183044109,-0.0046802796495832855,-0.004810713184203119,,,,0.002929751077229481,0.0029303561200191286,0.0029299735762846613,-0.006036825958349756,-0.00603721932043888,,,,0.011302683374212474,0.011590233771279435,0.011432554919428073,-0.0065246952583757345,-0.006549565094781107,0.019673502636878837,0.0211280402853653,0.01973772183044109,-0.0046802796495832855,-0.004810713184203119
2007-02,,,,,,,,,-0.01651509586613653,-0.01663491805381634,-0.016488920559570075,-0.0329248076051305,-0.03319341807045906,,,,-0.026728420810533393,-0.026734756937399018,-0.02672822915502815,-0.027313055126596875,-0.027313993894330757,,,,-0.030773827412579724,-0.031101943159362988,-0.030903491696886554,-0.04104801874660524,-0.04111203811998643,-0.01651509586613653,-0.01663491805381634,-0.016488920559570075,-0.0329248076051305,-0.03319341807045906
2007-03,,,,,,,,,0.0005340862863314477,0.0005058304166374317,0.0005416452110451608,-0.010983477854534573,-0.011042465541055146,,,,0.022245556195397365,0.022248564292385753,0.022245626326341528,-0.015089192263765261,-0.015089589241653822,,,,0.014560933642599583,0.014629109265203777,0.014592522307401046,-0.01385617371822534,-0.013864064122162012,0.0005340862863314477,0.0005058304166374317,0.0005416452110451608,-0.010983477854534573,-0.011042465541055146
2007-04,,,,,,,,,0.03463392386223196,0.03475144861326429,0.03463391464502941,0.039801991990375374,0.03990024997438768,,,,-0.0036148821034386325,-0.003615166690412286,-0.0036148759113089346,0.0035227332245792997,0.0035227995534077294,,,,0.020050112570811462,0.020103224466600622,0.020072705833908744,0.030513082516481882,0.03052719843345919,0.03463392386223196,0.03475144861326429,0.03463391464502941,0.039801991990375374,0.03990024997438768
2007-05,,,,,,,,,0.026386714238811226,0.026433095909050852,0.02638158798706214,0.01753009787873072,0.01755424577136777,,,,0.00041400967866800364,0.0004140544628912224,0.0004140115098636432,-0.012368492672023335,-0.01236867548030307,,,,0.016494914705993402,0.01651669822601498,0.016503446673665767,0.007692023014369553,0.007694082287602599,0.026386714238811226,0.026433095909050852,0.02638158798706214,0.01753009787873072,0.01755424577136777
2007-06,,,,,,,,,0.003605761099415128,0.0036058644752312574,0.0036064322323530185,-0.0066552839271804,-0.0066619200063799955,,,,0.012416334511609506,0.012416571510102337,0.012416333772850008,0.0287231608349372,0.030564002737763163,,,,0.011869126413369013,0.01187596230611998,0.011872199509249004,0.011478188635055897,0.01231725052531596,0.003605761099415128,0.0036058644752312574,0.0036064322323530185,-0.0066552839271804,-0.0066619200063799955
2007-07,,,,,,,,,-0.004845701431013927,-0.004840037288522114,-0.004845399620290514,-0.003380786244140954,-0.003376786648914276,,,,-0.005915353048933425,-0.00813214033278642,-0.005915347926597536,-0.04042302604456938,-0.031243371275472165,,,,-0.006002298595381816,-0.007607450964361773,-0.006000829921551376,-0.02558483559023572,-0.019302297337130625,-0.004845701431013927,-0.004840037288522114,-0.004845399620290514,-0.003380786244140954,-0.003376786648914276
2007-08,,,,,,,,,0.01537977940563895,0.015382670325489567,0.015379689792113682,0.004952302249833451,0.004953712966557555,,,,0.016905011369481304,0.014899406158307427,0.01690501786848797,0.002628227961813945,0.011182486171267714,,,,0.018017829807720043,0.015406927282797467,0.018018112352576887,0.000889415803866811,0.005388287436278283,0.01537977940563895,0.015382670325489567,0.015379689792113682,0.004952302249833451,0.004953712966557555
2007-09,,,,,,,,,0.022384696953033467,0.022385912889757664,0.022384620681827228,0.026857130117913464,0.026858065342485693,,,,0.014391167967104712,0.015702264021375978,0.014391167156044826,0.010755480861233124,0.010839597112866972,,,,0.0206647735259351,0.02181587677128194,0.020665180835995445,0.02293163625047634,0.022318360550227956,0.022384696953033467,0.022385912889757664,0.022384620681827228,0.026857130117913464,0.026858065342485693
2007-10,,,,,,,,,0.035999396098602476,0.03600068921205413,0.03599921056404143,0.04038486454651058,0.04038577879282457,,,,0.09192469785782498,0.09726220145980458,0.0919246928977433,0.08646645362113081,0.08691973908925976,,,,0.08089467585110777,0.08374869009716623,0.08089561535502932,0.0782221515396142,0.07710621364101033,0.035999396098602476,0.03600068921205413,0.03599921056404143,0.04038486454651058,0.04038577879282457
2007-11,,,,,,,,,-0.03337897443478277,-0.033379728681432574,-0.033378849297847624,-0.03227129947384366,-0.032271694532928885,,,,0.02118235603193841,0.02131345358179959,0.021182355541561115,0.03063905629967456,0.030675209420449656,,,,0.003076090301644019,0.0029572718093475725,0.003076063986799049,0.0051562969134475445,0.00519629379607589,-0.03337897443478277,-0.033379728681432574,-0.033378849297847624,-0.03227129947384366,-0.032271694532928885
2007-12,,,,,,,,,-0.0008649410103109823,-0.0008649422952504704,-0.0008649372170153047,0.0014596072507533364,0.001459610897460939,,,,0.00549151593109154,0.0055183470063795426,0.005491516126248541,-0.0023363028603596847,-0.0023460315042798108,,,,0.003625252940405277,0.0036347986929365916,0.0036252639461342717,-0.0022613637767533445,-0.0022586894167327953,-0.0008649410103109823,-0.0008649422952504704,-0.0008649372170153047,0.0014596072507533364,0.001459610897460939
2008-01,,,,,,,,,-0.04698002357313891,-0.027627909349220547,-0.04698003176688026,0.012457065522803124,-0.002965143539613413,,,,-0.014520809889566055,-0.014641400508760949,-0.014520809692761594,-0.015078916379485996,-0.015086815012461341,,,,-0.030939989076400387,-0.021644497300361998,-0.03094004198995015,-0.006262553143886018,-0.012301985394820636,-0.04698002357313891,-0.027627909349220547,-0.04698003176688026,0.012457065522803124,-0.002965143539613413
2008-02,,,,,,,,,-0.020554778347479763,0.0,-0.035503536624805765,0.00942357654644388,0.0,,,,-0.005079408167626864,-0.005090342792559599,-0.005079408155975962,-0.0026035820587262393,-0.0026044047070377108,,,,-0.012951887465227907,-0.004233142214930985,-0.020588480702670497,0.0011921728119512753,-0.0024336074853673617,-0.020554778347479763,0.0,-0.035503536624805765,0.00942357654644388,0.0
2008-03,,,,,,,,,0.006989271500187355,0.0,-0.026204576170326344,-0.018455948578420145,0.0,,,,0.013641576658178334,0.013653377798854782,0.013641576663378174,0.008486162821750076,0.008486828012696401,,,,0.011932099209920777,0.012558430305152468,-0.001655028438916073,-0.0040469227472824665,0.00758789350593525,0.006989271500187355,0.0,-0.026204576170326344,-0.018455948578420145,0.0
2008-04,,,,,,,,,0.02508654490383111,0.0,-0.027193972614152462,-0.023268171914649804,-0.0008006541363474451,,,,0.0520780011048112,0.033726134282204834,0.05207800110188088,0.0346933367178901,0.05130954761930506,,,,0.04568694855494182,0.03130320596790859,0.02735539081415661,0.012432299781299339,0.047544120416322944,0.02508654490383111,0.0,-0.027193972614152462,-0.023268171914649804,-0.0008006541363474451
2008-05,,,,,,,,,0.022604327104247757,0.02273072459168035,0.022949135395805342,0.00471327148901679,0.010115849271289834,,,,0.02510367207813613,0.01687470850697803,0.025103672086536077,0.017286068117833953,0.030119352664355725,,,,0.028443914366411693,0.021059781126242516,0.03545013866652624,0.020654111775365358,0.032043123431813925,0.022604327104247757,0.02273072459168035,0.022949135395805342,0.00471327148901679,0.010115849271289834
2008-06,,,,,,,,,-0.04930201503689757,-0.08370096535905691,-0.041149876040513234,-0.039753361035656076,-0.06602276005140972,,,,-0.04667216261481322,-0.03553123233252853,-0.04667216260897167,-0.0209922141278458,-0.028384560707796158,,,,-0.05520051677616322,-0.061421084686468896,-0.05521591213722321,-0.03759771396634537,-0.04463192214108758,-0.04930201503689757,-0.08370096535905691,-0.041149876040513234,-0.039753361035656076,-0.06602276005140972
2008-07,,,,,,,,,0.0030068193741372706,0.0,-0.0037467949935089395,-0.008646127726481767,0.0,,,,-0.021704480047178176,-0.00910187600745005,-0.021704480046867758,0.005888416246296435,-0.006366121447592965,,,,-0.014011404490712365,-0.007461503067040742,-0.019659771586583275,0.0003783094567728629,-0.005319240028327843,0.0030068193741372706,0.0,-0.0037467949935089395,-0.008646127726481767,0.0
2008-08,,,,,,,,,0.0037695890362547946,-0.03569922364100442,-0.02841795941007541,-0.011533040202848843,-0.018126005714689475,,,,0.006069989994536229,-0.006376315208901584,-0.001676846928292286,-0.015401314153916212,-3.211991765128541e-05,,,,0.006011440191255213,-0.01916373983514852,-0.01754416366999112,-0.019980689978193578,-0.006091168359913635,0.0037695890362547946,-0.03569922364100442,-0.02841795941007541,-0.011533040202848843,-0.018126005714689475
2008-09,,,,,,,,,-0.060515350521265776,-0.04301659250842127,0.06207478369204256,0.04707157350399771,0.0,,,,0.00610753779404094,-0.027022133148892902,0.004659250694791783,0.0250805034132211,0.011532435604807434,,,,-0.021565603378481568,-0.0396914270625609,0.04300419042224424,0.04762689979968937,0.0073900720987425395,-0.060515350521265776,-0.04301659250842127,0.06207478369204256,0.04707157350399771,0.0
2008-10,,,,,,,,,-0.03182063869434015,0.0,0.031108933509904402,0.04783804431994443,0.0,,,,-0.023674824139959028,-0.043445327855711535,-0.020960307071262285,-0.028008339639688407,-0.045392289756461146,,,,-0.0282122488559029,-0.03186487240583469,-0.002611115027581712,0.02359245447875269,-0.036084476577578184,-0.03182063869434015,0.0,0.031108933509904402,0.04783804431994443,0.0
2008-11,,,,,,,,,-0.010094926062361953,0.0,0.009829253937792437,0.0108669673410009,0.0,,,,-0.012951749016597791,0.0,0.014050425720415705,0.021594552473757744,0.0,,,,-0.012352198056061026,0.0,0.022931800100097988,0.01937756505709287,0.0,-0.010094926062361953,0.0,0.009829253937792437,0.0108669673410009,0.0
2008-12,,,,,,,,,0.004631186481776961,0.0,-0.004887969443092555,-0.004961643382857983,0.0,,,,-0.004429571383065656,0.0,0.004334879328125485,0.0012132831859894555,0.0,,,,-0.0013117482414587434,0.0,0.0013885526059509434,-0.0012186463782194457,0.0,0.004631186481776961,0.0,-0.004887969443092555,-0.004961643382857983,0.0
2009-01,,,,,,,,,-0.004777035058011081,0.0,0.004202893236072036,0.0061005117083605676,0.0,,,,-0.009614655237468517,0.0,0.00918069649103237,0.007207542994247529,0.0,,,,-0.008235509662663731,0.0,0.008687147965345865,0.00744527589379218,0.0,-0.004777035058011081,0.0,0.004202893236072036,0.0061005117083605676,0.0
2009-02,,,,,,,,,-0.016737300279481393,0.0,0.016344103542994315,-0.00637094939130145,0.0,,,,-0.00549688733917153,0.0,0.0049947013930364825,0.005581838631700586,0.0,,,,-0.01024677624432424,0.0,0.01022384685378186,0.0016080028520999434,0.0,-0.016737300279481393,0.0,0.016344103542994315,-0.00637094939130145,0.0
2009-03,,,,,,,,,0.028965280194603427,0.0,-0.02936410167741932,-0.037505532199826996,0.0,,,,0.018549928888129674,0.0,-0.01951257470847001,-0.023738418595553923,0.0,,,,0.023050573976753252,0.0,-0.02452492677411533,-0.030533790942668948,0.0,0.028965280194603427,0.0,-0.02936410167741932,-0.037505532199826996,0.0
2009-04,,,,,,,,,0.03388536919282559,0.0,-0.03325658871659354,0.010028232001093373,0.016701845891333278,,,,0.019139602797986432,0.0,-0.019605112515285406,-7.23398858888391e-05,0.014493075296782454,,,,0.025697331466504103,0.0,-0.026083646380563597,0.0034696751775236123,0.015272106232635085,0.03388536919282559,0.0,-0.03325658871659354,0.010028232001093373,0.016701845891333278
2009-05,,,,,,,,,0.014718098338289076,0.02019529995859548,-0.015313544577342797,0.013202097866313434,0.01730927780917768,,,,-0.005226173004493795,-0.007676642688859814,0.004824505344431129,-0.008681178179785976,-0.00731591891998673,,,,0.001753628195486412,0.006334537421411879,-0.002243159604167877,-0.0008131800975292869,0.000935324846062624,0.014718098338289076,0.02019529995859548,-0.015313544577342797,0.013202097866313434,0.01730927780917768
2009-06,,,,,,,,,0.01175201536601711,0.017003674951684422,-0.012480276865750262,0.010542513928414321,0.01479165693155804,,,,-0.009574217565181509,-0.014156894500762074,0.009283973305939774,-0.011097474374548444,0.0,,,,-0.0022811560501285744,0.0003997846901424573,0.0018080405143654499,-0.002980408002768886,0.0050452707025487875,0.01175201536601711,0.017003674951684422,-0.012480276865750262,0.010542513928414321,0.01479165693155804
2009-07,,,,,,,,,0.041329208649280025,0.04424857946250915,-0.04071270231503188,0.021060939079874608,0.02114303955701624,,,,0.06442362849339789,0.08347488867212838,-0.0618682715455765,-0.008880634279257782,0.026998687505092267,,,,0.05935341865135069,0.07456593007881285,-0.0574512387815167,0.002000887678919927,0.024921692824740216,0.041329208649280025,0.04424857946250915,-0.04071270231503188,0.021060939079874608,0.02114303955701624
2009-08,,,,,,,,,0.008092664421256668,0.008531876577949182,-0.00907392430473053,0.00911077305493091,0.00909026318771522,,,,0.026316233185039062,0.053444076530635876,-0.035655066383276646,0.017198343425547824,0.016065950161816556,,,,0.01924872022440316,0.02965308764820085,-0.026114237295504772,0.014095323237198976,0.014103115569447766,0.008092664421256668,0.008531876577949182,-0.00907392430473053,0.00911077305493091,0.00909026318771522
2009-09,,,,,,,,,0.03501155002855327,0.0358329963850077,-0.010234345480514717,0.019756063349933628,0.02045886242806705,,,,0.003600096364690497,0.005045046689147403,-0.027875802302630648,-0.016267328837905604,-0.01926499424369743,,,,0.015850691770196157,0.01790575314963161,-0.02285578303186242,-0.0058915361056984805,-0.008225328247618124,0.03501155002855327,0.0358329963850077,-0.010234345480514717,0.019756063349933628,0.02045886242806705
2009-10,,,,,,,,,-0.025772754139926857,-0.026044364151967314,-0.025387408748205775,-0.03094321564023128,-0.03179363819060366,,,,0.011879347317552913,0.012359463367128232,0.02732900490117074,0.01645233535408308,0.016579504147912205,,,,-0.0029234626191388946,-0.003121762751413293,0.0038913208923669895,-0.003038047210157435,-0.0039552104292338575,-0.025772754139926857,-0.026044364151967314,-0.025387408748205775,-0.03094321564023128,-0.03179363819060366
2009-11,,,,,,,,,0.036057135729145706,0.03624470853910333,0.03636579496108916,0.030104118833412352,0.03017055738137353,,,,0.028291678086027394,0.02905770367813587,0.022799103621893968,0.028746565804415036,0.02950297111690392,,,,0.03495735243743914,0.03579361285350724,0.03576661868043174,0.03377039435112539,0.03414200731408101,0.036057135729145706,0.03624470853910333,0.03636579496108916,0.030104118833412352,0.03017055738137353
2009-12,,,,,,,,,0.03736240722045192,0.037439811086544816,0.03720539187083238,0.02029725641313762,0.020317284022877802,,,,0.008834967685169559,0.008887940325067234,0.04043339934966639,0.019827547494275732,0.019994356507673006,,,,0.023029824170875957,0.023239947553772344,0.046747866514621705,0.022968128512147024,0.02306594314858801,0.03736240722045192,0.037439811086544816,0.03720539187083238,0.02029725641313762,0.020317284022877802
2010-01,,,,,,,,,-0.0429909751671792,-0.04301514068655965,-0.04295318129233905,-0.025884088364348745,-0.02588853601812946,,,,0.09576924530333875,0.0965026203287691,0.11208181713470644,-0.0007098925191327821,-0.0006173633211767893,,,,0.03911016003305279,0.039375701125828,0.04474195215588539,-0.012126877650445289,-0.012043730567089073,-0.0429909751671792,-0.04301514068655965,-0.04295318129233905,-0.025884088364348745,-0.02588853601812946
2010-02,,,,,,,,,0.0207923872818927,0.02079886941848197,0.020807627928658867,-0.0018665642316721964,-0.0018669851425554551,,,,-0.01028907597537132,-0.01030378188906611,-0.010640239482148206,-0.002483385583073039,-0.0024944065785347247,,,,-9.887352384863046e-05,-0.00010528280125754463,-0.00025296598476498566,-0.0019499025490774535,-0.00195162924393677,0.0207923872818927,0.02079886941848197,0.020807627928658867,-0.0018665642316721964,-0.0018669851425554551
2010-03,,,,,,,,,0.04752738734177564,0.04753809280213117,0.04750542757877274,0.06106381598094557,0.0610739454485818,,,,0.023074602307004533,0.02308936918419313,0.023364996146191253,0.0033440131802122686,0.0033473503106640212,,,,0.03643786741440125,0.03646582276362387,0.03698108905960984,0.02559896920459037,0.025604771307335294,0.04752738734177564,0.04753809280213117,0.04750542757877274,0.06106381598094557,0.0610739454485818
2010-04,,,,,,,,,0.027732992776531074,0.027738937014007314,0.02770373109894142,0.039146825611597436,0.03915196176623592,,,,-0.025051550041328086,-0.025060229278392687,-0.025212967977776612,-0.023651918024332974,-0.023660902238082815,,,,-0.007235254630100885,-0.007232950171957575,-0.007187780391277654,0.0017132869964668895,0.0017164482861973251,0.027732992776531074,0.027738937014007314,0.02770373109894142,0.039146825611597436,0.03915196176623592
2010-05,,,,,,,,,-0.04425102547689319,-0.052638728440309035,-0.044240270000867166,-0.0541035439102755,-0.05410495244088254,,,,-0.04809491254767995,-0.034725275726451454,-0.04822522691939901,-0.04392077041876219,-0.045520982238428265,,,,-0.04853715342683507,-0.044235809391779624,-0.04868835032235319,-0.050847885210586585,-0.05175605388538551,-0.04425102547689319,-0.052638728440309035,-0.044240270000867166,-0.0541035439102755,-0.05410495244088254
2010-06,,,,,,,,,-0.01967112773638069,-0.020626557989669503,-0.019670554922174177,-0.00909444243879276,-0.009094501458781212,,,,0.01737181899872753,0.02374798430902958,0.017390933599819247,-0.005772902850876727,0.0012531263749424593,,,,0.0029789172931085073,0.004436052713546523,0.0029843138356129284,-0.008038680084269445,-0.00405996429298261,-0.01967112773638069,-0.020626557989669503,-0.019670554922174177,-0.00909444243879276,-0.009094501458781212
2010-07,,,,,,,,,0.023307686750898116,0.0010971311522720573,0.023308305181682476,-0.0099149940593104,0.000716901364879563,,,,0.0036512824800254418,-0.005240948717200489,0.0036536681342766997,-0.007687779043566212,-0.00781352411952152,,,,0.011808651110328139,-0.002655056718557036,0.011815184795642475,-0.009664521553102157,-0.004129809874670931,0.023307686750898116,0.0010971311522720573,0.023308305181682476,-0.0099149940593104,0.000716901364879563
2010-08,,,,,,,,,-0.024776608422099278,-0.008617903432615925,-0.0247765069249416,-0.031470791444265234,-0.03469769390558264,,,,-0.00598640142115392,0.004925189302664501,0.0025273886392609413,-0.03171598455910196,-0.028817806667001178,,,,-0.013609041994985582,-0.0012390731025981871,-0.008049630999662272,-0.03971979959345817,-0.03501166850585369,-0.024776608422099278,-0.008617903432615925,-0.0247765069249416,-0.031470791444265234,-0.03469769390558264
2010-09,,,,,,,,,0.0644081436566799,0.04254436367689185,0.06440813454865313,0.021599539939674006,0.044008287721174266,,,,0.03721411903193794,0.021841279684366777,0.012914574572086002,-0.03972494863266496,-0.00022671465677670533,,,,0.04984413927985831,0.03308260843912336,0.034730747061529454,-0.018667976955218157,0.020844176176136653,0.0644081436566799,0.04254436367689185,0.06440813454865313,0.021599539939674006,0.044008287721174266
2010-10,,,,,,,,,0.040221877835630915,0.04700826051026308,0.040221605439198616,0.04354049228311285,0.04554515537978476,,,,-0.0017955775611478986,-0.016984031790128418,-0.026924821893421047,-0.024200464385453868,-0.02724175389398953,,,,0.015301328620912269,0.014543314414138697,-0.000490868448009607,0.008996619562071206,0.010007137676040223,0.040221877835630915,0.04700826051026308,0.040221605439198616,0.04354049228311285,0.04554515537978476
2010-11,,,,,,,,,-0.0022455436829000863,-0.0017083972969264005,-0.0022455401914196482,-0.001178133475578047,-0.0010122145612995181,,,,0.0028089133875284222,0.013225966822425494,0.004953527407614455,0.006011555722369222,0.010005796362092756,,,,0.001041366995239823,0.007532289929227609,0.0026951583901153597,0.004749246508743532,0.005862220369033722,-0.0022455436829000863,-0.0017083972969264005,-0.0022455401914196482,-0.001178133475578047,-0.0010122145612995181
2010-12,,,,,,,,,0.028981427556308503,0.03006691297295183,0.028981379223021353,0.030672205474906233,0.030926400898795725,,,,-0.008501476877726954,-0.009212890055653067,0.017431020750895865,-0.004764179206627861,0.0029750653912163916,,,,0.005788409075921042,0.0058769257928887875,0.024182354326169886,0.01152336360563555,0.016291678876128257,0.028981427556308503,0.03006691297295183,0.028981379223021353,0.030672205474906233,0.030926400898795725
2011-01,,,,,,,,,0.029729462683496077,0.0306418881988455,0.02972942585848748,0.03113404656525831,0.031341165573442575,,,,0.02231775424993243,0.018120317272877884,-0.0037742581537245634,-0.007711583757294194,-0.0046805617264236155,,,,0.02797752533772435,0.025276369962734302,0.007849835107140102,0.011785454431364473,0.013694736268014651,0.029729462683496077,0.0306418881988455,0.02972942585848748,0.03113404656525831,0.031341165573442575
2011-02,,,,,,,,,0.021067214951510538,0.021282452438784905,0.0210672073296434,0.021395243973848066,0.02144059632158446,,,,0.028394486935226393,0.029396048279127562,0.0437522140943305,0.05179029187059192,0.05273192348148292,,,,0.027038290530290388,0.027719956046595717,0.036564729565610854,0.03896824166119295,0.03863023186082648,0.021067214951510538,0.021282452438784905,0.0210672073296434,0.021395243973848066,0.02144059632158446
2011-03,,,,,,,,,-0.005101449389269819,-0.005129539999168209,-0.005101446842805113,-0.005826145166976215,-0.005831394969732284,,,,-0.002621603133352357,-0.00264325200359794,-0.04666238405568701,-0.02245937330934633,-0.02227806907695662,,,,-0.004061251684359446,-0.004112939053069864,-0.030569777509150464,-0.01579238638037994,-0.015691155431090786,-0.005101449389269819,-0.005129539999168209,-0.005101446842805113,-0.005826145166976215,-0.005831394969732284
2011-04,,,,,,,,,0.020418904811021932,0.02044323882523269,0.02041890459844664,0.012571445781191626,0.012574649383713332,,,,0.026572723460699166,0.0191863519419897,-0.003088262790624685,0.01599667191946752,0.021065449300734063,,,,0.02557089018081027,0.020939434752266894,0.007988304030105642,0.015399240117489832,0.018354974558698833,0.020418904811021932,0.02044323882523269,0.02041890459844664,0.012571445781191626,0.012574649383713332
2011-05,,,,,,,,,-0.009918576619418529,-0.009928721887840997,-0.00991857596972845,-0.02222444112572375,-0.02222892711574531,,,,-0.010286501089853073,-0.008280584078874775,-0.011003884830612432,-0.000577725519301131,0.0025049536060199884,,,,-0.010169920723563597,-0.008608346725336724,-0.011009081146705402,-0.010112017430660591,-0.007681177327753197,-0.009918576619418529,-0.009928721887840997,-0.00991857596972845,-0.02222444112572375,-0.02222892711574531
2011-06,,,,,,,,,-0.018989762582591108,-0.032430348180693014,-0.018989762666985044,-0.026799123464891772,-0.013923494767823952,,,,0.0038615778908865916,0.02147855073154048,0.005349584254809248,0.005867804289191314,0.003067869000647594,,,,-0.005815231779407015,-0.0031463686176881334,-0.0029321378446311996,-0.008570353883784243,-0.003449479708478198,-0.018989762582591108,-0.032430348180693014,-0.018989762666985044,-0.026799123464891772,-0.013923494767823952
2011-07,,,,,,,,,0.008555238822896438,0.009462629906604514,0.008555238897246298,-0.000929096840494803,-0.0013826599508989235,,,,-0.008388465019407931,0.002045915823197797,0.014817883323047454,0.01849269825015254,0.004717841773109965,,,,-0.0045038399993864164,0.004221595365777153,0.01425546393458732,0.01223583381751614,0.001759881166805144,0.008555238822896438,0.009462629906604514,0.008555238897246298,-0.000929096840494803,-0.0013826599508989235
2011-08,-0.02552127362380141,-0.02552127362380141,-0.02552127362380141,-0.01665802832054042,-0.01665802832054042,,,,-0.03223367056595661,-0.03389535919316666,-0.03223367053833193,-0.024718577929033536,-0.022371671401901105,,,,-0.004875683395118902,-0.0005501945307623268,0.005612329153945161,0.0032213257980462373,-0.00032554534511231026,,,,-0.016801618206950364,-0.017306154937621998,-0.01050590318985467,-0.01037449785174771,-0.012076928673676601,-0.035767111098901405,-0.038927549740015555,-0.03576711106586605,-0.02761036891533486,-0.026128953305941227
2011-09,-0.03483417337617378,-0.04088590209058329,-0.03483417337617378,0.0002984457543440122,0.0002984457543440122,,,,-0.011315174822432272,0.0,-0.011315174823575469,-0.004912991735104177,-0.017005183377804878,,,,-0.003077748197371055,-0.005267136213824242,-0.006079324426200627,-0.006542603187898344,-0.010567078023493992,,,,-0.008268294474630844,-0.01130225671431695,-0.015298529499635727,-0.006427203664993941,-0.011548966382364134,-0.01554416245428536,-0.014025396365275333,-0.015544162465502942,-0.0028107204402081365,-0.00844618461719615
2011-10,-0.03895381419407473,0.0,-0.03895381419407473,-0.006732155693739084,0.0,,,,0.02837738772271403,0.008320849997381918,0.028377387725740943,-0.029127606729528188,-0.012828698390822346,,,,0.026890541806049217,0.02081204999501307,0.022067886295274786,-0.009612825209277753,0.015665735022016847,,,,0.019033937825795322,0.015101730807902003,0.015553520573339918,-0.019545035682968837,0.006881793911847733,0.0027768949380997388,0.004097351665524496,0.0027768949461242087,-0.022999421749137494,-0.007308185627822317
2011-11,-0.004714285410487684,0.0,-0.004714285410487684,0.00937332865087459,0.0,,,,-0.0067436066840737,-0.016460223982356803,-0.04727224780981698,-0.04734765630839277,-0.011279160719222858,,,,0.0199895814897042,0.02685653192426707,0.01238205330549591,0.015836383863107484,0.028556138726478997,,,,0.011221462419976902,0.012614331564356762,-0.013137035124877072,-0.00388611179346654,0.014016326969923387,-0.0050601345539504905,-0.010512585370555327,-0.03032503347068105,-0.033055777650638385,-0.007874406574297055
2011-12,0.038744204139236516,0.0,0.038744204139236516,-0.0014388062412655778,0.0,,,,-0.0009862561387647961,-0.021907732267244517,-0.006035382470758188,-0.01171824054880033,-0.011803705701081468,,,,-0.013121417223525222,-0.02263417838414694,0.010454862538103571,-0.026539356238739598,-0.027050934727113063,,,,7.65195723004819e-05,-0.022593658117265325,0.01918893577406844,-0.021471123884324594,-0.020689298622006635,0.02136332481852965,-0.01580840599847899,0.019036946594435333,-0.010164387655378637,-0.007558279486439834
2012-01,0.04764372380393489,0.0,0.04764372380393489,-0.02080370258817199,-0.02080370258817199,,,,0.043037266672878216,0.06611485968982667,0.04298872987444868,0.047294806188473926,0.06818897537583446,,,,-0.00022255301176332676,-0.011566313817284679,-0.025905834020767737,-0.022379822627622725,-0.012621653764401275,,,,0.02199022835158937,0.008225934545672997,0.02540621287389766,-0.00504517353915257,0.0008137231420990432,0.050764836908257394,0.05154921190099393,0.05229241810054264,0.02394164599063031,0.02394164599063031
2012-02,-0.0116603060404471,0.0,-0.0116603060404471,0.006676362757581877,0.006676362757581877,,,,0.05434285367956382,0.07176815126756164,0.05357144386222701,0.07552436498854864,0.09325337744437734,,,,0.03148847994012982,0.03468992743748123,0.042058235159987856,0.054178423256171504,0.054178423256171504,,,,0.03464243066937511,0.04513154312624912,0.049558663533571634,0.05616290842619631,0.05616290842619631,0.021085033124364827,0.05542743917264392,0.02129693444458769,0.058940280360527675,0.058940280360527675
2012-03,8.082274849763316e-05,0.0,8.082274849763316e-05,-0.018198435688133063,-0.015696883109462934,,,,0.051041596539321166,0.05682908312025803,0.05064834286679121,0.05759883849550684,0.06094139287310796,,,,0.025264285359657856,0.026925278470945946,0.0049515980325016695,0.029894658735948543,0.029886183688702772,,,,0.0339984349520146,0.038624946405998006,0.023749689477070346,0.03474422633402452,0.03521480964661028,0.03296417414002617,0.05270839219641954,0.033200821277538095,0.04377082839916335,0.04509810750930643
2012-04,0.00196857452174215,0.0,0.01588051550081193,-0.003714177743712632,-0.0014291196150707508,,,,-0.012881693971283914,-0.013404438879569103,-0.012854814950054583,-0.018099354269334622,-0.018359714784574765,,,,0.001889822974132871,0.0018678526086994829,-0.0007456486809194196,0.000585482249545688,0.0005842429779689962,,,,-0.001503475768623308,-0.0026138230233692106,-0.0004540141621484084,-0.006473887710469639,-0.006014542503808729,-0.006601003044710341,-0.013144424157738421,2.7794980284046034e-05,-0.0195050315143529,-0.018518037789468367
2012-05,0.015160794689783597,0.01002726569659762,-0.015397906875092904,0.0,0.0,,,,-0.04270044470809098,-0.04316845370804756,-0.042690101196077745,-0.02833135132420972,-0.028488525349856908,,,,-0.03159924190728547,-0.037441588631789924,-0.054952654857241434,-0.02996455398635478,-0.024268602777339,,,,-0.033678650299618806,-0.04094248183363469,-0.0581500212258117,-0.03182978034961115,-0.02761696489285559,-0.029301571008603644,-0.03994635208752495,-0.04284761298917117,-0.027736689621485233,-0.027759298472368132
2012-06,0.13053231673770527,0.18826155339867268,-0.11832431729832593,0.09296753568529081,0.09296444885572996,,,,0.01783411963496495,0.017889488321744862,0.01783580370871385,0.011944518723953301,0.011992915256144876,,,,0.028832185283818923,0.023719088728302085,0.03177115822997556,0.023714774764234337,0.02246851948884876,,,,0.04345749022416023,0.041581388577137,0.009449066469790823,0.03775851104262462,0.036753897363684285,0.06406474131851314,0.06914557912709074,-0.03201324688274798,0.05423244974906005,0.05423946382187772
2012-07,0.09239097515534156,0.09774408444666527,-0.08612673844335006,0.05992534712312181,0.06009204251590772,,,,0.006859877120641844,0.006874769300560191,0.006862546049102303,-0.008871554182385943,-0.008906040373406698,,,,-0.0016964475091842957,0.000315695584718112,-0.0017165165096909574,-0.0034041121671906094,-0.004916036757539599,,,,0.022934232364027807,0.026091802162675037,-0.023011504232441582,0.008361303688557475,0.0072206054681209775,0.057510096774311625,0.05888813075097654,-0.051020278274204856,0.028686863776077987,0.028671077963844382
2012-08,0.021217863738905773,0.021978043840211292,-0.042267054762567535,0.03583159943866443,0.03592319310124514,,,,0.029221939695012855,0.02925777623371162,0.029220298268341605,0.018649721150239218,0.018673706587869265,,,,-0.005427005491784098,-0.009094730789890426,-0.016019208861247747,-0.02442778999388462,-0.012572165287192072,,,,0.01117948290284998,0.009242223326443755,-0.018815288268180352,-0.00930110026962283,0.0001071163302051037,0.03260854779664224,0.0331263575937375,-0.013423391812266261,0.025276285538108123,0.0252819688264434
2012-09,0.02242697108697178,0.022541721006149373,0.02243658581340524,0.019876914025889425,0.019878622834033743,,,,0.006444285396327354,0.006456599019859732,0.006443517063706716,0.015207730074046966,0.015234226938430018,,,,0.04744387897314328,0.04859160439638632,0.04940316367980335,0.05233362019076071,0.05748000586993984,,,,0.040787342875664434,0.04109419538545067,0.04422107339324355,0.04594482828222124,0.04851701560123223,0.021096511517221916,0.021212771536453623,0.02158075679742666,0.021180542775641298,0.021181700341923237
2012-10,-0.019204043397828885,-0.01928120089555807,-0.01894589239822586,-0.01484313891496003,-0.014844104008823744,,,,-0.04407114341805085,-0.04408544506369294,-0.04407056779450069,-0.03797752853418446,-0.03798422865036655,,,,-0.007774237574547982,-0.004316395139816298,-0.008545950864830898,-0.0010715338969136123,-0.0027568759791617437,,,,-0.025382706409923683,-0.02616775411443728,-0.02584160242472433,-0.021688118723605432,-0.022264213339964534,-0.043181807612524103,-0.043308589130711894,-0.04334552523360058,-0.03549084472173125,-0.03549185651862463
2012-11,0.02795785924619576,0.028002995412115483,0.028051046995389628,0.01700716009610237,0.01700774642222047,,,,0.004420865324669787,-0.023408681479944793,0.004420842539079928,-0.018808850989597392,-0.0012330387883143779,,,,0.04005059448949133,0.025650747154048803,0.0008356335112760238,0.006908457509177124,0.01498457112385787,,,,0.03722444892978771,0.01926952369027557,0.012458750347855707,0.006034152709719631,0.016643071108454643,0.025592536687304657,0.004612932137402215,0.025971666485108402,0.0004663668112563357,0.011885239851869844
2012-12,0.01972200946873426,0.019755945143194342,0.01958141572457972,0.027650017679168082,0.027651036478209212,,,,-0.0013131842413797168,-0.028667525043976183,-0.0013131675380587682,-0.009641342785173368,-0.010128628938138262,,,,0.010627577970038438,0.012109688158751464,0.011621469189336153,0.013100722905055928,0.01329429988928621,,,,0.011963025164792862,0.005629495771378279,0.013252936788547887,0.01716409026400334,0.0170783349217154,0.011084003329960401,-0.005548806641942683,0.011146203121344733,0.013592298880123588,0.013876991134925687
2013-01,0.1756006321285266,0.1757548460251641,0.17417168798230342,0.20326484743218298,0.20326825204003018,,,,0.019406065565276798,-0.0009929627212287295,0.019406082164668437,-0.00469126713917789,-0.004890200813469803,,,,0.057650776123519654,0.06134736801070417,0.05995927700998549,0.06109246992048467,0.0614806888276338,,,,0.08508480791969353,0.09741119071518245,0.08837484371268478,0.1040680263010969,0.10414983348500506,0.11384596682258596,0.12672373467136122,0.11371482750691042,0.15482668469173055,0.1567039232351639
2013-02,0.10899052698544165,0.10901066181956476,0.10832808278215644,0.11159164582430758,0.11159215761986507,,,,0.001991251832760277,0.0037295054358539304,0.001991255407626902,-0.013575628176879184,-0.01370768323024163,,,,0.007160750155325246,0.00733078877294302,0.007239613873961659,0.007325777067240802,0.007345732815850381,,,,0.04165985973457742,0.04787070255869286,0.04214345282396259,0.04820339834975229,0.04829835645993641,0.0765604317569919,0.08202451882809214,0.07638570735854211,0.08295629607095023,0.0833040455635925
2013-03,0.13628861658544666,0.13629746776457452,0.13585540383705585,0.13731542904100502,0.137315704480651,,,,0.023937093403589405,0.027815016257357383,0.02393708834864472,0.033488739042639715,0.03369596591692248,,,,0.022735725777815574,0.02289135310076773,0.0016814161084450774,0.015404523245786228,0.015411900866155293,,,,0.06712128246638605,0.06998420085999402,0.053331772533537825,0.07098343865582013,0.07102688440332927,0.11469866621458413,0.117359118245975,0.11452857323653864,0.1251119517896404,0.125354875237651
2013-04,0.03548248350208305,0.03548332897190076,0.03542773828227963,0.03557149067104204,0.03557152222602644,,,,0.010516504566557838,0.01072160584350601,0.010516512674377143,-0.0013309316166610907,-0.0013584161256463556,,,,0.0348802194754807,0.034992599387102974,0.0371315639989942,0.0339731295639254,0.033984660745807416,,,,0.043302189150050685,0.04414005920987818,0.04591887319248489,0.04285799496738529,0.04287397321666275,0.03640364738660451,0.036715916180931396,0.03637184978587715,0.033409180092341284,0.03344694041719265
2013-05,0.0006561344689202109,0.0006561381852936421,0.0006565393885085147,-0.0004963721882905725,-0.0004963724683447746,,,,0.020954512187345786,0.021490457944117525,0.020954509822502354,0.02390485988610802,0.02392119710572449,,,,0.05888947152419188,0.05899247895559112,0.06063173792389298,0.0639492381075435,0.06396271198849535,,,,0.04640555493721754,0.04686379138125263,0.04776237587286225,0.05070327302836386,0.05071078094918602,0.010200931559757542,0.010235854041795722,0.010199335435097323,0.00930985471724366,0.009311701656553817
2013-06,-0.01567902201622262,-0.01567911206689432,-0.015677965592642007,-0.00987384250918133,-0.009873843434832219,,,,-0.02082820906224714,-0.021148735789260464,-0.0208282080414256,-0.01783002004513956,-0.017838063223739375,,,,0.008254327711251008,0.000638516672880618,-0.007218086079313513,-0.007582786130821084,-5.4925771155178715e-05,-0.013628096749752072,0.04105553369903214,-0.025742683000852473,-0.004160591516250367,-0.010225104645268157,-0.0165078154110625,-0.014254824140193634,-0.008168137263153352,-0.024486053255710072,-0.024572677475858118,-0.024485322648169494,-0.01770944634211158,-0.01771155555510673
2013-07,0.010894872782780896,0.010894916304450497,0.010894940834600186,-0.0009926004161608937,-0.0009926004852215398,,,,0.04464761315505372,0.044917528475641566,0.044647612933153,0.056919373983601584,0.056932060655591865,,,,0.07727357943110502,0.07389043009158036,0.06817485757246655,0.051057141603432665,0.05445338233224106,-0.08988413400489137,0.06020011170496398,-0.04017792844011436,0.07612185326343313,0.07405469512596485,0.07049527152389334,0.05472389804694133,0.05724835071474366,0.039829915158691165,0.03993438806141847,0.03983056943434882,0.0330910831537794,0.033093322047673235
2013-08,0.036500129289254835,0.03650026845378984,0.0364993322592535,0.022828785753044034,0.022828787208883927,,,,-0.004676129028839071,-0.004677704631106727,-0.004676129000538154,-0.009933742540089607,-0.009934198782282744,,,,0.01082817221087895,0.011418646552585177,0.011533375118473854,0.01607612253562163,0.01605343037841278,0.032181476087267624,-0.0003768802314182418,-0.04327610318412667,0.014422593818735452,0.01507125900423767,0.015431370956449753,0.015482579898465243,0.01536827222632553,0.020399959433839543,0.020432141047356467,0.020399932652792385,0.006174826510935372,0.0061751545205301905
2013-09,0.003102241387571425,0.0031022486346392597,0.003102212062302989,0.004113222951479756,0.004113223183261239,,,,0.039950803931275924,0.040012657479654434,0.03995080371437343,0.04385646341574145,0.04385829059698443,,,,0.04088051345681243,0.041301361141117265,0.04131895364144644,0.02930721320337537,0.02932277897919011,0.004138250614029282,-0.0343961923934657,-0.0025928458740028804,0.04569673621105519,0.04629252207409018,0.046557283437738795,0.03747100929528724,0.03740175004301527,0.03801972099849893,0.03806132107114846,0.03801952895861738,0.041979436778558865,0.04198066797971789
2013-10,0.05639867152427902,0.05639867456828762,0.05639863461216832,0.048761220111051884,0.04876122079613254,,,,0.032696354314346365,0.03270990123050832,0.03269635429821793,0.033445676844312544,0.03344595374610759,,,,0.003817135680899142,0.0038572661003009046,0.003881644627748315,0.0022378089091472653,0.002218611700445683,-0.03148433022424668,-0.0016518472260551587,0.043263897738811785,0.027997124089364833,0.02812458610380353,0.028197664195590555,0.02057854184194352,0.02055312092271344,0.07045275369701431,0.07046604236397336,0.07045273058000046,0.0567034428688693,0.05670378935040432
2013-11,0.16182586267836352,0.16182590355589954,0.16182481822328332,0.23610095404860099,0.236100956453428,,,,0.030117331089561272,0.03012513464519495,0.030117331047084583,0.030562031582182403,0.03056224003238439,,,,-0.0020815207394547786,-0.002095354924537718,-0.0020958619534440226,0.00991959665601061,0.009916627210473372,-0.03527817370903896,0.023257366421641334,0.040276104270069224,0.0575743712876311,0.05772197339443852,0.057785135765731965,0.07606103952172272,0.07604022681806022,0.14375521603745867,0.14376905913178928,0.14375463716737946,0.1680185596239554,0.16801968233838283
2013-12,-0.008357127465456471,-0.008357127855716628,-0.008357108786978373,-0.008353973384860991,-0.008353973397234093,,,,0.029758458194327098,0.029762102956291336,0.029758458172878033,0.02996396470425955,0.02996406174490618,,,,0.054412729871767374,0.054514455058499944,0.05453291490755885,0.04617178955236101,0.04616501478022994,0.004075385819581889,0.013059010881904642,-0.005883023485541927,0.04646146954279251,0.046534911659467326,0.046563983841771295,0.03522640284618084,0.03522167749812932,0.006876821410455536,0.00687700831743987,0.0068768293898957555,0.007460010469658718,0.007460008287531794
2014-01,0.0035254937497213312,0.0035254938785151957,0.0035254908542123875,0.0015514566170815591,0.0015514566182386336,,,,-0.014979208955841927,-0.014980014787813967,-0.014979208946296008,-0.014242502371368593,-0.01424252954659977,,,,-0.007137105465102378,-0.0029895094943415135,-0.007139520634598773,-0.0024921928035025465,-0.008671503441048056,0.07628208160321548,0.019864044607099896,-0.07388691332156638,-0.00727830387851558,-0.004144675957057586,-0.007278068043191865,-0.005419640329757058,-0.00944626950624372,-0.0065260394179277315,-0.006526123330508615,-0.006526038633864029,-0.00812317618745062,-0.008123181112421385
2014-02,-0.024292500102024994,-0.0242925009043522,-0.02429249432008851,-0.010794969567216373,-0.010794969572690216,,,,0.027673911249888716,0.027674521373157956,0.02767391124944485,0.0190425614813996,0.01904257202169246,,,,0.028271358305244743,0.02547461148014829,0.028277447037422077,0.03296010203518307,0.03339775028627057,0.020847388567578173,-0.0029198494898039495,-0.021743462284317117,0.023097606388837066,0.020398694034814424,0.023103422326284262,0.024882131000902863,0.02565410806931223,0.0048471454598051356,0.0048471944324484095,0.0048471456703353955,0.007216017849101641,0.007216019877298363
2014-03,-0.01630504363265739,-0.016305043811724595,-0.016305043086387583,0.0,0.0,,,,-0.02112727072966636,-0.0211275479479357,-0.02112727072806153,-0.026392495043703224,-0.02639250445798713,,,,-0.007931013553414079,-0.021181503960710613,-0.007931596995117252,-0.011020515338428405,-0.01071751918467767,-0.06034539490997137,-0.03177863519179125,0.06397548278956622,-0.015468239752115975,-0.026359139023433342,-0.015470271380522593,-0.016412773029004235,-0.015890202232001105,-0.028875266976411185,-0.028875469091115935,-0.028875267167030705,-0.02232420639162236,-0.022324210895881658
2014-04,0.005887837757842185,-0.0299458773151704,0.005887838377392152,0.0,0.0,,,,-0.008670591366222169,-0.008670697983605757,-0.008670591365457336,-0.0133245274530841,-0.013324530175037208,,,,0.004836756062755798,-0.0008419974185368551,0.004836686603925333,0.0037257755721160635,0.003672474658312108,-0.01482970113257498,0.07096955636376068,0.014164146070064332,0.001161405526103998,-0.010822074233686751,0.0011605943402486218,-0.00203227410250173,-0.001909920616671057,-0.003766256455925432,-0.02389952090845815,-0.003766256692540937,-0.011782773722570639,-0.011782775081069286
2014-05,0.04633457525827889,0.03200941523878886,0.04633457507021532,-0.0328234421251381,-0.005340828115491747,,,,0.028808386123696517,0.028808472842457133,0.028808386123621466,0.019622996617461697,0.019622999089636384,,,,0.009326171222301616,0.004949713612216522,0.009326480484103117,-0.0154442391512718,-0.011233820205477807,0.0016070384178603625,0.00776528818411415,-0.0007152892715033277,0.024021898263745678,0.017548633224143018,0.024022916125067573,-0.009923814236631356,-0.0030450748671508876,0.04932746919761266,0.039056096939967366,0.0493274698569619,0.0034741740909760566,0.015741532787800327
2014-06,0.009448605162945878,0.011362859568253336,0.009448605313699954,-0.002296376771749986,-0.002296376771749986,,,,0.029024173727947966,0.029024241095860992,0.029024173727600466,0.04287368798703883,0.04287369290692067,,,,0.008473768680107518,0.011284438116698547,0.008473996144758411,0.02381719728219389,0.0217615894977774,0.04225432735817236,-0.010913959215586466,-0.04878200025295454,0.015720105579472676,0.018158208535319353,0.01572057701297669,0.028049234986907923,0.026696444935307095,0.026768896937337194,0.027885355176969995,0.026768896937842124,0.03617367531633242,0.03659920159058183
2014-07,-0.022208505440449056,-0.014119157924855297,-0.022208505241116172,-0.02505818757453837,-0.02505818757453837,,,,0.01633182907761266,0.016331868867763832,0.01633182907745878,0.023738707392552127,0.023738709715014794,,,,0.004181019541294795,-0.010073757256609084,0.004181195412819028,-0.041041306755586815,-0.03277468487069257,0.023422198565826058,-0.05837386979890036,-0.0020104185878681013,0.0027523999222687223,-0.0060288184741379425,0.0027526236325785547,-0.02445748745423937,-0.018977881385481288,-0.002255408631337108,0.003070359081157825,-0.002255408471905085,0.009316219567228279,0.009014963315408409
2014-08,-0.03831466742490364,0.0,-0.03831466741882761,0.0045561787579704305,-0.00026070353848928196,,,,0.04545161954965482,0.04545163842086786,0.04545161954960486,0.04145984860302754,0.04145984909492029,,,,0.05366855102303281,0.052767189572798134,0.05366890218882703,0.043998454800724396,0.04730690495897982,-0.03640016074652297,-0.02372746776407131,0.011760805866979362,0.04749586309665377,0.05232628843839904,0.04749624652011186,0.04695833279041395,0.04845110311704515,0.019795839791132863,0.04053535327230229,0.019795839840766716,0.04357092409346297,0.04179624040612473
2014-09,-0.0600704506309131,0.0,-0.060070450768117456,0.07273521233299696,0.0,,,,-0.01059880789180212,-0.010598810490030308,-0.010598807891790907,-0.016492835469945955,-0.016492835564799413,,,,-0.003726029562755251,-0.009278353588042076,-0.003726019252084267,-0.01121484525879779,-0.011235544984938728,0.015902633092812923,-0.00420239761355945,0.01606370834538362,-0.020868937015552702,-0.010043625746769869,-0.020868993397696434,-0.003567180537233816,-0.013396734465776938,-0.05625785819400919,-0.009865020675451142,-0.05625785827785601,0.012570814483370496,-0.016510935021144313
2014-10,-0.02004875758902469,0.0,-0.013596875648526852,0.024601884578466793,0.0,,,,-0.0007326946707648663,-0.0007326971116368153,-0.0007326946707376658,-0.011235472713526873,-0.011235472764908105,,,,0.010354510723718846,-0.004101425504998035,-0.0013954997599014973,-0.017219826875363275,-0.010841914462049296,-0.08311297201750167,-0.026325686839507423,0.02307764881058527,0.003093122076464727,-0.002540182903305488,-0.004189287442512568,-0.011649263582649616,-0.011486850278296434,-0.012801704301286798,3.643357801474956e-05,-0.008660394213465428,0.0005651419289853798,-0.011238835850384654
2014-11,0.030981879523430456,0.0,-0.030786746525526043,-0.07762408178653601,0.0,,,,0.02758915847426735,0.027589159450465583,0.02758915847426291,0.04088643659931179,0.04088643666650027,,,,0.02276540694022744,0.02821760684714425,0.024239699701411377,0.02702374922597439,0.02543954917574265,-0.0076113902958335755,-0.008356229127527537,0.02929719079712001,0.02973282904230956,0.028987151896260777,0.019271845098451035,0.0178010598425693,0.031166106695550644,0.039551110207340034,0.027286521085678084,0.0011853121724654248,-0.0107623548599588,0.04091005581198326
2014-12,-0.02306984329688999,0.0,0.023174011897411084,0.023514922778164804,0.0,,,,-0.017086479547988698,-0.01708648003066171,-0.017086479547984812,-0.019846178368477907,-0.019846178399395065,,,,-0.0030579602043535603,-0.0013958322526670397,-0.0031651891134720778,-0.004753757469575626,3.017702663110633e-05,-0.011797388579484869,-0.011382896991195657,0.025558864233462097,-0.013473515263484281,-0.0061921013373464895,0.00037922654066746553,-0.00040971958821378607,-0.005936635768584164,-0.02923185998656752,-0.01693197232765664,0.006073783708601788,0.005802907325097806,-0.01984962939877688
2015-01,-0.04980822115319461,0.0,0.04865745932464116,0.05594676931324183,0.0,,,,-0.011116658167350413,-0.011116658277916858,-0.011116658167350413,-0.01947368491988588,-0.019473684925545354,,,,-0.024540180626065222,-0.021601787298019648,-0.024934157433547988,-0.027864565060245816,-0.024945688404634958,-0.0177350753841784,-0.014269721989714212,-0.0069043798767948195,-0.03107789664808258,-0.01896616881345292,-0.01019438792752847,-0.00897444398688263,-0.024097874468210545,-0.04009000411071695,-0.011084041750397122,0.026004294159193364,0.02533989158113603,-0.019476177311467557
2015-02,0.010915951862417117,0.0,-0.010971754403100054,-0.005318988003774838,0.0,,,,0.03988328121649376,0.03988328143333253,0.039883281216493316,0.04516664873327314,0.04516664874182763,,,,0.024813526671342734,0.030096651830081145,0.02462245556061604,0.013445102123007313,0.018081451130921522,-0.0014976660138763531,0.004634649175588423,0.02372141610298173,0.029623263676001654,0.033766811754390336,0.02468894032978497,0.018019865050691086,0.026818031155019684,0.031244475061280808,0.03981884349067499,0.014952550811471399,0.017137883473189452,0.04517072609854056
2015-03,-0.005142979037378148,0.0,0.004767603996313374,0.003133501465724997,0.0,,,,-0.021043673088467107,-0.021043673164382715,-0.021043673088466885,-0.028038407261372855,-0.028038407265411514,,,,-0.011844738150113665,-0.0060953413305616655,0.0018876424988585327,0.01085512397606081,0.00016476028941925236,0.007014412526279434,-0.023466292282993018,0.010157381991805936,-0.014686938280916828,-0.010764301816111876,-0.003127679768456848,-0.0008242103953638447,-0.008695967520045977,-0.015477561096021497,-0.021019009583310377,-0.010065869178060738,-0.014510933162918294,-0.028038621255289664
2015-04,-0.004952273761597237,0.0,0.0044727367188888145,0.011398005614127626,0.0,,,,0.015225804921619401,0.015225804950875554,0.015225804921619401,0.011372557019692753,0.011372557020272067,,,,0.015398399810875985,-0.0034603327823300445,-0.01948201683107542,-0.013330830864844323,0.005111045571689177,-0.056903959899587964,-0.03130226534394687,-0.04733181765854233,0.014336131659743012,0.0023039519080696458,-0.008335153382635685,-0.0009941081584550204,0.007869221410951699,0.00756328418024288,0.01521727064132783,0.013665355664788104,0.01535772752918274,0.011372885080219497
2015-05,0.0014543291864925756,0.0,-0.002016853004767505,-0.0034144326226500654,0.0,,,,0.014930815455220792,0.014930815465497682,0.014930815455221014,0.015927937953887028,0.01592793795408709,,,,0.020375850105728954,0.010252606069217851,0.026252006333134847,0.0076668235787267225,0.01482784547448901,-0.019484825395349348,-0.01876243712881731,-0.011278679276676473,0.020142916375537556,0.012955112287882375,0.02358318097752088,0.011191893510285267,0.0174783656913704,0.012773391013122026,0.014927851129319158,0.010787402081265718,0.010817518398009263,0.01592808030052395
2015-06,0.03949693156945955,0.0,-0.03972684587988817,-0.049972510416490756,0.0,,,,-0.02199470927020497,-0.021994709276265234,-0.021994709270205193,-0.010479118562694678,-0.010479118562766176,,,,0.017184800418504897,0.03522402116800527,0.019456979800904772,0.05107622062965089,0.03990707340973665,0.02550621488559135,-0.024519997659167903,-0.05761055087794542,0.014999415406261152,0.01768149209113279,-0.001280256303315186,0.01483380792927913,0.0214219422771873,0.007310552541389903,-0.021992856192531107,-0.04154848991800009,-0.03318497471102255,-0.010479133169548849
2015-07,0.024792795847280225,-0.009217843167909634,-0.025438156839285186,0.0077327263436430815,0.022022032270532454,,,,0.03482047014280942,0.03482047014916967,0.03482047014280942,-0.003937074758700643,-0.003937074758714076,,,,0.037405298650855956,0.030695819942771596,0.03870215588611492,0.015069083602771816,0.025758874786543373,-0.002897278573097406,-0.020824706264518267,0.02140304705665841,0.043576524995559085,0.03303537153613911,0.032413961077460085,0.012209047855090027,0.020875155401900214,0.048673408551156205,0.03183074464486024,0.011368146081990771,0.0012401166477797876,0.00476536595253596
2015-08,-0.054671012007551645,-0.06018854382587158,0.052658493345860036,-0.011168310070691856,-0.0301897241525525,,,,-0.041006300935891526,-0.03848529661909106,-0.041006300935891526,-0.019948883660474204,-0.025596420303552025,,,,-0.03263021271902944,-0.023052392114796927,-0.031355169201902955,-0.012616949583200254,-0.020509680007910758,-0.016477982385526557,-0.015725430828098408,-0.021197274045945957,-0.04720008652304919,-0.034556065175406325,-0.022502621021211477,-0.016876831329260544,-0.026417816510844516,-0.0712919448093472,-0.05751691482666632,0.003884784196946711,-0.023637228294025592,-0.038995619357594435
2015-09,0.0035161664936151915,0.0,-0.003715566598934572,-0.011614746845861501,0.0,,,,-0.007027711842960804,-0.008050006061398385,-0.007027711842960804,-0.00539590607549334,0.0,,,,-0.005415460986124332,-0.008328851434974638,-0.0076169499848758315,-0.00890181995252437,-0.012460777320711824,0.007092639440618997,-0.015666481380134156,-0.0065595465695105215,-0.004980479486876077,-0.008442090616493703,-0.00854353634177396,-0.011060837856317174,-0.01037106217746997,-0.0028888057440272785,-0.008068716208519011,-0.0077760001772329,-0.00965405598516711,0.0
2015-10,0.08105448037450835,0.18014726264421754,-0.07572243148134472,0.009534675642259405,0.016127710111565774,,,,0.03819716935063333,0.024031743295387153,0.03819716935063333,0.0005365062164366385,0.016389717662129488,,,,0.01456545226498318,0.020538246815916317,0.020970356898097897,0.032855322278994015,0.02915661751648657,0.05417264143478406,-0.032199256743797866,0.047117532504211024,0.036322916383161985,0.0413338525349114,0.0057689029333023445,0.024878674161756598,0.030885833327909173,0.08146737930904147,0.08487432206561851,-0.02164378431832592,0.0049498422444207435,0.017906296869697913
2015-11,0.04195569472507321,0.0789237091926176,-0.057745880525853166,0.04252602401204153,0.04112955138268304,,,,0.003110896956819653,0.003445646360116683,0.003110896956819653,0.0049929941882724815,0.005812292840916111,,,,0.007631412375331825,0.0005356447410687082,-0.008558179775167374,-0.01206652650041884,0.0026342515723460913,0.014042601406088151,0.011108663009587127,-0.030427016978830435,0.015131101717154705,0.014367087772966691,-0.02224746960818258,0.0004728380481238137,0.011270087418874697,0.02834595217243585,0.0364381738594326,-0.038359165448859645,0.02261016255555215,0.01855998350702559
2015-12,0.017362484177861903,0.0189839887645582,0.017420653818498,0.01376700876676562,0.014248792226942308,,,,-0.00845324813286763,-0.009091590800835547,-0.00845324813286763,-0.016146597240047522,-0.017796543639134965,,,,0.0021086595075938686,0.001398406711229816,0.011347318631491854,0.0014754791027800085,-0.0011893487982165274,0.005714386112907643,0.03581780170350002,-0.014266278664601506,0.005394527892707446,0.006333798447825112,0.01332367000594692,0.0014976633167462783,-0.00037728622787991384,0.008948119140952615,0.009755697216111248,0.00964625366986005,0.0008949530957276242,0.0009995673361216095
2016-01,-0.013229955310781194,-0.013764089248779143,-0.013155928253590687,-0.009947081468288821,-0.01006414643189768,,,,-0.03925213718345333,-0.03673621704855612,-0.0627469922438123,-0.03122838425879959,-0.025357709679580287,,,,-0.02683007682273697,-0.019512121034908736,-0.05357946907588573,-0.03217724469375971,-0.025429080725203557,0.03293430202506897,0.0070685756861867954,0.020283733959335803,-0.03396656198138459,-0.030925606692713048,-0.06536674716867907,-0.03618391025214285,-0.029666645956103466,-0.037538258549164816,-0.03626350033240999,-0.0554686805862562,-0.0307802197948277,-0.026921819832987248
2016-02,0.020925733183764894,0.021381217372831163,0.020911236601063088,0.020905558501872923,0.021071975882236638,,,,-0.005346776975821088,0.0,0.005099718091102767,0.008908860280943065,0.0,,,,-0.0037138114674923894,-0.0033080182076073994,0.0011989528880398392,0.007723967875767235,-0.010723358136366046,-0.004615437834422864,-0.04491086147427703,3.6877075724195407e-06,0.00020477267472318594,0.006329510429119889,0.007573545608182908,0.011821949487962558,0.00013481378053525894,0.010832735360266188,0.019234343924490638,0.01700877454277272,0.019439761982275483,0.020147499264988156
2016-03,-0.008694267493285945,-0.00886378441262492,-0.008657471935248351,-0.01319885666339149,-0.013289271497294863,,,,0.03064779966503517,0.020790242228483358,-0.009875458978181872,-0.0010538777004514,0.014148510495878508,,,,0.03450144748883743,0.02440117723353863,-0.004062188913503517,0.00699651316531158,0.022061099841785392,-0.019666185750311205,-0.013175465069983017,0.00010997543233504103,0.031746208991552116,0.019812056220099628,-0.00878811025128523,0.0020217557334643033,0.012684276767845004,0.016621005730349303,0.0030956672140856067,-0.013251531665422145,-0.00968869931399019,-0.005553865795592916
2016-04,0.037708244939716584,0.038271002138198895,0.03764530428999291,0.04689282208570611,0.04713983614099693,,,,-0.025984637449488424,-0.02996930661974362,-0.01830754298229431,-0.0059368040124615495,-0.009537872897692479,,,,0.019076484168714547,0.03321027713439895,0.018669631774285822,0.016823911620104326,0.019449590799330174,-0.010520548659526008,0.01736188265260763,0.004108277003700422,0.015295085730932856,0.02815412921164695,0.018792315092281964,0.02087042475944223,0.020815770852531612,0.0013630355421729856,0.005707526876008062,0.007110856633077756,0.02021932177652519,0.021735498124304975
2016-05,0.08277727051217587,0.08314988100012499,0.08270484509111031,0.0818014161245657,0.08186794007296827,,,,0.0348939627997098,0.009768690985936468,-0.02478486250459422,-0.018476768785511744,0.006431142468143802,,,,-0.018973845694584268,-0.037136289059260585,-0.041265728679186986,-0.0416543446803086,-0.037579477963353036,0.03359487093414715,-0.053889155407599865,-0.008016033172204451,0.013137070289301223,-0.0007121748776235393,-0.014044505136280638,-0.008467758021962646,0.0011731272113419955,0.07958863125141247,0.07512348559023652,0.03280569657002652,0.04957530627092832,0.07571547782122945
2016-06,0.06026765195126105,0.060344682708607156,0.06018304406297803,0.061756033311348935,0.06177157548876866,,,,-0.02244462342562248,-0.039286334089712494,-0.022551215083829068,-0.008959471812819197,-0.01339990013445469,,,,-0.02453339069994276,-0.032981419262296585,-0.013911030218132558,-0.013975319544413334,-0.007542280040137128,0.006376327440532847,0.062056274522652055,0.027417056258317363,0.00018299290321510675,6.910537423698848e-05,0.013975441194923777,0.025973081786919705,0.029944172598113772,0.03915556946308385,0.04442141777078956,0.03872355410232231,0.052301215687772684,0.05529671561356486
2016-07,-0.001403084718922476,-0.0014035083869516907,-0.0014023800685917243,-0.0019583219552132825,-0.0019584330549912154,,,,0.03172170276552033,0.033756474048612484,-0.0025762587857915964,0.02791205088991444,0.050621324389203304,,,,0.03002409719614585,0.016449542236074643,-0.02101728998688457,-0.013368274009360692,0.010213204940551002,0.008532882290354538,-0.00829748306114253,-0.01841597135676254,0.029992040763969774,0.021019009094604302,-0.016520876209552227,-0.00519764754862051,0.014176206622132259,0.019497713330568933,0.02000088335942185,-0.002607141825511916,0.006623852848980372,0.009875269266711673
2016-08,-0.015416811123505902,-0.01542114572570441,-0.01541314491731327,-0.015122772274233531,-0.015123520509998434,,,,0.005422484897899871,0.005756514397866619,0.00539425488484313,0.014672224011587742,0.018291698468396733,,,,0.007592587318493216,0.008751556559019713,0.033579785714826116,0.03354128307116411,0.02818604602077679,0.04970153012722278,-0.018245060796700185,0.05267125565061925,0.0017927049094927927,0.0020137914994635686,0.019256265943511375,0.015507563335424024,0.011994124798132333,-0.009209451561094761,-0.009440398552418183,-0.009242475135009531,-0.010740288962604705,-0.010965622283691134
2016-09,0.012856676517800869,0.012859573764885335,0.012856684401223006,0.00654694985656068,0.006547186823162132,,,,0.019656452111522338,0.020289562766587554,0.019581923281660973,0.028801149624089195,0.030292500385525,,,,-0.0020280856353281917,-0.005008024284931301,0.011937937209776095,0.006051598790169921,0.004372117122304786,0.002471744557919875,-0.034712695501621704,-0.009255809228839174,0.007753141834548005,0.006606232080114349,0.01970187716777616,0.014594157158268617,0.013440388443500373,0.02426028121287671,0.02468649003299861,0.024584806103197465,0.021568483713072517,0.02176941769253471
2016-10,0.06276106889619104,0.06277091625431197,0.06275808442073472,0.03318616797461882,0.03318727581109715,,,,-0.012320528883558501,-0.012445272057469592,-0.012279310659969456,-0.010713700447135599,-0.010792006206608029,,,,0.016963388519478206,0.025029650765542977,0.030960261774810816,0.03832108477432117,0.03242004214393912,0.008982706627064907,0.05079453494165076,0.014147085058800135,0.02194996286719908,0.028429115829717855,0.03382893210442206,0.03085187315688409,0.025940943291939744,0.028821984231429898,0.02907618458339689,0.028979544574676552,0.00896519935614215,0.008988095341059932
2016-11,0.019104562456919272,0.019105353197747865,0.01910337874410395,0.02041527888157524,0.020415392420016554,,,,0.00025083513795332024,0.00020904643757346797,0.00030167365196720475,-0.019774766769972585,-0.01986934869078405,,,,-0.01396077161644238,-0.014254217020056137,-0.0027811315626327104,-0.04722874326230164,-0.050073171607124545,-0.010320130364771196,-0.06328937829246262,0.08897729930945508,-0.004933796517152866,-0.003427179540880121,0.005228052413809747,-0.033524977190600325,-0.03489425113837885,0.013073089523770287,0.013084357422917803,0.013080274571313444,0.0008058943807947028,0.0007939129379981313
2016-12,0.11286036325432125,0.11286344040951457,0.11285764198003356,0.11926757518477249,0.11926820000035399,,,,0.005038489018418968,0.005056062482415635,0.005045509339620002,-0.006851814210778406,-0.006885322345742573,,,,0.01679732111110388,-0.00044329634570627885,-0.014784859170988707,-0.006526253110051394,0.0035243095623638254,-0.030073801853538584,-0.03839943187480599,-0.007924089786838784,0.036938530190543606,0.028188760095662513,0.0184733212688184,0.0324373554363222,0.037818861718843966,0.07624003598216467,0.07635645272394243,0.07626309964751798,0.08940126645787427,0.08951242711314666
2017-01,0.0046708272735227485,0.004670877449336475,0.004670894321534558,0.002292639490290682,0.002292645435565621,,,,0.05236342925948456,0.052452256368638484,0.05234037120693169,0.06802470001321526,0.06812124849683743,,,,0.05349510679532732,0.058034075299439714,0.06647641259266068,0.05077853730706394,0.055156485538234934,-0.032418181361063336,-0.026514748804578714,-0.04278333684232649,0.055481974622721975,0.05834226910680251,0.06871713556313153,0.05653607476334521,0.05832892803854217,0.03563860821474463,0.03566074136765662,0.03562692563884684,0.036831621624079824,0.036852760225782655
2017-02,0.02390249609650774,0.023902550270906042,0.02390244656845164,0.023356394630055455,0.02335640423446539,,,,0.06263981539366692,0.06270049496442942,0.06259307069284792,0.07169471553945228,0.07175060958810109,,,,0.03672322789379012,0.04254544615480782,0.04073455598539644,0.04122692582276777,0.03988321410208928,-0.02225316016858514,-0.016102179260778726,0.028376794430672314,0.05419862109588203,0.060783405888327646,0.06049809873231027,0.06286667141230073,0.060612845626946354,0.0547853309982691,0.054798997900186386,0.054776970251954715,0.05624091409707743,0.056251601990593425
2017-03,-0.011024861770129513,-0.011024877984168846,-0.011024839962446742,-0.01312381153181863,-0.013123814821865531,,,,0.0259969978890624,0.026008234693341237,0.025987177040757148,0.02755435350714963,0.027563720575102035,,,,0.024364608357727136,0.02644614478125651,0.003856172008307679,0.01689728715790939,0.016523792195145104,-0.031514542020088965,-0.03599325976776069,-0.034089367552711414,0.022459405636627627,0.024188408919506132,0.007880945711675524,0.016443375358843992,0.01594359226642994,0.008076362023701433,0.00807819082657435,0.008077036123132597,0.006630146068260956,0.006631165096846914
2017-04,0.025331441054984305,0.025331460467994837,0.025331433216013277,0.019060340475764992,0.019060343425758797,,,,0.04455481939134476,0.04456107097883,0.044553956131915706,0.033213788670412914,0.03321610931082031,,,,0.04793002604633467,0.04922288996654833,0.04943553693820735,0.04549420625520728,0.04528477661428143,0.008608465181099145,-0.03344341908173132,-0.0008723397999543803,0.0566271171345758,0.05781110268326062,0.058527850318379704,0.049644329309117774,0.04935937144245517,0.05229359513239196,0.052297365096781734,0.05229474132830991,0.040286190701803726,0.04028785999494833
2017-05,0.09827191454085837,0.09827197134158872,0.09827185725618648,0.10838171944667563,0.10838173289196673,,,,0.0310090165810184,0.03101047033139781,0.031007942111681563,0.03235351574643475,0.03235455099033446,,,,0.022457302075186147,0.022551811293992197,0.022645459466720252,0.02243788519032508,0.02241773167803074,0.0027199751564495056,0.010572129238163086,-0.007898801163645719,0.051788992206456275,0.05214460792231557,0.05223684605565704,0.057998995081105065,0.05787891002900469,0.09556178138924087,0.09556501055285871,0.09555982473731439,0.10350504833783125,0.1035078990568632
2017-06,0.012553416216930291,0.012553420418651928,0.012553408577831382,0.013201614544409823,0.013201615476639672,,,,-0.01965060464925683,-0.01965094117874011,-0.019650160083021784,-0.020069051083363654,-0.020069310417947572,,,,0.008878460096537477,0.008952171180630186,0.00893370512661451,0.001058854005607568,0.0010547852110081024,-0.007052664741422299,0.012824235550473295,0.0032747777511950016,0.003251006705982773,0.0032833837220453965,0.0032919944316496252,-0.0026030637311637017,-0.0026060709881476907,-0.007141973857042405,-0.007141973556852976,-0.007141822624922356,-0.007237543330001928,-0.007237575910169158
2017-07,0.023642160689064662,0.023642162882873574,0.02364215956058957,0.01832701790483382,0.018327018251850458,,,,0.020821440106055578,0.02082162530144749,0.02082142678136245,0.014906421372556267,0.014906490184473098,,,,0.03329044116332813,0.033348407698113425,0.033362388217662575,0.021396472640257347,0.02139101668345833,-0.05023306934510463,-0.016213741702148954,0.03686598910794037,0.036262901497815525,0.0363100954985609,0.03633593622811038,0.0246124961321863,0.02460474206584995,0.03326222712991367,0.03326241434304378,0.03326226247320552,0.023840126629872893,0.023840205453652175
2017-08,0.04665739053655926,0.04665739225108512,0.0466573887277566,0.05982689341337277,0.05982689405655206,,,,0.011087714047786745,0.01108772007802683,0.011087734005486016,-5.581279934496752e-05,-5.5841459287164774e-05,,,,0.03619199406518292,0.03623490996991707,0.03621673824810201,0.03594669041811516,0.035941116314567534,-0.0020518484302746165,-0.005201144935499169,0.009964962300429203,0.043403120560383535,0.04343708303358951,0.04343838367856101,0.041712801878390326,0.04170462981118561,0.04246155355771486,0.04246165076421593,0.042461530266895586,0.03993861559350953,0.039938692169072976
2017-09,-0.011152746596031271,-0.011152746964305571,-0.011152745935185115,-0.025604235669743902,-0.025604235823322608,,,,-0.0010454871283664957,-0.0010454960664503243,-0.0010454804800645867,-0.0013140869014789391,-0.0013140940963802805,,,,0.011205343641612853,0.01121238523286694,0.011215257619758612,-0.00323891480016969,-0.0032386008915361586,-0.022889001035487078,-0.032098490121833745,0.02051448156543567,0.00420185890214908,0.004202469964845745,0.004203481319968727,-0.009276031710711008,-0.009274878922791774,-0.008403249419167702,-0.008403267155484118,-0.008403237275029785,-0.018085559938754714,-0.018085582273188128
2017-10,0.04289987389659067,0.042899874384774606,0.042899873576722536,0.037117044059348014,0.037117044157442214,,,,0.05599742918697359,0.05599754544761071,0.05599740984795787,0.0591457584176589,0.059145825471289104,,,,0.026020486095448492,0.026027741734606424,0.02602822811806549,0.02783937180978846,0.02783815123987865,-0.013953786612987074,0.004286242100344229,0.021276908889343638,0.04551789441947518,0.04552778578137073,0.045532493997033185,0.045147526064381216,0.04514499617418721,0.06500165968584559,0.06500171061550009,0.06500167208279595,0.06292384270809737,0.06292387236231933
2017-11,0.06368910363369018,0.06368910408505801,0.06368910314669973,0.07311989673557906,0.07311989685764253,,,,0.014427637745963562,0.014427644163895526,0.014427629230439942,0.014568958463558435,0.014568963098940513,,,,0.005604567160067742,0.0030647998309942803,0.0056041098797934286,-0.003207599585920873,-0.001094564229086159,-0.05042867396559869,-0.03808343374237377,0.0478622108790292,0.02679840967531355,0.02502085999104109,0.026801480751703854,0.022654401887283626,0.024079841064905017,0.05455897316758018,0.05455899502188899,0.054558961734588296,0.058181849932184226,0.05818186777359258
2017-12,0.0528850183235845,0.052885018538274764,0.05288501801990053,0.05674102180205631,0.05674102185021401,,,,0.004502940688456247,0.004502942715036928,0.004502940053213722,-0.0006959304319603676,-0.0006959304562408342,,,,0.007980050431373398,0.00011001750691441714,0.007980805517094014,0.003612379672905952,0.004009428505712842,-0.008227132252451752,-0.02049622009507246,0.013781250465919381,0.020662041749301974,0.015893953964173813,0.02066373128075316,0.017734018571540888,0.0176437355801371,0.03839300123824674,0.03839300964539061,0.038392995596728374,0.03596003355137989,0.035960039634118646
2018-01,-0.02149369435086479,-0.021493694372183403,-0.021493694332533453,-0.013552859642740556,-0.013552859645282966,,,,0.08827893526220798,0.08827895501812355,0.08827892078305033,0.08964366887816544,0.08964368152479718,,,,0.08372218530451092,0.08151320767274584,0.08372469770688706,0.0934756864851849,0.09132027695585898,-0.018896156621977966,0.02352705059330007,0.030991591676789776,0.07251831894765348,0.06984273892982729,0.07252037425902258,0.07877243733201311,0.07744620786837464,0.035345856913990836,0.03534585979467009,0.03534585491883546,0.042583642504362196,0.04258364501973766
2018-02,0.003378197075991629,0.0033781970741075806,0.003378197081427059,0.003176679341781785,0.0031766793420087147,,,,-0.0625439436701869,-0.0625439512831546,-0.06254393326706464,-0.08352320002799696,-0.08352320602618046,,,,-0.0538038771479622,-0.06462693449338786,-0.05380436247110898,-0.07264692401722517,-0.07015488472302567,0.03062333484769142,-0.016938342871991474,-0.02832816728216092,-0.05619227425829276,-0.06308117092005183,-0.056193193340478564,-0.07325559897363199,-0.07143846198273796,-0.04178852267856936,-0.04178852538205302,-0.04178852150000023,-0.05779311551665889,-0.05779311760601291
2018-03,-0.03952899771040774,-0.035230502980144074,-0.039528997709592395,-0.012817710655800951,-0.012817710657375248,,,,-0.014688769649358502,-0.014688769925145562,-0.014688769582810846,-0.015183661493192502,-0.015183661643758839,,,,-0.027688624929726458,-0.012818378250880058,-0.027716335430980288,-0.008016342662335862,-0.014595430088653383,0.025672046980431462,0.008739157779552809,0.04305158946626353,-0.029742434900448034,-0.018525476953649145,-0.029762772738774812,-0.01162466892428149,-0.016334465545332022,-0.029777455493186333,-0.02779464863514647,-0.029777455833295385,-0.01801541050731692,-0.018015410623933636
2018-04,0.03992763994749993,0.018638781726182385,0.03992763995060167,-0.0005937798326191013,-0.0005937798326880461,,,,0.000859151666615876,0.0008591516871581106,0.0008591516894009832,-0.0008727488169794073,-0.000872748823937064,,,,0.0096424869412981,-0.001768034030359189,-0.00444137773758535,-0.011552421499105181,0.00025087036188042866,-0.018080118849024163,0.029024354319643342,-0.023816928383905034,0.013407601190848828,0.001831959917479642,0.003183408270386767,-0.008664032666446442,-0.00013413655830252225,0.021144949909870814,0.009063343938537027,0.021144950187140132,-0.0009787422577928195,-0.0009787422631895026
2018-05,-0.030388970164867524,-0.021851722825771303,-0.03038897016427955,-0.03822162821856234,-0.047527130916565685,,,,0.020714289111557038,0.020714289305935107,0.02071428912306028,0.025738023839081192,0.02573802403194092,,,,0.01083618621196547,0.001033133350866633,0.0057666262157904935,0.0045845244251223605,0.01014241714839681,0.014534510733409167,-0.0010767687641121126,-0.004489171258774349,0.00784404656074944,0.002807424315140139,0.003925329743111217,0.005906685045346194,0.008199605122725773,-0.0012675268001024476,0.005873903287579196,-0.0012675267736949047,0.007675852303614672,0.003146089100433347
2018-06,-0.03540779582225495,0.0,-0.03540779582271425,0.0316716095424705,0.0,,,,0.001200769261533674,0.0012007692921001123,0.001200769276855862,0.002535315523405357,0.002535315564970775,,,,0.015138561057913336,0.0015933976894000335,-0.019662967161673595,-0.009045622918051333,0.00863377666572318,-0.02015730517161385,0.0009009643883748364,-0.037947514114086034,0.005280543745129762,0.0015104525473383923,-0.0222631292018296,9.733036766323977e-06,0.006886318705181971,-0.020199544368623257,0.0007742236687322546,-0.02019954439429783,0.018584933340609844,0.0016624724215112963
2018-07,0.0437910780082138,0.0,0.04379107800871229,-0.03383323890981371,0.0,,,,0.018663963325733057,0.018663963422746344,0.018663963347507417,0.005333853077651662,0.005333853097483798,,,,-0.00816786035623418,-0.030696267428185542,-0.009553488001623589,-0.04711526793220833,-0.03634324110169418,0.0005844423327763248,0.11380234853802351,0.06484292613106546,0.008130331130719926,-0.016224150144070415,0.00930424267454355,-0.03825295774113102,-0.024254563322126943,0.04522020002772198,0.016740312885812125,0.04522020015585482,-0.011989448058754015,0.004756208833316178
2018-08,-0.01233928404357476,0.0,-0.012339284043459187,-0.024628750437155955,0.0,,,,0.04855926275280553,0.04855926283725931,0.048559262721741936,0.035645359597885395,0.03564535964507476,,,,0.03138544643334917,0.017172633954137595,0.011966202823145311,0.002356178548476917,0.015604894296992855,0.0014566937066209373,-0.009079508651610668,0.034806342104806154,0.032883730042664316,0.026248799513413523,0.019222265230020907,0.00938479565770689,0.021806350599042457,0.024310472495529867,0.04647340640870601,0.0243104725065868,0.02060872644431533,0.03430734244962186
2018-09,-0.009211440928582615,0.0,-0.009211440928563297,0.023430952809468275,0.006379156453686363,,,,-0.00314095493597244,-0.003140954944883423,-0.0031409549224713507,-0.012027392575103546,-0.012027392590743702,,,,-0.0023952976209674626,0.013279468951993056,0.012975927158654477,0.005925456110675853,0.014856808256620058,0.03281123818894538,0.02098665529658139,0.03404516748693753,-0.003999562448705141,0.01069780268272491,0.0075496194466413424,0.00570011904959955,0.010726420514050039,-0.010546329101528529,-0.002864784991512437,-0.010546329101466134,0.0007229184838781766,-0.008840927355954209
2018-10,-0.013483777825918253,0.0,0.0024834307148275947,0.01968913505933667,0.0,,,,-0.08231809297801251,-0.08975730863496012,-0.08231809296188819,-0.048966026687897624,-0.04896602670455963,,,,-0.03226458355625683,-0.05143752547436098,-0.04022009474302901,-0.05713954349738992,-0.05924267001913919,-0.06078536652424227,0.05582639885971585,-0.049588297204604004,-0.04957926116231659,-0.07011732222511324,-0.05398837949029056,-0.05943278629656601,-0.061885628424332206,-0.06168370365211995,-0.08859378041406918,-0.05549936969568392,-0.03927373811462831,-0.0480159681097867
2018-11,-0.10924885483627489,0.0,0.11688130973701782,0.16576856459583822,0.0,,,,0.0005677459880060187,-0.00684905866458263,0.0005677459883755009,-0.014044719362524827,-0.010946409949485147,,,,0.005561349388065295,0.01032543921665341,0.026533094704007443,-0.0005200088256883673,-0.004943937420209932,0.011965831293643259,-0.010680362951690614,0.01808886588955816,-0.015920915287020776,0.005142658069917649,0.046716152518720966,0.02952180794027548,-0.0065588070701932955,-0.05421701256540956,-0.006833789590653949,0.057986871384930305,0.09839914252204385,-0.010353306310407318
2018-12,-0.0008141776212069463,0.0,0.0001868676653355994,0.0002426113332616442,0.0,,,,-0.02509333773343214,0.0,-0.034662013528762414,0.022253822704813464,0.0,,,,-0.020845785714587506,-0.027381624837618634,-0.04370912904661273,-0.03372179143284393,-0.02265761198696359,-0.001034528728098949,-0.007538728776167236,-0.003964881143450505,-0.020894345642652135,-0.02119437700307647,-0.04125338995191352,-0.017173522867017676,-0.01907428804748157,-0.016338416568566494,0.0,-0.024959220978590713,0.009554174469373011,0.0
2019-01,-0.009587658485983086,0.0,0.009413864047198572,0.00831335456709903,0.0,,,,0.02495019251840369,0.0,-0.005882052799349946,-0.01611284197292051,0.01589813950520047,,,,0.025575131012332664,-0.012763480964202434,-0.03557281030717774,-0.03331260343016784,-0.011611777914456778,-0.03498654925915201,0.011100899444809187,0.006452115357567845,0.022414717679407614,-0.010482559915589329,-0.021785508912125606,-0.023135463899252473,-0.005095920268576082,0.010247237466094461,0.0,0.00279450478918708,-0.0026358443034688595,0.007960854475215884
2019-02,0.02270506730275823,0.0,-0.022836784728834436,-0.029906209093129132,0.0,,,,0.012475111466932143,0.012359255286269688,0.012453277728770473,0.008665295796527417,0.01734421548480647,,,,0.005356238448179784,8.111915882325071e-05,-0.004997740470202183,0.0102569626673632,0.015522980626335947,0.009048438929701197,-0.004584510309671885,-0.009267993138859731,0.012019042454056716,0.00249216199834823,-0.006780023136786606,-0.0019302268553780255,0.013231742639386423,0.02334693591943826,0.007325443291615441,-0.007049576371586541,-0.018161958851035,0.008649525123328727
2019-03,0.016858141384517245,0.0,-0.01712737990551616,-0.004190483128418632,0.0,,,,0.025071881432984666,0.007417989878186537,0.025007603786910693,0.018880912467726718,0.029779447781999924,,,,0.0016930542902797718,-0.008784430570368262,-0.0013012502215886679,0.0020455415065263605,0.012011073283975326,0.00660018881000779,0.004636045624726526,0.025802580911742812,0.011481237704197511,-0.003742453340267571,0.001843153960069177,0.004788253422497002,0.012997055116765965,0.02852370259013637,0.0061829702101556805,0.0045911702515530894,0.007334308794932687,0.014913470828422426
2019-04,0.0806178039218548,0.00561000637749598,-0.07865688257617276,0.0,0.0,,,,0.044268256123623395,0.06221986364369281,0.04394786784758753,0.05956566637815475,0.08095521770341563,,,,0.05282497674597497,0.09902775408245756,0.11470293705763912,0.12133549675066724,0.09799528345758124,0.04218618571245436,-0.001754310179434393,0.07154563077364418,0.06869072978232227,0.08332653393817324,0.06577597323839135,0.09351821698513074,0.07818680779516174,0.08095117363378224,0.05203176370677198,-0.031263636762693725,0.036833122727715883,0.03930513319457085
2019-05,0.08999270720704633,0.2400994668707992,-0.06997087099853361,0.09070032269942674,0.10061740168082611,,,,-0.0601355895951482,-0.0683553425007346,-0.05995988402473296,-0.06248214444719524,-0.07052588759266265,,,,-0.06307423358649755,-0.04842142289792917,-0.019751206565980062,0.003520597027668382,-0.03485228456802725,0.025266989046192734,-0.03019286456726633,-0.0016823469813637137,-0.03479113073685147,-0.016309040555505083,-0.061124975441014806,0.008264968343491663,-0.022418777178801808,0.031789575552163774,0.056586327016449944,-0.09098012836341907,-0.00026279435952325514,0.005273650549919573
2019-06,0.04567403843815665,0.050967746149438886,0.04424465200898764,0.06909021192389542,0.071861546765001,,,,0.03694529220133114,0.03806670172909432,0.03696356522032218,0.03722437308055859,0.03822573089467873,,,,0.05092131984122217,0.02906935103362218,0.006758391128116603,-0.00450897749490331,0.03245902478102347,-0.0048803845114581135,0.0011841363322346865,0.010727781742047027,0.06427829157363729,0.05432314569190844,0.035674023775057684,0.03592276060324506,0.06585255132140966,0.07080527289545735,0.08134754134111732,0.0523993124182609,0.09222985066175249,0.09709282307428735
2019-07,-0.012594120788391505,-0.01349242975442455,-0.011918095752407432,-0.01668037696130642,-0.01701580189539098,,,,0.011260151181206934,0.011491739698238801,0.01125801661277559,0.017637096845084965,0.017963907053754946,,,,-0.0029477737407708204,-0.01111284671989532,-0.02428099653635729,-0.014271726056446887,-0.011702299671868532,-0.01598937875675399,-0.001986038250564759,-0.03774189460449073,-0.003313625947888421,-0.009075522475352038,-0.018243099394753215,-0.01145824528731898,-0.009182036102845403,-0.0027452061034680675,-0.0027213453627051853,-0.002779830028784347,-0.0033599494167457777,-0.0033048810145160923
2019-08,-0.004702963993701403,-0.004781777557570255,-0.004608256237044972,-0.007913484173951324,-0.007966659951315513,,,,-0.015782424313599552,-0.01596856315087669,-0.038099967832362136,-0.0211312203846582,-0.02126181073911304,,,,-0.009266679886205331,-0.006821948872354655,0.011930292649087182,0.005931407909083974,0.003067486802558639,0.020162911135880313,-0.009199366543444887,0.008254302067213004,-0.011482952712826178,-0.010326870128025467,-0.007749465176278392,-0.0059045423805446084,-0.007149437964511063,-0.013452458075959961,-0.013995627023936419,-0.029771221945083526,-0.019733054747508416,-0.019891416006691975
2019-09,-0.028189103663645132,-0.028963611804798117,-0.02809827182638014,-0.021011131582146625,-0.02113773998102597,,,,0.0005634497780226955,0.0005697455419053643,0.0006421080813370228,-0.006037321338888901,-0.006047719090022774,,,,-0.0021096366290807023,-0.019997402751527504,-0.036416444866148145,-0.027279293747469402,-0.018136789381346663,-0.030362317298310737,0.02275842556710317,-0.008433209970664213,-0.007189219115067869,-0.020958434754195343,-0.03323284930850667,-0.026464698322835045,-0.021325942886074478,-0.019215311492229437,-0.019510356647616467,-0.018369059319658376,-0.021669222688015743,-0.021782569471632485
2019-10,0.024117499909449336,0.024362941798630633,0.024267400837702402,0.0,0.0,,,,0.02554641521039569,0.025580731113838517,0.025593130689255617,-0.0031563603605154755,-0.0031715434623614813,,,,0.040362866479642046,0.04165857134317119,-0.013423906757920046,-0.005831858761806696,0.008532097665123084,-0.03995644582055302,0.0511410572879063,-0.03485647902608713,0.041356299986117895,0.042372080329662554,0.006390590071166713,-0.004983321242483574,0.004779678832492751,0.03691467297710038,0.037201412434751946,0.03658682072296893,-0.001357181988245748,-0.001371681191838947
2019-11,-0.02536535441043619,-0.02900141524522193,-0.025353861028858837,-0.044622058540181087,-0.035351129390602365,,,,0.03418651502644354,0.03422252552059324,0.03407648717421141,0.04898713294570367,0.04903078122957982,,,,0.027813336916937326,0.03224750182770575,0.0035479879977267093,0.04638479713053956,0.04584031876065153,0.012140016268783693,-0.010874367483737712,0.01595058231512092,0.020888806046765573,0.022189701259771377,0.00415978953164875,0.03577405008087475,0.03760057213929535,0.0015885853019568241,-0.0011776045501722399,0.0015998719060454913,0.013644332449234131,0.018803663930736292
2019-12,-0.013112188548654813,0.0,-0.013127421590201194,0.01525566823204505,0.0,,,,0.04186003817635986,0.041881906235128774,0.04180823772383624,0.0482635700000682,0.04827639593088451,,,,0.04335171955953121,0.048362070170631544,0.033249901720660446,0.05674682201347081,0.056111800259658784,-0.02114620456768701,0.00397834173838052,-0.025879936093550437,0.03653779962098458,0.045164960729229264,0.031238863963512387,0.05760840721306426,0.054518261170823035,0.01570374001886754,0.029736123759308564,0.015668794451525248,0.05250481099771398,0.04439058459100509
2020-01,0.05951418942999487,-0.021015687988041987,0.05951250798744501,-0.03789606685964353,-0.015112763176677313,,,,0.04412922584388368,0.044149030453899174,0.04399704138062255,0.04980290329440318,0.04981542888525059,,,,0.060525273557113346,0.06511636036886048,0.06773651976379291,0.0821167484944072,0.08186586519896966,0.03356612163256201,-0.02737095382062138,-0.06610235033380185,0.07167864210721331,0.05542783602954704,0.08286218913366405,0.06821419123039152,0.07366891738225712,0.07402835623514381,0.022278581297039857,0.07365987659202511,0.021778063120398983,0.04009233160400716
2020-02,-0.015313189185515497,-0.012245412721612059,-0.015310988565897854,-0.025040097586991217,-0.026388516992481792,,,,-0.04154815560180225,-0.04154871863846432,-0.04152567765513693,-0.04181197112408985,-0.04181239567034223,,,,-0.03758443287944635,-0.03802349002888061,-0.03745152170420596,-0.021115693630949783,-0.021124701322034034,0.054427777427487056,-0.021826059595901226,-0.05151458117341623,-0.04323752477735676,-0.04280430740216634,-0.04325373703563984,-0.029981107010993546,-0.02999597188634906,-0.041393855220762554,-0.03991764879621562,-0.041368525863456296,-0.04256107080530358,-0.04282972046967659
2020-03,-0.08407363216068997,0.0,-0.08407254042600742,-0.02294685081973047,0.0,,,,-0.012192026163403424,-0.019011676795595678,-0.02711611382761092,-0.01980933955450681,-0.010670400827102355,,,,-0.027835965386709627,-0.013474788156384032,-0.04277738693048072,-0.004773292399223861,-0.007293206399909935,0.008845310718013977,0.01490286900981519,-0.007315093767742642,-0.03378575288418961,-0.01536954301361837,-0.04707640910341837,-0.012058733694667367,-0.008563518400776182,-0.045893037950365145,-0.018020979292708295,-0.05507009562466858,-0.025153883559578483,-0.010327236088226055
2020-04,0.017327347221713696,0.0,0.01732764591384872,-0.009411968568239115,0.0,,,,0.013357604202246076,0.01006481938365833,0.013453463963096324,0.0014068640968605273,0.006332300334654928,,,,0.01728274642796479,0.011553481342252203,-0.004494895596894644,-0.007575139020662203,0.00889372639049113,0.006759206317693112,0.000229340177925641,-0.016333567361508705,0.01828812700322424,0.01128170299822262,0.004794833101249285,-0.005721382589305657,0.008219281729064942,0.018152579713488715,0.009593165727870279,0.019200559001115503,-0.001182102769204163,0.006106661427307314
2020-05,0.007024150615716929,0.031982294689886004,0.007024129903311138,-0.015745821886615552,-0.016775495481348268,,,,0.011378877815396482,0.013098663904191898,0.011380460449794905,0.009717112201680145,0.01170485246137809,,,,0.010523196950086522,0.012134112311086298,0.010120870719801056,0.003461122976531339,0.010823074855861092,-0.0026324353949669366,0.01635091890239493,-0.002424890014774417,0.011063520708730623,0.015393099111882691,0.011405046688753417,0.0034569649033040495,0.00871085756853307,0.01071684277161511,0.01966660044551638,0.011210958308286667,0.0024829349845951754,0.0028961598612970985
2020-06,-0.003884574223388504,-0.005645707772597097,0.0017173800121708105,-0.0017968356838833355,-0.0016871889244960414,,,,0.017741892466464293,0.01999199534668139,0.017696306681294738,0.021497135676069146,0.025168862804661574,,,,0.007648219386937827,0.018199601799705034,0.01659483066469236,0.01641374640185589,0.020351377718503372,0.04139203608985631,0.008435109750963399,-0.03822028321722415,0.008056094636274436,0.017353845931492584,0.01609170313688324,0.017463600363086806,0.020882749973834436,0.007701312292565321,0.01269079571288878,0.01164293580523057,0.015467154574521524,0.018089175932023194
2020-07,0.05813263478080466,0.08899951368641235,-0.05199454182707641,0.04922878077062243,0.0508253850252145,,,,0.027027370726672384,0.029134050326341754,0.026985406005400447,0.030400486677353955,0.03309146054810985,,,,0.037722361569150875,0.04099198135718485,0.022847010076410434,0.021146577567789704,0.034759396994157976,0.01802505000096999,-0.043504126377459484,-0.019363018125043818,0.04336979464081159,0.05110001404490583,0.010443539348529818,0.030984972870579996,0.04100723329593858,0.04966826726680229,0.06512495973118426,-0.015441011157357298,0.0448262553624974,0.04821571809703862
2020-08,0.005342257420236862,0.006019274392155216,0.005384440262087065,0.01048276241818158,0.010629370347343015,,,,0.05251132637949141,0.0544809189651938,0.05244812488037098,0.05552269037540403,0.057576591933679255,,,,0.08510674904129778,0.09995537207611571,0.0859054000507411,0.09687214566083457,0.09835289568326866,0.024693568929540888,0.0035082871112597225,-0.02793989562990329,0.0702646485324383,0.07934235370690024,0.07666405970819579,0.08040292561920559,0.08159379276138967,0.03224410323051541,0.03572362234655402,0.03743739806046431,0.04416230188457737,0.045458855502537476
2020-09,-0.017429197277515462,-0.019438685332645256,-0.017222720170274486,-0.03469539370840646,-0.03491444124628207,,,,-0.03351728758900474,-0.03457259013345981,-0.03344061381784391,-0.03917248117667915,-0.040304916202576146,,,,-0.03267355470191069,-0.038853191830319544,-0.03683300663547462,-0.0502620249170872,-0.050976136760700896,-0.007238738593931648,0.012536104571720275,0.006384261401964464,-0.0346637488553293,-0.040335257659724566,-0.0407540505947942,-0.052045464874408975,-0.05273415066849685,-0.030301535548077463,-0.03333156643533619,-0.03406826600200652,-0.04527678695189108,-0.046203348228393004
2020-10,0.0639089277552074,0.06592922241519594,0.06364542289801034,0.08031877212004845,0.08044316800499396,,,,-0.012438960377811448,-0.012471627310998823,-0.012437859191677503,-0.011295351768630724,-0.011334033437416458,,,,-0.03456699066275559,-0.034277493363057965,-0.0173449071534163,-0.035755023635626215,-0.03578235236219662,0.03050421730117403,-0.027895853248379954,-0.03040678876562508,-0.012972033675115346,-0.012184206226214411,-0.0006161287153193529,-0.010759026786327563,-0.010769547955710945,0.026093702425132204,0.02666871975986318,0.026959698796889198,0.032220727206228705,0.03236307314890419
2020-11,0.08842888675237193,0.08966614781090021,0.08756875391326258,0.09750508803819935,0.09756765789806465,,,,0.040642561286968304,0.040784129905726774,0.04064326158230025,0.024680265961960934,0.02476344489863891,,,,0.05799735256178584,0.05126511715825388,0.02645234013195763,0.01323606465861249,0.02294913132265619,-0.027289750843415117,0.03783419446998981,0.02557117207637427,0.0688650523935872,0.06488157856978094,0.048058890318786185,0.03633697673076619,0.043454461168407565,0.07610938414441382,0.0768911729558519,0.07708748272251498,0.07251651497891776,0.07265774354439603
2020-12,0.053820636836607205,0.05397339205984153,0.05368426571919227,0.05480080795952946,0.05480717727630058,,,,0.02490699980234301,0.024953274405306036,0.02490586650047555,0.029242097980573645,0.029306502440662907,,,,0.022206650291865415,0.023035664013061563,0.021369984580103862,0.011632891120887612,0.01209447759843485,0.011214923254907472,-0.013623400255370344,-0.011586626556520985,0.04089141739246416,0.04244794109593286,0.040584233635231115,0.03689463411285154,0.0380280111866369,0.054933510736939084,0.05515263812027005,0.055158154752879884,0.05915192702855787,0.05919687657032102
2021-01,0.03230622504520597,0.03239181059207752,0.032191896240697515,0.032831200066780974,0.03283527724603785,,,,0.0050565372866768765,0.005068552997413711,0.005056191195126125,0.0060909212104864885,0.006105331549702386,,,,-0.018911108583022584,-0.033218508380607914,-0.014210981832627034,-0.014033762113815684,-0.01622876482486657,0.03011418439577951,-0.04583171777737027,-0.03018060110693188,-0.0018816614891781214,-0.010750101670009782,0.002307836039779465,0.006597146732913117,0.005821003310524597,0.02641538754986561,0.026507359181435985,0.026484250280486732,0.02805314589744512,0.028071992410016122
2021-02,0.0295084303158335,0.029535288912956092,0.029482135206654547,0.029677214689751708,0.029678335037656378,,,,-0.006846580573186434,-0.0068448469036268555,-0.006846468791941507,-0.007837611626366092,-0.007836043215323052,,,,0.014847822288357237,0.014014047842734856,-0.005225109829372299,0.004330461366925498,0.012328843782105636,-0.06040156518693818,-0.04571077957086633,0.04675877502448644,0.017380311685238237,0.016665937074068937,0.004586523181631552,0.011496634080022439,0.01616384638742896,0.018101023800308536,0.01812631068438586,0.01812943316054305,0.017919107503460596,0.01792339977742352
2021-03,0.024796854212665975,0.024808893204866678,0.024788191125715286,0.02487417662361313,0.02487463566542991,,,,0.0026631636665654934,0.0026611459619845235,0.002663266260328312,-0.012280506458199447,-0.012283009467873751,,,,0.028943367928713215,0.023184046382782153,0.030931591339968145,0.021466605485058965,0.02593446419938017,-0.017871247384878552,0.008630050688282376,0.012325912511040427,0.0273504730001648,0.023611183228376742,0.028379293162197117,0.017934122578612488,0.02067089338040695,0.01951772581854505,0.019524321814081924,0.019527962527563947,0.010457023944792754,0.010457723448970446
2021-04,-0.0035377562813538876,-0.0035406202592909164,-0.003533407580643133,-0.012185177417038617,-0.012185376368518686,,,,0.020806041676237452,0.020807700439399834,0.020806035832920733,0.0217654241341394,0.021768379036938068,,,,0.0395581467578483,0.04264136919829431,0.041001783569868167,0.047795511919740186,0.04735582112613246,-0.013939182334259836,0.027943263156888554,0.016904993020584014,0.032118631877314785,0.03399386689590411,0.03287411967549758,0.03309986041334034,0.03273788346535267,0.012906118227036023,0.012909750350798,0.01291176533085081,0.003985774778694218,0.003986065864387545
2021-05,-0.04641929637260955,-0.04642551835741415,-0.04641871873274561,-0.03151959535384796,-0.03151977799673389,,,,-0.009605905930987313,-0.009606864097767454,-0.00960587715249095,-0.007646484997043901,-0.007647237770546322,,,,-0.004981573069877787,-0.012335536969814154,-0.0052222445802387885,0.002286425586178753,0.00228308789079823,0.010849716935541709,-0.041860075045651146,0.03066962137147966,-0.019817336911557626,-0.025058211357128823,-0.020186497194381037,-0.010937768353682875,-0.010860697083497017,-0.03731938782759037,-0.03732540112928373,-0.03732803459055267,-0.027234648318244403,-0.027235577422608404
2021-06,-0.0037100685425865976,-0.005673383378532959,-0.003710083604883563,-0.0068929427136775745,-0.006892966028214764,,,,0.04252142417133986,0.04252243819127077,0.04252140716381447,0.07130413704558736,0.07130780560416872,,,,0.009661412205530073,-0.00627937178677862,0.009767237215004831,-0.0029834693399558576,-0.002978592124083468,-0.0019296573254025118,-0.011624223828020086,-0.04204578376302459,0.015444000833138904,0.00502734242516234,0.015546563528016755,0.012140864422623965,0.012096690813804267,0.019571639906110994,0.018131761191370943,0.019573432707617133,0.03360502071611404,0.033605759230372456
2021-07,0.030494245058096947,0.009286065604544591,0.03049431505180733,0.009625733581066331,0.007667328223462944,,,,0.026522026444390834,0.026522467866226807,0.02652200620090195,0.03463007139324392,0.03463094962448321,,,,0.020647764750986175,0.016892085957706415,0.02076516184908095,0.010662592501524015,0.014369430445920095,-0.027645376026531387,0.03474311654159079,0.0027741639025296028,0.029163183831985906,0.021209369925407007,0.029264482901680156,0.019682285867231863,0.02166379754500536,0.03427554046181003,0.02054325804044166,0.03427701440590791,0.029008033932031774,0.026917253687090525
2021-08,0.01702625163552063,0.02070971637903085,0.017026164908955588,0.006009680270915085,0.006261549502569297,,,,0.043472488231117046,0.04347272078264042,0.04347248128859249,0.0466841157904998,0.046684371418719506,,,,0.007704577955563785,0.010163540013466532,0.007719476939490599,0.010033835586641615,0.00868787219104683,0.05199638261642847,0.00010876244037372196,-0.015971065206547008,0.021846386890905123,0.02497984247018392,0.021881148007022233,0.023023515301060282,0.02186229889479585,0.038325011551799903,0.04326957829339828,0.038325856537950065,0.041933798348177787,0.04140492971616361
2021-09,-0.009025286105592278,-0.009718363169991973,-0.009025272638978898,-0.006450283056982142,-0.006589799142562303,,,,-0.053389973034628446,-0.0533900826996343,-0.05338997039279003,-0.03855694409540156,-0.03855702790671689,,,,-0.03231592555386531,-0.038266978758631276,-0.032365261085505526,-0.02970531165663781,-0.028783623624326404,0.02791708625272471,-0.034963373013999766,-0.026598313844024446,-0.03980726096482601,-0.04599595897707098,-0.03984289212054937,-0.03707352686564769,-0.0358090213731429,-0.03744656782940958,-0.03898536660415686,-0.037446884148913506,-0.033796249203475015,-0.033633310218402546
2021-10,0.053673911399125585,0.025191359344509,0.05367387690739078,0.03993870555581802,0.04049829021649898,,,,0.04585355827087301,0.045853591673219674,0.04585355856166262,0.03496089608451092,0.034960931365077164,,,,0.052417188474181975,0.07172986130848535,0.0506516385976048,0.09748943438301638,0.10364786529977943,0.11106655638592278,-0.06029888121997884,-0.05660549816532823,0.061645847420771505,0.06771009425744667,0.06036618074266742,0.08584498548386099,0.08631972920466735,0.059913989311629834,0.04548773916374782,0.05991425135886397,0.04289032295151052,0.042798401554793974
2021-11,-0.010483717379666913,-0.011201334471204083,-0.010483709096338,-0.013442214633846983,-0.013455274549607377,,,,0.010688801135974035,0.010688807883195928,0.010688801178522,0.015311690509399511,0.01531170556724848,,,,-0.012794419876541174,-0.015121392154997526,-0.013017324639678973,-0.013595558451846457,-0.004094260629929569,0.008149559802479,-0.028678818643064985,-0.01235304703612139,-0.0098088938098152,-0.010662193662916764,-0.00994621154763975,-0.009226928002867285,-0.0023953986135296645,0.0001640152066413325,0.00036468658949972976,0.00016402261590919842,0.0017447474794907158,0.0017330216380984087
2021-12,-0.033025660310835314,-0.04486725132862446,-0.033025656597308606,-0.021187957466591523,-0.021219782439165336,,,,0.0008162522222994184,0.0008162506510114298,0.000816252346165447,-0.010644830842287178,-0.010644835185410817,,,,0.028088546307113438,0.007465535008088331,0.016566142463229516,-0.029050266610808673,-0.003904623402058549,-0.014909720798914172,0.02734748735814252,0.0339648053493542,0.012899071384329552,-0.006002711931721194,0.004545262800914385,-0.028079730224687793,-0.012290014786847436,-0.01681857606713577,-0.021745442448926844,-0.016818599415036828,-0.01789274965520604,-0.017882625619117798
2022-01,-0.03918339325663123,0.0,-0.053397708338327576,-0.016772013269767294,0.0,,,,-0.0364019075138311,-0.03772943033983367,-0.03640190744915972,-0.032899894436455024,-0.03122950608590458,,,,0.004325794295993557,0.001027335553459574,-0.008216409057335117,0.008436853183042547,0.010946057689058097,-0.0349115482417498,0.03562455285923538,0.02684206304192238,-0.01627810364940563,-0.013174217898741847,-0.027670002848636632,-0.013159033451431434,-0.007660584800364134,-0.04410041598062464,-0.029527090268250178,-0.051072866058989974,-0.03287011026129605,-0.025169294577292223
2022-02,0.028834020090488854,0.0,-0.028862983384024044,-0.04105062001150306,0.0,,,,-0.014841879799799784,0.0,-0.014841879832991567,0.009885993587984698,0.0,,,,-0.03043474636574961,-0.012195043367228542,-0.014727736935500224,0.03464316123270983,-0.0019179695135208563,-0.0062909096344636595,0.03344846724374406,0.037093986364507225,-0.019093553957159393,-0.008739505718435292,-0.01911258449468256,0.01936489112805595,-0.0014080420305121466,0.0038141275201828417,0.0,-0.02502460761105796,-0.008113111561299458,0.0
2022-03,0.008508862084057212,0.0,-0.009133354189155729,-0.012924659697765128,0.0,,,,0.01095291027970191,0.0,0.010952910279313555,-0.006686714932238158,0.0028280339051343084,,,,0.026304949465346006,0.035914444837368276,0.026008397890214807,0.010490041488723678,0.032084874303939026,0.03593160380855731,-0.015264787861446472,0.005918229732919444,0.021999401070848856,0.03016880992908022,0.02054931525665138,-9.957581048691821e-05,0.022010758287844823,0.010988475714256651,0.0,0.0031045335717612144,-0.01180647619391817,0.001940618569640451
2022-04,-0.027691425836633754,0.0,0.027951466306455508,0.007336166842977221,0.0,,,,-0.041600054235350514,0.0,-0.03458511056605984,0.016963845466756444,-0.00891007115203768,,,,-0.027747948330074212,-0.042493956129526333,-0.044819126857327474,-0.03296485357038037,-0.03368033577090779,-0.03334960990435987,0.001034672423776417,-0.005661559252627457,-0.03398169144723573,-0.036654119824940046,-0.0391448061361277,-0.014977849466562332,-0.024395998125774865,-0.03976064853222683,0.0,-0.011289364932195456,0.014909809902722948,-0.005801800127662293
2022-05,-0.037611128696210416,0.0,0.03696060244447508,0.05811292864636797,0.0,,,,-0.003404021081018449,0.0,0.0032599255370995284,0.010186326567137804,0.0,,,,-0.010666938499467093,-0.025062982872636086,-0.016199716580836965,-0.011500013324644232,-0.011310243755611626,-0.011706956786179168,-0.028250295515753865,-0.004920439633369522,-0.014712254503610023,-0.023796879011146355,-0.0012940800885202774,0.013135571434550464,-0.007534146474640124,-0.020153689710996403,0.0,0.040314446323295616,0.038280565121812105,0.0
2022-06,-0.05570042436437439,0.0,0.05731963798065176,0.03878626256623452,0.0,,,,-0.02389810385516944,0.0,0.023837379037402906,0.014170351936302561,0.0,,,,-0.04321956641635605,-0.01936827524685547,-0.036189812516700615,-0.010655850802209765,-0.012755088719241914,0.0013183697607908051,0.02541868142040027,-0.04804030540026849,-0.04614083074020181,-0.01749407770285638,0.011760991110735919,0.013377171069108185,-0.00851338602391738,-0.04587367393538988,0.0,0.0599265729416707,0.032245653547407604,0.0
2022-07,0.022298678593269727,0.0,-0.022300963559686582,-0.02665245612624323,0.0,,,,0.03654616020143253,0.0,-0.03578996681598012,-0.026853219267296002,0.0,,,,0.03636914577979433,0.0008653978140242824,-0.006256928410104612,-0.03571936747154292,0.0,0.04362326408370243,-0.0038164641439940583,0.01182981428499219,0.036273812647110715,0.0005769318760162623,-0.02841990625769586,-0.03710975507684833,0.0,0.03232993680086871,0.0,-0.03483060714418795,-0.030664783965279274,0.0
2022-08,-0.026437254597657667,0.0,0.02641444427071926,0.03236042355540514,0.0,,,,-0.023317308105469725,0.0,0.023043928072765008,-0.014398399456926447,-0.014007701077638712,,,,-0.02543753222096934,-0.018816206572219607,-0.053454087075593626,-0.0258689081625727,-0.02675316044557763,-0.015480419523118516,0.038082232643186664,-0.03061304074341409,-0.027546280057548667,-0.012535949105074495,-0.018007030763135146,-0.009471537897806637,-0.02018864516111929,-0.028321643809961827,0.0,0.029740073339582285,0.014028735060142905,-0.006980085309711281
2022-09,-0.0027369558526700866,0.0,0.0014508147611174138,0.0015658529631250584,0.0,,,,-0.03818290983600925,0.0,0.0384921635366553,0.04599690639906484,0.0,,,,-0.03582435445830845,-0.007613173115416649,0.05965797929835981,0.06070126089699368,0.004831234554324437,0.042080773065723553,-0.022558711591411096,-0.026481337089259704,-0.03178029292749496,-0.005075163433126639,0.05899812419659001,0.04713579731405537,0.0032211447691004036,-0.02240146621841077,0.0,0.02203870564021093,0.021391746797303046,0.0
2022-10,0.014527299082344403,0.0,-0.014849589238002503,-0.008992710917294477,0.0,,,,0.015039847363295777,0.0,-0.015828572385329864,-0.024508419271176973,0.0,,,,-0.00010963593711843522,0.0,0.0035125204908101892,-0.003084337563135864,0.0,0.0678612848064819,-0.09251932078190672,0.11280262936449281,0.005318938080728142,0.0,-0.006015846069252873,-0.008795572595877266,0.0,0.015798964890977762,0.0,-0.016486868849885372,-0.01728959841643063,0.0
2022-11,-0.041055808450577436,0.0,0.03804119407550899,0.024376014780785438,0.0,,,,0.01500751754070806,0.0,-0.0158255952523354,-0.011087971364535432,0.0,,,,0.015170096849211223,0.026027052282594054,0.010401318207535759,0.0017352862882507036,0.011614745168070595,0.002982971844996074,-0.019578165239336753,0.008924238631540016,0.006921633585254661,0.017320890718630855,0.010274746739784568,0.0025562135751895365,0.007741893609248152,-0.011225941617341584,0.0,0.009232483167411765,0.0039445458348637,0.0
2022-12,-0.005823591249268456,0.0,0.005503512011449718,0.00398003953116377,0.0,,,,-0.028176665290369995,0.0,0.028490766725491445,0.01953917088428181,0.0,,,,-0.025194980622610053,-0.014115920949393401,0.011893508357780913,0.01762623947426256,-0.022610908767557336,0.005184213725081932,-0.04995361185315117,0.004766170692069416,-0.02367965461439192,-0.009337173990821013,0.017207749186239907,0.017694027829368242,-0.015075741905467344,-0.018501241529021217,0.0,0.01849018904311417,0.014189684130214486,0.0
2023-01,0.0867191683271138,0.002308726682048068,-0.08103788415705715,-0.07232128095346269,0.0011674947121729229,,,,0.04823665644308317,0.004803342701610536,-0.046844884481218485,-0.03877455202097313,0.0,,,,0.04263498519004494,0.02168380787080726,-0.08678547747869103,-0.039354504138827795,-0.011817971731816979,-0.04144248078270718,-0.06507115777478878,-0.04751124622006031,0.05734897002631745,0.015888493366719603,-0.09311372824247877,-0.05217603422138939,-0.007660450584252798,0.07682295445076592,0.0036184013754232414,-0.07241385848937543,-0.060754291368292246,0.000587028627627495
2023-02,0.0017921586758877783,0.007868985634146064,-0.002945630050748438,-0.0023877441601224403,-0.002223793421216813,,,,0.0007593828378997802,0.017297209667846758,-0.0016565440884458438,0.0,0.0,,,,0.013804826167981954,-0.029385791235562175,-0.030683008701239967,-0.01377514765864496,-0.008953230176071747,-0.05770725285462375,0.011790457526891673,-0.047441371139673394,0.008936256350293492,-0.01942211933798832,-0.02039854342425451,-0.010334901807221297,-0.006310754117852202,0.0005627323393835315,0.0051635333185025,-0.0014822793871390738,-0.0014509993875485572,-0.0010628690734932889
2023-03,0.03207548832021989,-0.013363737571315482,-0.03360670553647038,0.02837795205324123,0.03285984525909402,,,,0.046063403498179945,0.0564326438906928,-0.044952672282072226,-0.004028611752374456,0.02364270090358689,,,,0.019148832689871886,0.026221499377310664,-0.03175438251882867,-0.004306312000145751,0.008870462562672543,-0.0022556442761935136,0.004508955582932961,-0.008015858658940722,0.033309244305884445,0.02792970082125823,-0.04439905519309706,0.0016401207532299455,0.015363003313979995,0.047905278673451734,0.026377052169900272,-0.04740940125947801,0.013581761855517627,0.028342765863175856
2023-04,0.004500655681042964,0.007354037153903814,-0.004846707089219526,0.0074454750709207485,0.008285206665420208,,,,0.004967196954540176,0.005142812608391001,-0.008716116367806337,0.003175173554861521,0.003135344056719891,,,,0.022118894100322528,0.05188964309863975,0.01759715678912066,0.04314608672930653,0.03833587321493348,0.05500594235494982,-0.028988226437783315,0.05927313720446392,0.01808234927851826,0.040147213592443,0.008004310808281456,0.030689208201090334,0.027529412401197773,0.006125997223635604,0.008001167787687669,-0.007685138583912066,0.005938177397649902,0.005938177397649902
2023-05,-0.01115301532253421,-0.01614870877232144,0.010721114650452668,-0.02000063362309301,-0.02204406858143315,,,,0.05080050055085095,0.05280423148541913,0.05055861346742718,0.07465248561863858,0.08575636313559665,,,,0.007343016797214608,-0.011681112344268163,-0.02977951664666445,-0.036321878318787415,-0.015073295254411367,-0.011205970978556468,-0.07898598286373848,-0.07024190877222114,0.013278236319854697,0.0005723569605762258,-0.00306364166469153,-0.008639609881492372,0.006737624121975427,0.022054493798968622,0.02513194903894811,0.038498534838315335,0.048552818964407995,0.052866466199961826
2023-06,0.028713101712189548,0.031719434378871814,0.035353154165663314,-0.002440688535817803,-0.0025708448802608252,,,,0.038366308558563045,0.03923111861776052,0.0377917473872762,0.045289149642061544,0.046972154501679464,,,,0.06110158517845288,0.07234959772763605,0.02980688733432868,0.06646800426123933,0.06298110787441558,-0.04154202900459336,-0.020114608752144103,-0.005645555649789413,0.06108850825340717,0.07056048084752153,0.044600679604843485,0.06179559626104281,0.05921566166775616,0.044894792247751836,0.04896382689631773,0.049602566526811165,0.037057526163152055,0.03893104445565698
2023-07,-0.012155882946224161,-0.013005746969147136,-0.012145832456715855,-0.01863508497272981,-0.018992814254147783,,,,0.027203984850096896,0.027441356670899975,0.02692609729588913,0.02879465695446748,0.02911828304715902,,,,0.027666894117798213,0.030458035936167027,0.027640227622952818,0.03198139418475332,0.03118765659121281,0.03376454382413874,0.032015320942236025,0.010996371865988896,0.0240466596655875,0.026085387875709687,0.024424184661304915,0.028639485784311747,0.028100661789160597,0.010761882302799508,0.011279915553563669,0.010764326351549114,0.015668245801594427,0.01591450960447527
2023-08,-0.04690202860998571,-0.049293668622756304,-0.04689159203906401,-0.03295558517973407,-0.03329455088989974,,,,-0.013125323516004594,-0.0132656249914882,-0.012981421872758414,-0.01878115328894414,-0.018943516121897708,,,,0.009058030619345514,0.008952593024183608,0.017121876382418355,0.009794644491210702,0.009720370929675815,-0.01527047473581522,-0.028389425238319665,0.02839575692995866,-0.007923734569198038,-0.008771469994456216,-0.0028783040962615525,-0.0035342991826683434,-0.0034669877203765687,-0.0386963087119957,-0.04005179360584543,-0.038826755230433,-0.02861578653350516,-0.028874634489369888
2023-09,0.010855405338697999,0.011009428575741387,0.01085697286513665,0.007218578912720375,0.007174151155943775,,,,-0.03284980934777748,-0.03290980351967132,-0.03282457242272896,-0.04163791270647377,-0.04175224775809849,,,,-0.020610381797291355,-0.020823353292391045,-0.02978843593654068,-0.02986346646507798,-0.02973740890397636,0.01865813359966917,-0.0015273256534474866,-0.02421318578183529,-0.0205012472803473,-0.020731047578966932,-0.02782972075122636,-0.03393148790648348,-0.033722985501627334,-0.014549041954384334,-0.014669371261686437,-0.0145713312152852,-0.033452876251974684,-0.03360610111312479
2023-10,0.08948881731181557,0.09005931374039644,0.08948670723690388,0.08138291935495245,0.0909665396081969,,,,-0.015470954049880081,-0.015481604370373159,-0.01545806407619843,0.0,0.0,,,,-0.036648128130208235,-0.04028615744741715,-0.03248708334201267,-0.013292811210850464,-0.012313216559301954,0.037187114810806055,-0.016963785688658417,0.0073374193386170905,-0.01026681725734413,-0.012744605435262013,-0.004907299572313395,0.0008661290146088074,0.0026135687647903527,0.042687516749780885,0.04283969623779815,0.04271585018010615,0.04044276691621618,0.04380744785108792
2023-11,0.016543005242969366,0.016570649825213835,0.016540893475138985,0.03067608070459915,0.0312531228524322,,,,0.05531928510798112,0.05534462569565157,0.05532380168690043,0.04011247850860622,0.040173155413737005,,,,0.04812047259905006,0.03674393600664483,0.05459241526735492,0.015283089282976059,0.01727955494366662,-0.013461499074403194,0.04728918756649514,0.009287238750505855,0.05183369904926982,0.04382391436271993,0.0574527744683202,0.03219918801788957,0.03355738821093546,0.04564592846343141,0.045715763935681775,0.04564333589862546,0.051524740688276616,0.051437800925739685
2023-12,0.024526529209809578,0.024558916096770522,0.024524866283542224,0.03513504953634339,0.035361755166295694,,,,0.039653089828431964,0.03966315321817415,0.0396457061268678,0.06761857378381886,0.06767004317331637,,,,0.018181571008762054,0.01941385169735388,0.01976322578807288,0.02628671077984901,0.02611961311809896,0.013792412977696289,0.03274924640398691,-0.0154005227495001,0.030211802691378464,0.03174057864149327,0.03258635651676145,0.05100917514377823,0.05072521516952011,0.04131503552273186,0.04135404675479615,0.04131057868495924,0.06185219702744038,0.06183605301873851
2024-01,0.004514316906359728,0.004518318956174383,0.004514352921051845,0.0020862079894539143,0.002098638725896551,,,,0.012174354512770158,0.012174826739511424,0.01217975441507435,0.011519355151717647,0.01151517032105831,,,,0.03165147410502778,0.054658158466320605,0.028164321353206345,0.10305486845652734,0.08353499401820796,-0.050322697042537,-0.08443110027609935,0.10983459557856623,0.02756519744213559,0.04395742348859333,0.025175707975723993,0.0735990768656507,0.06035485128808227,0.011249151995931905,0.01125338295280276,0.011250914582582983,0.009504241121159884,0.009498754176289426
2024-02,0.08822712966980317,0.08825219613889423,0.08822626064424743,0.08456175305725955,0.08464021080563278,,,,0.036816808039633386,0.036818905131452695,0.036814312573797636,0.0398669096446258,0.03986990971505833,,,,0.0771385240320197,0.07623832897932759,0.07305470750955667,0.08599001655995897,0.09368082352634066,0.0636264326971665,0.06751142432868296,0.014501686742250053,0.08680584083601595,0.0879086129818476,0.08610518928851829,0.09634981272051024,0.09867109322176804,0.08371313609021414,0.08373072799259917,0.08371262047840156,0.08154605395514625,0.08154334432236188
2024-03,0.02070735192640427,0.020709440543733137,0.020707154849129328,0.022411261228330925,0.02241944305575183,,,,0.007872246452758747,0.007872426964874224,0.007872063883469282,0.008114373547640996,0.008114589577840725,,,,0.0008470279393442137,0.010424125274535845,0.0009656237843351789,0.011374921238791025,0.010909958126323893,0.01617659924771342,-0.010255966497935143,0.020049267568901685,0.008811471493759937,0.016976703745713362,0.010031716279966796,0.019033431595453898,0.01800536231358607,0.02160169082912433,0.021603722329682773,0.021601144320388288,0.023378914318125332,0.02337951430442886
2024-04,-0.01820681176408867,-0.01820763557699312,-0.018206775477874304,-0.009274251327344052,-0.009275471919874656,,,,-0.030538348521377823,-0.030538726649320225,-0.03053815972003293,-0.041814886747991165,-0.041815466464477535,,,,-0.04099502333004634,-0.050529272166634054,-0.06318437479950334,-0.048495552499794536,-0.034987886774071275,-0.02776090654688379,-0.025721685402700145,-0.0419619165934646,-0.04409777383310198,-0.05110059256674282,-0.06271572778095591,-0.05313344859728597,-0.04108151055164688,-0.03239669815451818,-0.032398126094879465,-0.03239664854993918,-0.03250750127578217,-0.0325073899661511
2024-05,0.018648735232424718,0.018649365320648315,0.018648731464335322,0.014589388276532889,0.014590924156525409,,,,0.03209976053526642,0.03209993828480462,0.03209978708986938,0.015380789352775315,0.01538091864899127,,,,0.01564796346776287,0.01913869602526619,0.010567190054436182,0.0039134339251507555,0.005168191944735945,0.011042962291181624,0.005365109875913099,0.017389502442236138,0.025935834606556796,0.029692302318613972,0.0222406011725218,0.012236831400850967,0.013694129096893715,0.03274544294954951,0.032746195784343346,0.032745579147849924,0.02032120015536143,0.020320909248998653
2024-06,-0.028185044522048064,-0.028185604207322634,-0.028185039799778155,-0.0009640086621023336,-0.0009640424835953842,,,,0.046935133369015114,0.046935296127015746,0.04693497393680368,0.058348573139838766,0.058348898846600106,,,,0.006805035028311979,-0.0035567456402089137,-0.013016494031211967,-0.007477056916227687,-0.0077289969794887,0.0034880271611357205,0.003153287003489824,-0.03332112375547147,0.009626730352909396,0.002491779578322806,-0.005209037749948742,0.013639729062856487,0.01462957908653073,0.011609952985356387,0.011610160670741276,0.011609958943474386,0.03710877102523824,0.03710858531239736
2024-07,0.019220470849296678,0.01922061592159885,0.01922047427775264,-0.008211826138574296,-0.008212388822685934,,,,-0.01263820309116881,-0.01263820751715794,-0.01263817453390248,-0.004642765285751582,-0.004642758593879415,,,,0.052355925114787816,0.0034489426258126343,0.024346934844827306,0.0007266999104464933,0.01757848830616915,-0.011098508667396034,-0.03169172564458811,0.032681775651856704,0.04189324761077806,0.007780922100523169,0.02132978123600493,-0.0030753396119361787,0.007920863713922977,0.005549610993189624,0.005549667791065138,0.005549616113051048,-0.008049968952252295,-0.00804999062812184
2024-08,-0.011670491887870615,-0.011670547224427064,-0.011670492184560066,-0.02006804392652739,-0.021378239991119985,,,,0.0003344969417338195,0.0003344941113168076,0.0003345029747006123,-0.0006473443378893773,-0.000647346605295418,,,,0.025681433188607272,0.024890224261411076,0.0435467499855684,0.022847761573874914,0.022183100669401323,0.03331361700461377,-0.013026041855576098,0.03343676574784271,0.012672726359177489,0.011054619541573718,0.022942474592072326,0.006351899883565215,0.0054138258450715515,-0.008166638505792023,-0.008166673532882252,-0.008166641901973137,-0.01183655189047661,-0.012725713572058428
2024-09,0.012611440543662145,-0.006510480087481452,0.01261144068148301,-0.00474129624990538,0.00026667797828427986,,,,0.009979656428197092,0.00997965791097477,0.009979657179687296,0.011220148958177356,0.011220153326013671,,,,0.02150885112939238,0.02289054341439467,-0.004798008797004427,0.009849770812626835,0.009844778228150552,-0.011827176912468373,-0.022251176436925424,-0.03688688348848257,0.019816998574289313,0.016064453576939197,0.004815670776256331,0.009823012821665644,0.011000721273202396,0.013359816784107803,0.0028493033040233318,0.013359819150742913,0.004221542447525373,0.007410481427140292
2024-10,0.027466173211153633,0.0019598770785569375,0.027466173135788807,0.008001791103018352,0.008358764159527965,,,,-0.005522441371745401,-0.0055224419562762694,-0.005522440971915676,-0.015886166991398776,-0.015886171818782047,,,,-0.00565308498675976,-0.005975301028727897,0.008370567370058701,-0.01735804680255215,-0.01745098769994957,-0.008468919457974233,-0.003231027525802732,-0.00786185244070603,0.0015812343011942787,-0.005133523162547005,0.013035032440892769,-0.015317031800380576,-0.015289908233992233,0.012461232125479116,-0.002990156504960595,0.012461233168043817,-0.006438725080887164,-0.006435692394362924
2024-11,0.06377213870227183,0.06917288990951609,0.06377213743752663,0.07917123779042767,0.08065706736214828,,,,0.035444220910021196,0.03544422507191758,0.03544421909575002,0.05020814122525197,0.05020815290419822,,,,0.05077672225358598,0.05197607137609439,0.06107324435810346,0.062378545883410075,0.06261772058615067,-0.02739361863588119,-0.008701716271448445,0.0019441655084606602,0.059571193325524296,0.061774048311590724,0.07055299459560715,0.08113917048984809,0.0810780414645682,0.06053672668551968,0.06432643202362254,0.060536726659684126,0.0819663301148379,0.081987302291191
2024-12,-0.006326993454903951,-0.006462375403310849,-0.006326993426452154,-0.004416998897197155,-0.004431485748191855,,,,0.0017617765722066636,0.0017617769915758696,0.001761776819760863,0.002903027237126876,0.002903027859842977,,,,-0.0052694758594292734,-0.005265608740632199,-0.005305195809770624,-0.009963476983738673,-0.009973176760573965,-0.025593626428255134,-0.049893647575649513,-0.02686295205804745,-0.00472202251237952,-0.004698839088850493,-0.004674811299424042,-0.006817090687990968,-0.00681999383205556,-0.0027627274049329964,-0.0026849680944602827,-0.0027627274181050154,-0.0010644136690763917,-0.0010634526109882803
2025-01,0.018351670740237136,0.018681019102064544,0.01835167068206589,0.008138769864497464,0.00816683438535648,,,,0.011257637663119047,0.011257637837325696,0.011257637695112344,-0.0009177149967348752,-0.000917715013091458,,,,0.04486537768975607,0.04502507032190817,0.04585578490505737,0.04024082399037354,0.040255553180822856,0.010539112973140252,-0.048069745496041816,0.003945119542161368,0.03631916389075851,0.036506847688527744,0.03702092344497765,0.026596762294206044,0.0265938875286178,0.01732700483528915,0.017504604756267916,0.017327004903262777,0.004392285288269404,0.004392421431227644
2025-02,-0.05434910411171545,-0.05497393016925034,-0.054349104075554044,-0.040641896305611436,-0.04072840111899312,,,,-0.023157970754993262,-0.023157970907920156,-0.02315797056236968,-0.035261266148783776,-0.035261266436151795,,,,0.003675764958898098,0.0011138126675207527,0.003709593622181373,0.01553852889779228,0.015543047809051691,-0.07090112443339336,-0.08809248921312163,0.08901787609662537,-0.01674674624791439,-0.0185987752323592,-0.01697789844755382,-0.011039751538885922,-0.011040344991458562,-0.04570872337802756,-0.045969116731940596,-0.0457087234955601,-0.04634978557279401,-0.04634991487910067
2025-03,-0.006799033584984904,-0.006816660818736442,-0.006799033569252155,-0.011818339049917248,-0.0118364480555323,,,,-0.03811585029494091,-0.021742143652401902,-0.03811585034769749,-0.008137436287331101,0.0,,,,-0.0330328427960781,-0.02470684963717884,-0.033384178917628904,-0.030513263657586553,-0.025570016166425513,-0.025696776713215796,0.006602706521411372,0.003158901309353146,-0.035966109126248424,-0.02499561549350604,-0.036320510797780425,-0.026532939497196373,-0.02003795214437698,-0.02791320555748089,-0.016740417417858366,-0.027913205698046784,-0.0116513033504837,-0.0057902965177518695
2025-04,0.022869878844117952,0.022901263457368426,0.022869878844843372,0.0018892495272904153,0.0018919783829465242,,,,-0.0073619949297970555,0.0,-0.007361994948292039,-0.008802104884526152,0.0,,,,-0.012593751228095917,-0.02291615671088565,-0.012653047874874312,-0.026472643015503228,-0.022188675890428056,0.010901254557520446,0.00417726814945607,-0.012495300558139188,-0.007585371431728771,-0.01072585953180405,-0.007633672902564337,-0.024135200081523367,-0.017444309868942964,0.005473353047651841,0.01847399168907149,0.0054733530322170765,-0.006599782325810266,0.0009493604488854945
2025-05,0.01808738582853997,0.018111675017942197,0.01808738582739955,0.03512909153054511,0.03518404846045575,,,,0.01554728414039297,0.0005217584643186779,0.015547284142597873,-0.001489433578029442,0.0003834003693055088,,,,0.013236610425737538,0.007195734822695199,0.013244068686778965,0.008253419884757252,0.009247669290697313,-0.000855136458981387,-0.012437247656655326,-0.031303436282912656,0.015560524164099698,0.010660221869407849,0.015569436948485782,0.011509243302730177,0.01225669453993028,0.01870272622318181,0.014805128384890898,0.018702726231669242,0.008751664225118416,0.015371218927529684
2025-06,0.010281709204829736,0.010288203933807916,0.01028170920469762,0.010221248147995965,0.010222890911729232,,,,0.0227286708462886,0.04840324843299504,0.022728670843088494,0.022499712899768598,0.03236290383819718,,,,-0.003956733246638033,-0.012495588282617542,-0.003959323454945207,-0.018513189239605543,-0.016778892452516736,-0.014449312523357238,-0.04329351627018796,-0.01837514212571545,0.0041722056309732025,0.0003328459532614403,0.004173574108408351,-0.006386318877745656,-0.006684736421439297,0.02039202019476405,0.030466029005747464,0.020392020198640726,0.021358582174722196,0.023709076387891548
2025-07,0.026796002019085607,0.026809290192570057,0.02679600201787591,0.03333395616187018,0.03333805577046722,,,,0.013590163847311265,0.02421167609895125,0.013590163844400704,0.023926549693791488,0.030999253073587196,,,,0.0032761069004421106,0.009628420097471224,0.0032766571827542723,0.018985907030770965,0.019207345971367973,0.02265342274813653,0.04057821440162068,-0.016836278322874154,0.010329202236601054,0.018477053860940673,0.010332725567105738,0.026857880305148907,0.026856778758721944,0.023036394950802785,0.031318865612883995,0.023036394952970163,0.03576933430126594,0.03875014435809665
2025-08,-0.019912923782697156,-0.019914382248852558,-0.019912923782246517,-0.005737046810221691,-0.005736944349221895,,,,0.0069874711126587385,0.011256486364705331,0.006987471112988031,-0.0013614852896074447,-8.68161050071592e-06,,,,0.027235962421737092,0.00665846668374237,0.027241277857339652,-0.01431366503577669,-0.008407691133674455,-0.02625958258448513,-0.0006365276768386385,0.024577606968861465,0.016303077278779998,0.00048445161674148807,0.016307204107373963,-0.014777198591602536,-0.009442956487352605,-0.008216993302746056,-0.00764988351740592,-0.008216993301145892,-0.003493305629834076,-0.0031430725706593776
2025-09,0.01306307958331443,0.013063977612143729,0.013063079583408133,-0.01081306324158171,-0.01081324293798891,,,,0.0510117778334398,0.05677028925851224,0.05101177783066846,0.05998580461087766,0.061566808834180975,,,,0.016441689071892363,0.01979560134985947,0.01644402467746464,0.01587837855169738,0.01625746566617936,0.029208017803986852,-0.03705250104709412,-0.05272183655123863,0.028505256262994827,0.033640917369846646,0.028509207560724503,0.026926992393664806,0.027190836940898633,0.03483419032388668,0.0363481505842318,0.03483419032525159,0.027782218441651185,0.028005697637591087
2025-10,-0.008105693147443582,-0.008105356467289937,-0.0081056931473098,-0.028702386342228325,-0.02870248570312972,,,,0.0250340478438289,0.025707083300434697,0.025034047843614404,0.02607340977447925,0.026237590931055488,,,,-0.04068025541119413,-0.04436271580412787,-0.04068273457943972,-0.034223347492780554,-0.03498005926083292,0.03102082446252097,0.01110159476440753,-0.03066573482890156,-0.025232925370603287,-0.02667983112459127,-0.025234608038567696,-0.02231673782075172,-0.02272940985541949,0.008260067803193216,0.008563698274035358,0.008260067803862015,-0.0019291383408645002,-0.0019154092290742941
2025-11,-0.044043315482875434,-0.019194178242465276,-0.06606535640359934,0.009395547120333525,0.0,,,,-0.010231696112931399,-0.010420938302195815,-0.010231696112519173,-0.023455677289393684,-0.02351253276338494,,,,0.02037182183763453,-0.0018509827816920454,0.002558510288131588,-0.022820492858271035,-0.010912922166877781,-0.033038335827190624,-0.002706810205730048,0.039693063539120166,-0.003033061930609815,-0.009459409063621305,-0.020353481627604197,-0.01898763870315312,-0.014773943312078042,-0.02938922067494243,-0.015255166531839337,-0.041584673421291796,-0.010524585904095107,-0.014815664180927057
2025-12,-0.006533979874366991,0.0,0.006060980388178816,0.0069961934420970096,0.0,,,,-0.006482692126173806,-0.006517632814373897,-0.00648269212610042,-0.00950448226187528,-0.00951610755724197,,,,0.007253102550089041,-0.007113339024738985,-0.005792663822862809,-0.025392382534291102,-0.01882980570396353,0.011755549690851241,-0.002267799094965217,-0.011218488903591117,0.0005404584692092484,-0.006417156351613107,-0.003705695771762385,-0.016105035047385585,-0.015331453210432944,-0.007445617656382408,-0.004239341884292869,0.0005652486849241356,-0.0012030664433098082,-0.007179892843248381
2026-01,-0.009466189609150244,0.0,0.008784165116312526,-0.009171522242400254,0.0,,,,0.007384336112885137,0.007411492465287495,0.00738433611289202,-0.0025010244277490212,-0.0025015959016930767,,,,-0.020188069019988153,-0.03469627844565959,-0.07405854317867155,-0.07630866589658014,-0.036476268136484746,-0.0243651288591743,-0.010282644804621377,-0.02605983251280497,-0.014163836242389038,-0.020250728763349102,-0.04957817436364376,-0.055196832442419574,-0.025175255605847213,-0.00227000427609525,0.005435141647276875,0.012412934563490019,-0.007828497295724879,-0.0023135819423835136
2026-02,-0.06787470520307293,0.0,0.06976903492137909,0.08607925837638342,0.0,,,,-0.020317542694322177,-0.020367301836958673,-0.02031754269428021,-0.017052762899525287,-0.01706052261429869,,,,-0.006123867369577374,-0.019322247290604277,0.013218893781121954,0.018016849272367574,0.007221841976358778,0.0116681385709545,0.013087330020657761,0.046347494688982804,-0.027883696928794444,-0.020537770754519458,0.03005617094799251,0.03999405552302471,-0.002349987387390673,-0.052050516639414623,-0.016019699272192822,0.03602123395637191,0.048261524050074556,-0.015019351744243403
2026-03,0.0041303531005612015,0.0,-0.00446869376807435,-0.006921130220384875,0.0,,,,-0.029084152383722417,-0.014137400081152829,-0.029084152383726747,0.003388468867072225,-0.010336433832950465,,,,-0.035495720057254765,-0.01830505936768312,-0.015095707488010923,0.03159769928081224,-0.0021397869865880104,-0.001958329785027857,0.0146346236749757,-0.004333673579980268,-0.03161677588295142,-0.018739746062956364,-0.028072229187599995,0.020868360859487067,-0.004451738129358174,-0.012042742217944435,-0.013157700092017444,-0.02948594994073417,-0.005018190673192091,-0.009187571859204824
2026-04,0.02240668974793203,0.0,-0.022285539978043944,-0.01996108013122777,0.0,,,,0.06486490530564448,0.05702860845182811,0.06486490530564426,0.02972416160622382,0.07625958783263376,,,,0.005985213374142706,0.0,0.007883500100610563,-0.014020978772708581,-0.0023361822787856257,0.014258897600346376,-0.011052203497086244,-0.02371837503769514,0.02663594328268082,0.02304763129054277,0.02462027218315077,-0.0093475325570741,0.015348261573445043,0.05204800278603283,0.05424882606406167,0.044817787215786664,0.0023691457900376633,0.05142789660403446
2026-05,-0.015752042777623765,0.0,0.015110790330194579,0.004323793568021594,0.0,,,,0.05305097411719273,0.06699611125460692,0.053050974117181404,0.07811863673315433,0.08960306450684197,,,,0.01423104421806709,0.01142551495843902,0.014735182824733295,-0.016987193420347935,-0.007102105850507967,0.024233108904097245,-0.027939504067401977,-0.015335571795947467,0.021297335942772166,0.035700397731848854,0.03865496119597123,0.015088039968984335,0.02305136322414092,0.026295913139990468,0.0651381335653185,0.06655504711375926,0.06093319084409021,0.0822350687620863
2026-06,-0.06593626183276902,0.0,0.06870919645149964,0.06049592010738092,0.0,,,,-0.00965776839679977,-0.012238267484899201,-0.009657768396796329,-0.01795404763165953,-0.019431391379409746,,,,0.010760935519970927,-0.01591855207411208,-0.0013041419234225415,-0.00824687533034818,-0.0007206723437390705,0.007913699974137822,0.02032917561210912,0.04575620739252728,-0.013558506835356199,-0.013299516011207824,0.019735280366453667,0.007633927328537737,-0.005740229871830871,-0.04010248629698687,-0.011915052658389769,0.048862840221774784,0.026669497997320324,-0.01916610780658301
2026-07,0.017714715455608765,0.0,-0.018294327184349868,-0.02820335186923628,0.0,,,,-0.020889507573469857,-0.021582136443459743,-0.0208895075734703,-0.0156606843679038,-0.01581622187728382,,,,0.006148819065103561,-0.005552180437217946,-0.04443873098142004,1.545978017714056e-05,0.0014099368178579486,-0.029725085377632965,-0.009416544351927736,0.04994822848657754,0.0013473291773073992,-0.01652572117973372,-0.04773446543305726,-0.01904902695142041,-0.008047397655292388,-0.0056346944079460615,-0.02151548741124265,-0.034582184712310005,-0.03560140343717921,-0.01578838487317602
2026-08,0.08658195858185924,-0.01688035526694298,-0.08202671808750583,-0.08387905258810469,-0.00839861882423909,,,,0.013771798713162475,0.014118530412744468,0.013771798713162475,0.006116600837631436,0.006168189601772012,,,,0.016457132959678544,0.000506522671146481,-0.02895662347022454,-0.023956076558732664,-0.006255541449580848,0.003827712029350616,0.01781777654157013,-0.020961104539050535,0.03931022920986993,0.006955093609277485,-0.04420179787221046,-0.04103987895288175,-0.002126229056541473,0.05479417792578145,0.008163294329382786,-0.050350488609726796,-0.05744211838455382,0.002483603725724759
2026-09,0.01816892053506569,0.03149585867528226,-0.01883759477673763,0.012289705196098843,0.02911481138194505,,,,0.022082440954736215,0.02238394869517224,0.022082440954736438,0.004671628379508741,0.0046955357916340645,,,,0.006443467765452793,-0.001926710898792372,-0.04801179087841001,-0.020041050140715555,-0.01564205253935136,-0.06501037531090159,-0.01366620381999839,-0.020440335972808366,0.0189001373366946,0.018101842781926836,-0.03799649912676095,-0.009161182378362165,-0.004541233305436432,0.02485913699709963,0.03470886767740544,-0.001229675730076485,0.012902515833489892,0.017061150458582253
2026-10,0.002092114575513726,0.002930745381996669,-0.002163295985777469,0.0015159753281717148,0.002929660483196983,,,,0.008137782083143197,0.008208962358958738,0.008137782083143197,0.011875468198312422,0.011932196023499486,,,,0.008562545821144685,0.005269089031611829,-0.0017187432780759737,-0.000565267197921604,0.0032263386307052055,-0.004844476898609562,-0.0005027960241829055,0.0017558720048618248,0.009152798454566291,0.007960535661163615,0.0005385668003992095,0.0038789794503655273,0.006408230638426993,0.005647559382268019,0.00666111456030527,0.004350334757931673,0.008248501625600868,0.010134422995211168
