,base|crypto,full|crypto,boost_0.5|crypto,boost_1.0|crypto,boost_1.5|crypto,base|etf_index,full|etf_index,boost_0.5|etf_index,boost_1.0|etf_index,boost_1.5|etf_index,base|commod_fx,full|commod_fx,boost_0.5|commod_fx,boost_1.0|commod_fx,boost_1.5|commod_fx,base|stocks,full|stocks,boost_0.5|stocks,boost_1.0|stocks,boost_1.5|stocks,base|watch18,full|watch18,boost_0.5|watch18,boost_1.0|watch18,boost_1.5|watch18,base|ALL_ex_stocks,full|ALL_ex_stocks,boost_0.5|ALL_ex_stocks,boost_1.0|ALL_ex_stocks,boost_1.5|ALL_ex_stocks,base|ALL,full|ALL,boost_0.5|ALL,boost_1.0|ALL,boost_1.5|ALL
1963-01,,,,,,,,,,,,,,,,0.004177698912867234,0.016711959271990873,0.012927750675832073,0.012090380042978577,0.004177698912867234,,,,,,,,,,,0.004177698912867234,0.016711959271990873,0.012927750675832073,0.012090380042978577,0.004177698912867234
1963-02,,,,,,,,,,,,,,,,0.0005597836654662736,0.0021458787042156757,8.733527974325028e-05,0.004589529556003669,0.0005597836654662736,,,,,,,,,,,0.0005597836654662736,0.0021458787042156757,8.733527974325028e-05,0.004589529556003669,0.0005597836654662736
1963-03,,,,,,,,,,,,,,,,0.0033791017956652514,0.013428135748741576,-0.007286936567002522,-0.003265280134307269,0.0033791017956652514,,,,,,,,,,,0.0033791017956652514,0.013428135748741576,-0.007286936567002522,-0.003265280134307269,0.0033791017956652514
1963-04,,,,,,,,,,,,,,,,0.00889769840257082,0.035918937374504134,0.014029251904765339,0.00889769840257082,0.00889769840257082,,,,,,,,,,,0.00889769840257082,0.035918937374504134,0.014029251904765339,0.00889769840257082,0.00889769840257082
1963-05,,,,,,,,,,,,,,,,0.0025451957889415233,0.010015457216010493,-0.00220994948847153,0.0025451957889415233,0.0025451957889415233,,,,,,,,,,,0.0025451957889415233,0.010015457216010493,-0.00220994948847153,0.0025451957889415233,0.0025451957889415233
1963-06,,,,,,,,,,,,,,,,-0.00029982624677149516,-0.00132913441743987,-0.0034996289643736134,-0.00029982624677149516,-0.00029982624677149516,,,,,,,,,,,-0.00029982624677149516,-0.00132913441743987,-0.0034996289643736134,-0.00029982624677149516,-0.00029982624677149516
1963-07,,,,,,,,,,,,,,,,7.999753798548781e-05,0.00014146258040459436,-0.002797920767953155,7.999753798548781e-05,7.999753798548781e-05,,,,,,,,,,,7.999753798548781e-05,0.00014146258040459436,-0.002797920767953155,7.999753798548781e-05,7.999753798548781e-05
1963-08,,,,,,,,,,,,,,,,0.01000262342574465,0.0404747419309448,0.01000262342574465,0.01000262342574465,0.01000262342574465,,,,,,,,,,,0.01000262342574465,0.0404747419309448,0.01000262342574465,0.01000262342574465,0.01000262342574465
1963-09,,,,,,,,,,,,,,,,-0.006292732409451385,-0.025171301485484854,-0.006292732409451385,-0.006292732409451385,-0.006292732409451385,,,,,,,,,,,-0.006292732409451385,-0.025171301485484854,-0.006292732409451385,-0.006292732409451385,-0.006292732409451385
1963-10,,,,,,,,,,,,,,,,0.019227839266102276,0.07758168008233568,0.019227839266102276,0.019227839266102276,0.019227839266102276,,,,,,,,,,,0.019227839266102276,0.07758168008233568,0.019227839266102276,0.019227839266102276,0.019227839266102276
1963-11,,,,,,,,,,,,,,,,-0.004035984474776821,-0.016369670346127796,-0.004035984474776821,-0.004035984474776821,-0.004035984474776821,,,,,,,,,,,-0.004035984474776821,-0.016369670346127796,-0.004035984474776821,-0.004035984474776821,-0.004035984474776821
1963-12,,,,,,,,,,,,,,,,0.0028207952291370297,0.011041366947692088,0.0028207952291370297,0.0028207952291370297,0.0028207952291370297,,,,,,,,,,,0.0028207952291370297,0.011041366947692088,0.0028207952291370297,0.0028207952291370297,0.0028207952291370297
1964-01,,,,,,,,,,,,,,,,0.011853715272032161,0.047727192771228166,0.011853715272032161,0.011853715272032161,0.011853715272032161,,,,,,,,,,,0.011853715272032161,0.047727192771228166,0.011853715272032161,0.011853715272032161,0.011853715272032161
1964-02,,,,,,,,,,,,,,,,0.004390504187263167,0.017475595001547717,0.004390504187263167,0.004390504187263167,0.004390504187263167,,,,,,,,,,,0.004390504187263167,0.017475595001547717,0.004390504187263167,0.004390504187263167,0.004390504187263167
1964-03,,,,,,,,,,,,,,,,0.003260822646065309,0.012904928874364341,0.003260822646065309,0.003260822646065309,0.003260822646065309,,,,,,,,,,,0.003260822646065309,0.012904928874364341,0.003260822646065309,0.003260822646065309,0.003260822646065309
1964-04,,,,,,,,,,,,,,,,-0.0040155683583664725,-0.01620211387249415,-0.0040155683583664725,-0.0040155683583664725,-0.0040155683583664725,,,,,,,,,,,-0.0040155683583664725,-0.01620211387249415,-0.0040155683583664725,-0.0040155683583664725,-0.0040155683583664725
1964-05,,,,,,,,,,,,,,,,-0.003944100645656756,-0.01584210483325843,-0.003944100645656756,-0.003944100645656756,-0.003944100645656756,,,,,,,,,,,-0.003944100645656756,-0.01584210483325843,-0.003944100645656756,-0.003944100645656756,-0.003944100645656756
1964-06,,,,,,,,,,,,,,,,0.0008915026273343951,0.0034905226955022073,-0.002065675989725402,0.0008915026273343951,0.0008915026273343951,,,,,,,,,,,0.0008915026273343951,0.0034905226955022073,-0.002065675989725402,0.0008915026273343951,0.0008915026273343951
1964-07,,,,,,,,,,,,,,,,0.003322376134082594,0.013191443822193394,0.0022135227016202297,0.003322376134082594,0.003322376134082594,,,,,,,,,,,0.003322376134082594,0.013191443822193394,0.0022135227016202297,0.003322376134082594,0.003322376134082594
1964-08,,,,,,,,,,,,,,,,-0.0014474811927220887,-0.00583355359740978,-0.0015111419502831236,-0.0014474811927220887,-0.0014474811927220887,,,,,,,,,,,-0.0014474811927220887,-0.00583355359740978,-0.0015111419502831236,-0.0014474811927220887,-0.0014474811927220887
1964-09,,,,,,,,,,,,,,,,0.0009557019944359535,0.003593581556041947,0.0024867022513765935,0.0038439211860485933,0.0009557019944359535,,,,,,,,,,,0.0009557019944359535,0.003593581556041947,0.0024867022513765935,0.0038439211860485933,0.0009557019944359535
1964-10,,,,,,,,,,,,,,,,0.0031715489061070468,0.01262738544111075,0.004943355833435525,0.0031715489061070468,0.0031715489061070468,,,,,,,,,,,0.0031715489061070468,0.01262738544111075,0.004943355833435525,0.0031715489061070468,0.0031715489061070468
1964-11,,,,,,,,,,,,,,,,0.004343849615537687,0.017358676675856666,0.015582379091581444,0.004343849615537687,0.004343849615537687,,,,,,,,,,,0.004343849615537687,0.017358676675856666,0.015582379091581444,0.004343849615537687,0.004343849615537687
1964-12,,,,,,,,,,,,,,,,0.0010843843865917524,0.004162906777451791,0.001375257328947388,0.0010843843865917524,0.0010843843865917524,,,,,,,,,,,0.0010843843865917524,0.004162906777451791,0.001375257328947388,0.0010843843865917524,0.0010843843865917524
1965-01,,,,,,,,,,,,,,,,0.003375709923239434,0.013463473419799143,0.003375709923239434,0.003375709923239434,0.003375709923239434,,,,,,,,,,,0.003375709923239434,0.013463473419799143,0.003375709923239434,0.003375709923239434,0.003375709923239434
1965-02,,,,,,,,,,,,,,,,0.002286175338850116,0.00909918123228981,0.002286175338850116,0.002286175338850116,0.002286175338850116,,,,,,,,,,,0.002286175338850116,0.00909918123228981,0.002286175338850116,0.002286175338850116,0.002286175338850116
1965-03,,,,,,,,,,,,,,,,-0.0001281631989301646,-0.0005367394905221312,-0.0001281631989301646,-0.0001281631989301646,-0.0001281631989301646,,,,,,,,,,,-0.0001281631989301646,-0.0005367394905221312,-0.0001281631989301646,-0.0001281631989301646,-0.0001281631989301646
1965-04,,,,,,,,,,,,,,,,0.002920213474685518,0.0116680526263917,0.002920213474685518,0.002920213474685518,0.002920213474685518,,,,,,,,,,,0.002920213474685518,0.0116680526263917,0.002920213474685518,0.002920213474685518,0.002920213474685518
1965-05,,,,,,,,,,,,,,,,0.0028656300124310086,0.011450607100665033,0.0028656300124310086,0.0028656300124310086,0.0028656300124310086,,,,,,,,,,,0.0028656300124310086,0.011450607100665033,0.0028656300124310086,0.0028656300124310086,0.0028656300124310086
1965-06,,,,,,,,,,,,,,,,-0.006005399619987584,-0.023863940895451186,-0.006005399619987584,-0.006005399619987584,-0.006005399619987584,,,,,,,,,,,-0.006005399619987584,-0.023863940895451186,-0.006005399619987584,-0.006005399619987584,-0.006005399619987584
1965-07,,,,,,,,,,,,,,,,0.007248203223453986,0.029254012647716543,0.007248203223453986,0.007248203223453986,0.007248203223453986,,,,,,,,,,,0.007248203223453986,0.029254012647716543,0.007248203223453986,0.007248203223453986,0.007248203223453986
1965-08,,,,,,,,,,,,,,,,0.005739935298736176,0.023075128231138997,0.005739935298736176,0.005739935298736176,0.005739935298736176,,,,,,,,,,,0.005739935298736176,0.023075128231138997,0.005739935298736176,0.005739935298736176,0.005739935298736176
1965-09,,,,,,,,,,,,,,,,0.008289960467802615,0.03335859289578558,0.009533757987577385,0.008289960467802615,0.008289960467802615,,,,,,,,,,,0.008289960467802615,0.03335859289578558,0.009533757987577385,0.008289960467802615,0.008289960467802615
1965-10,,,,,,,,,,,,,,,,-0.004464125334636471,-0.017870105061845276,-0.0031021821295204033,-0.004464125334636471,-0.004464125334636471,,,,,,,,,,,-0.004464125334636471,-0.017870105061845276,-0.0031021821295204033,-0.004464125334636471,-0.004464125334636471
1965-11,,,,,,,,,,,,,,,,0.0055475510651525894,0.02228072489558941,0.034765260901833406,0.0055475510651525894,0.0055475510651525894,,,,,,,,,,,0.0055475510651525894,0.02228072489558941,0.034765260901833406,0.0055475510651525894,0.0055475510651525894
1965-12,,,,,,,,,,,,,,,,0.0010767177017505514,0.004238664119808666,0.008137242188516636,-0.0014401957788284792,0.0010767177017505514,,,,,,,,,,,0.0010767177017505514,0.004238664119808666,0.008137242188516636,-0.0014401957788284792,0.0010767177017505514
1966-01,,,,,,,,,,,,,,,,0.0040643468073093825,0.016231194273400584,0.009154453573324561,0.0040643468073093825,0.0040643468073093825,,,,,,,,,,,0.0040643468073093825,0.016231194273400584,0.009154453573324561,0.0040643468073093825,0.0040643468073093825
1966-02,,,,,,,,,,,,,,,,0.0011660636265287128,0.004604185166403818,0.0011660636265287128,0.0011660636265287128,0.0011660636265287128,,,,,,,,,,,0.0011660636265287128,0.004604185166403818,0.0011660636265287128,0.0011660636265287128,0.0011660636265287128
1966-03,,,,,,,,,,,,,,,,-0.0014501187134408067,-0.005899867069587561,0.010947152225129653,-0.0014501187134408067,-0.0014501187134408067,,,,,,,,,,,-0.0014501187134408067,-0.005899867069587561,0.010947152225129653,-0.0014501187134408067,-0.0014501187134408067
1966-04,,,,,,,,,,,,,,,,-0.002737193336882604,-0.01095922617623446,-0.003927789689491368,-0.002737193336882604,-0.002737193336882604,,,,,,,,,,,-0.002737193336882604,-0.01095922617623446,-0.003927789689491368,-0.002737193336882604,-0.002737193336882604
1966-05,,,,,,,,,,,,,,,,-0.0011174837107328361,-0.004494658818183672,-0.004494658818183672,-0.0011174837107328361,-0.0011174837107328361,,,,,,,,,,,-0.0011174837107328361,-0.004494658818183672,-0.004494658818183672,-0.0011174837107328361,-0.0011174837107328361
1966-06,,,,,,,,,,,,,,,,0.00502930048875716,0.02017202634751647,0.02017202634751647,0.00502930048875716,0.00502930048875716,,,,,,,,,,,0.00502930048875716,0.02017202634751647,0.02017202634751647,0.00502930048875716,0.00502930048875716
1966-07,,,,,,,,,,,,,,,,-0.001764458818694914,-0.007064059315029292,-0.007064059315029292,-0.001764458818694914,-0.001764458818694914,,,,,,,,,,,-0.001764458818694914,-0.007064059315029292,-0.007064059315029292,-0.001764458818694914,-0.001764458818694914
1966-08,,,,,,,,,,,,,,,,0.00516196090113219,0.020665575930275404,0.020665575930275404,0.00516196090113219,0.00516196090113219,,,,,,,,,,,0.00516196090113219,0.020665575930275404,0.020665575930275404,0.00516196090113219,0.00516196090113219
1966-09,,,,,,,,,,,,,,,,0.004062346472692324,0.016223290895292175,0.012452278182244925,0.004062346472692324,0.004062346472692324,,,,,,,,,,,0.004062346472692324,0.016223290895292175,0.012452278182244925,0.004062346472692324,0.004062346472692324
1966-10,,,,,,,,,,,,,,,,0.005154435946141733,0.02065866940162553,0.005154435946141733,0.005154435946141733,0.005154435946141733,,,,,,,,,,,0.005154435946141733,0.02065866940162553,0.005154435946141733,0.005154435946141733,0.005154435946141733
1966-11,,,,,,,,,,,,,,,,-0.0025811637858768055,-0.010403315956274861,-0.003584991974037166,-0.0025811637858768055,-0.0025811637858768055,,,,,,,,,,,-0.0025811637858768055,-0.010403315956274861,-0.003584991974037166,-0.0025811637858768055,-0.0025811637858768055
1966-12,,,,,,,,,,,,,,,,-0.0008168614104413496,-0.0034539072633955614,-0.0016844146266846716,-0.0008168614104413496,-0.0008168614104413496,,,,,,,,,,,-0.0008168614104413496,-0.0034539072633955614,-0.0016844146266846716,-0.0008168614104413496,-0.0008168614104413496
1967-01,,,,,,,,,,,,,,,,0.004595836771617234,0.018383620406773105,0.004511737479668154,0.004595836771617234,0.004595836771617234,,,,,,,,,,,0.004595836771617234,0.018383620406773105,0.004511737479668154,0.004595836771617234,0.004595836771617234
1967-02,,,,,,,,,,,,,,,,0.0013343507127052678,0.005219950142048013,0.0013343507127052678,0.0013343507127052678,0.0013343507127052678,,,,,,,,,,,0.0013343507127052678,0.005219950142048013,0.0013343507127052678,0.0013343507127052678,0.0013343507127052678
1967-03,,,,,,,,,,,,,,,,0.017250455316054625,0.07051006040687491,0.013105224917036917,0.016575579467822843,0.017250455316054625,,,,,,,,,,,0.017250455316054625,0.07051006040687491,0.013105224917036917,0.016575579467822843,0.017250455316054625
1967-04,,,,,,,,,,,,,,,,0.005236835116312788,0.02068490984429716,0.0015989136763705503,0.0045937377786873235,0.005236835116312788,,,,,,,,,,,0.005236835116312788,0.02068490984429716,0.0015989136763705503,0.0045937377786873235,0.005236835116312788
1967-05,,,,,,,,,,,,,,,,-0.001142090051544531,-0.004708381719765731,-0.001142090051544531,-0.001142090051544531,-0.001142090051544531,,,,,,,,,,,-0.001142090051544531,-0.004708381719765731,-0.001142090051544531,-0.001142090051544531,-0.001142090051544531
1967-06,,,,,,,,,,,,,,,,0.0025639179392651368,0.010053563966046175,0.0025639179392651368,0.0025639179392651368,0.0025639179392651368,,,,,,,,,,,0.0025639179392651368,0.010053563966046175,0.0025639179392651368,0.0025639179392651368,0.0025639179392651368
1967-07,,,,,,,,,,,,,,,,0.007285265319952661,0.029289051649274755,0.007285265319952661,0.007285265319952661,0.007285265319952661,,,,,,,,,,,0.007285265319952661,0.029289051649274755,0.007285265319952661,0.007285265319952661,0.007285265319952661
1967-08,,,,,,,,,,,,,,,,-0.00015631761761081275,-0.0009457532201372354,0.012729712349645705,-0.00015631761761081275,-0.00015631761761081275,,,,,,,,,,,-0.00015631761761081275,-0.0009457532201372354,0.012729712349645705,-0.00015631761761081275,-0.00015631761761081275
1967-09,,,,,,,,,,,,,,,,0.012219399657487084,0.04921187504343427,0.0616400859948667,0.012219399657487084,0.012219399657487084,,,,,,,,,,,0.012219399657487084,0.04921187504343427,0.0616400859948667,0.012219399657487084,0.012219399657487084
1967-10,,,,,,,,,,,,,,,,-0.0034382336344379594,-0.013943922358950922,-0.0034382336344379594,-0.0034382336344379594,-0.0034382336344379594,,,,,,,,,,,-0.0034382336344379594,-0.013943922358950922,-0.0034382336344379594,-0.0034382336344379594,-0.0034382336344379594
1967-11,,,,,,,,,,,,,,,,-0.002813874800820293,-0.011433763476338732,0.0027197488016430516,-0.002813874800820293,-0.002813874800820293,,,,,,,,,,,-0.002813874800820293,-0.011433763476338732,0.0027197488016430516,-0.002813874800820293,-0.002813874800820293
1967-12,,,,,,,,,,,,,,,,0.005801283674891744,0.023174023103452734,0.037383938426255536,0.005801283674891744,0.005801283674891744,,,,,,,,,,,0.005801283674891744,0.023174023103452734,0.037383938426255536,0.005801283674891744,0.005801283674891744
1968-01,,,,,,,,,,,,,,,,-0.006560068787381579,-0.026183947241424255,-0.015322862202344023,-0.006560068787381579,-0.006560068787381579,,,,,,,,,,,-0.006560068787381579,-0.026183947241424255,-0.015322862202344023,-0.006560068787381579,-0.006560068787381579
1968-02,,,,,,,,,,,,,,,,-0.004914278782424786,-0.01961924814585403,-0.004914278782424786,-0.004914278782424786,-0.004914278782424786,,,,,,,,,,,-0.004914278782424786,-0.01961924814585403,-0.004914278782424786,-0.004914278782424786,-0.004914278782424786
1968-03,,,,,,,,,,,,,,,,0.0031372859344003245,0.01253885641807595,0.0031372859344003245,0.0031372859344003245,0.0031372859344003245,,,,,,,,,,,0.0031372859344003245,0.01253885641807595,0.0031372859344003245,0.0031372859344003245,0.0031372859344003245
1968-04,,,,,,,,,,,,,,,,0.009518733126159251,0.0382956823226952,0.02585320935154578,0.009518733126159251,0.009518733126159251,,,,,,,,,,,0.009518733126159251,0.0382956823226952,0.02585320935154578,0.009518733126159251,0.009518733126159251
1968-05,,,,,,,,,,,,,,,,-0.005169926264771529,-0.02081988172162552,0.006760559189889603,-0.005169926264771529,-0.005169926264771529,,,,,,,,,,,-0.005169926264771529,-0.02081988172162552,0.006760559189889603,-0.005169926264771529,-0.005169926264771529
1968-06,,,,,,,,,,,,,,,,-0.00143445549013399,-0.005938337744883726,-0.0016249976099200758,-0.00143445549013399,-0.00143445549013399,,,,,,,,,,,-0.00143445549013399,-0.005938337744883726,-0.0016249976099200758,-0.00143445549013399,-0.00143445549013399
1968-07,,,,,,,,,,,,,,,,0.010051060859358696,0.040191573507010414,0.010051060859358696,0.010051060859358696,0.010051060859358696,,,,,,,,,,,0.010051060859358696,0.040191573507010414,0.010051060859358696,0.010051060859358696,0.010051060859358696
1968-08,,,,,,,,,,,,,,,,0.0010684908333522536,0.004132104125653013,-0.0007970499337668357,0.0010684908333522536,0.0010684908333522536,,,,,,,,,,,0.0010684908333522536,0.004132104125653013,-0.0007970499337668357,0.0010684908333522536,0.0010684908333522536
1968-09,,,,,,,,,,,,,,,,-0.007024560868309271,-0.027928975850872284,-0.007120931075413783,-0.007024560868309271,-0.007024560868309271,,,,,,,,,,,-0.007024560868309271,-0.027928975850872284,-0.007120931075413783,-0.007024560868309271,-0.007024560868309271
1968-10,,,,,,,,,,,,,,,,1.1312861880607983e-06,-8.102058504855236e-05,-0.010220328780686239,1.1312861880607983e-06,1.1312861880607983e-06,,,,,,,,,,,1.1312861880607983e-06,-8.102058504855236e-05,-0.010220328780686239,1.1312861880607983e-06,1.1312861880607983e-06
1968-11,,,,,,,,,,,,,,,,0.01688522531408676,0.06898040050584342,0.03413195264692681,0.01688522531408676,0.01688522531408676,,,,,,,,,,,0.01688522531408676,0.06898040050584342,0.03413195264692681,0.01688522531408676,0.01688522531408676
1968-12,,,,,,,,,,,,,,,,-0.009214202782467318,-0.03674369952719392,-0.02155963462563204,-0.009214202782467318,-0.009214202782467318,,,,,,,,,,,-0.009214202782467318,-0.03674369952719392,-0.02155963462563204,-0.009214202782467318,-0.009214202782467318
1969-01,,,,,,,,,,,,,,,,-0.000552873637418072,-0.0023234282007175144,-0.000552873637418072,-0.000552873637418072,-0.000552873637418072,,,,,,,,,,,-0.000552873637418072,-0.0023234282007175144,-0.000552873637418072,-0.000552873637418072,-0.000552873637418072
1969-02,,,,,,,,,,,,,,,,-0.0037239840806655433,-0.015164532663460073,-0.0037239840806655433,-0.0037239840806655433,-0.0037239840806655433,,,,,,,,,,,-0.0037239840806655433,-0.015164532663460073,-0.0037239840806655433,-0.0037239840806655433,-0.0037239840806655433
1969-03,,,,,,,,,,,,,,,,0.008685580081810418,0.034996538872074545,0.008685580081810418,0.008685580081810418,0.008685580081810418,,,,,,,,,,,0.008685580081810418,0.034996538872074545,0.008685580081810418,0.008685580081810418,0.008685580081810418
1969-04,,,,,,,,,,,,,,,,0.000613603767820603,0.002248057789237645,-0.002558883741425655,0.000613603767820603,0.000613603767820603,,,,,,,,,,,0.000613603767820603,0.002248057789237645,-0.002558883741425655,0.000613603767820603,0.000613603767820603
1969-05,,,,,,,,,,,,,,,,0.008709618502110938,0.03497885825670055,0.02628453301766487,0.008709618502110938,0.008709618502110938,,,,,,,,,,,0.008709618502110938,0.03497885825670055,0.02628453301766487,0.008709618502110938,0.008709618502110938
1969-06,,,,,,,,,,,,,,,,-0.012746108357399755,-0.05018710462409237,-0.010311337877874194,-0.012746108357399755,-0.012746108357399755,,,,,,,,,,,-0.012746108357399755,-0.05018710462409237,-0.010311337877874194,-0.012746108357399755,-0.012746108357399755
1969-07,,,,,,,,,,,,,,,,-0.006838373813761622,-0.027189086857078992,-0.006684230286301496,-0.006838373813761622,-0.006838373813761622,,,,,,,,,,,-0.006838373813761622,-0.027189086857078992,-0.006684230286301496,-0.006838373813761622,-0.006838373813761622
1969-08,,,,,,,,,,,,,,,,0.012240268773287655,0.04961412013635136,0.03350870437947151,0.012240268773287655,0.012240268773287655,,,,,,,,,,,0.012240268773287655,0.04961412013635136,0.03350870437947151,0.012240268773287655,0.012240268773287655
1969-09,,,,,,,,,,,,,,,,0.0055828150504562135,0.02216854083752917,0.0055828150504562135,0.0055828150504562135,0.0055828150504562135,,,,,,,,,,,0.0055828150504562135,0.02216854083752917,0.0055828150504562135,0.0055828150504562135,0.0055828150504562135
1969-10,,,,,,,,,,,,,,,,0.018528037108474615,0.07559563063031938,0.018528037108474615,0.018528037108474615,0.018528037108474615,,,,,,,,,,,0.018528037108474615,0.07559563063031938,0.018528037108474615,0.018528037108474615,0.018528037108474615
1969-11,,,,,,,,,,,,,,,,-0.004472456677618086,-0.018051142627357075,-0.004472456677618086,-0.004472456677618086,-0.004472456677618086,,,,,,,,,,,-0.004472456677618086,-0.018051142627357075,-0.004472456677618086,-0.004472456677618086,-0.004472456677618086
1969-12,,,,,,,,,,,,,,,,0.014355946322694768,0.05837602307269929,0.014355946322694768,0.014355946322694768,0.014355946322694768,,,,,,,,,,,0.014355946322694768,0.05837602307269929,0.014355946322694768,0.014355946322694768,0.014355946322694768
1970-01,,,,,,,,,,,,,,,,-0.005631643153593546,-0.02260451842059996,-0.005631643153593546,-0.005631643153593546,-0.005631643153593546,,,,,,,,,,,-0.005631643153593546,-0.02260451842059996,-0.005631643153593546,-0.005631643153593546,-0.005631643153593546
1970-02,,,,,,,,,,,,,,,,7.30763486653796e-05,-0.0003726049480983207,7.30763486653796e-05,7.30763486653796e-05,7.30763486653796e-05,,,,,,,,,,,7.30763486653796e-05,-0.0003726049480983207,7.30763486653796e-05,7.30763486653796e-05,7.30763486653796e-05
1970-03,,,,,,,,,,,,,,,,-0.005994153190101548,-0.023914098498281633,-0.005994153190101548,-0.005994153190101548,-0.005994153190101548,,,,,,,,,,,-0.005994153190101548,-0.023914098498281633,-0.005994153190101548,-0.005994153190101548,-0.005994153190101548
1970-04,,,,,,,,,,,,,,,,-0.0021135443140448684,-0.008457959050744313,-0.0021135443140448684,-0.0021135443140448684,-0.0021135443140448684,,,,,,,,,,,-0.0021135443140448684,-0.008457959050744313,-0.0021135443140448684,-0.0021135443140448684,-0.0021135443140448684
1970-05,,,,,,,,,,,,,,,,0.0,0.0,0.0,0.0,0.0,,,,,,,,,,,0.0,0.0,0.0,0.0,0.0
1970-06,,,,,,,,,,,,,,,,0.0,0.0,0.0,0.0,0.0,,,,,,,,,,,0.0,0.0,0.0,0.0,0.0
1970-07,,,,,,,,,,,,,,,,-0.0004380456448468406,-0.0018598970076436627,0.0045675721788094314,-0.0004380456448468406,-0.0004380456448468406,,,,,,,,,,,-0.0004380456448468406,-0.0018598970076436627,0.0045675721788094314,-0.0004380456448468406,-0.0004380456448468406
1970-08,,,,,,,,,,,,,,,,7.435669391830935e-05,-0.0004170196789295977,0.023703443840022098,7.435669391830935e-05,7.435669391830935e-05,,,,,,,,,,,7.435669391830935e-05,-0.0004170196789295977,0.023703443840022098,7.435669391830935e-05,7.435669391830935e-05
1970-09,,,,,,,,,,,,,,,,0.0071324190832977585,0.028216378791062313,0.019571668196420644,0.0071324190832977585,0.0071324190832977585,,,,,,,,,,,0.0071324190832977585,0.028216378791062313,0.019571668196420644,0.0071324190832977585,0.0071324190832977585
1970-10,,,,,,,,,,,,,,,,0.007354368038568149,0.02916700831018737,0.02164246969761252,0.007354368038568149,0.007354368038568149,,,,,,,,,,,0.007354368038568149,0.02916700831018737,0.02164246969761252,0.007354368038568149,0.007354368038568149
1970-11,,,,,,,,,,,,,,,,0.015937552690844514,0.06462213420928098,0.023466285844679913,0.015937552690844514,0.015937552690844514,,,,,,,,,,,0.015937552690844514,0.06462213420928098,0.023466285844679913,0.015937552690844514,0.015937552690844514
1970-12,,,,,,,,,,,,,,,,-0.004115751859431915,-0.016625209569377186,-0.018548292018979673,-0.004115751859431915,-0.004115751859431915,,,,,,,,,,,-0.004115751859431915,-0.016625209569377186,-0.018548292018979673,-0.004115751859431915,-0.004115751859431915
1971-01,,,,,,,,,,,,,,,,0.0053344097761722775,0.021063886094597306,0.0053344097761722775,0.0053344097761722775,0.0053344097761722775,,,,,,,,,,,0.0053344097761722775,0.021063886094597306,0.0053344097761722775,0.0053344097761722775,0.0053344097761722775
1971-02,,,,,,,,,,,,,,,,0.012278288059135667,0.04941221245049121,0.012278288059135667,0.012278288059135667,0.012278288059135667,,,,,,,,,,,0.012278288059135667,0.04941221245049121,0.012278288059135667,0.012278288059135667,0.012278288059135667
1971-03,,,,,,,,,,,,,,,,0.018072035265858544,0.07366583185788933,0.018072035265858544,0.018072035265858544,0.018072035265858544,,,,,,,,,,,0.018072035265858544,0.07366583185788933,0.018072035265858544,0.018072035265858544,0.018072035265858544
1971-04,,,,,,,,,,,,,,,,0.002517293042414659,0.009935548881988332,0.002517293042414659,0.002517293042414659,0.002517293042414659,,,,,,,,,,,0.002517293042414659,0.009935548881988332,0.002517293042414659,0.002517293042414659,0.002517293042414659
1971-05,,,,,,,,,,,,,,,,-0.0036470153398528993,-0.014771914092215344,-0.0036470153398528993,-0.0036470153398528993,-0.0036470153398528993,,,,,,,,,,,-0.0036470153398528993,-0.014771914092215344,-0.0036470153398528993,-0.0036470153398528993,-0.0036470153398528993
1971-06,,,,,,,,,,,,,,,,0.01177824083562462,0.04764688915385529,0.011110445061734087,0.01177824083562462,0.01177824083562462,,,,,,,,,,,0.01177824083562462,0.04764688915385529,0.011110445061734087,0.01177824083562462,0.01177824083562462
1971-07,,,,,,,,,,,,,,,,-0.0005595352511367224,-0.0026481212835304246,-0.0005595352511367224,-0.0005595352511367224,-0.0005595352511367224,,,,,,,,,,,-0.0005595352511367224,-0.0026481212835304246,-0.0005595352511367224,-0.0005595352511367224,-0.0005595352511367224
1971-08,,,,,,,,,,,,,,,,0.001780173986271727,0.0066264463338960855,0.001780173986271727,0.001780173986271727,0.001780173986271727,,,,,,,,,,,0.001780173986271727,0.0066264463338960855,0.001780173986271727,0.001780173986271727,0.001780173986271727
1971-09,,,,,,,,,,,,,,,,-0.0017980265472947732,-0.007259202202760329,-0.0017980265472947732,-0.0017980265472947732,-0.0017980265472947732,,,,,,,,,,,-0.0017980265472947732,-0.007259202202760329,-0.0017980265472947732,-0.0017980265472947732,-0.0017980265472947732
1971-10,,,,,,,,,,,,,,,,0.0003680681737183722,0.0014086089926752532,0.0003680681737183722,0.0003680681737183722,0.0003680681737183722,,,,,,,,,,,0.0003680681737183722,0.0014086089926752532,0.0003680681737183722,0.0003680681737183722,0.0003680681737183722
1971-11,,,,,,,,,,,,,,,,0.004404226605122297,0.01750466593299249,0.004404226605122297,0.004404226605122297,0.004404226605122297,,,,,,,,,,,0.004404226605122297,0.01750466593299249,0.004404226605122297,0.004404226605122297,0.004404226605122297
1971-12,,,,,,,,,,,,,,,,0.014141831611747424,0.057336250444105064,0.024145550710853447,0.014141831611747424,0.014141831611747424,,,,,,,,,,,0.014141831611747424,0.057336250444105064,0.024145550710853447,0.014141831611747424,0.014141831611747424
1972-01,,,,,,,,,,,0.0,0.0,0.0,0.0,0.0,0.002670859521156199,0.010379214159807582,0.008128084118295797,0.002670859521156199,0.002670859521156199,,,,,,0.0,0.0,0.0,0.0,0.0,-0.0011250508530344927,-0.004780851900639704,0.0028812997716078925,-0.0011250508530344927,-0.0011250508530344927
1972-02,,,,,,,,,,,0.0,0.0,0.0,0.0,0.0,0.011297251483986859,0.045343121311754775,0.014381095800297228,0.011297251483986859,0.011297251483986859,,,,,,0.0,0.0,0.0,0.0,0.0,0.003674709951086319,0.014721582361028052,0.004799783878626007,0.003674709951086319,0.003674709951086319
1972-03,,,,,,,,,,,0.0,0.0,0.0,0.0,0.0,0.004249167750472127,0.016437764958445733,-0.003833100429088687,0.004249167750472127,0.004249167750472127,,,,,,0.0,0.0,0.0,0.0,0.0,0.001597503136624434,0.006351088091141266,-0.0005341815681444428,0.001597503136624434,0.001597503136624434
1972-04,,,,,,,,,,,0.0,0.0,0.0,0.0,0.0,0.006465413606909998,0.025933394467461568,0.006465413606909998,0.006465413606909998,0.006465413606909998,,,,,,0.0,0.0,0.0,0.0,0.0,0.0022069736299112908,0.008835320402302838,0.0022069736299112908,0.0022069736299112908,0.0022069736299112908
1972-05,,,,,,,,,,,0.0,0.0,0.0,0.0,0.0,0.010054919735658308,0.040423292461491345,0.009869361737752103,0.010054919735658308,0.010054919735658308,,,,,,0.0,0.0,0.0,0.0,0.0,0.0031878677018581936,0.012776773088488014,0.0031303535411550953,0.0031878677018581936,0.0031878677018581936
1972-06,,,,,,,,,,,0.0,0.0,0.0,0.0,0.0,-0.0030133849912212796,-0.012172599119576133,-0.0030133849912212796,-0.0030133849912212796,-0.0030133849912212796,,,,,,0.0,0.0,0.0,0.0,0.0,-0.0008591460814183494,-0.003441958412062296,-0.0008591460814183494,-0.0008591460814183494,-0.0008591460814183494
1972-07,,,,,,,,,,,0.0,0.0,0.0,0.0,0.0,0.0027875426086292343,0.010892975624101409,0.0027875426086292343,0.0027875426086292343,0.0027875426086292343,,,,,,0.0,0.0,0.0,0.0,0.0,0.0008550311842343561,0.0033971089907360863,0.0008550311842343561,0.0008550311842343561,0.0008550311842343561
1972-08,,,,,,,,,,,0.00031767101988622315,0.0012702760172638161,0.0012702760172638161,0.0012702760172638161,0.0012702760172638161,0.006650286983360454,0.026197350659348917,0.006650286983360454,0.006650286983360454,0.006650286983360454,,,,,,0.00031767101988622315,0.0012702760172638161,0.0012702760172638161,0.0012702760172638161,0.0012702760172638161,0.002013637966819637,0.008045455134158885,0.002772361158516423,0.002772361158516423,0.002772361158516423
1972-09,,,,,,,,,,,0.0008853924824185899,0.0035448115091465393,0.0035448115091465393,0.0035448115091465393,0.0035448115091465393,-0.0020430543500479237,-0.008317130519460925,-0.0020430543500479237,-0.0020430543500479237,-0.0020430543500479237,,,,,,0.0008853924824185899,0.0035448115091465393,0.0035448115091465393,0.0035448115091465393,0.0035448115091465393,0.0003358161249400471,0.001336467355058435,0.0025348865452041736,0.0025348865452041736,0.0025348865452041736
1972-10,,,,,,,,,,,0.001164986835873627,0.004662237307579309,0.004662237307579309,0.004662237307579309,0.004662237307579309,0.008574169085209915,0.0344045275107252,0.008574169085209915,0.008574169085209915,0.008574169085209915,,,,,,0.001164986835873627,0.004662237307579309,0.004662237307579309,0.004662237307579309,0.004662237307579309,0.002551955154726171,0.01023190947908148,0.005394773286260701,0.005394773286260701,0.005394773286260701
1972-11,,,,,,,,,,,-4.9642576432917807e-05,-0.00020000000000031104,-0.00020000000000031104,-0.00020000000000031104,-0.00020000000000031104,0.0014999524429775146,0.0055716103742402545,0.0014999524429775146,0.0014999524429775146,0.0014999524429775146,,,,,,-4.9642576432917807e-05,-0.00020000000000031104,-0.00020000000000031104,-0.00020000000000031104,-0.00020000000000031104,0.00033372617348370603,0.0013248034120181273,0.0002049679813858063,0.0002049679813858063,0.0002049679813858063
1972-12,,,,,,,,,,,0.0006097488175194066,0.002439480473901634,0.002439480473901634,0.002439480473901634,0.002439480473901634,0.0051346094070874315,0.020391576301287406,0.0051346094070874315,0.0051346094070874315,0.0051346094070874315,,,,,,0.0006097488175194066,0.002439480473901634,0.002439480473901634,0.002439480473901634,0.002439480473901634,0.0013131383815963016,0.005255261535020317,0.002873289320675765,0.002873289320675765,0.002873289320675765
1973-01,,,,,,,,,,,-0.0008663413028547895,-0.0034679191231533624,-0.0006081108108679789,-0.0006081108108679789,-0.0006081108108679789,0.006515732149094067,0.02583439085817485,0.006515732149094067,0.006515732149094067,0.006515732149094067,,,,,,-0.0008663413028547895,-0.0034679191231533624,-0.0006081108108679789,-0.0006081108108679789,-0.0006081108108679789,5.570065224480558e-05,0.00020020291386191325,0.0002755583602671585,0.0002755583602671585,0.0002755583602671585
1973-02,,,,,,,,,,,0.0,0.0,0.0,0.0,0.0,-0.008898057738823018,-0.035427988295698376,-0.008898057738823018,-0.008898057738823018,-0.008898057738823018,,,,,,0.0,0.0,0.0,0.0,0.0,-0.005752116984493516,-0.02290735913153208,-0.005752116984493516,-0.005752116984493516,-0.005752116984493516
1973-03,,,,,,,,,,,0.0,0.0,0.0,0.0,0.0,0.0009358339360290291,0.003407307539288862,6.816180447954956e-05,0.0009358339360290291,0.0009358339360290291,,,,,,0.0,0.0,0.0,0.0,0.0,0.0007037185994169803,0.002673294086193989,0.00028836786452357543,0.0007037185994169803,0.0007037185994169803
1973-04,,,,,,,,,,,0.0,0.0,0.0,0.0,0.0,0.00031965756692842184,0.0009352607867831875,0.00031965756692842184,0.00031965756692842184,0.00031965756692842184,,,,,,0.0,0.0,0.0,0.0,0.0,0.0005164146663125813,0.001966210257682066,0.0005164146663125813,0.0005164146663125813,0.0005164146663125813
1973-05,,,,,,,,,,,0.0,0.0,0.0,0.0,0.0,-0.0012122576387000317,-0.005077883796186344,-0.0012122576387000317,-0.0012122576387000317,-0.0012122576387000317,,,,,,0.0,0.0,0.0,0.0,0.0,-0.0004854528672267877,-0.001993752794350101,-0.0004854528672267877,-0.0004854528672267877,-0.0004854528672267877
1973-06,,,,,,,,,,,0.0,0.0,0.0,0.0,0.0,0.002308396803312629,0.009123152188212247,0.0077198867691345985,0.002308396803312629,0.002308396803312629,,,,,,0.0,0.0,0.0,0.0,0.0,0.0012399187964735603,0.004925892496817408,0.004628036253382817,0.0012399187964735603,0.0012399187964735603
1973-07,,,,,,,,,,,0.0,0.0,0.0,0.0,0.0,0.0008359824609567301,0.0031080999874273374,-0.004719584230292395,0.0008359824609567301,0.0008359824609567301,,,,,,0.0,0.0,0.0,0.0,0.0,0.0010343541899209274,0.004023889915605983,-0.0023223228722204503,0.0010343541899209274,0.0010343541899209274
1973-08,,,,,,,,,,,0.0,0.0,0.0,0.0,0.0,-0.009047438464799495,-0.03597327320353616,-0.008630514985395354,-0.009047438464799495,-0.009047438464799495,,,,,,0.0,0.0,0.0,0.0,0.0,-0.0062815440303596315,-0.02502429196314926,-0.005921357498693713,-0.0062815440303596315,-0.0062815440303596315
1973-09,,,,,,,,,,,0.0,0.0,0.0,0.0,0.0,0.0006945316709159322,0.002696418363573372,0.007127229462041473,0.0006945316709159322,0.0006945316709159322,,,,,,0.0,0.0,0.0,0.0,0.0,0.0005281709096804921,0.0020755313554063903,0.005011956144906682,0.0005281709096804921,0.0005281709096804921
1973-10,,,,,,,,,,,0.0,0.0,0.0,0.0,0.0,0.00359417811542051,0.014329176418835576,0.009410283772992578,0.00359417811542051,0.00359417811542051,,,,,,0.0,0.0,0.0,0.0,0.0,0.002225787841869886,0.008884121806376655,0.005897888471090074,0.002225787841869886,0.002225787841869886
1973-11,,,,,,,,,,,0.001229383891367286,0.004781771586472194,0.004781771586472194,0.004781771586472194,0.001229383891367286,-0.013140420177470857,-0.05205954588021622,-0.024876352047103367,-0.013140420177470857,-0.013140420177470857,,,,,,0.001229383891367286,0.004781771586472194,0.004781771586472194,0.004781771586472194,0.001229383891367286,-0.008077878380943204,-0.03218955176899485,-0.01405511732835174,-0.006496479530417987,-0.008077878380943204
1973-12,,,,,,,,,,,0.0050531747883670874,0.020328858460854526,0.020328858460854526,0.020328858460854526,0.0050531747883670874,-0.003571306357446624,-0.01422582794382854,-0.0072604820927431035,-0.003571306357446624,-0.003571306357446624,,,,,,0.0050531747883670874,0.020328858460854526,0.020328858460854526,0.020328858460854526,0.0050531747883670874,-0.000257217571165258,-0.0010418847005423393,0.003236652106368254,0.005525313847710045,-0.000257217571165258
1974-01,,,,,,,,,,,0.008658498569404927,0.034280712541789216,0.058811917984276985,0.058811917984276985,0.008658498569404927,1.3268495318907725e-05,-1.1546852685784259e-05,1.3268495318907725e-05,1.3268495318907725e-05,1.3268495318907725e-05,,,,,,0.008658498569404927,0.034280712541789216,0.058811917984276985,0.058811917984276985,0.008658498569404927,0.0040377131558582136,0.01611191036238968,0.024006204907621287,0.024006204907621287,0.0040377131558582136
1974-02,,,,,,,,,,,-0.006809247279710218,-0.027101064260897867,-0.006809247279710218,-0.006809247279710218,-0.006809247279710218,3.765377572428896e-05,0.00011084594801635816,3.765377572428896e-05,3.765377572428896e-05,3.765377572428896e-05,,,,,,-0.006809247279710218,-0.027101064260897867,-0.006809247279710218,-0.006809247279710218,-0.006809247279710218,-0.002176546439451421,-0.008698732224624584,-0.002176546439451421,-0.002176546439451421,-0.002176546439451421
1974-03,,,,,,,,,,,-0.00467293633080168,-0.01863755748889173,-0.00467293633080168,-0.00467293633080168,-0.00467293633080168,-0.0037731571531512964,-0.015070469741438774,-0.0037731571531512964,-0.0037731571531512964,-0.0037731571531512964,,,,,,-0.00467293633080168,-0.01863755748889173,-0.00467293633080168,-0.00467293633080168,-0.00467293633080168,-0.004096673871837653,-0.016324125275603785,-0.004096673871837653,-0.004096673871837653,-0.004096673871837653
1974-04,,,,,,,,,,,0.0,0.0,0.0,0.0,0.0,-0.0005268861467840891,-0.0021074319927502083,-0.0005268861467840891,-0.0005268861467840891,-0.0005268861467840891,,,,,,0.0,0.0,0.0,0.0,0.0,-0.00037473985128200216,-0.0014989024492605418,-0.00037473985128200216,-0.00037473985128200216,-0.00037473985128200216
1974-05,,,,,,,,,,,0.0,0.0,0.0,0.0,0.0,-0.00310105299375385,-0.012384186685705956,-0.00788061833347442,-0.00310105299375385,-0.00310105299375385,,,,,,0.0,0.0,0.0,0.0,0.0,-0.002095708636852045,-0.008373839643876502,-0.005297383161419811,-0.002095708636852045,-0.002095708636852045
1974-06,,,,,,,,,,,-0.00034134088185755473,-0.0013966824699761515,-0.0013966824699761515,-0.0013966824699761515,-0.00034134088185755473,0.003741446236998014,0.014686036295448401,0.01710229593730128,0.003741446236998014,0.003741446236998014,,,,,,-0.00034134088185755473,-0.0013966824699761515,-0.0013966824699761515,-0.0013966824699761515,-0.00034134088185755473,0.0025184157989628364,0.009947192008293193,0.011367909957239242,0.002153310231270078,0.0025184157989628364
1974-07,,,,,,,,,,,-0.0009683403557537718,-0.003882527020804938,-0.003882527020804938,-0.003882527020804938,-0.0018665171692237026,-0.0027839818889842105,-0.011127814210100895,-0.008523644369916816,-0.0027839818889842105,-0.0027839818889842105,,,,,,-0.0009683403557537718,-0.003882527020804938,-0.003882527020804938,-0.003882527020804938,-0.0018665171692237026,-0.002029729130925806,-0.0081131701706878,-0.006629092117286017,-0.003121264280495306,-0.0024234410846776244
1974-08,,,,,,,,,,,0.006514291226577207,0.02625819937943419,0.02625819937943419,0.02625819937943419,0.006514291226577207,-0.002943943217095457,-0.011755587299430381,-0.011755587299430381,-0.002943943217095457,-0.002943943217095457,,,,,,0.006514291226577207,0.02625819937943419,0.02625819937943419,0.02625819937943419,0.006514291226577207,0.0012058561939696233,0.004816460943724898,0.004816460943724898,0.009882521635650177,0.0012058561939696233
1974-09,,,,,,,,,,,-0.0016956508048237007,-0.006784230918509659,-0.006784230918509659,-0.006784230918509659,-0.0016956508048237007,0.0,0.0,0.0,0.0,0.0,,,,,,-0.0016956508048237007,-0.006784230918509659,-0.006784230918509659,-0.006784230918509659,-0.0016956508048237007,-0.0009259729944021133,-0.003704190013359754,-0.003704190013359754,-0.003704190013359754,-0.0009259729944021133
1974-10,,,,,,,,,,,-0.002977533416551381,-0.011904773426420712,-0.011904773426420712,-0.011904773426420712,-0.002977533416551381,0.0,0.0,0.0,0.0,0.0,,,,,,-0.002977533416551381,-0.011904773426420712,-0.011904773426420712,-0.011904773426420712,-0.002977533416551381,-0.0018053108553659492,-0.007219769421301758,-0.007219769421301758,-0.007219769421301758,-0.0018053108553659492
1974-11,,,,,,,,,,,-0.0010629624860253317,-0.004248209092722166,-0.004248209092722166,-0.004248209092722166,-0.0010629624860253317,0.0,0.0,0.0,0.0,0.0,,,,,,-0.0010629624860253317,-0.004248209092722166,-0.004248209092722166,-0.004248209092722166,-0.0010629624860253317,-0.0006715485474531047,-0.0026847411955353007,-0.0026847411955353007,-0.0026847411955353007,-0.0006715485474531047
1974-12,,,,,,,,,,,0.0,0.0,0.0,0.0,0.0,0.0,0.0,0.0,0.0,0.0,,,,,,0.0,0.0,0.0,0.0,0.0,0.0,0.0,0.0,0.0,0.0
1975-01,,,,,,,,,,,0.0,0.0,0.0,0.0,0.0,0.005595439512779299,0.022458808739420855,0.025114392606016223,0.024023880361020655,0.005595439512779299,,,,,,0.0,0.0,0.0,0.0,0.0,0.0028246092516794885,0.011319409171776318,0.012578873994932405,0.011920871240888697,0.0028246092516794885
1975-02,,,,,,,,,,,0.0,0.0,0.0,0.0,0.0,0.0044481717462374615,0.01734328817088926,0.012681215303843363,-0.0002213092431714303,0.0044481717462374615,,,,,,0.0,0.0,0.0,0.0,0.0,0.0023554798329628035,0.009292471467658991,0.006893773180605356,-9.510621945130193e-05,0.0023554798329628035
1975-03,,,,,,,,,,,0.0,0.0,0.0,0.0,0.0,-0.003714784680180494,-0.015326469803387588,-0.020033017950721543,-0.0035281594419740436,-0.003714784680180494,,,,,,0.0,0.0,0.0,0.0,0.0,-0.002213811757679318,-0.008991292699390363,-0.011427636447552958,-0.0021542649284143067,-0.002213811757679318
1975-04,,,,,,,,,,,0.0,0.0,0.0,0.0,0.0,0.00013177665919084092,0.00013779804690572384,0.0005659812421190402,0.0021038537967199566,0.00013177665919084092,,,,,,0.0,0.0,0.0,0.0,0.0,0.00016183556899607154,0.0005366357583092007,0.0005912951624871265,0.0012884666497581243,0.00016183556899607154
1975-05,,,,,,,,,,,0.0,0.0,0.0,0.0,0.0,0.012761572800932264,0.05161112037031024,0.016364219567265748,0.011018773420607308,0.012761572800932264,,,,,,0.0,0.0,0.0,0.0,0.0,0.006827621344283941,0.02747073686248047,0.008713469190279266,0.00589723336921244,0.006827621344283941
1975-06,,,,,,,,,,,0.0,0.0,0.0,0.0,0.0,0.01122474813897445,0.045401817818613965,0.0097961313159034,0.01122474813897445,0.01122474813897445,,,,,,0.0,0.0,0.0,0.0,0.0,0.005813085052068123,0.023388260184537213,0.0049971859713746625,0.005813085052068123,0.005813085052068123
1975-07,,,,,,,,,,,0.008774654458630682,0.035502626556552785,0.035502626556552785,0.035502626556552785,0.006458394016700897,-0.01866803784665405,-0.07286581170465445,-0.029571228898435775,-0.01866803784665405,-0.01866803784665405,,,,,,0.008774654458630682,0.035502626556552785,0.035502626556552785,0.035502626556552785,0.006458394016700897,-0.005959619835731456,-0.023682724244100117,0.0003666615724735589,0.0060351413938857235,-0.007074776370738167
1975-08,,,,,,,,,,,0.001338758691667552,0.005333342375578587,0.005333342375578587,0.005333342375578587,0.001338758691667552,-0.003671545962271594,-0.01465345878080171,-0.003671545962271594,-0.003671545962271594,-0.003671545962271594,,,,,,0.001338758691667552,0.005333342375578587,0.005333342375578587,0.005333342375578587,0.001338758691667552,-0.0015067871707186153,-0.006036711750702195,0.00023019853172967508,0.00023019853172967508,-0.0015067871707186153
1975-09,,,,,,,,,,,0.005288880911020533,0.021253338944210887,0.005581577725537024,0.005581577725537024,0.005288880911020533,-0.0032400979720577094,-0.013003970035383339,-0.011732101950224672,-0.0032400979720577094,-0.0032400979720577094,,,,,,0.005288880911020533,0.021253338944210887,0.005581577725537024,0.005581577725537024,0.005288880911020533,0.0008891969733866301,0.0035052161341011523,-0.0034264262452431415,0.0010048861248574958,0.0008891969733866301
1975-10,,,,,,,,,,,-0.00634607113079344,-0.02523021208092413,-0.00634607113079344,-0.00634607113079344,-0.00634607113079344,0.004816861846177023,0.019277078329164254,0.013496696666591701,0.004816861846177023,0.004816861846177023,,,,,,-0.00634607113079344,-0.02523021208092413,-0.00634607113079344,-0.00634607113079344,-0.00634607113079344,-1.2618474532155588e-05,-0.00012222220567825737,0.005125435549391266,-1.2618474532155588e-05,-1.2618474532155588e-05
1975-11,,,,,,,,,,,0.0030951726728951634,0.012397946101503354,0.012699373455120844,0.0030951726728951634,0.0030951726728951634,0.005135928910820153,0.020569871406451723,0.015032430570337985,0.005135928910820153,0.005135928910820153,,,,,,0.0030951726728951634,0.012397946101503354,0.012699373455120844,0.0030951726728951634,0.0030951726728951634,0.00417022756483032,0.01672586404676113,0.013831792847100566,0.00417022756483032,0.00417022756483032
1975-12,,,,,,,,,,,-4.5077107004076744e-05,-0.0001931482980995769,-0.0001931482980995769,-4.5077107004076744e-05,-4.5077107004076744e-05,-0.010309616455118187,-0.04076607467355842,-0.019907815699222287,-0.010309616455118187,-0.010309616455118187,,,,,,-4.5077107004076744e-05,-0.0001931482980995769,-0.0001931482980995769,-4.5077107004076744e-05,-4.5077107004076744e-05,-0.006013780900839261,-0.023894628896105607,-0.011696176899974708,-0.006013780900839261,-0.006013780900839261
1976-01,,,,,,,,,,,0.000992714173993603,0.003953060877765591,0.003953060877765591,0.000992714173993603,0.000992714173993603,0.0032218955209626365,0.012786440931895404,0.001698506998909055,0.0032218955209626365,0.0032218955209626365,,,,,,0.000992714173993603,0.003953060877765591,0.003953060877765591,0.000992714173993603,0.000992714173993603,0.0023083714943636924,0.009231498600001942,0.0034048380554732027,0.0023083714943636924,0.0023083714943636924
1976-02,,,,,,,,,,,-0.0015206003129251133,-0.006089000154989699,-0.00838429573419941,-0.0015206003129251133,-0.0015206003129251133,-0.00523331866923471,-0.020889483416723253,-0.008173470122344484,-0.00523331866923471,-0.00523331866923471,,,,,,-0.0015206003129251133,-0.006089000154989699,-0.00838429573419941,-0.0015206003129251133,-0.0015206003129251133,-0.003289828638484038,-0.013121824057217957,-0.008242728227623064,-0.003289828638484038,-0.003289828638484038
1976-03,,,,,,,,,,,0.004036199638801419,0.016206758792497666,0.004036199638801419,0.004036199638801419,0.004036199638801419,0.009629196844431531,0.03884914147735885,0.011013996079606958,0.009629196844431531,0.009629196844431531,,,,,,0.004036199638801419,0.016206758792497666,0.004036199638801419,0.004036199638801419,0.004036199638801419,0.006829982989164707,0.027544375782942554,0.007501043461461965,0.006829982989164707,0.006829982989164707
1976-04,,,,,,,,,,,0.0021118917788698344,0.008448899278372002,0.0021118917788698344,0.0021118917788698344,0.0021118917788698344,-0.003334561035787331,-0.013406006907786927,-0.0056807038146761135,-0.003334561035787331,-0.003334561035787331,,,,,,0.0021118917788698344,0.008448899278372002,0.0021118917788698344,0.0021118917788698344,0.0021118917788698344,-0.0005763465884961461,-0.0023352480852026902,-0.001712104231498257,-0.0005763465884961461,-0.0005763465884961461
1976-05,,,,,,,,,,,0.002496997680082824,0.009978325568079871,0.002496997680082824,0.002496997680082824,0.002496997680082824,0.0026160594822026706,0.010436255731160138,0.0026160594822026706,0.0026160594822026706,0.0026160594822026706,,,,,,0.002496997680082824,0.009978325568079871,0.002496997680082824,0.002496997680082824,0.002496997680082824,0.00247477514670269,0.009901786544472824,0.00247477514670269,0.00247477514670269,0.00247477514670269
1976-06,,,,,,,,,,,-0.0015141251855633753,-0.006058360707729471,-0.0015141251855633753,-0.0015141251855633753,-0.0015141251855633753,0.005327139526866587,0.021425028582677363,0.005327139526866587,0.005327139526866587,0.005327139526866587,,,,,,-0.0015141251855633753,-0.006058360707729471,-0.0015141251855633753,-0.0015141251855633753,-0.0015141251855633753,0.002148017971034033,0.008600395155424323,0.002148017971034033,0.002148017971034033,0.002148017971034033
1976-07,,,,,,,,,,,-0.0001846884979864738,-0.0007502047216105812,-0.0001846884979864738,-0.0001846884979864738,-0.0001846884979864738,0.0018205755802720436,0.00722461160312049,-0.0002241011491279643,0.001963699698785515,0.0018205755802720436,,,,,,-0.0001846884979864738,-0.0007502047216105812,-0.0001846884979864738,-0.0001846884979864738,-0.0001846884979864738,0.0008830945479947339,0.0035161392034050998,-0.00010277477284237335,0.0009575096008762607,0.0008830945479947339
1976-08,,,,,,,,,,,-0.00024273127968454933,-0.000977342162999939,-0.00024273127968454933,-0.00024273127968454933,-0.00024273127968454933,-0.0026853177565144826,-0.010848486257010959,-0.0016150823532016245,-0.0026853177565144826,-0.0026853177565144826,,,,,,-0.00024273127968454933,-0.000977342162999939,-0.00024273127968454933,-0.00024273127968454933,-0.00024273127968454933,-0.0015118197782731935,-0.006077872063319445,-0.0008381370852382775,-0.0015118197782731935,-0.0015118197782731935
1976-09,,,,,,,,,,,0.0,0.0,0.0,0.0,0.0,0.0024371297172782747,0.009449030161400751,0.01045006609448973,0.0024371297172782747,0.0024371297172782747,,,,,,0.0,0.0,0.0,0.0,0.0,0.0012956107945589768,0.005112734800787777,0.005312361476637495,0.0012956107945589768,0.0012956107945589768
1976-10,,,,,,,,,,,0.0,0.0,0.0,0.0,0.0,-0.0065656869381042204,-0.02608323771576715,-0.0042644840504953985,-0.0065656869381042204,-0.0065656869381042204,,,,,,0.0,0.0,0.0,0.0,0.0,-0.0032366763919683406,-0.012903267897642845,-0.00206004987486208,-0.0032366763919683406,-0.0032366763919683406
1976-11,,,,,,,,,,,1.5792816300486123e-05,5.956640560378368e-05,5.956640560378368e-05,1.5792816300486123e-05,1.5792816300486123e-05,-0.0013474088181739674,-0.005431189717986062,-0.0028337949436541,-0.0013474088181739674,-0.0013474088181739674,,,,,,1.5792816300486123e-05,5.956640560378368e-05,5.956640560378368e-05,1.5792816300486123e-05,1.5792816300486123e-05,-0.0006166407255779882,-0.002476831311459704,-0.0012730628907728914,-0.0006166407255779882,-0.0006166407255779882
1976-12,,,,,,,,,,,-0.0008271543254393388,-0.0033070328948390237,-0.0033070328948390237,-0.0008271543254393388,-0.0008271543254393388,0.010087276543250256,0.04073008531250366,0.031504791558180534,0.010087276543250256,0.010087276543250256,,,,,,-0.0008271543254393388,-0.0033070328948390237,-0.0033070328948390237,-0.0008271543254393388,-0.0008271543254393388,0.003981448330688808,0.01597924904458159,0.011876126658888708,0.003981448330688808,0.003981448330688808
1977-01,,,,,,,,,,,0.0,0.0,0.0,0.0,0.0,-0.008118425739378043,-0.0321577026638753,-0.005614296708731925,-0.008118425739378043,-0.008118425739378043,,,,,,0.0,0.0,0.0,0.0,0.0,-0.003906513762646502,-0.015552829567049842,-0.0028496274925178255,-0.003906513762646502,-0.003906513762646502
1977-02,,,,,,,,,,,0.0,0.0,0.0,0.0,0.0,-0.002974650018165881,-0.011874643853560407,-0.0023342884307532286,-0.002974650018165881,-0.002974650018165881,,,,,,0.0,0.0,0.0,0.0,0.0,-0.001480420941047944,-0.005915775381990951,-0.0011623854658661115,-0.001480420941047944,-0.001480420941047944
1977-03,,,,,,,,,,,-0.000360773018028282,-0.0014429055989787498,-0.0014429055989787498,-0.000360773018028282,-0.000360773018028282,-0.0013126328974589763,-0.005276048386876009,-0.0019093559529921311,-0.0013126328974589763,-0.0013126328974589763,,,,,,-0.000360773018028282,-0.0014429055989787498,-0.0014429055989787498,-0.000360773018028282,-0.000360773018028282,-0.0007744264762582498,-0.0031019210334345404,-0.0015161629543545274,-0.0007744264762582498,-0.0007744264762582498
1977-04,,,,,,,,,,,0.0,0.0,0.0,0.0,0.0,-0.002578882482612399,-0.010293563001141814,-0.0036152855855685617,-0.002578882482612399,-0.002578882482612399,,,,,,0.0,0.0,0.0,0.0,0.0,-0.0011072596276802127,-0.0044249393673704285,-0.0015689009481475447,-0.0011072596276802127,-0.0011072596276802127
1977-05,,,,,,,,,,,0.0,0.0,0.0,0.0,0.0,-0.0034912853378417097,-0.013931016369109983,-0.00923352535239541,-0.0034912853378417097,-0.0034912853378417097,,,,,,0.0,0.0,0.0,0.0,0.0,-0.0015569831875618112,-0.0062208246698181036,-0.004092275088708575,-0.0015569831875618112,-0.0015569831875618112
1977-06,,,,,,,,,,,0.0,0.0,0.0,0.0,0.0,0.0028479879450056256,0.011397826800883859,0.0016809946846343404,0.0028479879450056256,0.0028479879450056256,,,,,,0.0,0.0,0.0,0.0,0.0,0.0011097325969255944,0.004439584916666739,0.000638374397883501,0.0011097325969255944,0.0011097325969255944
1977-07,,,,,,,,,,,0.0,0.0,0.0,0.0,0.0,-0.003382096851439531,-0.013517982957805486,-0.003382096851439531,-0.003382096851439531,-0.003382096851439531,,,,,,0.0,0.0,0.0,0.0,0.0,-0.0016184009856513581,-0.006474208183150143,-0.0016184009856513581,-0.0016184009856513581,-0.0016184009856513581
1977-08,,,,,,,,,,,0.0,0.0,0.0,0.0,0.0,0.0026514733334290774,0.010581163979801023,0.011674507374962007,0.00711487076693329,0.00711487076693329,,,,,,0.0,0.0,0.0,0.0,0.0,0.0014921592368883907,0.005960254594599146,0.006704407246114874,0.004109082945901621,0.004109082945901621
1977-09,,,,,,,,,,,0.0,0.0,0.0,0.0,0.0,-0.00017984419992089773,-0.0007580932268559382,-0.005093262366524409,-0.0018742592261054014,-0.00021239023095009912,,,,,,0.0,0.0,0.0,0.0,0.0,-0.0001279615929058453,-0.0005256570074997358,-0.0030253423456562123,-0.0011010221699246925,-0.000148580045709501
1977-10,,,,,,,,,,,0.0,0.0,0.0,0.0,0.0,-0.0033011884515384837,-0.013169394330414641,-0.012817938980727916,-0.006887896875574562,-0.0033011884515384837,,,,,,0.0,0.0,0.0,0.0,0.0,-0.0019546262321809005,-0.007805998387802049,-0.007617105477627839,-0.004079702179737965,-0.0019546262321809005
1977-11,,,,,,,,,,,0.0,0.0,0.0,0.0,0.0,0.003918233346920097,0.015616485339776442,0.008599514038443834,0.003835347031365677,0.003918233346920097,,,,,,0.0,0.0,0.0,0.0,0.0,0.0024711005086943683,0.00986885348766564,0.005527666358863925,0.0024236913222943635,0.0024711005086943683
1977-12,,,,,,,,,,,0.0,0.0,0.0,0.0,0.0,0.000609940710553758,0.002328122834348356,-0.002882095344540425,0.000609940710553758,0.000609940710553758,,,,,,0.0,0.0,0.0,0.0,0.0,0.000449747704006187,0.0017623064535634558,-0.0013888749465315042,0.000449747704006187,0.000449747704006187
1978-01,,,,,,,,,,,0.0,0.0,0.0,0.0,0.0,-0.0069388607184758255,-0.02768912639186638,-0.005334491405716291,-0.0069388607184758255,-0.0069388607184758255,,,,,,0.0,0.0,0.0,0.0,0.0,-0.004754236010185875,-0.01900800712193318,-0.0030878326193923833,-0.004754236010185875,-0.004754236010185875
1978-02,,,,,,,,,,,0.0,0.0,0.0,0.0,0.0,-0.0002596177052727189,-0.0010864579816808329,0.0005026417818410067,-0.0002596177052727189,-0.0002596177052727189,,,,,,0.0,0.0,0.0,0.0,0.0,-0.00016111564384091448,-0.0006725860137221096,0.0004747497321124783,-0.00016111564384091448,-0.00016111564384091448
1978-03,,,,,,,,,,,0.0,0.0,0.0,0.0,0.0,-0.0002559362350713634,-0.0010338527501705386,-0.0002559362350713634,-0.0002559362350713634,-0.0002559362350713634,,,,,,0.0,0.0,0.0,0.0,0.0,-0.00019866959227865522,-0.0008008197780341453,-0.00019866959227865522,-0.00019866959227865522,-0.00019866959227865522
1978-04,,,,,,,,,,,0.0,0.0,0.0,0.0,0.0,0.01661203195110228,0.06768825539783774,0.017597800102304717,0.01661203195110228,0.01661203195110228,,,,,,0.0,0.0,0.0,0.0,0.0,0.01184254336897328,0.04799796190423611,0.012491099705058462,0.01184254336897328,0.01184254336897328
1978-05,,,,,,,,,,,0.0,0.0,0.0,0.0,0.0,0.004278163139986413,0.016573952860073016,0.0072125841642782795,0.004278163139986413,0.004278163139986413,,,,,,0.0,0.0,0.0,0.0,0.0,0.0031112403183879422,0.012190384040118518,0.00524472126954989,0.0031112403183879422,0.0031112403183879422
1978-06,,,,,,,,,,,0.0,0.0,0.0,0.0,0.0,0.0019086315749434757,0.007350115545165847,0.003316984318695093,0.0019086315749434757,0.0019086315749434757,,,,,,0.0,0.0,0.0,0.0,0.0,0.001279600390604596,0.004990337223995667,0.00222594002397436,0.001279600390604596,0.001279600390604596
1978-07,,,,,,,,,,,0.0,0.0,0.0,0.0,0.0,0.011929807059704256,0.0482255845396069,0.01188994120290987,0.011929807059704256,0.011929807059704256,,,,,,0.0,0.0,0.0,0.0,0.0,0.008007575928869137,0.032257271698332035,0.007981257980601342,0.008007575928869137,0.008007575928869137
1978-08,,,,,,,,,,,0.0,0.0,0.0,0.0,0.0,0.007078417013196336,0.02825511805126313,0.007078417013196336,0.007078417013196336,0.007078417013196336,,,,,,0.0,0.0,0.0,0.0,0.0,0.004784903327707202,0.019109610799184162,0.004784903327707202,0.004784903327707202,0.004784903327707202
1978-09,,,,,,,,,,,0.0,0.0,0.0,0.0,0.0,0.002123107178544581,0.00794985772639456,0.002123107178544581,0.002123107178544581,0.002123107178544581,,,,,,0.0,0.0,0.0,0.0,0.0,0.0018877879142893406,0.0072566431058622705,0.0018877879142893406,0.0018877879142893406,0.0018877879142893406
1978-10,,,,,,,,,,,0.0,0.0,0.0,0.0,0.0,-0.012299321605800495,-0.04860066804638541,-0.014104370062594462,-0.012299321605800495,-0.012299321605800495,,,,,,0.0,0.0,0.0,0.0,0.0,-0.008720058420859211,-0.03458255300426771,-0.010012230788380205,-0.008720058420859211,-0.008720058420859211
1978-11,,,,,,,,,,,0.0,0.0,0.0,0.0,0.0,-0.00018902642257745406,-0.0008634283657487085,-0.005694915924016386,-0.00018902642257745406,-0.00018902642257745406,,,,,,0.0,0.0,0.0,0.0,0.0,-0.00020079101901693264,-0.0008642242920733345,-0.004568777502486854,-0.00020079101901693264,-0.00020079101901693264
1978-12,,,,,,,,,,,0.0,0.0,0.0,0.0,0.0,0.0018619290326373772,0.007399323152277093,0.007943166283987724,0.0018619290326373772,0.0018619290326373772,,,,,,0.0,0.0,0.0,0.0,0.0,0.001454032170196573,0.005787049473085171,0.006187670676556456,0.001454032170196573,0.001454032170196573
1979-01,,,,,,,,,,,0.0,0.0,0.0,0.0,0.0,0.0022550389906415003,0.008792502562714022,0.010832937077847271,0.0022550389906415003,0.0022550389906415003,,,,,,0.0,0.0,0.0,0.0,0.0,0.001815040480259933,0.007132220059275607,0.008722628643864194,0.001815040480259933,0.001815040480259933
1979-02,,,,,,,,,,,-0.0027055039122093616,-0.010820422266821339,-0.010820422266821339,-0.010820422266821339,-0.0027055039122093616,-0.0015008428723869427,-0.006035334667058745,-0.0030862885926498107,-0.0015008428723869427,-0.0015008428723869427,,,,,,-0.0027055039122093616,-0.010820422266821339,-0.010820422266821339,-0.010820422266821339,-0.0027055039122093616,-0.0018197259267184185,-0.0072856959922934506,-0.005116499086684989,-0.003939043195751557,-0.0018197259267184185
1979-03,,,,,,,,,,,0.0004024921194589748,0.0016104112378527713,0.0016104112378527713,0.0016104112378527713,0.0016104112378527713,0.005374531137447791,0.0216218847755556,0.007296632863770913,0.005279674154142988,0.005279674154142988,,,,,,0.0004024921194589748,0.0016104112378527713,0.0016104112378527713,0.0016104112378527713,0.0016104112378527713,0.004012592545075355,0.016121190664346363,0.0057926546799282885,0.004323933220179876,0.004323933220179876
1979-04,,,,,,,,,,,0.004079864629713548,0.01637868064645076,0.01637868064645076,0.01637868064645076,0.01637868064645076,1.2212980942560847e-05,-1.527574059245751e-06,-0.0006460982687153116,-0.0011412530895767992,-2.5290374630282386e-05,,,,,,0.004079864629713548,0.01637868064645076,0.01637868064645076,0.01637868064645076,0.01637868064645076,0.0013421760440748276,0.0053614437135742765,0.004852471208752984,0.0044764097576706074,0.0052317408028630386
1979-05,,,,,,,,,,,0.0016032512673425092,0.006381197860898302,0.006381197860898302,0.006381197860898302,0.006381197860898302,-0.00430017303565855,-0.01716844758062752,-0.005061789394907534,-0.00430017303565855,-0.00430017303565855,,,,,,0.0016032512673425092,0.006381197860898302,0.006381197860898302,0.006381197860898302,0.006381197860898302,-0.0022980190387775767,-0.00921002921245595,-0.0011750397773215848,-0.0007164002380811718,-0.0007164002380811718
1979-06,,,,,,,,,,,-0.002037683924809186,-0.008151587652330816,-0.008151587652330816,-0.008151587652330816,-0.008151587652330816,0.005735601262260248,0.023073283471231942,0.01989570992235956,0.01690647771948628,0.017366216713762928,,,,,,-0.002037683924809186,-0.008151587652330816,-0.008151587652330816,-0.008151587652330816,-0.008151587652330816,0.0031667265954009594,0.012696405898256158,0.010493143842142283,0.008648736561361448,0.008940354667025696
1979-07,,,,,,,,,,,0.0,0.0,0.0,0.0,0.0,0.004182230170749257,0.01669752998025298,0.011014806520332598,0.009103685217368485,0.009103685217368485,,,,,,0.0,0.0,0.0,0.0,0.0,0.0029213164423607108,0.011670876560601506,0.007612732463285532,0.006332683372534342,0.006332683372534342
1979-08,,,,,,,,,,,0.0,0.0,0.0,0.0,0.0,0.012498853651112363,0.0507000433387681,0.021284365021805307,0.02487160986185155,0.016020920297064478,,,,,,0.0,0.0,0.0,0.0,0.0,0.008569473954026963,0.03461099091311404,0.01488956852178358,0.017154139333724894,0.011247164902128626
1979-09,,,,,,,,,,,0.0,0.0,0.0,0.0,0.0,-0.0027045496537663194,-0.011064976033279161,-0.010100111322560279,-0.005892601125275343,-0.0027276738001419387,,,,,,0.0,0.0,0.0,0.0,0.0,-0.0017548748472370201,-0.007111545938028874,-0.006352453949296399,-0.003752232967528135,-0.0017693812341854631
1979-10,,,,,,,,,,,0.0013705336240692478,0.005434275328246141,0.004313679893672928,0.0013705336240692478,0.0013705336240692478,-0.008747421769355723,-0.03474085906167579,-0.013364972106197248,-0.008747421769355723,-0.008747421769355723,,,,,,0.0013705336240692478,0.005434275328246141,0.004313679893672928,0.0013705336240692478,0.0013705336240692478,-0.005657755860037472,-0.02253700414057036,-0.007970652948044332,-0.005657755860037472,-0.005657755860037472
1979-11,,,,,,,,,,,-0.0010051498611403087,-0.004021566613665595,-0.0010051498611403087,-0.0010051498611403087,-0.0010051498611403087,0.011341397470153058,0.045903580046150694,0.020329157603729886,0.011341397470153058,0.011341397470153058,,,,,,-0.0010051498611403087,-0.004021566613665595,-0.0010051498611403087,-0.0010051498611403087,-0.0010051498611403087,0.007316595135459014,0.02948248758833749,0.01334794418852514,0.007316595135459014,0.007316595135459014
1979-12,,,,,,,,,,,0.0,0.0,0.0,0.0,0.0,-0.0021065987356696514,-0.008501302836396829,-0.006430173710892495,-0.0021065987356696514,-0.0021065987356696514,,,,,,0.0,0.0,0.0,0.0,0.0,-0.001450809718609336,-0.00583705943591406,-0.004381009012794035,-0.001450809718609336,-0.001450809718609336
1980-01,,,,,,,,,,,0.0,0.0,0.0,0.0,0.0,-9.687411401815282e-05,-0.000664223857429147,-0.006617371034202124,-9.687411401815282e-05,-9.687411401815282e-05,,,,,,0.0,0.0,0.0,0.0,0.0,-8.883306530460544e-05,-0.0004761654858065345,-0.004312941176468521,-8.883306530460544e-05,-8.883306530460544e-05
1980-02,,,,,,,,,,,0.0,0.0,0.0,0.0,0.0,-0.0006698737173534974,-0.0027165691671562353,-0.004574095664446887,-0.0006698737173534974,-0.0006698737173534974,,,,,,0.0,0.0,0.0,0.0,0.0,-0.00038653820883338685,-0.0015597935247413375,-0.002809430324569151,-0.00038653820883338685,-0.00038653820883338685
1980-03,,,,,,,,,,,0.01650590053998946,0.06744240513684674,0.04748136005639059,0.01650590053998946,0.01650590053998946,-0.004682842065539705,-0.018643465556650418,-0.0031749672117094008,-0.004682842065539705,-0.004682842065539705,,,,,,0.01650590053998946,0.06744240513684674,0.04748136005639059,0.01650590053998946,0.01650590053998946,0.003905657330512069,0.015681840706552874,0.01790016396221983,0.003905657330512069,0.003905657330512069
1980-04,,,,,,,,,,,-0.01394159581066412,-0.055097129566378245,-0.01394159581066412,-0.01394159581066412,-0.01394159581066412,0.007769702856190053,0.03125989350711067,0.03069602632199331,0.007769702856190053,0.007769702856190053,,,,,,-0.01394159581066412,-0.055097129566378245,-0.01394159581066412,-0.01394159581066412,-0.01394159581066412,0.0014295962256616335,0.005643076683728099,0.018086629624615602,0.0014295962256616335,0.0014295962256616335
1980-05,,,,,,,,,,,0.0,0.0,0.0,0.0,0.0,0.010970222650246386,0.044286677530227525,0.03354649419862521,0.010970222650246386,0.010970222650246386,,,,,,0.0,0.0,0.0,0.0,0.0,0.00809011254016534,0.03258176613706354,0.024670335708052216,0.00809011254016534,0.00809011254016534
1980-06,,,,,,,,,,,0.0,0.0,0.0,0.0,0.0,-0.001398586897267906,-0.00585824482066899,-0.0017349505728082582,-0.001398586897267906,-0.001398586897267906,,,,,,0.0,0.0,0.0,0.0,0.0,-0.0009265386256581687,-0.0038440152802242666,-0.001150321695825296,-0.0009265386256581687,-0.0009265386256581687
1980-07,,,,,,,,,,,0.0,0.0,0.0,0.0,0.0,0.012480560956126707,0.050516387014026165,0.01078585033838353,0.012480560956126707,0.012480560956126707,,,,,,0.0,0.0,0.0,0.0,0.0,0.00853733866544304,0.034429106462600334,0.007405125446341865,0.00853733866544304,0.00853733866544304
1980-08,,,,,,,,,,,0.0,0.0,0.0,0.0,0.0,0.000408132921380977,0.0011843606141914709,0.0003473385202830137,0.000408132921380977,0.000408132921380977,,,,,,0.0,0.0,0.0,0.0,0.0,0.0003922722922728994,0.0013659755551500563,0.00035055688983254285,0.0003922722922728994,0.0003922722922728994
1980-09,,,,,,,,,,,0.0,0.0,0.0,0.0,0.0,-0.005363227095609435,-0.021561565701708973,-0.005363227095609435,-0.005363227095609435,-0.005363227095609435,,,,,,0.0,0.0,0.0,0.0,0.0,-0.003372223071270386,-0.013541694316244302,-0.003372223071270386,-0.003372223071270386,-0.003372223071270386
1980-10,,,,,,,,,,,0.00043633901905670847,0.001725785465019225,0.001725785465019225,0.001725785465019225,0.00043633901905670847,0.0007966010257185463,0.0029873528350425893,-0.0007104301891951437,0.0007966010257185463,0.0007966010257185463,,,,,,0.00043633901905670847,0.001725785465019225,0.001725785465019225,0.001725785465019225,0.00043633901905670847,0.0007720905563728397,0.003007758032494756,0.00034344174188150056,0.0012638013328176712,0.0007720905563728397
1980-11,,,,,,,,,,,0.004643654107062689,0.018443142492284847,0.018443142492284847,0.018443142492284847,0.004643654107062689,0.010309319043072751,0.04158312472628034,0.010309319043072751,0.010309319043072751,0.010309319043072751,,,,,,0.004643654107062689,0.018443142492284847,0.018443142492284847,0.018443142492284847,0.004643654107062689,0.008538647512368991,0.03441427422362198,0.012909129592364899,0.012909129592364899,0.008538647512368991
1980-12,,,,,,,,,,,0.001123193762360808,0.004221722524157645,0.004221722524157645,0.004221722524157645,0.001123193762360808,0.007185725951153854,0.028571746105837237,0.007125553185485689,0.007185725951153854,0.007185725951153854,,,,,,0.001123193762360808,0.004221722524157645,0.004221722524157645,0.004221722524157645,0.001123193762360808,0.005476693095851193,0.021875385556731297,0.0066991706339469825,0.006740683633696509,0.005476693095851193
1981-01,,,,,,,,,,,0.013235835552031672,0.05365636139916252,0.05365636139916252,0.05365636139916252,0.013235835552031672,-0.006241128810219432,-0.025035565656454484,-0.008968052311759789,-0.006241128810219432,-0.006241128810219432,,,,,,0.013235835552031672,0.05365636139916252,0.05365636139916252,0.05365636139916252,0.013235835552031672,-0.000624627365751862,-0.0026104370858412995,0.009037908248802351,0.011000646793402957,-0.000624627365751862
1981-02,,,,,,,,,,,0.004877004676135943,0.01910961503199049,0.004726106764535887,0.004726106764535887,0.004877004676135943,0.008772843887473458,0.03536396124610319,0.007785210617023974,0.008772843887473458,0.008772843887473458,,,,,,0.004877004676135943,0.01910961503199049,0.004726106764535887,0.004726106764535887,0.004877004676135943,0.008097768226590363,0.03263450511284138,0.007352192533828239,0.00805403445244024,0.008097768226590363
1981-03,,,,,,,,,,,-0.0007003888339658371,-0.003090824540585402,-0.0007003888339658371,-0.0007003888339658371,-0.0007003888339658371,0.004897444104837501,0.019524207457959797,0.0013573078219706325,0.004897444104837501,0.004897444104837501,,,,,,-0.0007003888339658371,-0.003090824540585402,-0.0007003888339658371,-0.0007003888339658371,-0.0007003888339658371,0.0035743124762863676,0.014249184416758709,0.0008558450962534714,0.0035743124762863676,0.0035743124762863676
1981-04,,,,,,,,,,,0.009462010020452327,0.03813553876132114,0.009462010020452327,0.009462010020452327,0.009462010020452327,0.0016016406695622543,0.006134955239087692,0.0030545015327034797,0.0016016406695622543,0.0016016406695622543,,,,,,0.009462010020452327,0.03813553876132114,0.009462010020452327,0.009462010020452327,0.009462010020452327,0.00333456911053176,0.013211092152904058,0.004593456943713603,0.00333456911053176,0.00333456911053176
1981-05,,,,,,,,,,,0.01108701152534941,0.04479840852876005,0.01108701152534941,0.01108701152534941,0.01108701152534941,-0.0005391882114168522,-0.0023350278641767197,-0.0034620282721797846,-0.0005391882114168522,-0.0005391882114168522,,,,,,0.01108701152534941,0.04479840852876005,0.01108701152534941,0.01108701152534941,0.01108701152534941,0.0018583207206479546,0.007363282553399575,-0.00044729395616383005,0.0018583207206479546,0.0018583207206479546
1981-06,,,,,,,,,,,0.006643324424232544,0.026298258375287098,0.006643324424232544,0.006643324424232544,0.006643324424232544,-8.195642833286332e-05,-0.0006227639428031395,-0.0033312980641158063,-8.195642833286332e-05,-8.195642833286332e-05,,,,,,0.006643324424232544,0.026298258375287098,0.006643324424232544,0.006643324424232544,0.006643324424232544,0.0013871186817875358,0.00539921938576815,-0.001104863597908401,0.0013871186817875358,0.0013871186817875358
1981-07,,,,,,,,,,,0.00925690709948701,0.037229618144232424,0.00925690709948701,0.00925690709948701,0.00925690709948701,-0.009764313968143257,-0.0386355821139619,-0.011231240903819328,-0.009764313968143257,-0.009764313968143257,,,,,,0.00925690709948701,0.037229618144232424,0.00925690709948701,0.00925690709948701,0.00925690709948701,-0.005927990613427969,-0.023594368977475466,-0.00710201879745076,-0.005927990613427969,-0.005927990613427969
1981-08,,,,,,,,,,,-0.003073788213588502,-0.01288938798489192,-0.003073788213588502,-0.003073788213588502,-0.003073788213588502,-0.005401655771102742,-0.021580917002456568,-0.015213523854143096,-0.005401655771102742,-0.005401655771102742,,,,,,-0.003073788213588502,-0.01288938798489192,-0.003073788213588502,-0.003073788213588502,-0.003073788213588502,-0.004924343846446133,-0.019673659179685887,-0.012916446859549957,-0.004924343846446133,-0.004924343846446133
1981-09,,,,,,,,,,,-0.008554510620433442,-0.034016193051079724,-0.008554510620433442,-0.008554510620433442,-0.008554510620433442,-0.0006465204312263717,-0.0026079005870740524,-0.006369177251024594,-0.0006465204312263717,-0.0006465204312263717,,,,,,-0.008554510620433442,-0.034016193051079724,-0.008554510620433442,-0.008554510620433442,-0.008554510620433442,-0.0021295364288170804,-0.008518457382892253,-0.006828604062622201,-0.0021295364288170804,-0.0021295364288170804
1981-10,,,,,,,,,,,0.0026604353820793847,0.010540875859551768,0.010540875859551768,0.0026604353820793847,0.0026604353820793847,0.006697470278750339,0.026929864621831445,0.012651780422507919,0.006697470278750339,0.006697470278750339,,,,,,0.0026604353820793847,0.010540875859551768,0.010540875859551768,0.0026604353820793847,0.0026604353820793847,0.005956308331339644,0.0239500108559636,0.012344391625998874,0.005956308331339644,0.005956308331339644
1981-11,,,,,,,,,,,-0.0046131880305513295,-0.018377011121994524,-0.018377011121994524,-0.0046131880305513295,-0.0046131880305513295,0.006228893040792327,0.02500231197122238,0.012704094365231677,0.006228893040792327,0.006228893040792327,,,,,,-0.0046131880305513295,-0.018377011121994524,-0.018377011121994524,-0.0046131880305513295,-0.0046131880305513295,0.004121073106584161,0.016493921633037756,0.006658490793952199,0.004121073106584161,0.004121073106584161
1981-12,,,,,,,,,,,0.0006807079511803593,0.0027191421373125024,0.0027191421373125024,0.0006807079511803593,0.0006807079511803593,-0.002339652554856575,-0.009418972900244404,-0.003428752348139996,-0.002339652554856575,-0.002339652554856575,,,,,,0.0006807079511803593,0.0027191421373125024,0.0027191421373125024,0.0006807079511803593,0.0006807079511803593,-0.001731729899780543,-0.0069692127957829975,-0.0021645607398570466,-0.001731729899780543,-0.001731729899780543
1982-01,,,,,,,,,,,0.0015843259659844566,0.006234506389456884,0.006234506389456884,0.0015843259659844566,0.0015843259659844566,0.0006267706182561117,0.0024136879851914816,0.004085697714299119,0.0006267706182561117,0.0006267706182561117,,,,,,0.0015843259659844566,0.006234506389456884,0.006234506389456884,0.0015843259659844566,0.0015843259659844566,0.0007874283650346481,0.003097030713973492,0.004434494118728427,0.0007874283650346481,0.0007874283650346481
1982-02,,,,,,,,,,,0.008966722639402791,0.03610109756500579,0.03610109756500579,0.008966722639402791,0.008966722639402791,-0.0014204528189075694,-0.005774236963319135,0.0014216580564447856,-0.0014204528189075694,-0.0014204528189075694,,,,,,0.008966722639402791,0.03610109756500579,0.03610109756500579,0.008966722639402791,0.008966722639402791,0.0007876144508429661,0.003100646756635461,0.008802175366949605,0.0007876144508429661,0.0007876144508429661
1982-03,,,,,,,,,,,0.00623183070458011,0.02501566196840521,0.02501566196840521,0.00623183070458011,0.00623183070458011,-0.0008127838604703452,-0.0033440378051373676,-0.004043633628802112,-0.0008127838604703452,-0.0008127838604703452,,,,,,0.00623183070458011,0.02501566196840521,0.02501566196840521,0.00623183070458011,0.00623183070458011,0.0007954580265414624,0.0031212772494784158,0.002753662290101655,0.0007954580265414624,0.0007954580265414624
1982-04,,,,,,,,,,,-0.006867203792903731,-0.027281485149746487,-0.005529944635259465,-0.006867203792903731,-0.006867203792903731,0.009798018382215057,0.03952988958996717,0.0195779672070453,0.009798018382215057,0.009798018382215057,,,,,,-0.006867203792903731,-0.027281485149746487,-0.005529944635259465,-0.006867203792903731,-0.006867203792903731,0.0054909354541303745,0.022009942504724656,0.013141721762841785,0.0054909354541303745,0.0054909354541303745
1982-05,,,,,,,,,,,-0.002329102001217276,-0.009362149895670968,0.001963282667125643,-0.002329102001217276,-0.002329102001217276,-0.00434099135438748,-0.01732943667970055,-0.004135500041599238,-0.00434099135438748,-0.00434099135438748,,,,,,-0.002329102001217276,-0.009362149895670968,0.001963282667125643,-0.002329102001217276,-0.002329102001217276,-0.0038596769515035767,-0.015394633528439283,-0.0026244586084551713,-0.0038596769515035767,-0.0038596769515035767
1982-06,,,,,,,,,,,0.013666113594269502,0.05541271344328469,0.013666113594269502,0.013666113594269502,0.013666113594269502,-0.0022995540458561337,-0.009308012484406047,-0.0022995540458561337,-0.0022995540458561337,-0.0022995540458561337,,,,,,0.013666113594269502,0.05541271344328469,0.013666113594269502,0.013666113594269502,0.013666113594269502,0.0015369166814611646,0.006071959474316158,0.0015369166814611646,0.0015369166814611646,0.0015369166814611646
1982-07,,,,,,,,,,,0.00011097487721367649,8.402332118184752e-05,0.00011097487721367649,0.00011097487721367649,0.00011097487721367649,0.0021914349796789967,0.008641753094319693,0.0021914349796789967,0.0021914349796789967,0.0021914349796789967,,,,,,0.00011097487721367649,8.402332118184752e-05,0.00011097487721367649,0.00011097487721367649,0.00011097487721367649,0.0016864433384744526,0.006671392054770742,0.0016864433384744526,0.0016864433384744526,0.0016864433384744526
1982-08,,,,,,,,,,,0.0027021446904329505,0.010415773473188228,0.0027021446904329505,0.0027021446904329505,0.0027021446904329505,0.010194692257657678,0.040913368853833676,0.00485504260555869,0.010194692257657678,0.010194692257657678,,,,,,0.0027021446904329505,0.010415773473188228,0.0027021446904329505,0.0027021446904329505,0.0027021446904329505,0.00819302210146522,0.03291882246011513,0.0041128596750164,0.00819302210146522,0.00819302210146522
1982-09,,,,,,,,,,,0.003990800931831684,0.01587826102068224,0.003990800931831684,0.003990800931831684,0.003990800931831684,0.0016110727638254385,0.005920703978317565,0.009836591765938874,0.0016110727638254385,0.0016110727638254385,,,,,,0.003990800931831684,0.01587826102068224,0.003990800931831684,0.003990800931831684,0.003990800931831684,0.0022717968247905063,0.008778584504641751,0.008465069192788999,0.0022717968247905063,0.0022717968247905063
1982-10,,,,,,,,,,,0.0052888635584926735,0.02111294513491191,0.0052888635584926735,0.0052888635584926735,0.0052888635584926735,0.030618489793681203,0.1256297474549668,0.04072713693404606,0.030618489793681203,0.030618489793681203,,,,,,0.0052888635584926735,0.02111294513491191,0.0052888635584926735,0.0052888635584926735,0.0052888635584926735,0.02422118865125822,0.09911833901482336,0.03176280028213552,0.02422118865125822,0.02422118865125822
1982-11,,,,,,,,,,,-0.007617645665781936,-0.030293306750088456,-0.007617645665781936,-0.007617645665781936,-0.007617645665781936,0.015820923839085177,0.06279902458735553,0.015820923839085177,0.015820923839085177,0.015820923839085177,,,,,,-0.007617645665781936,-0.030293306750088456,-0.007617645665781936,-0.007617645665781936,-0.007617645665781936,0.008889161430690073,0.03506068069073054,0.008889161430690073,0.008889161430690073,0.008889161430690073
1982-12,,,,,,,,,,,-0.00589857472738875,-0.023469289735101873,-0.00589857472738875,-0.00589857472738875,-0.00589857472738875,0.00020141955693886437,-0.0003874571516604419,0.00020141955693886437,0.00020141955693886437,0.00020141955693886437,,,,,,-0.00589857472738875,-0.023469289735101873,-0.00589857472738875,-0.00589857472738875,-0.00589857472738875,-0.0014345779506738099,-0.006366165668553525,-0.0014345779506738099,-0.0014345779506738099,-0.0014345779506738099
1983-01,,,,,,,,,,,0.0013764399766571511,0.005405583184329599,0.005405583184329599,0.0013764399766571511,0.0013764399766571511,0.011365119015542824,0.045128881916864705,0.010473090934140838,0.011365119015542824,0.011365119015542824,,,,,,0.0013764399766571511,0.005405583184329599,0.005405583184329599,0.0013764399766571511,0.0013764399766571511,0.008419758349149209,0.03360860707785962,0.008875691109327066,0.008419758349149209,0.008419758349149209
1983-02,,,,,,,,,,,-0.0066278540378971185,-0.026341446495956933,-0.010875146756197496,-0.0066278540378971185,-0.0066278540378971185,0.005606756439316518,0.022185372901021738,0.0013211602641400866,0.005606756439316518,0.005606756439316518,,,,,,-0.0066278540378971185,-0.026341446495956933,-0.010875146756197496,-0.0066278540378971185,-0.0066278540378971185,0.002692003885254479,0.010568310843667383,-0.001553300851314443,0.002692003885254479,0.002692003885254479
1983-03,,,,,,,,,,,0.0009873872559933439,0.003808878064954113,0.003808878064954113,0.0009873872559933439,0.0009873872559933439,0.012423703615036308,0.05021965272129325,0.01239937461685825,0.012423703615036308,0.012423703615036308,,,,,,0.0009873872559933439,0.003808878064954113,0.003808878064954113,0.0009873872559933439,0.0009873872559933439,0.009538741473226642,0.03845621134330357,0.010186328897401564,0.009538741473226642,0.009538741473226642
1983-04,,,,,,,,,,,-0.00023010380336174752,-0.0009737198484088827,-0.0013138018222025316,-0.00023010380336174752,-0.00023010380336174752,0.02614160691748646,0.10789599593120247,0.02614160691748646,0.02614160691748646,0.02614160691748646,,,,,,-0.00023010380336174752,-0.0009737198484088827,-0.0013138018222025316,-0.00023010380336174752,-0.00023010380336174752,0.019112236871682287,0.0781946223451313,0.018890257503616725,0.019112236871682287,0.019112236871682287
1983-05,,,,,,,,,,,0.00011138429966117691,0.0004154986397437721,-4.132175731808019e-06,0.00011138429966117691,0.00011138429966117691,0.007765550568502144,0.03103379080784996,0.0072342083162255655,0.007765550568502144,0.007765550568502144,,,,,,0.00011138429966117691,0.0004154986397437721,-4.132175731808019e-06,0.00011138429966117691,0.00011138429966117691,0.005577523666465911,0.022298493258778196,0.005169297881999491,0.005577523666465911,0.005577523666465911
1983-06,,,,,,,,,,,0.0023382803976188526,0.009289938746051662,0.0023382803976188526,0.0023382803976188526,0.0023382803976188526,0.002529410994958514,0.009686432498465791,0.002529410994958514,0.002529410994958514,0.002529410994958514,,,,,,0.0023382803976188526,0.009289938746051662,0.0023382803976188526,0.0023382803976188526,0.0023382803976188526,0.002529249778106424,0.009919099252356789,0.002529249778106424,0.002529249778106424,0.002529249778106424
1983-07,,,,,,,,,,,0.006952431174275464,0.02801344590689747,0.006952431174275464,0.006952431174275464,0.006952431174275464,-0.0028952550471729177,-0.012083776292847515,-0.0028952550471729177,-0.0028952550471729177,-0.0028952550471729177,,,,,,0.006952431174275464,0.02801344590689747,0.006952431174275464,0.006952431174275464,0.006952431174275464,0.0002410628146738425,0.0007162907759750148,0.0002410628146738425,0.0002410628146738425,0.0002410628146738425
1983-08,,,,,,,,,,,0.004704667737560175,0.018685719798076317,0.004704667737560175,0.004704667737560175,0.004704667737560175,0.005844797631256116,0.023375208005373738,0.005844797631256116,0.005844797631256116,0.005844797631256116,,,,,,0.004704667737560175,0.018685719798076317,0.004704667737560175,0.004704667737560175,0.004704667737560175,0.005319062780388517,0.02130822107399366,0.005319062780388517,0.005319062780388517,0.005319062780388517
1983-09,,,,,,,,,,,-0.0047665165617063465,-0.019030803302261368,-0.0047665165617063465,-0.0047665165617063465,-0.0047665165617063465,-0.004798710081978075,-0.01920562190714592,-0.00229721872752775,-0.004798710081978075,-0.004798710081978075,,,,,,-0.0047665165617063465,-0.019030803302261368,-0.0047665165617063465,-0.0047665165617063465,-0.0047665165617063465,-0.004752009190443829,-0.018971655253123165,-0.002860633802324153,-0.004752009190443829,-0.004752009190443829
1983-10,,,,,,,,,,,-0.004574420312586591,-0.018260866135368037,-0.0034700856546349135,-0.004574420312586591,-0.004574420312586591,-0.001867527962982174,-0.007679177044890073,-0.0010965947869545634,-0.001867527962982174,-0.001867527962982174,,,,,,-0.004574420312586591,-0.018260866135368037,-0.0034700856546349135,-0.004574420312586591,-0.004574420312586591,-0.002640158974121398,-0.01064323355051311,-0.0017883803465635895,-0.002640158974121398,-0.002640158974121398
1983-11,,,,,,,,,,,0.004302963665001824,0.01724334431538521,0.004302963665001824,0.004302963665001824,0.004302963665001824,-0.0011276385306777659,-0.004608337074384683,-0.00032137334192372524,-0.0011276385306777659,-0.0011276385306777659,,,,,,0.004302963665001824,0.01724334431538521,0.004302963665001824,0.004302963665001824,0.004302963665001824,0.00035289452724374115,0.0013448532401396651,0.0009517824637803596,0.00035289452724374115,0.00035289452724374115
1983-12,,,,,,,,,,,0.0022167530663548263,0.008802770222421374,0.0022167530663548263,0.0022167530663548263,0.0022167530663548263,-0.005954352157614529,-0.023655376164560815,-0.010990158380285608,-0.005954352157614529,-0.005954352157614529,,,,,,0.0022167530663548263,0.008802770222421374,0.0022167530663548263,0.0022167530663548263,0.0022167530663548263,-0.0036166833736230863,-0.014414212596073672,-0.007212742971283936,-0.0036166833736230863,-0.0036166833736230863
1984-01,,,,,,,,,,,0.00703147771284196,0.028226735034627914,0.00703147771284196,0.00703147771284196,0.00703147771284196,0.0012130872959490446,0.004802238518700763,0.009121978695665334,0.0012130872959490446,0.0012130872959490446,,,,,,0.00703147771284196,0.028226735034627914,0.00703147771284196,0.00703147771284196,0.00703147771284196,0.0028852533278584946,0.011535143277596305,0.008802258844510469,0.0028852533278584946,0.0028852533278584946
1984-02,,,,,,,,,,,-0.00938900882031879,-0.037252754982488256,-0.011803000401943375,-0.00938900882031879,-0.00938900882031879,-0.004583680703522552,-0.018322292568210163,-0.009968921164171807,-0.004583680703522552,-0.004583680703522552,,,,,,-0.00938900882031879,-0.037252754982488256,-0.011803000401943375,-0.00938900882031879,-0.00938900882031879,-0.00566776035898231,-0.022547133972597888,-0.01011885262994272,-0.00566776035898231,-0.00566776035898231
1984-03,,,,,,,,,,,0.0,0.0,0.0,0.0,0.0,-0.0036890650199721264,-0.014755035641245584,-0.013792130921795098,-0.004246455880296929,-0.0036890650199721264,,,,,,0.0,0.0,0.0,0.0,0.0,-0.0029101438196518226,-0.011640058150376387,-0.010887852495522488,-0.003353757021543058,-0.0029101438196518226
1984-04,,,,,,,,,,,0.008205038358312988,0.03313822700656943,0.03313822700656943,0.008205038358312988,0.008205038358312988,0.005794988039135696,0.023335607605251996,0.00957459147705797,0.01022740018585977,0.005794988039135696,,,,,,0.008205038358312988,0.03313822700656943,0.03313822700656943,0.008205038358312988,0.008205038358312988,0.006343044446521784,0.025573438231267343,0.01485574188771488,0.009737986235275775,0.006343044446521784
1984-05,,,,,,,,,,,0.002013484023284162,0.007916187097326999,0.007916187097326999,0.002013484023284162,0.002013484023284162,-0.004551558754336549,-0.01820761652332359,-0.006214760607079595,-0.005786065183597255,-0.004551558754336549,,,,,,0.002013484023284162,0.007916187097326999,0.007916187097326999,0.002013484023284162,0.002013484023284162,-0.0029485969603638695,-0.011832000419463862,-0.0026843800097068327,-0.0039048510235019096,-0.0029485969603638695
1984-06,,,,,,,,,,,0.00039040999887229866,0.0014431837635215938,-0.009272901606005468,0.00039040999887229866,0.00039040999887229866,-0.0014576940235127012,-0.005917884234902693,-0.0038797458718839994,-0.0014576940235127012,-0.0014576940235127012,,,,,,0.00039040999887229866,0.0014431837635215938,-0.009272901606005468,0.00039040999887229866,0.00039040999887229866,-0.0009777876408069153,-0.003966138615328907,-0.0052563010495374485,-0.0009777876408069153,-0.0009777876408069153
1984-07,,,,,,,,,,,0.00915478910168721,0.036914714384818526,0.00915478910168721,0.00915478910168721,0.00915478910168721,-0.0027818154663133976,-0.011140776239735972,-0.003908321169386775,-0.0027818154663133976,-0.0027818154663133976,,,,,,0.00915478910168721,0.036914714384818526,0.00915478910168721,0.00915478910168721,0.00915478910168721,0.000302829675655536,0.0011740631447278993,-0.000571706975175279,0.000302829675655536,0.000302829675655536
1984-08,,,,,,,,,,,-0.0016559378646802125,-0.006794475905551378,-0.0016559378646802125,-0.0016559378646802125,-0.0016559378646802125,0.009307772721695251,0.037399547549286316,0.013895322327273307,0.009307772721695251,0.009307772721695251,,,,,,-0.0016559378646802125,-0.006794475905551378,-0.0016559378646802125,-0.0016559378646802125,-0.0016559378646802125,0.006454039495557007,0.025861139851482973,0.009864204467097348,0.006454039495557007,0.006454039495557007
1984-09,,,,,,,,,,,0.012743006765396192,0.05145016123776158,0.012743006765396192,0.012743006765396192,0.012743006765396192,-0.001885053919407631,-0.0077556502641839,-0.006772374266110326,-0.004300962520453533,-0.001885053919407631,,,,,,0.012743006765396192,0.05145016123776158,0.012743006765396192,0.012743006765396192,0.012743006765396192,0.0016794273355043021,0.00655643271365669,-0.0020395959167029964,-0.00016028726127459425,0.0016794273355043021
1984-10,,,,,,,,,,,-0.0019050697526385996,-0.007861766439289597,-0.0019050697526385996,-0.0019050697526385996,-0.0019050697526385996,0.002153187576083404,0.008459181774872038,0.0029391318134976974,0.002153187576083404,0.002153187576083404,,,,,,-0.0019050697526385996,-0.007861766439289597,-0.0019050697526385996,-0.0019050697526385996,-0.0019050697526385996,0.001291629721588583,0.0050526913341895074,0.0019272703777046818,0.001291629721588583,0.001291629721588583
1984-11,,,,,,,,,,,0.004840859297240208,0.01926366101493504,0.004840859297240208,0.004840859297240208,0.004840859297240208,0.0010231122761972244,0.003924563267704739,0.003723811026091095,0.0010231122761972244,0.0010231122761972244,,,,,,0.004840859297240208,0.01926366101493504,0.004840859297240208,0.004840859297240208,0.004840859297240208,0.0017772677584217966,0.007019982410362058,0.00391302765713708,0.0017772677584217966,0.0017772677584217966
1984-12,,,,,,,,,,,0.003806469275197122,0.015146400409792316,0.003806469275197122,0.003806469275197122,0.003806469275197122,0.007913358374955992,0.03178498166880184,0.008359109309916013,0.007913358374955992,0.007913358374955992,,,,,,0.003806469275197122,0.015146400409792316,0.003806469275197122,0.003806469275197122,0.003806469275197122,0.007147430852213921,0.028749954504738717,0.007528749130206958,0.007147430852213921,0.007147430852213921
1985-01,,,,,,,,,,,0.0020857993335825498,0.008252459166343984,0.0020857993335825498,0.0020857993335825498,0.0020857993335825498,0.013189916541089364,0.05314922567033431,0.018390742893927392,0.013189916541089364,0.013189916541089364,,,,,,0.0020857993335825498,0.008252459166343984,0.0020857993335825498,0.0020857993335825498,0.0020857993335825498,0.010661781389508684,0.04290692227030246,0.014569557006141265,0.010661781389508684,0.010661781389508684
1985-02,,,,,,,,,,,0.01250291759516986,0.05035360384978649,0.01250291759516986,0.01250291759516986,0.01250291759516986,-0.00015397699262009734,-0.0007499610335863771,0.005036263086922954,-0.00015397699262009734,-0.00015397699262009734,,,,,,0.01250291759516986,0.05035360384978649,0.01250291759516986,0.01250291759516986,0.01250291759516986,0.0030523131170789863,0.012145361721823233,0.006985849788956333,0.0030523131170789863,0.0030523131170789863
1985-03,,,,,,,,,,,-0.015490167771040508,-0.06128124697625692,-0.015490167771040508,-0.015490167771040508,-0.015490167771040508,-0.0009635516784897158,-0.0039781442936451805,-0.006401950250243593,-0.0009635516784897158,-0.0009635516784897158,,,,,,-0.015490167771040508,-0.06128124697625692,-0.015490167771040508,-0.015490167771040508,-0.015490167771040508,-0.0028543530226353697,-0.0114735207692237,-0.007546677664788004,-0.0028543530226353697,-0.0028543530226353697
1985-04,,,,,,,,,,,-0.008353760863692772,-0.033060000195838546,-0.024780071439594153,-0.008353760863692772,-0.008353760863692772,0.0038456329617453378,0.015291845563647488,0.004770304579662543,0.005061363240085326,0.0038456329617453378,,,,,,-0.008353760863692772,-0.033060000195838546,-0.024780071439594153,-0.008353760863692772,-0.008353760863692772,0.0023885443108575544,0.009443297955903818,0.00117727163721848,0.00345637634406204,0.0023885443108575544
1985-05,,,,,,,,,,,-0.008681374687206755,-0.03471081251615049,-0.020008951279658183,-0.008681374687206755,-0.008681374687206755,0.01130944700261094,0.045751950559662635,0.008734574572047515,0.008734574572047515,0.01130944700261094,,,,,,-0.008681374687206755,-0.03471081251615049,-0.020008951279658183,-0.008681374687206755,-0.008681374687206755,0.008891322468264296,0.03586014267155635,0.005273996567678907,0.006628417263448094,0.008891322468264296
1985-06,,,,,,,,,,,0.0004040674339558237,0.0016147473333407714,0.0016147473333407714,0.0004040674339558237,0.0004040674339558237,0.004185970347077905,0.016684239264728173,0.004185970347077905,0.004185970347077905,0.004185970347077905,,,,,,0.0004040674339558237,0.0016147473333407714,0.0016147473333407714,0.0004040674339558237,0.0004040674339558237,0.003651806220068332,0.014568253505824025,0.0038282389483126344,0.003651806220068332,0.003651806220068332
1985-07,,,,,,,,,,,0.0,0.0,0.0,0.0,0.0,-0.004320529659568306,-0.017398806312656556,-0.0035806545522198974,-0.004320529659568306,-0.004320529659568306,,,,,,0.0,0.0,0.0,0.0,0.0,-0.00371268618718823,-0.01493468965852962,-0.003090382604055919,-0.00371268618718823,-0.00371268618718823
1985-08,,,,,,,,,,,0.0,0.0,0.0,0.0,0.0,-0.0036516624075276782,-0.014635296016594523,-0.0036971194595709633,-0.0036516624075276782,-0.0036516624075276782,,,,,,0.0,0.0,0.0,0.0,0.0,-0.0030925134110141306,-0.012390839038965096,-0.0031307196733489917,-0.0030925134110141306,-0.0030925134110141306
1985-09,,,,,,,,,,,0.0,0.0,0.0,0.0,0.0,-0.005687082692903966,-0.022623203429530725,-0.007158326930977621,-0.005687082692903966,-0.005687082692903966,,,,,,0.0,0.0,0.0,0.0,0.0,-0.004904634448357981,-0.019524866162989873,-0.0061728310530150265,-0.004904634448357981,-0.004904634448357981
1985-10,,,,,,,,,,,0.0,0.0,0.0,0.0,0.0,0.01022662447125633,0.04137046197968597,0.014342849748556707,0.01022662447125633,0.01022662447125633,,,,,,0.0,0.0,0.0,0.0,0.0,0.008806554811256362,0.03557010353527845,0.012448277904584026,0.008806554811256362,0.008806554811256362
1985-11,,,,,,,,,,,0.0,0.0,0.0,0.0,0.0,0.013731362022214588,0.055777694215747076,0.027208479716735567,0.013731362022214588,0.013731362022214588,,,,,,0.0,0.0,0.0,0.0,0.0,0.011474500232577345,0.0464943381766143,0.022697074746844237,0.011474500232577345,0.011474500232577345
1985-12,,,,,,,,,,,0.0,0.0,0.0,0.0,0.0,0.015161660109543673,0.061594579937083394,0.026889727186329315,0.019702867137958213,0.015161660109543673,,,,,,0.0,0.0,0.0,0.0,0.0,0.012249404159010657,0.04962024375089302,0.02170442340787604,0.015848785631594753,0.012249404159010657
1986-01,,,,,,,,,,,0.0,0.0,0.0,0.0,0.0,-0.0018198490001350986,-0.008000415729339627,0.0011452301198930925,-0.0018883434150911427,-0.0018198490001350986,,,,,,0.0,0.0,0.0,0.0,0.0,-0.0015908870604497416,-0.006820852461861038,0.000802838054913213,-0.0016227556101804375,-0.0015908870604497416
1986-02,,,,,,,,,,,0.0,0.0,0.0,0.0,0.0,0.01558904398393457,0.06331460470740047,0.02985236345290687,0.01558904398393457,0.01558904398393457,,,,,,0.0,0.0,0.0,0.0,0.0,0.012183578499393777,0.04931978752802646,0.023340543938321634,0.012183578499393777,0.012183578499393777
1986-03,,,,,,,,,,,0.0,0.0,0.0,0.0,0.0,0.022513782611966793,0.09248846933274502,0.02713600560725804,0.022513782611966793,0.022513782611966793,,,,,,0.0,0.0,0.0,0.0,0.0,0.017756922420269827,0.07253910336343261,0.021205158393595713,0.017756922420269827,0.017756922420269827
1986-04,,,,,,,,,,,0.0,0.0,0.0,0.0,0.0,0.0038576499060631875,0.014617563460302074,-0.0002931463708293336,0.0038576499060631875,0.0038576499060631875,,,,,,0.0,0.0,0.0,0.0,0.0,0.003144496240371719,0.01202850215892659,-0.00023635357209828012,0.003144496240371719,0.003144496240371719
1986-05,,,,,,,,,,,0.0,0.0,0.0,0.0,0.0,0.01690801812267173,0.0685829340989319,0.01690801812267173,0.01690801812267173,0.01690801812267173,,,,,,0.0,0.0,0.0,0.0,0.0,0.014071785648327895,0.05694853267667055,0.014071785648327895,0.014071785648327895,0.014071785648327895
1986-06,,,,,,,,,,,0.0,0.0,0.0,0.0,0.0,0.0017152355266840669,0.006312239819891374,0.0017152355266840669,0.0017152355266840669,0.0017152355266840669,,,,,,0.0,0.0,0.0,0.0,0.0,0.0014368178113770558,0.005367044579566604,0.0014368178113770558,0.0014368178113770558,0.0014368178113770558
1986-07,,,,,,,,,,,0.0,0.0,0.0,0.0,0.0,-0.01281553983343231,-0.051173947634099215,-0.01281553983343231,-0.01281553983343231,-0.01281553983343231,,,,,,0.0,0.0,0.0,0.0,0.0,-0.010511831309939823,-0.041987312676896815,-0.010511831309939823,-0.010511831309939823,-0.010511831309939823
1986-08,,,,,,,,,,,0.0,0.0,0.0,0.0,0.0,0.013508987128938443,0.05479069771185463,0.016212174977677574,0.013508987128938443,0.013508987128938443,,,,,,0.0,0.0,0.0,0.0,0.0,0.010564268382401876,0.042719922177829384,0.012668296841273019,0.010564268382401876,0.010564268382401876
1986-09,,,,,,,,,,,0.0,0.0,0.0,0.0,0.0,-0.014941282990543314,-0.05901146173163796,-0.01582828335069375,-0.014941282990543314,-0.014941282990543314,,,,,,0.0,0.0,0.0,0.0,0.0,-0.01151230366025513,-0.04560368014684424,-0.012194479040860906,-0.01151230366025513,-0.01151230366025513
1986-10,,,,,,,,,,,0.0,0.0,0.0,0.0,0.0,0.006308968842630991,0.025372455092932622,0.015705108371889542,0.006308968842630991,0.006308968842630991,,,,,,0.0,0.0,0.0,0.0,0.0,0.004964968759875843,0.019944952341059308,0.012344041012605667,0.004964968759875843,0.004964968759875843
1986-11,,,,,,,,,,,0.0,0.0,0.0,0.0,0.0,0.0010833381156531985,0.004119835684249562,0.0020297302056269118,0.0010833381156531985,0.0010833381156531985,,,,,,0.0,0.0,0.0,0.0,0.0,0.0008040260922712594,0.003083018879836974,0.0015199121492748269,0.0008040260922712594,0.0008040260922712594
1986-12,,,,,,,,,,,0.0,0.0,0.0,0.0,0.0,-0.004882219353915862,-0.019799002324409787,-0.012629936529592545,-0.004882219353915862,-0.004882219353915862,,,,,,0.0,0.0,0.0,0.0,0.0,-0.0036894559032786267,-0.014923467092284426,-0.009625376874189184,-0.0036894559032786267,-0.0036894559032786267
1987-01,,,,,,,,,,,0.0,0.0,0.0,0.0,0.0,0.026285348585170176,0.10837055380900473,0.03496489650281931,0.0330572245644809,0.026285348585170176,,,,,,0.0,0.0,0.0,0.0,0.0,0.020564164354963888,0.08421531931770398,0.027211505667048108,0.025765412761348694,0.020564164354963888
1987-02,,,,,,,,,,,0.0,0.0,0.0,0.0,0.0,0.012618091255473196,0.05076089776010151,0.01975302517596278,0.020424564067745843,0.012618091255473196,,,,,,0.0,0.0,0.0,0.0,0.0,0.01051246690521812,0.042251559068993805,0.016344286738259717,0.016855817095262182,0.01051246690521812
1987-03,,,,,,,,,,,0.0,0.0,0.0,0.0,0.0,0.007643802680898482,0.030103310432615604,0.004327686876714143,0.006659126706713092,0.007643802680898482,,,,,,0.0,0.0,0.0,0.0,0.0,0.006285493540321818,0.024860503674296597,0.003646103363307951,0.005477455018270794,0.006285493540321818
1987-04,,,,,,,,,,,0.0,0.0,0.0,0.0,0.0,-0.0003070914262511826,-0.002069289698265253,2.7713285839947588e-05,-0.0003070914262511826,-0.0003070914262511826,,,,,,0.0,0.0,0.0,0.0,0.0,-0.00026678373001287614,-0.0015838655500375332,-5.81073131208365e-05,-0.00026678373001287614,-0.00026678373001287614
1987-05,,,,,,,,,,,0.0,0.0,0.0,0.0,0.0,0.006453298755433323,0.025554361083468313,0.006431619261554777,0.006453298755433323,0.006453298755433323,,,,,,0.0,0.0,0.0,0.0,0.0,0.004999291584085297,0.0198542854074244,0.005003786881030647,0.004999291584085297,0.004999291584085297
1987-06,,,,,,,,,,,0.0,0.0,0.0,0.0,0.0,0.005023574068475201,0.019926042953547496,0.005023574068475201,0.005023574068475201,0.005023574068475201,,,,,,0.0,0.0,0.0,0.0,0.0,0.003994064889452531,0.015868604700073563,0.003994064889452531,0.003994064889452531,0.003994064889452531
1987-07,,,,,,,,,,,-0.003738419684586325,-0.0149365158733199,-0.0149365158733199,-0.011822360321092629,-0.003738419684586325,0.003708475579804693,0.014624947469924487,0.004572491171039639,0.003708475579804693,0.003708475579804693,,,,,,-0.003738419684586325,-0.0149365158733199,-0.0149365158733199,-0.011822360321092629,-0.003738419684586325,0.0022567792046161994,0.008867838870182387,0.000559134303180775,0.0004807803288675583,0.0022567792046161994
1987-08,,,,,,,,,,,-0.0056106535287065995,-0.02236321629704563,-0.02236321629704563,-0.005759819388970078,-0.0056106535287065995,0.019188847053695834,0.07812107374599742,0.020101866884211894,0.019188847053695834,0.019188847053695834,,,,,,-0.0056106535287065995,-0.02236321629704563,-0.02236321629704563,-0.005759819388970078,-0.0056106535287065995,0.01435918337985398,0.058089523109496444,0.01144389395570844,0.014331520645394002,0.01435918337985398
1987-09,,,,,,,,,,,0.0,0.0,0.0,0.0,0.0,-0.00593235539025716,-0.024310113014515022,-0.00593235539025716,-0.00593235539025716,-0.00593235539025716,,,,,,0.0,0.0,0.0,0.0,0.0,-0.0049869270310111125,-0.020308731978133876,-0.0049869270310111125,-0.0049869270310111125,-0.0049869270310111125
1987-10,,,,,,,,,,,-0.00048042264524450484,-0.0019214323144775003,-0.0019214323144775003,-0.0019214323144775003,-0.00048042264524450484,-0.023971338827226463,-0.09413975509228778,-0.023971338827226463,-0.023971338827226463,-0.023971338827226463,,,,,,-0.00048042264524450484,-0.0019214323144775003,-0.0019214323144775003,-0.0019214323144775003,-0.00048042264524450484,-0.01792041653694587,-0.07072367490535825,-0.018241859865855026,-0.018241859865855026,-0.01792041653694587
1987-11,,,,,,,,,,,0.0,0.0,0.0,0.0,0.0,0.00012894253279349677,0.0005157637690020866,0.00012894253279349677,0.00012894253279349677,0.00012894253279349677,,,,,,0.0,0.0,0.0,0.0,0.0,8.013339511880879e-05,0.0003205311232854502,8.013339511880879e-05,8.013339511880879e-05,8.013339511880879e-05
1987-12,,,,,,,,,,,0.0,0.0,0.0,0.0,0.0,0.0022818323812858754,0.009116671014128386,0.0022818323812858754,0.0022818323812858754,0.0022818323812858754,,,,,,0.0,0.0,0.0,0.0,0.0,0.0015273645576283634,0.006103947984005931,0.0015273645576283634,0.0015273645576283634,0.0015273645576283634
1988-01,,,,,,,,,,,0.0,0.0,0.0,0.0,0.0,-0.0011785888070691142,-0.0049114364275693045,-0.004670796904336139,-0.0011785888070691142,-0.0011785888070691142,,,,,,0.0,0.0,0.0,0.0,0.0,-0.0010135528305791341,-0.004168243404034988,-0.0037111918737220417,-0.0010135528305791341,-0.0010135528305791341
1988-02,,,,,,,,,,,0.0,0.0,0.0,0.0,0.0,0.006569084833889516,0.026428838915883768,0.0174733434082881,0.006569084833889516,0.006569084833889516,,,,,,0.0,0.0,0.0,0.0,0.0,0.0051512086835097115,0.020698709763762313,0.013691007141112488,0.0051512086835097115,0.0051512086835097115
1988-03,,,,,,,,,,,0.0,0.0,0.0,0.0,0.0,-0.0010019539376504571,-0.0041415498674308715,-0.001529023211077618,-0.0010019539376504571,-0.0010019539376504571,,,,,,0.0,0.0,0.0,0.0,0.0,-0.0007917925682938698,-0.0032482971426639473,-0.001207306337119074,-0.0007917925682938698,-0.0007917925682938698
1988-04,,,,,,,,,,,0.0,0.0,0.0,0.0,0.0,-0.0018007516029528992,-0.007510817621650512,-0.005059048925281973,-0.0005345759506205638,-0.0018007516029528992,,,,,,0.0,0.0,0.0,0.0,0.0,-0.0013632350389253256,-0.00564274044845825,-0.0038050810094769627,-0.0003535138369694657,-0.0013632350389253256
1988-05,,,,,,,,,,,-9.999750000000418e-05,-0.000399959999999977,-0.000399959999999977,-0.000399959999999977,-0.000399959999999977,-0.002445112206735045,-0.00995377182973245,-0.01044539417363699,0.0009715547110951128,-0.002445112206735045,,,,,,-9.999750000000418e-05,-0.000399959999999977,-0.000399959999999977,-0.000399959999999977,-0.000399959999999977,-0.0019528148301972692,-0.007915820324196687,-0.008284418567036766,0.0006298714899546365,-0.002020377786063121
1988-06,,,,,,,,,,,0.011670592293847593,0.04721626617713515,0.04721626617713515,0.04721626617713515,0.04721626617713515,0.014362262889512145,0.05795118163281732,0.036315269714038534,0.0194708899224334,0.014362262889512145,,,,,,0.011670592293847593,0.04721626617713515,0.04721626617713515,0.04721626617713515,0.04721626617713515,0.013704462800187667,0.05545976094332827,0.038872651425895466,0.025864480428640313,0.021843097574704373
1988-07,,,,,,,,,,,0.005599984484207621,0.022219841062949497,0.022219841062949497,0.022219841062949497,0.022219841062949497,-0.007999510683396549,-0.03189307431227939,-0.03054407872351783,-0.007891382887188492,-0.007999510683396549,,,,,,0.005599984484207621,0.022219841062949497,0.022219841062949497,0.022219841062949497,0.022219841062949497,-0.005432147009787003,-0.021774157607450384,-0.020764235477042425,-0.002286249234099036,-0.002368573145272279
1988-08,,,,,,,,,,,0.0023395037861613233,0.009125391169771513,0.01601057601869771,0.01601057601869771,0.01601057601869771,0.0001788219496023924,0.0005469051958848503,-0.005555312396624323,-0.0008288680027194184,0.0001788219496023924,,,,,,0.0023395037861613233,0.009125391169771513,0.01601057601869771,0.01601057601869771,0.01601057601869771,0.0005548360776581607,0.0021056072906953105,-0.0018995012361081587,0.0020275590774625485,0.0028769400448198645
1988-09,,,,,,,,,,,-0.005896130300597768,-0.023442070767375145,-0.005896130300597768,-0.005896130300597768,-0.005896130300597768,0.0005336035982210774,0.0020202615265401125,0.00437310839570304,0.001152159516664586,0.0005336035982210774,,,,,,-0.005896130300597768,-0.023442070767375145,-0.005896130300597768,-0.005896130300597768,-0.005896130300597768,-0.000547178471498877,-0.0022615187513848056,0.0026227385072159493,-4.467536708996356e-05,-0.000547178471498877
1988-10,,,,,,,,,,,-0.0021510215371841612,-0.008592216955639498,-0.0021510215371841612,-0.0021510215371841612,-0.0021510215371841612,0.0003682407576706126,0.0011648324429287538,0.004219941701494312,7.327418484637249e-05,0.0003682407576706126,,,,,,-0.0021510215371841612,-0.008592216955639498,-0.0021510215371841612,-0.0021510215371841612,-0.0021510215371841612,-8.76878092022082e-05,-0.0005589439955330233,0.00306827225250772,-0.00033086013562921845,-8.76878092022082e-05
1988-11,,,,,,,,,,,0.0,0.0,0.0,0.0,0.0,-0.0021508829686837094,-0.008781682483768427,-0.004826399966634476,-0.0021508829686837094,-0.0021508829686837094,,,,,,0.0,0.0,0.0,0.0,0.0,-0.0017822220890156837,-0.007255189757312763,-0.004025995007171934,-0.0017822220890156837,-0.0017822220890156837
1988-12,,,,,,,,,,,0.0,0.0,0.0,0.0,0.0,-0.00378084986063032,-0.015180140190015345,-0.003551161476724185,-0.00378084986063032,-0.00378084986063032,,,,,,0.0,0.0,0.0,0.0,0.0,-0.003223211551855898,-0.012934424187758808,-0.0030295192762984646,-0.003223211551855898,-0.003223211551855898
1989-01,,,,,,,,,,,0.004387634318692157,0.01746278089576525,0.004387634318692157,0.004387634318692157,0.004387634318692157,0.010429934648495065,0.042082257275992685,0.014586400293247648,0.010429934648495065,0.010429934648495065,,,,,,0.004387634318692157,0.01746278089576525,0.004387634318692157,0.004387634318692157,0.004387634318692157,0.00963070234590302,0.03883897655911661,0.013231589257853393,0.00963070234590302,0.00963070234590302
1989-02,,,,,,,,,,,-0.00483245525474274,-0.01928572329923428,-0.00483245525474274,-0.00483245525474274,-0.00483245525474274,-0.0006550331114187902,-0.0030697558337633435,-0.0006967275155407293,-0.0006550331114187902,-0.0006550331114187902,,,,,,-0.00483245525474274,-0.01928572329923428,-0.00483245525474274,-0.00483245525474274,-0.00483245525474274,-0.0012034628532292535,-0.005137050931852016,-0.0012130719924757782,-0.0012034628532292535,-0.0012034628532292535
1989-03,,,,,,,,,,,0.003387316235821336,0.013544433672596945,0.003387316235821336,0.003387316235821336,0.003387316235821336,0.0083925634158446,0.03356138628424499,0.008215708685632928,0.0083925634158446,0.0083925634158446,,,,,,0.003387316235821336,0.013544433672596945,0.003387316235821336,0.003387316235821336,0.003387316235821336,0.007569978775981534,0.030312666045656078,0.007421062476371976,0.007569978775981534,0.007569978775981534
1989-04,,,,,,,,,,,-0.0010697675448947397,-0.004381498959139973,-0.0010697675448947397,-0.0010697675448947397,-0.0010697675448947397,0.010315863270580206,0.04160793070767621,0.009082510655143983,0.009885249933635265,0.010315863270580206,,,,,,-0.0010697675448947397,-0.004381498959139973,-0.0010697675448947397,-0.0010697675448947397,-0.0010697675448947397,0.008243061427664733,0.03317344101543385,0.00724639384069703,0.007895504102568784,0.008243061427664733
1989-05,,,,,,,,,,,0.013320543752883163,0.05393515834448914,0.013320543752883163,0.013320543752883163,0.013320543752883163,0.017247403789873328,0.07008686005921283,0.03012031670675608,0.021718064945577265,0.017247403789873328,,,,,,0.013320543752883163,0.05393515834448914,0.013320543752883163,0.013320543752883163,0.013320543752883163,0.01669972327953051,0.06798431636687519,0.0272876287657271,0.020451915141469934,0.01669972327953051
1989-06,,,,,,,,,,,-0.002197043904783369,-0.00932226337709241,-0.002197043904783369,-0.002197043904783369,-0.002197043904783369,-0.0017046434044601932,-0.007630952206062691,-0.002761468347988294,-0.002761468347988294,-0.0017046434044601932,,,,,,-0.002197043904783369,-0.00932226337709241,-0.002197043904783369,-0.002197043904783369,-0.002197043904783369,-0.0018476759993146796,-0.007969079270083279,-0.0027497531334901293,-0.0027497531334901293,-0.0018476759993146796
1989-07,,,,,,,,,,,-0.009968670958691472,-0.03969414734483667,-0.009968670958691472,-0.009968670958691472,-0.009968670958691472,0.021913733422481263,0.09004344177576429,0.021913733422481263,0.021913733422481263,0.021913733422481263,,,,,,-0.009968670958691472,-0.03969414734483667,-0.009968670958691472,-0.009968670958691472,-0.009968670958691472,0.01768216373289988,0.07223234065013218,0.01768216373289988,0.01768216373289988,0.01768216373289988
1989-08,,,,,,,,,,,0.0011644351192940938,0.004446938746042628,0.0011644351192940938,0.0011644351192940938,0.0011644351192940938,0.006353988990541737,0.0251513352679118,0.009905261283979394,0.006353988990541737,0.006353988990541737,,,,,,0.0011644351192940938,0.004446938746042628,0.0011644351192940938,0.0011644351192940938,0.0011644351192940938,0.005671178557797418,0.022473087569848005,0.008778056344134644,0.005671178557797418,0.005671178557797418
1989-09,,,,,,,,,,,-0.006690579430487786,-0.02678835796749557,-0.006690579430487786,-0.006690579430487786,-0.006690579430487786,0.00699297957743461,0.027880499855909457,0.008637505025497871,0.00699297957743461,0.00699297957743461,,,,,,-0.006690579430487786,-0.02678835796749557,-0.006690579430487786,-0.006690579430487786,-0.006690579430487786,0.005189093661008171,0.020612877314850175,0.006620204708538635,0.005189093661008171,0.005189093661008171
1989-10,,,,,,,,,,,-0.001398510376416584,-0.005705760098935864,-0.005705760098935864,-0.001398510376416584,-0.001398510376416584,-0.003093207738673387,-0.014363397939363143,-0.000501759579746297,-0.003093207738673387,-0.003093207738673387,,,,,,-0.001398510376416584,-0.005705760098935864,-0.005705760098935864,-0.001398510376416584,-0.001398510376416584,-0.0027501834331733477,-0.012509749679190274,-0.0013422744131522668,-0.0027501834331733477,-0.0027501834331733477
1989-11,,,,,,,,,,,0.0,0.0,0.0,0.0,0.0,0.003812562904496719,0.015109567138348767,0.0006727344963155524,0.003812562904496719,0.003812562904496719,,,,,,0.0,0.0,0.0,0.0,0.0,0.0030890663479659075,0.01226345268735729,0.0005322818821822395,0.0030890663479659075,0.0030890663479659075
1989-12,,,,,,,,,,,0.0,0.0,0.0,0.0,0.0,-0.0006820669419084213,-0.0029797490530227844,-0.0006820669419084213,-0.0006820669419084213,-0.0006820669419084213,,,,,,0.0,0.0,0.0,0.0,0.0,-0.0006011897461876137,-0.0025663284232562145,-0.0006011897461876137,-0.0006011897461876137,-0.0006011897461876137
1990-01,,,,,,,,,,,0.0,0.0,0.0,0.0,0.0,-0.014880921850459305,-0.05869820949597648,-0.014880921850459305,-0.014880921850459305,-0.014880921850459305,,,,,,0.0,0.0,0.0,0.0,0.0,-0.012365366057757288,-0.04888915067137267,-0.012365366057757288,-0.012365366057757288,-0.012365366057757288
1990-02,,,,,,,,,,,0.0,0.0,0.0,0.0,0.0,0.0031031069544422696,0.012350301081510695,0.00411650659616325,0.0031031069544422696,0.0031031069544422696,,,,,,0.0,0.0,0.0,0.0,0.0,0.0025606925760579546,0.010201383508528172,0.0033981404389418213,0.0025606925760579546,0.0025606925760579546
1990-03,,,,,,,,,,,0.0,0.0,0.0,0.0,0.0,0.003803552296335333,0.014898088160483658,0.007223095533599011,0.003803552296335333,0.003803552296335333,,,,,,0.0,0.0,0.0,0.0,0.0,0.0031628340648872655,0.012450597348821812,0.005955048763129689,0.0031628340648872655,0.0031628340648872655
1990-04,,,,,,,,,,,0.0,0.0,0.0,0.0,0.0,0.002506565538258787,0.009798067568044244,0.0023296523015361448,0.002506565538258787,0.002506565538258787,,,,,,0.0,0.0,0.0,0.0,0.0,0.002011935135095344,0.00790799747497628,0.001876821178133703,0.002011935135095344,0.002011935135095344
1990-05,,,,,,,,,,,0.0,0.0,0.0,0.0,0.0,0.030894891134561453,0.12867468970916707,0.03876640613258142,0.030894891134561453,0.030894891134561453,,,,,,0.0,0.0,0.0,0.0,0.0,0.02391611046300257,0.09871039413266347,0.029976800801679637,0.02391611046300257,0.02391611046300257
1990-06,,,,,,,,,,,0.0,0.0,0.0,0.0,0.0,0.0052298441992528755,0.020491952864847507,0.004622518975097689,0.0052298441992528755,0.0052298441992528755,,,,,,0.0,0.0,0.0,0.0,0.0,0.003960650305800284,0.0156013635349177,0.003500974515378008,0.003960650305800284,0.003960650305800284
1990-07,,,,,,,,,,,0.0,0.0,0.0,0.0,0.0,-0.008911894545402088,-0.035845035774490386,-0.009816286356238657,-0.008911894545402088,-0.008911894545402088,,,,,,0.0,0.0,0.0,0.0,0.0,-0.007001190467232465,-0.02810799381111395,-0.007685142967795544,-0.007001190467232465,-0.007001190467232465
1990-08,,,,,,,,,,,0.0,0.0,0.0,0.0,0.0,-0.014492843744333683,-0.057273319888906826,-0.014659192571763402,-0.014492843744333683,-0.014492843744333683,,,,,,0.0,0.0,0.0,0.0,0.0,-0.011026244415477282,-0.04369991020686814,-0.011139949617421041,-0.011026244415477282,-0.011026244415477282
1990-09,,,,,,,,,,,0.0,0.0,0.0,0.0,0.0,-0.007137280323844197,-0.028386612190443028,-0.01154395705202449,-0.007137280323844197,-0.007137280323844197,,,,,,0.0,0.0,0.0,0.0,0.0,-0.005547662622620297,-0.022090754095121734,-0.008991699310316292,-0.005547662622620297,-0.005547662622620297
1990-10,,,,,,,,,,,0.0,0.0,0.0,0.0,0.0,-0.005409316726637692,-0.02170390810375722,-0.01074632060066627,-0.005409316726637692,-0.005409316726637692,,,,,,0.0,0.0,0.0,0.0,0.0,-0.00401332311657876,-0.016094446503319038,-0.007950715632031091,-0.00401332311657876,-0.00401332311657876
1990-11,,,,,,,,,,,0.0,0.0,0.0,0.0,0.0,0.009845888662999958,0.039731131098381,0.015553615450734304,0.009845888662999958,0.009845888662999958,,,,,,0.0,0.0,0.0,0.0,0.0,0.0072661634555737376,0.029253596928974,0.011452839158005546,0.0072661634555737376,0.0072661634555737376
1990-12,,,,,,,,,,,0.0,0.0,0.0,0.0,0.0,0.0067861328213312255,0.027108518362477074,0.005787185526689775,0.0067861328213312255,0.0067861328213312255,,,,,,0.0,0.0,0.0,0.0,0.0,0.005085605027250306,0.020313972307449024,0.004155249769032476,0.005085605027250306,0.005085605027250306
1991-01,,,,,,,,,,,0.0,0.0,0.0,0.0,0.0,0.015377793710880328,0.062487562424407894,0.019432811107236825,0.015377793710880328,0.015377793710880328,,,,,,0.0,0.0,0.0,0.0,0.0,0.012674208033909506,0.051361586258787506,0.016008852455881684,0.012674208033909506,0.012674208033909506
1991-02,,,,,,,,,,,0.0,0.0,0.0,0.0,0.0,0.01202001004969544,0.04796322442486001,0.01685275748095938,0.01202001004969544,0.01202001004969544,,,,,,0.0,0.0,0.0,0.0,0.0,0.009843859849915093,0.039324517772965084,0.013764012711875218,0.009843859849915093,0.009843859849915093
1991-03,,,,,,,,,,,0.016189029804657196,0.06594508399183518,0.06594508399183518,0.016189029804657196,0.016189029804657196,0.023095026951916786,0.09436899891439032,0.037848790004618715,0.023095026951916786,0.023095026951916786,,,,,,0.016189029804657196,0.06594508399183518,0.06594508399183518,0.016189029804657196,0.016189029804657196,0.02175771643898261,0.08905209683485737,0.04366522468732126,0.02175771643898261,0.02175771643898261
1991-04,,,,,,,,,,,-0.0011315870266744854,-0.005216211095952494,0.013120560248620627,-0.0011315870266744854,-0.0011315870266744854,0.005003089156616847,0.018454226949739194,0.012377532392302326,0.005003089156616847,0.005003089156616847,,,,,,-0.0011315870266744854,-0.005216211095952494,0.013120560248620627,-0.0011315870266744854,-0.0011315870266744854,0.003786936928772411,0.014139916668924446,0.012191172360716207,0.003786936928772411,0.003786936928772411
1991-05,,,,,,,,,,,0.0037669514276437166,0.014752587156499075,0.0037669514276437166,0.0037669514276437166,0.0037669514276437166,0.010622602413500548,0.042513798423328586,0.005641981359541859,0.010622602413500548,0.010622602413500548,,,,,,0.0037669514276437166,0.014752587156499075,0.0037669514276437166,0.0037669514276437166,0.0037669514276437166,0.009620219321278212,0.03855666376053679,0.005402201791944838,0.009620219321278212,0.009620219321278212
1991-06,,,,,,,,,,,0.007830121736309481,0.03146140225047822,0.007830121736309481,0.007830121736309481,0.007830121736309481,-0.009665237990967745,-0.038407542251909566,-0.012133617703662058,-0.009665237990967745,-0.009665237990967745,,,,,,0.007830121736309481,0.03146140225047822,0.007830121736309481,0.007830121736309481,0.007830121736309481,-0.007016451978943294,-0.027984972726242452,-0.009114935800149548,-0.007016451978943294,-0.007016451978943294
1991-07,,,,,,,,,,,-0.009288464761926907,-0.03706025435093219,-0.009288464761926907,-0.009288464761926907,-0.009288464761926907,0.009338319656974958,0.03746293332676642,0.015107490606992124,0.009338319656974958,0.009338319656974958,,,,,,-0.009288464761926907,-0.03706025435093219,-0.009288464761926907,-0.009288464761926907,-0.009288464761926907,0.006461766747443809,0.025815219994411276,0.01136955664102457,0.006461766747443809,0.006461766747443809
1991-08,,,,,,,,,,,-0.00021576385716914892,-0.0014489320327567556,-0.00021576385716914892,-0.00021576385716914892,-0.00021576385716914892,0.010625934316959684,0.04237031286172188,0.01140204206146711,0.010625934316959684,0.010625934316959684,,,,,,-0.00021576385716914892,-0.0014489320327567556,-0.00021576385716914892,-0.00021576385716914892,-0.00021576385716914892,0.009288402327489065,0.03717439052054394,0.010078071876894912,0.009288402327489065,0.009288402327489065
1991-09,,,,,,,,,,,-0.003798836905636427,-0.015154964184796005,-0.003798836905636427,-0.003798836905636427,-0.003798836905636427,-0.004446256141376725,-0.018006634431141366,-0.007533874756683878,-0.004446256141376725,-0.004446256141376725,,,,,,-0.003798836905636427,-0.015154964184796005,-0.003798836905636427,-0.003798836905636427,-0.003798836905636427,-0.0043953192375705274,-0.017728360883786043,-0.007071066088119027,-0.0043953192375705274,-0.0043953192375705274
1991-10,,,,,,,,,,,-0.0015734036866793533,-0.006292700658800832,-0.006292700658800832,-0.0015734036866793533,-0.0015734036866793533,0.0004098755839432311,0.001343629694065429,0.004780728702897807,0.0004098755839432311,0.0004098755839432311,,,,,,-0.0015734036866793533,-0.006292700658800832,-0.006292700658800832,-0.0015734036866793533,-0.0015734036866793533,8.861137404125863e-05,0.0001353802097459056,0.003041010342067052,8.861137404125863e-05,8.861137404125863e-05
1991-11,,,,,,,,,,,0.0,0.0,0.0,0.0,0.0,-0.003190835342121723,-0.013487052056837756,-0.0036246407973392625,-0.003190835342121723,-0.003190835342121723,,,,,,0.0,0.0,0.0,0.0,0.0,-0.002682226047834524,-0.011246419388093232,-0.0030201875258176747,-0.002682226047834524,-0.002682226047834524
1991-12,,,,,,,,,,,0.0,0.0,0.0,0.0,0.0,0.02598160476397715,0.10737166819727562,0.02824878965412969,0.02598160476397715,0.02598160476397715,,,,,,0.0,0.0,0.0,0.0,0.0,0.02135812576256213,0.08775769337981387,0.02322338557262804,0.02135812576256213,0.02135812576256213
1992-01,,,,,,,,,,,0.0,0.0,0.0,0.0,0.0,0.005774113539634085,0.022375731110530817,0.011415965675616313,0.005774113539634085,0.005774113539634085,,,,,,0.0,0.0,0.0,0.0,0.0,0.0043348364594193445,0.01678625580514681,0.008963833416035794,0.0043348364594193445,0.0043348364594193445
1992-02,,,,,,,,,,,0.0019786712359808334,0.007841064287995358,0.007841064287995358,0.0019786712359808334,0.0019786712359808334,0.004149108911689625,0.016093042407365532,0.00618459424616713,0.004149108911689625,0.004149108911689625,,,,,,0.0019786712359808334,0.007841064287995358,0.007841064287995358,0.0019786712359808334,0.0019786712359808334,0.003805059594556237,0.014887606381266849,0.006373871354596883,0.003805059594556237,0.003805059594556237
1992-03,,,,,,,,,,,0.00044592259282416613,0.001639912367755958,0.001639912367755958,0.00044592259282416613,0.00044592259282416613,-0.008585042664714826,-0.03414867122722964,-0.010194941243851341,-0.008585042664714826,-0.008585042664714826,,,,,,0.00044592259282416613,0.001639912367755958,0.001639912367755958,0.00044592259282416613,0.00044592259282416613,-0.0072360238250417375,-0.028817130002355307,-0.008482314040939576,-0.0072360238250417375,-0.0072360238250417375
1992-04,,,,,,,,,,,-0.0036727084193122206,-0.01463379670359577,-0.01463379670359577,-0.0036727084193122206,-0.0036727084193122206,-0.0035819404459210835,-0.01471706108857107,-0.008885489433468452,-0.0035819404459210835,-0.0035819404459210835,,,,,,-0.0036727084193122206,-0.01463379670359577,-0.01463379670359577,-0.0036727084193122206,-0.0036727084193122206,-0.0036956410248178972,-0.015030680280904818,-0.01003540822428517,-0.0036956410248178972,-0.0036956410248178972
1992-05,,,,,,,,,,,-0.0031026535714054893,-0.012371035318222812,-0.012371035318222812,-0.0031026535714054893,-0.0031026535714054893,0.0014025304539095895,0.005472184463342744,0.003481122503943057,0.0014025304539095895,0.0014025304539095895,,,,,,-0.0031026535714054893,-0.012371035318222812,-0.012371035318222812,-0.0031026535714054893,-0.0031026535714054893,0.0005082827226738917,0.0019400762807990635,0.00033085809401911526,0.0005082827226738917,0.0005082827226738917
1992-06,,,,,,,,,,,0.0,0.0,0.0,0.0,0.0,-0.005814956128349369,-0.02327070553700228,-0.009293645946515605,-0.005814956128349369,-0.005814956128349369,,,,,,0.0,0.0,0.0,0.0,0.0,-0.004781858673286399,-0.01913416423251546,-0.007588370570435932,-0.004781858673286399,-0.004781858673286399
1992-07,,,,,,,,,,,0.0,0.0,0.0,0.0,0.0,0.004380018133987251,0.017419439070581744,0.007578901643476854,0.004380018133987251,0.004380018133987251,,,,,,0.0,0.0,0.0,0.0,0.0,0.003582541661726113,0.014263823437790313,0.006267845409677619,0.003582541661726113,0.003582541661726113
1992-08,,,,,,,,,,,0.0,0.0,0.0,0.0,0.0,-0.0016800494830889745,-0.006773495725019285,-0.001144781120148819,-0.0016800494830889745,-0.0016800494830889745,,,,,,0.0,0.0,0.0,0.0,0.0,-0.001405919561249247,-0.005661881878086916,-0.0009455039096357698,-0.001405919561249247,-0.001405919561249247
1992-09,,,,,,,,,,,0.0,0.0,0.0,0.0,0.0,0.004101305680876743,0.016288629697063683,0.0008826948594080619,0.004101305680876743,0.004101305680876743,,,,,,0.0,0.0,0.0,0.0,0.0,0.0034870397846551437,0.01385688998513901,0.0005546298514025327,0.0034870397846551437,0.0034870397846551437
1992-10,,,,,,,,,,,0.0,0.0,0.0,0.0,0.0,0.010288964839803239,0.041432002984579164,0.023799820874397692,0.014011941953984808,0.014011941953984808,,,,,,0.0,0.0,0.0,0.0,0.0,0.009163872349641,0.03687502640055329,0.021186013865323705,0.01248300744447195,0.01248300744447195
1992-11,,,,,,,,,,,0.0055973145025634,0.02230721053424478,0.0055973145025634,0.0055973145025634,0.0055973145025634,0.01235812811607695,0.049972477051359654,0.025370706667519727,0.01863015103864507,0.01863015103864507,,,,,,0.0055973145025634,0.02230721053424478,0.0055973145025634,0.0055973145025634,0.0055973145025634,0.011583659582411476,0.04683033913814594,0.023094401183303415,0.017158690343911376,0.017158690343911376
1992-12,,,,,,,,,,,0.004232650899553381,0.016732764572194414,0.004232650899553381,0.004232650899553381,0.004232650899553381,0.0014172055193717448,0.005417003830875844,0.0009619465704036045,0.0015950389695651435,0.0015950389695651435,,,,,,0.004232650899553381,0.016732764572194414,0.004232650899553381,0.004232650899553381,0.004232650899553381,0.0017648974231740944,0.006878573192321991,0.0013893533746773823,0.0019219543409885187,0.0019219543409885187
1993-01,,,,,,,,,,,0.00036241813694481984,0.001082703263969309,0.00036241813694481984,0.00036241813694481984,0.00036241813694481984,0.0012318103947079884,0.004713770670925932,-1.585307783313894e-05,0.0012318103947079884,0.0012318103947079884,,,,,,0.00036241813694481984,0.001082703263969309,0.00036241813694481984,0.00036241813694481984,0.00036241813694481984,0.0010902113595598895,0.004213410049849209,1.8096643329856832e-05,0.0010902113595598895,0.0010902113595598895
1993-02,,,,,,,,,,,0.00432325080434337,0.017196668646216384,0.00432325080434337,0.00432325080434337,0.00432325080434337,-0.0030257666538291428,-0.01242880298103688,-0.0034906452863453508,-0.0030257666538291428,-0.0030257666538291428,,,,,,0.00432325080434337,0.017196668646216384,0.00432325080434337,0.00432325080434337,0.00432325080434337,-0.0020095143011504835,-0.008343512907821204,-0.002410190481566099,-0.0020095143011504835,-0.0020095143011504835
1993-03,,,,,,,,,,,-0.005794687533271281,-0.0231791625139669,-0.005794687533271281,-0.005794687533271281,-0.005794687533271281,0.0034045095201480358,0.0133874764590316,0.0034045095201480358,0.0034045095201480358,0.0034045095201480358,,,,,,-0.005794687533271281,-0.0231791625139669,-0.005794687533271281,-0.005794687533271281,-0.005794687533271281,0.0018826434453469432,0.007347287794120305,0.0018826434453469432,0.0018826434453469432,0.0018826434453469432
1993-04,,,,,,,,,,,-4.999999999999449e-05,-0.00019999999999997797,-4.999999999999449e-05,-4.999999999999449e-05,-4.999999999999449e-05,0.0004858156310709738,0.0016960985085376912,0.0004858156310709738,0.0004858156310709738,0.0004858156310709738,,,,,,-4.999999999999449e-05,-0.00019999999999997797,-4.999999999999449e-05,-4.999999999999449e-05,-4.999999999999449e-05,0.00040192041544884205,0.0014436616734683216,0.00040192041544884205,0.00040192041544884205,0.00040192041544884205
1993-05,,,,,,,,,,,-0.004758685875289825,-0.01897739571642365,-0.004758685875289825,-0.004758685875289825,-0.004758685875289825,0.002960735079024168,0.011690277103015623,0.002960735079024168,0.002960735079024168,0.002960735079024168,,,,,,-0.004758685875289825,-0.01897739571642365,-0.004758685875289825,-0.004758685875289825,-0.004758685875289825,0.0015466553761609436,0.006060590985148773,0.0015466553761609436,0.0015466553761609436,0.0015466553761609436
1993-06,,,,,,,,,,,0.006621288113103807,0.026539105946976616,0.033128092835265965,0.006621288113103807,0.006621288113103807,0.0005263054590067817,0.0018698898389453156,0.0038522337039157417,0.0005263054590067817,0.0005263054590067817,,,,,,0.006621288113103807,0.026539105946976616,0.033128092835265965,0.006621288113103807,0.006621288113103807,0.0016269309739576077,0.006361589782432953,0.00906233584091587,0.0016269309739576077,0.0016269309739576077
1993-07,,,,,,,,,,,0.004657249819256526,0.018583846461669884,0.015334897409920334,0.004657249819256526,0.004657249819256526,-0.0035216890024215575,-0.01417976664418652,-0.006666348506647379,-0.0035216890024215575,-0.0035216890024215575,,,,,,0.004657249819256526,0.018583846461669884,0.015334897409920334,0.004657249819256526,0.004657249819256526,-0.0019750198832413357,-0.008007880743584606,-0.0026240572376043936,-0.0019750198832413357,-0.0019750198832413357
1993-08,,,,,,,,,,,-0.006487095572306201,-0.02590358146495264,-0.006487095572306201,-0.006487095572306201,-0.006487095572306201,0.0023881445389648537,0.009514763861428577,0.008567022862105311,0.0023881445389648537,0.0023881445389648537,,,,,,-0.006487095572306201,-0.02590358146495264,-0.006487095572306201,-0.006487095572306201,-0.006487095572306201,0.0007208864031216233,0.0028433250086985495,0.005766195689142828,0.0007208864031216233,0.0007208864031216233
1993-09,,,,,,,,,,,0.0,0.0,0.0,0.0,0.0,2.4843370573401913e-05,-8.273651590506859e-07,-0.00106399802253343,2.4843370573401913e-05,2.4843370573401913e-05,,,,,,0.0,0.0,0.0,0.0,0.0,7.90682102587148e-05,0.00024726912024242154,-0.0007838164504437861,7.90682102587148e-05,7.90682102587148e-05
1993-10,,,,,,,,,,,0.007295833753180547,0.029355753767874138,0.007295833753180547,0.007295833753180547,0.007295833753180547,-0.00641470442478953,-0.025643334504838133,-0.0064147434478979415,-0.006786773452127415,-0.00641470442478953,,,,,,0.007295833753180547,0.029355753767874138,0.007295833753180547,0.007295833753180547,0.007295833753180547,-0.003969766030817223,-0.01593252338461748,-0.003901261906971043,-0.004278186868251765,-0.003969766030817223
1993-11,,,,,,,,,,,0.0029779885908383097,0.011884699533617704,0.0029779885908383097,0.0029779885908383097,0.0029779885908383097,0.0024242683286490596,0.009662958678286149,0.0073003745893220895,0.0024242683286490596,0.0024242683286490596,,,,,,0.0029779885908383097,0.011884699533617704,0.0029779885908383097,0.0029779885908383097,0.0029779885908383097,0.002579626313725436,0.010311455777930911,0.0065993853174159955,0.002579626313725436,0.002579626313725436
1993-12,,,,,,,,,,,0.0016798029192308661,0.006548147379825675,0.0016798029192308661,0.0016798029192308661,0.0016798029192308661,-0.001171561954088407,-0.004742553604634492,-0.00497044964884108,-0.001171561954088407,-0.001171561954088407,,,,,,0.0016798029192308661,0.006548147379825675,0.0016798029192308661,0.0016798029192308661,0.0016798029192308661,-0.0006898165334948692,-0.0027935603483576488,-0.00375850077219797,-0.0006898165334948692,-0.0006898165334948692
1994-01,,,,,,,,,,,-0.003206166766435925,-0.012907889790067406,-0.003206166766435925,-0.003206166766435925,-0.003206166766435925,0.0020198054386824094,0.007981015589205498,-0.002009458998902036,0.0019989917767826437,0.0020198054386824094,,,,,,-0.003206166766435925,-0.012907889790067406,-0.003206166766435925,-0.003206166766435925,-0.003206166766435925,0.0009791038462234614,0.00383832854975652,-0.002309601719725607,0.0009622360070049574,0.0009791038462234614
1994-02,,,,,,-0.003488767681663729,-0.014021644073532014,-0.003488767681663729,-0.003488767681663729,-0.003488767681663729,-0.001791455510176787,-0.00731221574737706,-0.001791455510176787,-0.001791455510176787,-0.001791455510176787,-0.004159800761142418,-0.016657627463509406,-0.0025927439251663964,-0.004159800761142418,-0.004159800761142418,,,,,,-0.003423084912001939,-0.013817644388174344,-0.003423084912001939,-0.003423084912001939,-0.003423084912001939,-0.0040170645352571865,-0.016055031213285997,-0.0027266817113785757,-0.0040170645352571865,-0.0040170645352571865
1994-03,,,,,,-0.000919901428890979,-0.003830336921537003,-0.000919901428890979,-0.000919901428890979,-0.000919901428890979,-0.00046746742295100674,-0.0018705048736723517,-0.00046746742295100674,-0.00046746742295100674,-0.00046746742295100674,-0.0020533442980732453,-0.00827727218729557,0.0032816517749885143,-0.0020533442980732453,-0.0020533442980732453,,,,,,-0.0006942659027856513,-0.0028092316610055512,-0.0006942659027856513,-0.0006942659027856513,-0.0006942659027856513,-0.0016216965204040035,-0.006519957808845844,0.0022149715995056773,-0.0016216965204040035,-0.0016216965204040035
1994-04,,,,,,0.0,0.0,0.0,0.0,0.0,-0.002907408309373749,-0.01159468288309895,-0.002907408309373749,-0.002907408309373749,-0.002907408309373749,-0.0014636225586207585,-0.005928310601774567,-0.0034950079994413574,-0.0014636225586207585,-0.0014636225586207585,,,,,,-0.001784558441010109,-0.007125070433454672,-0.001784558441010109,-0.001784558441010109,-0.001784558441010109,-0.0015438798336232518,-0.006206577260813528,-0.0030223477219141204,-0.0015438798336232518,-0.0015438798336232518
1994-05,,,,,,0.0003263438653267059,0.0013055196868614338,0.0003263438653267059,0.0003263438653267059,0.0003263438653267059,0.0,0.0,0.0,0.0,0.0,0.007711634887833885,0.03104239782830054,0.007591111728614264,0.007711634887833885,0.007711634887833885,,,,,,0.00013175369022477845,0.0005270382789908101,0.00013175369022477845,0.00013175369022477845,0.00013175369022477845,0.005368759221458186,0.021571694842300593,0.005286941106761089,0.005368759221458186,0.005368759221458186
1994-06,,,,,,-0.00046154694867173163,-0.0018555229055731148,-0.00046154694867173163,-0.00046154694867173163,-0.00046154694867173163,0.0,0.0,0.0,0.0,0.0,-0.0067152689592315795,-0.02675511855855739,-0.00580033383763956,-0.0067152689592315795,-0.0067152689592315795,,,,,,-0.00018687784898963056,-0.0007491477132778313,-0.00018687784898963056,-0.00018687784898963056,-0.00018687784898963056,-0.004638595211737373,-0.0185051001609009,-0.003992710267534227,-0.004638595211737373,-0.004638595211737373
1994-07,,,,,,0.004000341899138116,0.01605485553619257,0.01605485553619257,0.004000341899138116,0.004000341899138116,0.0,0.0,0.0,0.0,0.0,-0.0017250732801623592,-0.007012215794987564,-0.003438438996367421,-0.0017250732801623592,-0.0017250732801623592,,,,,,0.0018972285789575771,0.007600823547386337,0.007600823547386337,0.0018972285789575771,0.0018972285789575771,-0.0006456346758408893,-0.002651946235820768,-0.0002641935247530425,-0.0006456346758408893,-0.0006456346758408893
1994-08,,,,,,0.009453577120638545,0.03812058688953135,0.040006638581055576,0.009453577120638545,0.009453577120638545,0.0,0.0,0.0,0.0,0.0,0.00938520749543148,0.03793893218206512,0.006607464526095841,0.00938520749543148,0.00938520749543148,,,,,,0.004650233798257686,0.018675226750751506,0.01960470240119072,0.004650233798257686,0.004650233798257686,0.008012130802303119,0.03233441624088651,0.010349427860766092,0.008012130802303119,0.008012130802303119
1994-09,,,,,,-0.006291329705924054,-0.02525425073185994,-0.006291329705924054,-0.006291329705924054,-0.006291329705924054,0.0,0.0,0.0,0.0,0.0,-0.005559002813643743,-0.022221767178510543,-0.006992945727086752,-0.005559002813643743,-0.005559002813643743,,,,,,-0.003157210487412243,-0.012648569674327814,-0.003157210487412243,-0.003157210487412243,-0.003157210487412243,-0.004917844308851338,-0.01965748974253889,-0.005975535841337143,-0.004917844308851338,-0.004917844308851338
1994-10,,,,,,0.003943053713222122,0.015430655470681565,0.003943053713222122,0.003943053713222122,0.003943053713222122,0.0,0.0,0.0,0.0,0.0,0.008771739110092325,0.0353847565602039,0.006550745527991175,0.008771739110092325,0.008771739110092325,,,,,,0.001449471180595463,0.005735290930171999,0.001449471180595463,0.001449471180595463,0.001449471180595463,0.006773706504761723,0.027244764948554767,0.005183747771547731,0.006773706504761723,0.006773706504761723
1994-11,,,,,,-0.007888254345347567,-0.03145460451311999,-0.007888254345347567,-0.007888254345347567,-0.007888254345347567,0.0,0.0,0.0,0.0,0.0,-0.006931814932045199,-0.027745440241760067,-0.008998403364972929,-0.006931814932045199,-0.006931814932045199,,,,,,-0.0031497573280692137,-0.012580793293834547,-0.0031497573280692137,-0.0031497573280692137,-0.0031497573280692137,-0.00592316815647409,-0.02368547358337758,-0.007429856886734032,-0.00592316815647409,-0.00592316815647409
1994-12,,,,,,-0.0013861096370799686,-0.005656022641092107,-0.0013861096370799686,-0.0013861096370799686,-0.0013861096370799686,0.00037562438872340564,0.0014943740952120255,0.0014943740952120255,0.0014943740952120255,0.00037562438872340564,0.0005705848217654186,0.002156311187145654,0.0005705848217654186,0.0005705848217654186,0.0005705848217654186,,,,,,-0.0001974915771083552,-0.0008158283042476455,0.0005486729114925204,0.0005486729114925204,-0.0001974915771083552,0.0002861799860001124,0.0010657257573720713,0.0005281941082084796,0.0005281941082084796,0.0002861799860001124
1995-01,,,,,,0.007546115287917932,0.030397255164926307,0.007546115287917932,0.007546115287917932,0.007546115287917932,0.0,0.0,0.0,0.0,0.0,0.003125631769143933,0.012427088151580667,0.010410742151000907,0.003125631769143933,0.003125631769143933,,,,,,0.0031366698328632037,0.012582198058094463,0.0031366698328632037,0.0031366698328632037,0.0031366698328632037,0.003195407801341421,0.012763280588169224,0.008488277195346727,0.003195407801341421,0.003195407801341421
1995-02,,,,,,0.01009721362032101,0.040809054873471196,0.01009721362032101,0.01009721362032101,0.01009721362032101,0.0,0.0,0.0,0.0,0.0,0.005351353845733264,0.02141843933047083,0.008815966601819936,0.005351353845733264,0.005351353845733264,,,,,,0.004668030388211175,0.018761930023335704,0.004668030388211175,0.004668030388211175,0.004668030388211175,0.005156380480139555,0.020675110104471095,0.007626426376497575,0.005156380480139555,0.005156380480139555
1995-03,,,,,,0.006953145233394187,0.027848384917536828,0.006953145233394187,0.006953145233394187,0.006953145233394187,0.0,0.0,0.0,0.0,0.0,0.005290567093330756,0.02115601939630629,0.002414350009446675,0.005290567093330756,0.005290567093330756,,,,,,0.004024005817243603,0.016123049127402922,0.004024005817243603,0.004024005817243603,0.004024005817243603,0.004887184440052206,0.019555329277383793,0.0027328775981319,0.004887184440052206,0.004887184440052206
1995-04,,,,,,0.007357179637756284,0.02962211185460739,0.007357179637756284,0.007357179637756284,0.007357179637756284,0.0,0.0,0.0,0.0,0.0,0.0068302626838423475,0.02747626056786978,0.007747158058259762,0.0068302626838423475,0.0068302626838423475,,,,,,0.004291930983582937,0.017232158698020417,0.004291930983582937,0.004291930983582937,0.004291930983582937,0.006210589365688524,0.024979728583364613,0.0068991038241799085,0.006210589365688524,0.006210589365688524
1995-05,,,,,,0.00989562580874881,0.03967360696972233,0.00989562580874881,0.00989562580874881,0.00989562580874881,0.0,0.0,0.0,0.0,0.0,0.009060892137750631,0.036376708593596874,0.009060892137750631,0.009060892137750631,0.009060892137750631,,,,,,0.0059693605703019514,0.0239142868874771,0.0059693605703019514,0.0059693605703019514,0.0059693605703019514,0.008208164281011676,0.032941349743697224,0.008208164281011676,0.008208164281011676,0.008208164281011676
1995-06,,,,,,0.005092663931889119,0.02022870098754881,0.005092663931889119,0.005092663931889119,0.005092663931889119,0.0,0.0,0.0,0.0,0.0,0.008001568790432012,0.032085027236095076,0.008001568790432012,0.008001568790432012,0.008001568790432012,,,,,,0.0027304390622679975,0.01088188694008041,0.0027304390622679975,0.0027304390622679975,0.0027304390622679975,0.006767855378265963,0.02711513648807462,0.006767855378265963,0.006767855378265963,0.006767855378265963
1995-07,,,,,,0.008027465980306125,0.03216640994809494,0.008027465980306125,0.008027465980306125,0.008027465980306125,0.0,0.0,0.0,0.0,0.0,0.0032151107677225177,0.012614704885541395,0.0032151107677225177,0.0032151107677225177,0.0032151107677225177,,,,,,0.004038468530109585,0.016172618032519903,0.004038468530109585,0.004038468530109585,0.004038468530109585,0.0034188663767869,0.01352106888796789,0.0034188663767869,0.0034188663767869,0.0034188663767869
1995-08,,,,,,0.0011323118224375595,0.0044510473968171205,0.0011323118224375595,0.0011323118224375595,0.0011323118224375595,-0.001984499717623156,-0.00795678727665805,-0.0033644752150715496,-0.001984499717623156,-0.001984499717623156,0.00036491610488020854,0.0013674062359059214,0.0010844515427188561,0.00036491610488020854,0.00036491610488020854,,,,,,-0.00027566103151099863,-0.0011396085023993585,-0.0009095593945145364,-0.00027566103151099863,-0.00027566103151099863,0.00024744835911438834,0.0009260829927617564,0.0006130619970770024,0.00024744835911438834,0.00024744835911438834
1995-09,,,,,,0.010472479621376651,0.042376988733499266,0.010472479621376651,0.010472479621376651,0.010472479621376651,0.0011243176254809306,0.0043567534318240675,0.0043567534318240675,0.0011243176254809306,0.0011243176254809306,0.0105741889428832,0.042801735913821304,0.010948701816126283,0.0105741889428832,0.0105741889428832,,,,,,0.00621389834770425,0.025003226412194213,0.007832016366281058,0.00621389834770425,0.00621389834770425,0.009429798341298312,0.03812560446482638,0.01011230719066547,0.009429798341298312,0.009429798341298312
1995-10,,,,,,-0.0006816554748767523,-0.002939333095728469,-0.0006816554748767523,-0.0006816554748767523,-0.0006816554748767523,0.0,0.0,0.0,0.0,0.0,0.005370234218138981,0.021498292643719052,0.005370234218138981,0.005370234218138981,0.005370234218138981,,,,,,-0.0004014205986767605,-0.0016763551595682102,-0.0004014205986767605,-0.0004014205986767605,-0.0004014205986767605,0.003926975426334023,0.015684560397273062,0.003926975426334023,0.003926975426334023,0.003926975426334023
1995-11,,,,,,0.010999553200229828,0.04447960834806408,0.010999553200229828,0.010999553200229828,0.010999553200229828,-0.00040798902186767183,-0.0016314017476729559,-0.0016314017476729559,-0.00040798902186767183,-0.00040798902186767183,0.01108354651392407,0.044765786339006075,0.01108354651392407,0.01108354651392407,0.01108354651392407,,,,,,0.00527772966468798,0.021216955908506918,0.004684260732279233,0.00527772966468798,0.00527772966468798,0.009352376010812957,0.037732627198784785,0.009181442990018107,0.009352376010812957,0.009352376010812957
1995-12,,,,,,0.004004853601220937,0.01573365265363713,0.004004853601220937,0.004004853601220937,0.004004853601220937,-0.0014444600379316386,-0.005773426700679152,-0.005773426700679152,-0.0014444600379316386,-0.0014444600379316386,-0.0005783918292654455,-0.002606761062280638,-0.0005783918292654455,-0.0005783918292654455,-0.0005783918292654455,,,,,,0.0009922820905641228,0.003899780577673262,-0.0015890469417406683,0.0009922820905641228,0.0009922820905641228,-4.7928007265829464e-05,-0.00038494862631299753,-0.0008400449547603106,-4.7928007265829464e-05,-4.7928007265829464e-05
1996-01,,,,,,0.008902323339706086,0.035578020201339156,0.008902323339706086,0.008902323339706086,0.008902323339706086,0.006415307013851068,0.025851102392317804,0.025851102392317804,0.006415307013851068,0.006415307013851068,0.0044649536408680746,0.017654076238676097,0.007673345875555571,0.0044649536408680746,0.0044649536408680746,,,,,,0.007149715347233299,0.028792943131167537,0.01991698948173748,0.007149715347233299,0.007149715347233299,0.00519961125984536,0.020748553420473437,0.011611028676282276,0.00519961125984536,0.00519961125984536
1996-02,,,,,,0.0009246816985051254,0.0031904694723636773,0.0009246816985051254,0.0009246816985051254,0.0009246816985051254,-0.004882244635728394,-0.01945914745302102,-0.021061197389863118,-0.004882244635728394,-0.004882244635728394,0.006672761557245943,0.02641044180446772,0.012037846991231005,0.006672761557245943,0.006672761557245943,,,,,,-0.0027151957835923612,-0.010901664061063077,-0.013475884970016616,-0.0027151957835923612,-0.0027151957835923612,0.0033457609614411243,0.013144705164943593,0.0028062965110311477,0.0033457609614411243,0.0033457609614411243
1996-03,,,,,,0.004497369108514837,0.017217857427637817,0.004497369108514837,0.004497369108514837,0.004497369108514837,-0.0001312176133106968,-0.0005556771652016623,-0.0001312176133106968,-0.0001312176133106968,-0.0001312176133106968,0.001042586526707856,0.00363011630798038,0.001042586526707856,0.001042586526707856,0.001042586526707856,,,,,,0.001128036599001625,0.0044409210727685,0.001128036599001625,0.001128036599001625,0.001128036599001625,0.0011063763033560825,0.004111996203073343,0.0011063763033560825,0.0011063763033560825,0.0011063763033560825
1996-04,,,,,,0.002812824616144516,0.010869460199414593,0.002812824616144516,0.002812824616144516,0.002812824616144516,0.00432498892544575,0.017337032572807276,0.00432498892544575,0.00432498892544575,0.00432498892544575,-0.0011398948941764298,-0.005035786933503483,-0.0011398948941764298,-0.0011398948941764298,-0.0011398948941764298,,,,,,0.003920818492080036,0.01569928711014379,0.003920818492080036,0.003920818492080036,0.003920818492080036,0.0007014755556846719,0.0025455408051313633,0.0007014755556846719,0.0007014755556846719,0.0007014755556846719
1996-05,,,,,,0.003071526999828489,0.011941855586615091,0.003071526999828489,0.003071526999828489,0.003071526999828489,-0.0006658844508269368,-0.0027266288675601436,-0.0006658844508269368,-0.0006658844508269368,-0.0006658844508269368,0.005567172530069664,0.02197382378512902,0.005567172530069664,0.005567172530069664,0.005567172530069664,,,,,,0.00021900804994179346,0.0007691001935776764,0.00021900804994179346,0.00021900804994179346,0.00021900804994179346,0.00344253081935042,0.013550750067259809,0.00344253081935042,0.00344253081935042,0.00344253081935042
1996-06,,,,,,-0.001215184746886755,-0.005098805879961477,-0.001215184746886755,-0.001215184746886755,-0.001215184746886755,0.00012681067240483124,0.000455695102342224,0.00012681067240483124,0.00012681067240483124,0.00012681067240483124,0.004830019485425829,0.01925220723334231,0.004830019485425829,0.004830019485425829,0.004830019485425829,,,,,,-0.0004912957881517688,-0.002047754424795545,-0.0004912957881517688,-0.0004912957881517688,-0.0004912957881517688,0.002673787254292126,0.010600057591375833,0.002673787254292126,0.002673787254292126,0.002673787254292126
1996-07,,,,,,-0.014095351055626093,-0.05575729581433864,-0.014095351055626093,-0.014095351055626093,-0.014095351055626093,-0.004003145343926318,-0.01602465719198143,-0.004003145343926318,-0.004003145343926318,-0.004003145343926318,-0.006423419225729754,-0.025871631685312924,-0.006423419225729754,-0.006423419225729754,-0.006423419225729754,,,,,,-0.008214887428490747,-0.03259273070503099,-0.008214887428490747,-0.008214887428490747,-0.008214887428490747,-0.006983233097914265,-0.027882670059897086,-0.006983233097914265,-0.006983233097914265,-0.006983233097914265
1996-08,,,,,,-0.0002352442162818491,-0.0012370640906862462,-0.0002352442162818491,-0.0002352442162818491,-0.0002352442162818491,-0.0013959006519230766,-0.005590780671573481,-0.005590780671573481,-0.0013959006519230766,-0.0013959006519230766,0.0027711205308096343,0.010681544970614132,0.0035427164633050623,0.0027711205308096343,0.0027711205308096343,,,,,,-0.0009641290394221125,-0.003911749216755633,-0.0035972336851273212,-0.0009641290394221125,-0.0009641290394221125,0.001435822433427214,0.005508457052473492,0.000933209160715931,0.001435822433427214,0.001435822433427214
1996-09,,,,,,0.007096231520065777,0.028535202999840692,0.007096231520065777,0.007096231520065777,0.007096231520065777,0.00308138276387937,0.012348259183488919,0.012348259183488919,0.00308138276387937,0.00308138276387937,0.011204099715034888,0.04530720239380526,0.011204099715034888,0.011204099715034888,0.011204099715034888,,,,,,0.004610753397034095,0.018528733890438742,0.010417010269033522,0.004610753397034095,0.004610753397034095,0.008666601350485914,0.034988923184786414,0.010974562930058385,0.008666601350485914,0.008666601350485914
1996-10,,,,,,0.004997761806709855,0.01986845896099876,0.004997761806709855,0.004997761806709855,0.004997761806709855,-0.001251850664032994,-0.0050288537203690975,-0.0018287329575483735,-0.001251850664032994,-0.001251850664032994,0.0051118363283793045,0.020286508371037515,0.0024119143781653474,0.0051118363283793045,0.0051118363283793045,,,,,,0.0011270394629143698,0.004448870558114049,0.0007690190328333291,0.0011270394629143698,0.0011270394629143698,0.003506875851519986,0.013922903835610345,0.0017550695717287734,0.003506875851519986,0.003506875851519986
1996-11,,,,,,0.01626233450962422,0.0664005074041949,0.01626233450962422,0.01626233450962422,0.01626233450962422,0.0011204335926451314,0.00448444862241848,0.0011204335926451314,0.0011204335926451314,0.0011204335926451314,0.018229731204177257,0.0743077934710723,0.01821154752230969,0.018229731204177257,0.018229731204177257,,,,,,0.007427265335080868,0.029995650327644174,0.007427265335080868,0.007427265335080868,0.007427265335080868,0.013808586649426635,0.056108863046142377,0.013797914415679458,0.013808586649426635,0.013808586649426635
1996-12,,,,,,-0.006393653297624313,-0.025930750691798177,-0.006393653297624313,-0.006393653297624313,-0.006393653297624313,0.0007608479215717168,0.0029572582079775422,0.0007608479215717168,0.0007608479215717168,0.0007608479215717168,-0.0052004893388949425,-0.021319919156275846,-0.005371107940547848,-0.0052004893388949425,-0.0052004893388949425,,,,,,-0.002638138442755289,-0.010721237376213555,-0.002638138442755289,-0.002638138442755289,-0.002638138442755289,-0.004116874058509801,-0.01678000951910219,-0.0042185688993278125,-0.004116874058509801,-0.004116874058509801
1997-01,,,,,,0.013175436632887116,0.053295820527713866,0.013175436632887116,0.013175436632887116,0.013175436632887116,0.013551903444731117,0.0551145451750048,0.013551903444731117,0.013551903444731117,0.013551903444731117,0.02052736534426436,0.08386718576977925,0.022575841648783568,0.02052736534426436,0.02052736534426436,,,,,,0.01329919609716712,0.054059171800447725,0.01329919609716712,0.01329919609716712,0.01329919609716712,0.01772043453809502,0.07230255542161701,0.018962728682129892,0.01772043453809502,0.01772043453809502
1997-02,,,,,,-0.00020557255015041243,-0.0013444257025881923,-0.00020557255015041243,-0.00020557255015041243,-0.00020557255015041243,0.004962208867308915,0.01988390429833231,0.004962208867308915,0.004962208867308915,0.004962208867308915,0.005073747691658248,0.019892748668359772,0.005815692417154628,0.005073747691658248,0.005073747691658248,,,,,,0.0023134325086313634,0.009111759750721093,0.0023134325086313634,0.0023134325086313634,0.0023134325086313634,0.003954621551411908,0.015558443717777592,0.004412831171184406,0.003954621551411908,0.003954621551411908
1997-03,,,,,,-0.010581384566144991,-0.042274382312051606,-0.010581384566144991,-0.010581384566144991,-0.010581384566144991,-0.00041552678450818004,-0.001791528823255728,-0.00041552678450818004,-0.00041552678450818004,-0.00041552678450818004,-0.0035288279940994816,-0.01504014401103193,-0.0035911582665043573,-0.0035288279940994816,-0.0035288279940994816,,,,,,-0.005520918163626876,-0.022110003635067987,-0.005520918163626876,-0.005520918163626876,-0.005520918163626876,-0.004184668959342441,-0.017208230287189985,-0.0041691726848360755,-0.004184668959342441,-0.004184668959342441
1997-04,,,,,,3.664386516799567e-05,-7.677537378447674e-05,3.664386516799567e-05,3.664386516799567e-05,3.664386516799567e-05,0.006482498595690167,0.02597127378346098,0.006482498595690167,0.006482498595690167,0.006482498595690167,0.012505412042783437,0.05002121753699451,0.012493203916510653,0.012505412042783437,0.012505412042783437,,,,,,0.003298830607389558,0.01316793075005429,0.003298830607389558,0.003298830607389558,0.003298830607389558,0.009030878961942435,0.036150204383043505,0.00902355793058729,0.009030878961942435,0.009030878961942435
1997-05,,,,,,0.01827570787496513,0.07411633078004054,0.01827570787496513,0.01827570787496513,0.01827570787496513,-0.008573364676657591,-0.033974860474849655,-0.008573364676657591,-0.008573364676657591,-0.008573364676657591,0.013612769682452175,0.05479067339237309,0.013612769682452175,0.013612769682452175,0.013612769682452175,0.0018770178954010674,0.007365545053635403,0.0018770178954010674,0.0018770178954010674,0.0018770178954010674,0.003167879669007112,0.012475620834630607,0.003167879669007112,0.003167879669007112,0.003167879669007112,0.009951443172956598,0.03988528366600086,0.009951443172956598,0.009951443172956598,0.009951443172956598
1997-06,,,,,,0.009172574991931581,0.03656445979077305,0.009172574991931581,0.009172574991931581,0.009172574991931581,0.00020197519915088336,0.0007606669765722884,0.00020197519915088336,0.00020197519915088336,0.00020197519915088336,0.011675723678158167,0.04676806555472246,0.011675723678158167,0.011675723678158167,0.011675723678158167,0.023174942248112895,0.09342563316880659,0.023174942248112895,0.023174942248112895,0.023174942248112895,0.004826062645710616,0.019241933931592126,0.004826062645710616,0.004826062645710616,0.004826062645710616,0.009614016043971274,0.03849042005252201,0.009614016043971274,0.009614016043971274,0.009614016043971274
1997-07,,,,,,0.02161885698617816,0.08857365988806642,0.02161885698617816,0.02161885698617816,0.02161885698617816,0.008670492525964413,0.03502187393353262,0.008670492525964413,0.008670492525964413,0.008670492525964413,0.018273259732746183,0.07417013144728268,0.018446708623695685,0.018273259732746183,0.018273259732746183,0.0003737377245893736,0.0006329258709567576,0.0003737377245893736,0.0003737377245893736,0.0003737377245893736,0.014859720013131072,0.06052595212049461,0.014859720013131072,0.014859720013131072,0.014859720013131072,0.017131235023426283,0.06967144965860128,0.017244670914301485,0.017131235023426283,0.017131235023426283
1997-08,,,,,,-0.0052473931624500425,-0.02158001262133724,-0.0052473931624500425,-0.0052473931624500425,-0.0052473931624500425,-0.0015352245856615765,-0.006423117157454694,-0.0015352245856615765,-0.0015352245856615765,-0.0015352245856615765,-0.014058086488495714,-0.05612201667021155,0.0005119168454934542,-0.014058086488495714,-0.014058086488495714,-0.023214940413229246,-0.09072196503109797,-0.023214940413229246,-0.023214940413229246,-0.023214940413229246,-0.0032216824048201254,-0.013236590009037541,-0.0032216824048201254,-0.0032216824048201254,-0.0032216824048201254,-0.010422638794920558,-0.0417985358969164,-0.0008913139501663947,-0.010422638794920558,-0.010422638794920558
1997-09,,,,,,0.01286565548962848,0.05187001501562616,0.01286565548962848,0.01286565548962848,0.01286565548962848,-0.004764076800718886,-0.01909090292574178,-0.004764076800718886,-0.004764076800718886,-0.004764076800718886,0.004056525109789488,0.015726384886443512,0.004056525109789488,0.004056525109789488,0.004056525109789488,0.0036747683948750165,0.014710092892085358,0.0036747683948750165,0.0036747683948750165,0.0036747683948750165,0.004221440968772416,0.016716935107913056,0.004221440968772416,0.004221440968772416,0.004221440968772416,0.004150169784601809,0.01624108308316785,0.004150169784601809,0.004150169784601809,0.004150169784601809
1997-10,,,,,,-0.02019492045032789,-0.08070774443132522,-0.02019492045032789,-0.02019492045032789,-0.02019492045032789,-0.003065780904821014,-0.012254710423278192,-0.003065780904821014,-0.003065780904821014,-0.003065780904821014,-0.006051649328713382,-0.02516065491099917,-0.006051649328713382,-0.006051649328713382,-0.006051649328713382,0.00020388544399208008,0.0003687109659344934,0.00020388544399208008,0.00020388544399208008,0.00020388544399208008,-0.010995901856581503,-0.04395577889300106,-0.010995901856581503,-0.010995901856581503,-0.010995901856581503,-0.007608009516984815,-0.03105289333449579,-0.007608009516984815,-0.007608009516984815,-0.007608009516984815
1997-11,,,,,,0.004080504328587642,0.015521106894954562,0.004080504328587642,0.004080504328587642,0.004080504328587642,0.002118575244517862,0.008486524775065618,0.004682116065816588,0.002118575244517862,0.002118575244517862,0.004230266822981887,0.01666300782898178,0.004230266822981887,0.004230266822981887,0.004230266822981887,-0.0019501894315839818,-0.008192360993339864,-0.0019501894315839818,-0.0019501894315839818,-0.0019501894315839818,0.002722405448039922,0.010842099847453657,0.004661690147557573,0.002722405448039922,0.002722405448039922,0.003851850667388579,0.015272072837684725,0.004661500975692512,0.003851850667388579,0.003851850667388579
1997-12,,,,,,-0.0008235985966476012,-0.0038175447106956195,-0.0008235985966476012,-0.0008235985966476012,-0.0008235985966476012,0.005079600381406424,0.02027236306897784,0.014212479102579278,0.005079600381406424,0.005079600381406424,0.002147675718536801,0.008218567852690484,0.002147675718536801,0.002147675718536801,0.002147675718536801,0.005177182319256346,0.020557057107763566,0.005177182319256346,0.005177182319256346,0.005177182319256346,0.0035539991752320255,0.01409573517911289,0.010238911011223095,0.0035539991752320255,0.0035539991752320255,0.0028010604715560383,0.010996140439168522,0.0055269288801753635,0.0028010604715560383,0.0028010604715560383
1998-01,,,,,,-0.0016087073996275958,-0.006628510243634644,-0.0016087073996275958,-0.0016087073996275958,-0.0016087073996275958,-0.0029550842082886053,-0.01204414739853854,0.005411163534189356,-0.0029550842082886053,-0.0029550842082886053,0.0018383952848006757,0.006988877172280805,0.001192994006808279,0.0018383952848006757,0.0018383952848006757,0.019119109163532322,0.07781046081048171,0.019119109163532322,0.019119109163532322,0.019119109163532322,-0.0024786870579982523,-0.010058895218711394,0.0035267425941301056,-0.0024786870579982523,-0.0024786870579982523,6.0377272336653576e-05,2.5030369879663894e-05,0.002111786866177745,6.0377272336653576e-05,6.0377272336653576e-05
1998-02,,,,,,0.018055173723937612,0.07371262616325724,0.018055173723937612,0.018055173723937612,0.018055173723937612,-0.0066075877123862314,-0.026260773786634273,-0.0066075877123862314,-0.0066075877123862314,-0.0066075877123862314,0.024123422258798488,0.0994474651856172,0.024123422258798488,0.024123422258798488,0.024123422258798488,0.02646990917125902,0.10912342717670276,0.02646990917125902,0.02646990917125902,0.02646990917125902,0.0017921466153250076,0.0071063324460585164,0.0017921466153250076,0.0017921466153250076,0.0017921466153250076,0.015646414869937786,0.06378120645684993,0.015646414869937786,0.015646414869937786,0.015646414869937786
1998-03,,,,,,0.012131886391923974,0.0490641163771528,0.012131886391923974,0.012131886391923974,0.012131886391923974,0.007230218286393253,0.02900855924429946,0.007230218286393253,0.007230218286393253,0.007230218286393253,0.014754539304247638,0.05974069697440498,0.013771035306741952,0.014754539304247638,0.014754539304247638,0.049189056528529784,0.20698926357578395,0.049189056528529784,0.049189056528529784,0.049189056528529784,0.009007277812995929,0.03637162809680605,0.009007277812995929,0.009007277812995929,0.009007277812995929,0.0126353139876072,0.05117512454810624,0.012027517503835128,0.0126353139876072,0.0126353139876072
1998-04,,,,,,0.003598043209070978,0.013730252271825227,0.003598043209070978,0.003598043209070978,0.003598043209070978,-0.005069641153894411,-0.020251664498135424,-0.005069641153894411,-0.005069641153894411,-0.005069641153894411,0.004506295094534485,0.017415622372025652,0.004506295094534485,0.004506295094534485,0.004506295094534485,0.005962726036273791,0.022271714165168488,0.005962726036273791,0.005962726036273791,0.005962726036273791,-0.0018770672518555465,-0.007644149238040465,-0.0018770672518555465,-0.0018770672518555465,-0.0018770672518555465,0.0018949838828172805,0.007191969746741744,0.0018949838828172805,0.0018949838828172805,0.0018949838828172805
1998-05,,,,,,-0.008682672438375394,-0.034738937746764065,-0.008682672438375394,-0.008682672438375394,-0.008682672438375394,0.0029096746064496415,0.011594825636522144,0.0029096746064496415,0.0029096746064496415,0.0029096746064496415,-0.002306000937082664,-0.009482410546932885,-0.0023193803595661366,-0.002306000937082664,-0.002306000937082664,0.005981602120865848,0.02309362795981884,0.005981602120865848,0.005981602120865848,0.005981602120865848,-0.001108235609833974,-0.0045151633173730055,-0.001108235609833974,-0.001108235609833974,-0.001108235609833974,-0.0017806180223839396,-0.007261289678663352,-0.0017884175077726994,-0.0017806180223839396,-0.0017806180223839396
1998-06,,,,,,0.0028493147368866545,0.01096945069650368,0.0028493147368866545,0.0028493147368866545,0.0028493147368866545,0.0003908753863277603,0.001079564678971856,0.0003908753863277603,0.0003908753863277603,0.0003908753863277603,0.018773069073702242,0.07658665283047883,0.018773069073702242,0.018773069073702242,0.018773069073702242,0.027751671614103524,0.1128619961752304,0.027751671614103524,0.027751671614103524,0.027751671614103524,0.0013783927224895187,0.0052965953057722,0.0013783927224895187,0.0013783927224895187,0.0013783927224895187,0.01204884011652907,0.04877028823044127,0.01204884011652907,0.01204884011652907,0.01204884011652907
1998-07,,,,,,-0.003035148454464731,-0.01265340129620951,-0.003035148454464731,-0.003035148454464731,-0.003035148454464731,0.004391015301546286,0.017550979708806702,0.004391015301546286,0.004391015301546286,0.004391015301546286,-0.0026830029956605994,-0.011437079817456786,-0.0049527044918769025,-0.0026830029956605994,-0.0026830029956605994,-0.029218841069345802,-0.11274159652278415,-0.022548339405206397,-0.029218841069345802,-0.029218841069345802,0.0016697647794730042,0.006579059716477209,0.0016697647794730042,0.0016697647794730042,0.0016697647794730042,-0.0008521468026266854,-0.003811061195662435,-0.0022651993611458865,-0.0008521468026266854,-0.0008521468026266854
1998-08,,,,,,-0.011728931367055884,-0.04646846396605209,-0.011728931367055884,-0.011728931367055884,-0.011728931367055884,-0.004996862329569862,-0.020057522350753088,-0.004996862329569862,-0.004996862329569862,-0.004996862329569862,-0.013924651390726517,-0.05572846279459198,-0.016705123618604656,-0.013924651390726517,-0.013924651390726517,-0.014531466335914622,-0.057501378612527354,-0.04725537624157272,-0.014531466335914622,-0.014531466335914622,-0.007378589420547477,-0.029384069031798576,-0.007378589420547477,-0.007378589420547477,-0.007378589420547477,-0.011230931089285856,-0.04474301447274465,-0.012866951351908962,-0.011230931089285856,-0.011230931089285856
1998-09,,,,,,0.0,0.0,0.0,0.0,0.0,-0.000859671530290429,-0.0034385366643245874,-0.000859671530290429,-0.000859671530290429,-0.000859671530290429,0.004528663142224332,0.017810575611110213,0.004528663142224332,0.004528663142224332,0.004528663142224332,0.0,0.0,0.0,0.0,0.0,-0.0006131014168173632,-0.0024523296500940095,-0.0006131014168173632,-0.0006131014168173632,-0.0006131014168173632,0.002427293431764843,0.00959857334630887,0.002427293431764843,0.002427293431764843,0.002427293431764843
1998-10,,,,,,0.0,0.0,0.0,0.0,0.0,-0.0027699513475452076,-0.011059066793257633,-0.0027699513475452076,-0.0027699513475452076,-0.0027699513475452076,-0.002779291743186807,-0.011541995652636028,-0.002779291743186807,-0.002779291743186807,-0.002779291743186807,-0.005807515989441847,-0.023158035464865057,-0.005807515989441847,-0.005807515989441847,-0.005807515989441847,-0.002116814083771845,-0.00845514813177517,-0.002116814083771845,-0.002116814083771845,-0.002116814083771845,-0.002335782465808345,-0.00948436980402556,-0.002335782465808345,-0.002335782465808345,-0.002335782465808345
1998-11,,,,,,0.011712773426631351,0.046584757797576426,0.011712773426631351,0.011712773426631351,0.011712773426631351,0.0,0.0,0.0,0.0,0.0,0.011741233898326042,0.047069880023750565,0.011741233898326042,0.011741233898326042,0.011741233898326042,-0.009225563293742023,-0.03667997349379759,-0.009225563293742023,-0.009225563293742023,-0.009225563293742023,0.0035090628450322736,0.014010853490921793,0.0035090628450322736,0.0035090628450322736,0.0035090628450322736,0.008635023288745103,0.034585008406176065,0.008635023288745103,0.008635023288745103,0.008635023288745103
1998-12,,,,,,0.015433512019814133,0.062023722399425774,0.015433512019814133,0.015433512019814133,0.015433512019814133,0.0,0.0,0.0,0.0,0.0,0.011184411196257127,0.04445249823062891,0.011184411196257127,0.011184411196257127,0.011184411196257127,0.008075076296378159,0.03224891253892803,0.008075076296378159,0.008075076296378159,0.008075076296378159,0.004645578598512223,0.018607399826634508,0.004645578598512223,0.004645578598512223,0.004645578598512223,0.008600196802270865,0.0343128147730114,0.008600196802270865,0.008600196802270865,0.008600196802270865
1999-01,,,,,,0.0014370698742276478,0.004865987395326066,0.0014370698742276478,0.0014370698742276478,0.0014370698742276478,0.0,0.0,0.0,0.0,0.0,0.003380440021903519,0.012694042200382505,0.002286883598476619,0.003380440021903519,0.003380440021903519,-0.03385218751906671,-0.12982293281939383,-0.04866510392612022,-0.03385218751906671,-0.03385218751906671,0.0004361548372333601,0.00165213460744007,0.0004361548372333601,0.0004361548372333601,0.0004361548372333601,0.0021582510655384635,0.008213088624500209,0.0014948819324673845,0.0021582510655384635,0.0021582510655384635
1999-02,,,,,,-0.010020056682411127,-0.04052968057036821,-0.010020056682411127,-0.010020056682411127,-0.010020056682411127,0.0,0.0,0.0,0.0,0.0,-0.004825260582235202,-0.020155659721878827,-0.00820271949577911,-0.004825260582235202,-0.004825260582235202,-0.008724100338750707,-0.03634388119527643,-0.008724100338750707,-0.008724100338750707,-0.008724100338750707,-0.0032436849333538076,-0.013075178950462174,-0.0032436849333538076,-0.0032436849333538076,-0.0032436849333538076,-0.0044044958550713,-0.01802605282995151,-0.006399967458839639,-0.0044044958550713,-0.0044044958550713
1999-03,,,,,,0.0025658475740504283,0.009521370791410355,0.0025658475740504283,0.0025658475740504283,0.0025658475740504283,0.0024438941437674444,0.009736720606399407,0.009736720606399407,0.0024438941437674444,0.0024438941437674444,0.010164086465628941,0.04012647936172109,0.01616102263602781,0.010164086465628941,0.010164086465628941,-0.0016100488997465856,-0.01176967952375163,-0.0016100488997465856,-0.0016100488997465856,-0.0016100488997465856,0.002507663302465879,0.009911191238644701,0.006726084770689589,0.002507663302465879,0.002507663302465879,0.006727308807535248,0.02661737659831287,0.011991536599291974,0.006727308807535248,0.006727308807535248
1999-04,,,,,,0.016587988866509917,0.06753289235280313,0.016587988866509917,0.016587988866509917,0.016587988866509917,-0.0013258856004124686,-0.005356803591214487,-0.005356803591214487,-0.00987855729838305,-0.0013258856004124686,0.0030287182316037775,0.011043724550707346,0.003024447384053053,0.0030287182316037775,0.0030287182316037775,0.012321717232304241,0.04909310311322712,0.012321717232304241,0.012321717232304241,0.012321717232304241,0.006114120336471851,0.024561138724876308,0.003761760480229137,0.0010898241383801022,0.006114120336471851,0.004521231185780961,0.01775282420094193,0.003525598182089862,0.0022601280128693446,0.004521231185780961
1999-05,,,,,,-0.0030331535268357523,-0.01287602194832671,-0.0030331535268357523,-0.0030331535268357523,-0.0030331535268357523,0.0010421076961970588,0.004087646404532519,-0.008041823170295892,-5.386716781186074e-05,-0.00048546901227586314,-0.012844021542423478,-0.051056354723473585,-0.019905013028116203,-0.012844021542423478,-0.012844021542423478,-0.013930120327601103,-0.05537712546825979,-0.013930120327601103,-0.013930120327601103,-0.013930120327601103,-0.0006057538640499294,-0.0026478694556174576,-0.00610848899625871,-0.0013359495279666733,-0.0015390388240981157,-0.00674387934722287,-0.02709146310571442,-0.013053372132475816,-0.007112883838478856,-0.007215240141749457
1999-06,,,,,,0.010738150494929544,0.04312009741895295,0.010738150494929544,0.010738150494929544,0.010738150494929544,-0.0007028740572627701,-0.002899049775116347,-0.004329791469698141,-0.004329791469698141,-0.004711268203422714,0.00239815838517754,0.009245553200360357,0.0011115968892865258,0.00239815838517754,0.00239815838517754,0.0,0.0,0.0,0.0,0.0,0.0041793504450080565,0.016652959779792198,0.0019752735504641183,0.0019752735504641183,0.0017693289053410943,0.0032219577446164216,0.012706972773971259,0.0014516211987465333,0.0021100217246265984,0.002010782672341449
1999-07,,,,,,-0.004614643052530787,-0.018778478498856166,-0.004614643052530787,-0.004614643052530787,-0.004614643052530787,-0.006270993824454618,-0.02497890337292552,-0.015017020927388103,-0.015017020927388103,-0.006381405606358137,-0.005880571716232241,-0.023599318604802466,-0.007457882963754714,-0.005880571716232241,-0.005880571716232241,0.0,0.0,0.0,0.0,0.0,-0.005568729088215929,-0.022263568339455975,-0.010309534614776683,-0.010309534614776683,-0.005628742274438103,-0.005744819795611145,-0.022983290753876617,-0.008922826860596311,-0.008051228786048692,-0.0057738836105867275
1999-08,,,,,,-0.0055960422417766775,-0.022587565250174024,-0.0055960422417766775,-0.0055960422417766775,-0.0055960422417766775,-0.0020266116200570172,-0.008095155702968815,-0.0020266116200570172,-0.0020266116200570172,-0.0020266116200570172,0.0036924326670564334,0.014354511528730685,0.007588663834246612,0.0036924326670564334,0.0036924326670564334,0.0,0.0,0.0,0.0,0.0,-0.0037252909884838425,-0.014911853961741328,-0.0037252909884838425,-0.0037252909884838425,-0.0037252909884838425,0.00010225520460860338,0.00017260032843147144,0.002149248393408687,0.00010225520460860338,0.00010225520460860338
1999-09,,,,,,-0.006116235696612349,-0.024584534611954534,-0.006116235696612349,-0.006116235696612349,-0.006116235696612349,-0.00364342296786091,-0.014517431291402039,-0.008181592401971916,-0.00364342296786091,-0.00364342296786091,-0.005383639893187797,-0.02178602355549253,-0.012749851983577587,-0.005383639893187797,-0.005383639893187797,0.0,0.0,0.0,0.0,0.0,-0.004946030626558184,-0.019742869297599608,-0.007352770345652959,-0.004946030626558184,-0.004946030626558184,-0.005295935202489166,-0.021249959147781605,-0.010557010457685423,-0.005295935202489166,-0.005295935202489166
1999-10,,,,,,0.002185184990862732,0.00874073996345115,0.002185184990862732,0.002185184990862732,0.002185184990862732,0.0,0.0,0.0,0.0,0.0,0.008719561930476516,0.034863615943296455,0.010836823448886257,0.008719561930476516,0.008719561930476516,0.0,0.0,0.0,0.0,0.0,0.000980835111546785,0.003923340446187584,0.000980835111546785,0.000980835111546785,0.000980835111546785,0.00520736980177916,0.02084441853493968,0.0063860023199293625,0.00520736980177916,0.00520736980177916
1999-11,,,,,,0.004829314760273817,0.019130537227014743,0.004829314760273817,0.004829314760273817,0.004829314760273817,-0.0010331267839939207,-0.004150275513025936,-0.0018197047988149917,-0.0010331267839939207,-0.0010331267839939207,0.008020095925561632,0.031860463624961755,0.017498716895312905,0.008020095925561632,0.008020095925561632,0.0,0.0,0.0,0.0,0.0,0.0013792271100765419,0.00545610578302691,0.0009445828496847941,0.0013792271100765419,0.0013792271100765419,0.0049203556704964235,0.019585596444709585,0.009713763057186853,0.0049203556704964235,0.0049203556704964235
1999-12,,,,,,0.013900367047801065,0.056195904030576393,0.013900367047801065,0.013900367047801065,0.013900367047801065,-0.0009153473375177468,-0.003720971790478367,-0.0009153473375177468,-0.0009153473375177468,-0.0009153473375177468,0.01474997897892516,0.059841405359697175,0.016959590933981472,0.01474997897892516,0.01474997897892516,0.0,0.0,0.0,0.0,0.0,0.00586335035196206,0.023510776842172287,0.00586335035196206,0.00586335035196206,0.00586335035196206,0.010551982273288685,0.04263021421361701,0.011690895055173511,0.010551982273288685,0.010551982273288685
2000-01,,,,,,-0.017423737873231926,-0.06908777294426993,-0.017423737873231926,-0.017423737873231926,-0.017423737873231926,0.004917661547304331,0.019773113791715646,0.004917661547304331,0.004917661547304331,0.004917661547304331,-0.011497081999869208,-0.04641720751285583,-0.008263152378524041,-0.011497081999869208,-0.011497081999869208,0.0,0.0,0.0,0.0,0.0,-0.008589346378676033,-0.03423520201426977,-0.008589346378676033,-0.008589346378676033,-0.008589346378676033,-0.008867430902743001,-0.03559127980507948,-0.006227930941626547,-0.008867430902743001,-0.008867430902743001
2000-02,,,,,,0.00038937435120423025,0.0014537072729023937,0.00038937435120423025,0.00038937435120423025,0.00038937435120423025,-2.3558911162901985e-05,-0.00016132602543605934,-0.003042862320932538,-0.003042862320932538,-2.3558911162901985e-05,0.005962860917034574,0.0236384980500024,0.009811599134186055,0.005962860917034574,0.005962860917034574,0.0,0.0,0.0,0.0,0.0,0.00019668270769246377,0.0007319713001328054,-0.0007521950513316167,-0.0007521950513316167,0.00019668270769246377,0.0021940622763712003,0.0086861360765349,0.0029077335030984752,0.0015741522027559185,0.0021940622763712003
2000-03,,,,,,0.006220596650972965,0.02487435799469262,0.006220596650972965,0.006220596650972965,0.006220596650972965,-0.00402381194380208,-0.016179035213130688,-0.014035229646690794,-0.014035229646690794,-0.00402381194380208,0.012018574374909718,0.04834443272234723,0.01047871428108893,0.012018574374909718,0.012018574374909718,-0.006301452457354029,-0.025283993688178796,-0.006301452457354029,-0.006301452457354029,-0.006301452457354029,0.002867446387317063,0.011403958584490281,-0.0003306252745794991,-0.0003306252745794991,0.002867446387317063,0.005979665235858578,0.023932275092426236,0.003363513688625197,0.0039000150846080217,0.005979665235858578
2000-04,,,,,,-0.015461142939567574,-0.06128468209005067,-0.015461142939567574,-0.015461142939567574,-0.015461142939567574,0.006424420888555993,0.025873883756139193,0.004554726336468917,0.004554726336468917,0.006424420888555993,8.617820775391749e-05,-0.0006571334184578559,-0.0025381374815961477,8.617820775391749e-05,8.617820775391749e-05,-0.01197309198275831,-0.04880759886786512,-0.01197309198275831,-0.01197309198275831,-0.01197309198275831,-0.008146067897827902,-0.032638459734379066,-0.008757980184814995,-0.008757980184814995,-0.008146067897827902,-0.0055478328890991024,-0.022526647632272634,-0.006800962428107127,-0.005964967479949346,-0.0055478328890991024
2000-05,,,,,,-0.0040395624061621005,-0.016364710236910218,-0.0040395624061621005,-0.0040395624061621005,-0.0040395624061621005,-0.0025888765831297844,-0.010430930466309052,-0.005343052199239029,-0.0031058795171226006,-0.0025888765831297844,0.0005585968707693123,0.0020005460588081725,0.0014166608607792952,0.0005585968707693123,0.0005585968707693123,-0.00702299066382539,-0.028326649496355327,-0.00702299066382539,-0.00702299066382539,-0.00702299066382539,-0.0034944914799681648,-0.014035648261243705,-0.004445549208318744,-0.0036692093701211626,-0.0034944914799681648,-0.002040541813249308,-0.008279022877173303,-0.002344405290004792,-0.0021544773140088624,-0.002040541813249308
2000-06,,,,,,-0.003642745235942324,-0.014649026167141144,-0.003642745235942324,-0.003642745235942324,-0.003642745235942324,-0.00238833233600233,-0.009585844765867768,-0.00238833233600233,-0.00238833233600233,-0.00238833233600233,0.0017192003876527195,0.006582256791650254,-0.006380486982165645,0.0017192003876527195,0.0017192003876527195,-0.00813592816010067,-0.033663390673384974,-0.026299327990088606,-0.00813592816010067,-0.00813592816010067,-0.003258412588963977,-0.01305986340154286,-0.003258412588963977,-0.003258412588963977,-0.003258412588963977,-0.0014479236446285348,-0.0059011309095973186,-0.004375574897358958,-0.0014479236446285348,-0.0014479236446285348
2000-07,,,,,,-0.0054387499412283935,-0.021728556945880162,-0.0054387499412283935,-0.0054387499412283935,-0.0054387499412283935,0.006054039259558719,0.024302826893108476,0.013581036318343731,0.013581036318343731,0.006054039259558719,-0.006402326944367598,-0.025512579105558153,-0.006402326944367598,-0.006402326944367598,-0.006402326944367598,-0.007747713769801212,-0.031221452108528003,-0.007747713769801212,-0.007747713769801212,-0.007747713769801212,-0.0019484086370046283,-0.007834687774160076,0.0003599573182546667,0.0003599573182546667,-0.0019484086370046283,-0.00350878279743172,-0.014029900932397643,-0.0020086409487900525,-0.0020086409487900525,-0.00350878279743172
2000-08,,,,,,0.01071059967030008,0.043374729200875484,0.01665970838848918,0.01071059967030008,0.01071059967030008,0.003034608183040577,0.012162278408031746,0.0008982900089471446,0.0008982900089471446,0.003034608183040577,0.008971423470863327,0.035925876737331164,0.014558364688494807,0.008971423470863327,0.008971423470863327,0.012564736879930427,0.050227158147226225,0.012564736879930427,0.012564736879930427,0.012564736879930427,0.00838549063621885,0.03387984441343028,0.011867129852379144,0.007734908561793263,0.00838549063621885,0.008616530315470605,0.03475712858536184,0.012868172677870993,0.008191538657634334,0.008616530315470605
2000-09,,,,,,-0.002768630640105574,-0.011132244958108717,-0.01044818810617476,-0.002768630640105574,-0.002768630640105574,0.0026364422226232698,0.010500740094492533,0.0026364422226232698,0.0026364422226232698,0.0026364422226232698,-0.0066863366624887455,-0.026687292373192784,-0.011573965357263627,-0.008885746128795557,-0.008899293691283838,-0.0033938570692879644,-0.014732383245080416,-0.0033938570692879644,-0.0033938570692879644,-0.0033938570692879644,-0.001341060300080521,-0.005409957454867942,-0.00694908484177037,-0.001341060300080521,-0.001341060300080521,-0.003200361794995721,-0.012820630381330411,-0.008585438381166988,-0.00397366835526991,-0.0039740494453341935
2000-10,,,,,,0.0015122097633024634,0.005905749670660931,0.0015122097633024634,0.0015122097633024634,0.0015122097633024634,0.0036291012395672784,0.014511792492672537,0.0036291012395672784,0.0036291012395672784,0.0036291012395672784,-0.0041631030411191094,-0.016726616369667324,-0.0015675860914521333,-0.0002678778303195628,-0.0041631030411191094,-0.003943483532070302,-0.01642944960215198,-0.003943483532070302,-0.003943483532070302,-0.003943483532070302,0.0018823920225894408,0.007471045580773383,0.0018823920225894408,0.0018823920225894408,0.0018823920225894408,-0.0002212830723649084,-0.0009728115797941195,0.0007411420065346341,0.001191277539272395,-0.0002212830723649084
2000-11,,,,,,-0.0036279857991523556,-0.014498403532992477,-0.0036279857991523556,-0.0036279857991523556,-0.0036279857991523556,0.0006530167595071301,0.0024617837480651605,0.0006530167595071301,0.0006530167595071301,0.0006530167595071301,0.0004026190202728319,0.0014685600118711228,-0.0038338608960584164,-0.00239734398462621,0.0004026190202728319,0.006016971012388961,0.02306666452456052,0.006016971012388961,0.006016971012388961,0.006016971012388961,-0.0022018169765711804,-0.008823093681285199,-0.0022018169765711804,-0.0022018169765711804,-0.0022018169765711804,-0.0012913978870363607,-0.005206597622622988,-0.0027594873683406407,-0.0022629818047641415,-0.0012913978870363607
2000-12,,,,,,-0.0018213778794489155,-0.007447735539002798,-0.0021122376651201424,-0.0018213778794489155,-0.0018213778794489155,0.002041888370906353,0.008122507094045828,0.002041888370906353,0.002041888370906353,0.002041888370906353,0.006345865193142064,0.02542165387770412,0.009258833745668937,0.004621380357847871,0.006345865193142064,0.014000887390075878,0.05589198056087041,0.014000887390075878,0.014000887390075878,0.014000887390075878,-0.0005331743666470157,-0.002223045123441625,-0.0007390317384201595,-0.0005331743666470157,-0.0005331743666470157,0.0019840666888899516,0.007855417505017614,0.003021925033129591,0.0014199144228130844,0.0019840666888899516
2001-01,,,,,,-0.00813619507950547,-0.03234629825472979,-0.012181648499004494,-0.00813619507950547,-0.00813619507950547,0.0014557086731985525,0.005658686232666188,-0.0027786299823596705,0.0014557086731985525,0.0014557086731985525,-0.00963095241543721,-0.03823523135310258,-0.010631352877186195,-0.014057740429201604,-0.00963095241543721,-0.007118725578965868,-0.029145783787515644,-0.007118725578965868,-0.007118725578965868,-0.007118725578965868,-0.004590279356211369,-0.01830519207160408,-0.008505270973757972,-0.004590279356211369,-0.004590279356211369,-0.006456069080726601,-0.0256817005729455,-0.00923751260638983,-0.008103838089466908,-0.006456069080726601
2001-02,,,,,,-0.007938464546022095,-0.031509162787324074,-0.007938464546022095,-0.007938464546022095,-0.007938464546022095,0.0012966262532734252,0.005062141234548623,0.005336354259809273,0.0012966262532734252,0.0012966262532734252,-0.010040799172900905,-0.03973567211928797,-0.01889117121274253,-0.010040799172900905,-0.010040799172900905,0.007137372559319344,0.028223684931935056,0.007137372559319344,0.007137372559319344,0.007137372559319344,-0.0054533271673601336,-0.02170651195356399,-0.004306356913154841,-0.0054533271673601336,-0.0054533271673601336,-0.007184486971576698,-0.028507424433782846,-0.009832863570463757,-0.007184486971576698,-0.007184486971576698
2001-03,,,,,,-0.003554111199859933,-0.014186288044709117,-0.003554111199859933,-0.003554111199859933,-0.003554111199859933,0.012991306876058761,0.05270446555341679,0.012991306876058761,0.012991306876058761,0.012991306876058761,-0.006139702232596633,-0.024487739281527476,-0.005533462908536624,-0.006139702232596633,-0.006139702232596633,-0.01196520274513213,-0.04769566956560822,-0.01196520274513213,-0.01196520274513213,-0.01196520274513213,0.001286733495702963,0.005120818426071816,0.001286733495702963,0.001286733495702963,0.001286733495702963,-0.0015846764362169585,-0.006376240596538962,-0.0013436611128158082,-0.0015846764362169585,-0.0015846764362169585
2001-04,,,,,,0.0006774555786723813,0.0026738862730826263,0.0006774555786723813,0.0006774555786723813,0.0006774555786723813,-0.00507278210694162,-0.02033870053588782,-0.00507278210694162,-0.00507278210694162,-0.00507278210694162,0.0034409906663619427,0.01364501836898846,0.003971300275593448,0.0034409906663619427,0.0034409906663619427,-0.0034505252806285025,-0.014066543125885067,-0.0034505252806285025,-0.0034505252806285025,-0.0034505252806285025,-0.0010793397570372232,-0.004348626824348223,-0.0010793397570372232,-0.0010793397570372232,-0.0010793397570372232,0.0007790326368286582,0.0030731952298796994,0.0010529620887689273,0.0007790326368286582,0.0007790326368286582
2001-05,,,,,,0.0028601742860314694,0.011196238109636658,0.0028601742860314694,0.0028601742860314694,0.0028601742860314694,-0.0007460884570835713,-0.003080595815937226,-0.0007460884570835713,-0.0007460884570835713,-0.0007460884570835713,-0.004736219970667754,-0.01913691317289612,-0.005502332585618386,-0.004736219970667754,-0.004736219970667754,-0.002874389303815117,-0.011568228404317038,-0.002874389303815117,-0.002874389303815117,-0.002874389303815117,0.001776379568301456,0.006977202436088792,0.001776379568301456,0.001776379568301456,0.001776379568301456,-0.0008633335278974696,-0.0036296741218898587,-0.0011782816663068463,-0.0008633335278974696,-0.0008633335278974696
2001-06,,,,,,-0.007154909143221255,-0.028479837824382348,-0.010926316782287393,-0.007154909143221255,-0.007154909143221255,0.002436483309224524,0.009669315842798287,0.002436483309224524,0.002436483309224524,0.002436483309224524,-0.0019005984900341,-0.007758656086757076,-0.006986638100111131,-0.0019005984900341,-0.0019005984900341,-0.004943382764847293,-0.019904382395280695,-0.004943382764847293,-0.004943382764847293,-0.004943382764847293,-0.004551745146126107,-0.01817761605341972,-0.007313470912986952,-0.004551745146126107,-0.004551745146126107,-0.003445200703056428,-0.01382035324402886,-0.007127951435656366,-0.003445200703056428,-0.003445200703056428
2001-07,,,,,,-0.0038035116209196307,-0.015156834679002973,-0.0038035116209196307,-0.0038035116209196307,-0.0038035116209196307,-0.0022915249004683558,-0.009306611889095207,-0.0022915249004683558,-0.0022915249004683558,-0.0022915249004683558,0.0010258918868850664,0.003939298426879345,0.0056081320585299466,0.001856446825698299,0.0010258918868850664,-0.0025660037238204314,-0.01046359592734214,-0.0025660037238204314,-0.0025660037238204314,-0.0025660037238204314,-0.003407366535214007,-0.013581847575391381,-0.003407366535214007,-0.003407366535214007,-0.003407366535214007,-0.0016421091483970196,-0.006602011138752473,0.000178182828825868,-0.0013103554781843663,-0.0016421091483970196
2001-08,,,,,,-0.0012501545583061269,-0.005000407526401407,-0.002276380307951298,-0.0012501545583061269,-0.0012501545583061269,-0.0062533144621060854,-0.02481932666963671,-0.007717946717026969,-0.0062533144621060854,-0.0062533144621060854,-0.003983486669799308,-0.01595765499589974,-0.001963108829926785,-0.003983486669799308,-0.003983486669799308,-0.004424911198443016,-0.01773380429087268,-0.004424911198443016,-0.004424911198443016,-0.004424911198443016,-0.002578547323054181,-0.010282995097783965,-0.0037212584234439516,-0.002578547323054181,-0.002578547323054181,-0.0031315130235139987,-0.012497252294062178,-0.0030070568198521386,-0.0031315130235139987,-0.0031315130235139987
2001-09,,,,,,-0.001875212931745085,-0.007492998512981908,-0.004363258005713022,-0.001875212931745085,-0.001875212931745085,0.0009121931002327166,0.0035300331412728703,0.003514085475781581,0.0009121931002327166,0.0009121931002327166,-0.005104793481443437,-0.020373220394618086,-0.013335880174247028,-0.005104793481443437,-0.005104793481443437,-0.013561183546277555,-0.053988017230975016,-0.013561183546277555,-0.013561183546277555,-0.013561183546277555,-0.0010132148129231577,-0.004072305212644123,-0.0017193393712040539,-0.0010132148129231577,-0.0010132148129231577,-0.0026439045182040655,-0.010569629981521889,-0.006183614696841144,-0.0026439045182040655,-0.0026439045182040655
2001-10,,,,,,-0.000452502764633933,-0.0018127498978203205,-0.0018127498978203205,-0.000452502764633933,-0.000452502764633933,-0.003020566519212342,-0.012048776678337592,-0.007070513894684827,-0.003020566519212342,-0.003020566519212342,0.001104275294360857,0.004311509718731621,-0.00021199472861466173,0.001104275294360857,0.001104275294360857,0.0013973287483186603,0.004888822135117765,0.0013973287483186603,0.0013973287483186603,0.0013973287483186603,-0.0016413482492210196,-0.006554242197014504,-0.004231369181774025,-0.0016413482492210196,-0.0016413482492210196,-0.0006671232549927408,-0.002681759898370051,-0.0028186600102725334,-0.0006671232549927408,-0.0006671232549927408
2001-11,,,,,,-0.00024849210372712704,-0.0010020223405075024,-0.0016643748509310718,-0.00024849210372712704,-0.00024849210372712704,0.000248690301935639,0.000981019123722504,0.0002074505603433252,0.000248690301935639,0.000248690301935639,0.0030203481877004723,0.011978426458973512,0.004060182587495742,0.0030203481877004723,0.0030203481877004723,-0.005395512880130515,-0.02178042461975671,-0.005395512880130515,-0.005395512880130515,-0.005395512880130515,-1.708718082293892e-05,-7.613176412224476e-05,-0.0007788081102020339,-1.708718082293892e-05,-1.708718082293892e-05,0.0010250896648738017,0.00407840810543858,0.0008758004429461064,0.0010250896648738017,0.0010250896648738017
2001-12,,,,,,-0.0028355439149843065,-0.011359722154609342,-0.005135695389860695,-0.0028355439149843065,-0.0028355439149843065,0.002762894755140133,0.011074701110111995,0.00269800256463526,0.002762894755140133,0.002762894755140133,0.006104900176752359,0.02436848730813157,0.006483030045352889,0.006104900176752359,0.006104900176752359,0.011813450449593477,0.04760479346815716,0.011813450449593477,0.011813450449593477,0.011813450449593477,-0.00020922747335294645,-0.0008568883823729667,-0.0014683370264838569,-0.00020922747335294645,-0.00020922747335294645,0.001935363440979776,0.0077020849397280156,0.0012465199279620975,0.001935363440979776,0.001935363440979776
2002-01,,,,,,-0.002046888875690489,-0.00819834879601078,-0.003511669272198148,-0.002046888875690489,-0.002046888875690489,0.00304121374440669,0.012127130760811733,0.012560260227262088,0.00304121374440669,0.00304121374440669,-0.0008236825782335089,-0.003499219843693724,-0.0020821913511243073,-0.0008236825782335089,-0.0008236825782335089,-0.004722737460400417,-0.01919738052071862,-0.004722737460400417,-0.004722737460400417,-0.004722737460400417,0.00013368867098551007,0.0005056927935083166,0.0034079854647885988,0.00013368867098551007,0.00013368867098551007,-0.00018104307675459452,-0.0007749701346518867,0.0015256666790526285,-0.00018104307675459452,-0.00018104307675459452
2002-02,,,,,,-0.00024350758638735925,-0.0010012367118048537,0.00040951302973546433,-0.00024350758638735925,-0.00024350758638735925,-0.00018921052793519078,-0.0008627688898996677,-0.004554285254234625,-0.00018921052793519078,-0.00018921052793519078,-0.0036956773718110902,-0.014819141409454173,-0.006840844252102185,-0.0036956773718110902,-0.0036956773718110902,-0.00194394145990473,-0.00786093805281729,-0.00194394145990473,-0.00194394145990473,-0.00194394145990473,-0.00018222151541724685,-0.0007589921775726927,-0.0016704136841816375,-0.00018222151541724685,-0.00018222151541724685,-0.0014221943468233356,-0.00571681422049275,-0.003479446448905632,-0.0014221943468233356,-0.0014221943468233356
2002-03,,,,,,0.005253935584582647,0.020811360498140363,0.00603335481388001,0.005253935584582647,0.005253935584582647,0.0035586783663954513,0.014185358560462102,0.005783813983360364,0.0035586783663954513,0.0035586783663954513,0.004243445175253102,0.01683779085463777,0.004243445175253102,0.004243445175253102,0.004243445175253102,-0.005997683196522163,-0.024244611149757955,-0.015634092997388827,-0.005997683196522163,-0.005997683196522163,0.004354889301251497,0.017366239477414114,0.005630102762467892,0.004354889301251497,0.004354889301251497,0.0042877757796977445,0.01707935800834348,0.005107627980339702,0.0042877757796977445,0.0042877757796977445
2002-04,,,,,,-0.004625829317252084,-0.018535140583458176,-0.0077129769496687706,-0.004625829317252084,-0.004625829317252084,-0.002393646855424314,-0.009637420284005715,-0.003716390834611061,-0.002393646855424314,-0.002393646855424314,-0.00023750547362733077,-0.0010973376648107935,-0.002944551873361956,-0.00023750547362733077,-0.00023750547362733077,0.0,0.0,0.0,0.0,0.0,-0.0034951357994603693,-0.013984222442442462,-0.005812620384506362,-0.0034951357994603693,-0.0034951357994603693,-0.002327603926806865,-0.009365545162537181,-0.0047867789397995075,-0.002327603926806865,-0.002327603926806865
2002-05,,,,,,-0.005621220673751037,-0.02237940876724709,-0.010639817594207512,-0.005621220673751037,-0.005621220673751037,0.004521750700851257,0.018154868432873394,0.004521750700851257,0.004521750700851257,0.004521750700851257,-0.001111443652680788,-0.004536828235063739,-0.001111443652680788,-0.001111443652680788,-0.001111443652680788,0.0018858081335664245,0.006960146905808262,0.0018858081335664245,0.0018858081335664245,0.0018858081335664245,-0.0011565306769441008,-0.004654765579405473,-0.003981218393184771,-0.0011565306769441008,-0.0011565306769441008,-0.001149794614491939,-0.004632152262306954,-0.0029889202055866093,-0.001149794614491939,-0.001149794614491939
2002-06,,,,,,-0.002389691919069792,-0.009537958953553693,-0.002389691919069792,-0.002389691919069792,-0.002389691919069792,-0.002838172690394769,-0.011356350771904555,-0.002838172690394769,-0.002838172690394769,-0.002838172690394769,-0.005504194355611336,-0.02197953240846684,-0.005504194355611336,-0.005504194355611336,-0.005504194355611336,-0.008782385629637068,-0.03496698135791343,-0.008782385629637068,-0.008782385629637068,-0.008782385629637068,-0.002575918680996714,-0.010274662067682239,-0.002575918680996714,-0.002575918680996714,-0.002575918680996714,-0.0035299961499846155,-0.014069333333166623,-0.0035299961499846155,-0.0035299961499846155,-0.0035299961499846155
2002-07,,,,,,-0.0006606136982658661,-0.0026415105724694188,-0.0006606136982658661,-0.0006606136982658661,-0.0006606136982658661,-0.0031721039176726418,-0.012724025454389776,-0.0031721039176726418,-0.0031721039176726418,-0.0031721039176726418,-0.005057431400321222,-0.02014155476468371,-0.005057431400321222,-0.005057431400321222,-0.005057431400321222,0.0,0.0,0.0,0.0,0.0,-0.0019229576639391288,-0.007692701448559491,-0.0019229576639391288,-0.0019229576639391288,-0.0019229576639391288,-0.002956539067204722,-0.011789856841245006,-0.002956539067204722,-0.002956539067204722,-0.002956539067204722
2002-08,,,,,,-0.0006435823470936075,-0.0025732188878413442,-0.0006435823470936075,-0.0006435823470936075,-0.0006435823470936075,0.0016354815840631254,0.006504874255861548,0.0016354815840631254,0.0016354815840631254,0.0016354815840631254,-0.0026721900684685274,-0.010731614859729621,-0.0026721900684685274,-0.0026721900684685274,-0.0026721900684685274,-0.0008221311014126043,-0.003458482529810736,-0.0008221311014126043,-0.0008221311014126043,-0.0008221311014126043,0.00058799086109107,0.002338026703126994,0.00058799086109107,0.00058799086109107,0.00058799086109107,-0.00044519809253873444,-0.0018025543342919947,-0.00044519809253873444,-0.00044519809253873444,-0.00044519809253873444
2002-09,,,,,,0.0,0.0,0.0,0.0,0.0,0.0032428422045118754,0.012971478683939441,0.0007556769498928695,0.0032428422045118754,0.0032428422045118754,-0.00489712601515957,-0.019554893328226353,-0.006507852556213667,-0.00489712601515957,-0.00489712601515957,-0.0033871861085160715,-0.013749195704238937,-0.0033871861085160715,-0.0033871861085160715,-0.0033871861085160715,0.0016843484245070428,0.006737955387336569,0.0004383842223023571,0.0016843484245070428,0.0016843484245070428,-0.00044123092395143004,-0.0017894857026338196,-0.0018096222501992054,-0.00044123092395143004,-0.00044123092395143004
2002-10,,,,,,9.549294753474769e-05,0.00037710435486260074,0.0008247280368469667,9.549294753474769e-05,9.549294753474769e-05,-0.0028812779939849653,-0.011527261090130025,-0.0007638588317344652,-0.0028812779939849653,-0.0028812779939849653,0.00015706894051747966,0.0005313637413102423,0.0010409646319862187,0.00015706894051747966,0.00015706894051747966,-0.0022943925236164064,-0.00930558977766538,-0.0022943925236164064,-0.0022943925236164064,-0.0022943925236164064,-0.00154340864122271,-0.006174867618289892,-0.00017938456957100612,-0.00154340864122271,-0.00154340864122271,-0.001005809483893061,-0.0040359103623611725,0.00019887248481609276,-0.001005809483893061,-0.001005809483893061
2002-11,,,,,,-0.00021450993362481796,-0.0008609984321421571,-0.00021450993362481796,-0.00021450993362481796,-0.00021450993362481796,0.0006420380584617469,0.0025411194403606174,0.002536006575295957,0.0006420380584617469,0.0006420380584617469,-0.0015005306493401926,-0.006154513227329295,-0.00026658407791768646,-0.0015005306493401926,-0.0015005306493401926,-0.002971062325962115,-0.011921305662780601,-0.002971062325962115,-0.002971062325962115,-0.002971062325962115,0.0002543288584135883,0.0010068242421013007,0.001287982806670973,0.0002543288584135883,0.0002543288584135883,-0.0002806604269300905,-0.0011471070573623177,0.0008232547462951878,-0.0002806604269300905,-0.0002806604269300905
2002-12,,,,,,-0.001003086587360813,-0.004008088840614765,-0.0011754214935700835,-0.001003086587360813,-0.001003086587360813,0.005092295277672854,0.020437216651989054,0.0015331574628996147,0.005092295277672854,0.005092295277672854,-0.005478659273466691,-0.021792748923681993,-0.00987608110225624,-0.005478659273466691,-0.005478659273466691,-1.2070325923430048e-05,-4.851859750043541e-05,-1.2070325923430048e-05,-1.2070325923430048e-05,-1.2070325923430048e-05,0.0022541967170559563,0.009024642804039695,0.0003603558529932105,0.0022541967170559563,0.0022541967170559563,-9.718326543961542e-05,-0.0004061947980469327,-0.0027366979554933613,-9.718326543961542e-05,-9.718326543961542e-05
2003-01,,,,,,-0.007928674580614747,-0.03148755822313343,-0.027706438456254645,-0.011295844451608361,-0.007928674580614747,0.006743339647741431,0.027127884401725755,0.006225930407333102,0.006743339647741431,0.006743339647741431,-0.0033278698888892233,-0.013356309757823759,-0.004421019262971337,-0.0033278698888892233,-0.0033278698888892233,-0.00761350204514577,-0.03032632366300414,-0.02272926625089744,-0.003911765981797433,-0.00761350204514577,-0.0011160288732082746,-0.004502387296042465,-0.012079724356524602,-0.0029542368849320155,-0.0011160288732082746,-0.0018520215693776931,-0.007438359800024497,-0.00960305021814667,-0.0030867648739602016,-0.0018520215693776931
2003-02,,,,,,-0.00010064566787904017,-0.0004025788849518763,-0.0004025788849518763,-0.0004025788849518763,-0.00010064566787904017,0.0025556653478620017,0.01002377532540688,0.003574665084630446,0.0030429398814639796,0.0025556653478620017,-0.001216229053580986,-0.004865447675151624,-0.00041876321097877867,-0.001216229053580986,-0.001216229053580986,0.0,0.0,0.0,0.0,0.0,0.0010603930076755752,0.004199905496567569,0.0013840824835840149,0.001135063337895259,0.0010603930076755752,0.0003063227301531857,0.001208092429681562,0.0007956579591230639,0.0003593555527776626,0.0003063227301531857
2003-03,,,,,,-0.005409790152069993,-0.021584936947909972,-0.01914197828543751,-0.0073108731663605875,-0.005409790152069993,-0.008703854025766455,-0.03443058882567818,-0.009085712147355984,-0.008703854025766455,-0.008703854025766455,-0.002349415112418707,-0.009671170645310201,-0.006133380374694464,-0.004866405509906135,-0.004144521359118802,-0.005481958642018725,-0.02201617935156075,-0.02201617935156075,-0.005481958642018725,-0.005481958642018725,-0.006803732855489741,-0.02699264952920266,-0.014617612161226923,-0.007857375225753138,-0.006803732855489741,-0.005335772662326876,-0.02127647337701888,-0.011798833941102482,-0.006874762848364302,-0.005941391879438207
2003-04,,,,,,0.0034188612469698842,0.013545258622140066,0.012599421320185877,0.009604027486074695,0.0034188612469698842,-0.00223651449049711,-0.008937160355521612,-0.004694812697487949,-0.00223651449049711,-0.00223651449049711,0.003264289864974179,0.012969193532063938,0.004527167746262606,0.002658772870339554,0.003264289864974179,0.0030326617942169065,0.012001386659736601,0.014550576666172654,0.0030326617942169065,0.0030326617942169065,0.0010326857610367668,0.004076737738380132,0.005340746960388554,0.004594057712776989,0.0010326857610367668,0.0018164040781902813,0.007217787685545929,0.005084794672398196,0.0039471231656869055,0.0018164040781902813
2003-05,,,,,,0.011864294508000306,0.047796267747371335,0.04132848381669141,0.028667715248973602,0.011864294508000306,0.005890034540616096,0.02371629907874029,0.01853760462579679,0.005890034540616096,0.005890034540616096,0.008679348635076467,0.03465926282678389,0.03370693167922201,0.021656021129453862,0.008679348635076467,0.0008783280858328801,0.0029812246520026786,0.003917795688710646,0.0008783280858328801,0.0008783280858328801,0.009489866579648565,0.038316742145559246,0.03231703952853038,0.01951886796209945,0.009489866579648565,0.009211298970853932,0.03709379194728313,0.032820889503336614,0.02026918023985158,0.009211298970853932
2003-06,,,,,,0.0025297736681375582,0.00952026837359754,0.01327070451486323,0.006390580110051003,0.0025297736681375582,-0.006311607254489093,-0.02511317205053898,-0.02109319094481832,-0.006311607254489093,-0.006311607254489093,0.002923069657482902,0.011292351976778026,0.002591971053261144,0.0036991775494983337,0.002923069657482902,0.0050340382642688475,0.01984556181509256,0.0050340382642688475,0.0050340382642688475,0.0050340382642688475,-0.0008825842168044273,-0.003792809000735753,-8.084676523645307e-05,0.0014587620707093851,-0.0008825842168044273,0.0004752410744155444,0.0015941647156172412,0.0009083149768538412,0.002267568850460755,0.0004752410744155444
2003-07,,,,,,0.004655931970912741,0.018200909835722534,0.007399104897611197,0.004655931970912741,0.004655931970912741,0.0031048142784901867,0.01241866390267865,-0.001144185707832368,0.0031048142784901867,0.0031048142784901867,0.001526958104589804,0.00568949144328279,0.0031332857095165423,0.0028942650146330795,0.001526958104589804,0.004776956065835503,0.01874080575103454,0.004776956065835503,0.004776956065835503,0.004776956065835503,0.004077166254214726,0.0161620461266756,0.004169803001949246,0.004077166254214726,0.004077166254214726,0.0031664621130944592,0.012434584972174312,0.0038166017938570107,0.0036581379165856465,0.0031664621130944592
2003-08,,,,,,0.006426363331487384,0.025667637912336616,0.012701275002810597,0.006426363331487384,0.006426363331487384,-0.0023586163687036032,-0.009435033431897999,-0.00964368319644715,-0.003710074245001138,-0.0023586163687036032,0.003778240766736385,0.01484019434249162,0.002722464095025412,0.003778240766736385,0.003778240766736385,0.007175342105675275,0.02872037462652055,0.007175342105675275,0.007175342105675275,0.007175342105675275,0.0033450743577290165,0.013327790786573646,0.004802053622676716,0.0029226930339678603,0.0033450743577290165,0.0033733372066044875,0.013383079396886766,0.003955769905401585,0.003086793959071521,0.0033733372066044875
2003-09,,,,,,-0.002022121685396727,-0.008447448214478182,0.001275480952757535,-0.002022121685396727,-0.002022121685396727,-0.0003332923454606451,-0.001378263935014501,-0.003709607477913379,-0.0037010253308945584,-0.0003332923454606451,-0.005799696440839663,-0.023398650026694168,-0.005799696440839663,-0.005799696440839663,-0.005799696440839663,-0.009991385257270724,-0.03979048272599728,-0.009991385257270724,-0.009991385257270724,-0.009991385257270724,-0.0016454700802744915,-0.00674820856211833,-0.00032881108953997096,-0.0026740830733935628,-0.0016454700802744915,-0.0029897523436918094,-0.012142199312663582,-0.0020974024636875033,-0.0036830975787270903,-0.0029897523436918094
2003-10,,,,,,0.011400860334760843,0.046089962145113406,0.008790930513342676,0.011400860334760843,0.011400860334760843,0.001551743635460845,0.006145711759355743,-0.005240151026115969,0.001551743635460845,0.001551743635460845,0.011950838108591766,0.048271352956138935,0.012340596243714641,0.011950838108591766,0.011950838108591766,0.013303720479509895,0.05370360368064464,0.013303720479509895,0.013303720479509895,0.013303720479509895,0.008524467826313664,0.03438242014742676,0.004768079185574869,0.008524467826313664,0.008524467826313664,0.009679240317770121,0.03907970851861875,0.0073127226636298115,0.009679240317770121,0.009679240317770121
2003-11,,,,,,0.0022793704267098924,0.008963862479504758,-5.148955110967357e-05,0.0022793704267098924,0.0022793704267098924,0.001026021564649815,0.0039044837195905124,-0.0007506350160586539,0.001026021564649815,0.001026021564649815,0.0029047561157735657,0.011476731769048065,0.006403714014191486,0.0029047561157735657,0.0029047561157735657,0.013290798755393407,0.05388023029487243,0.013290798755393407,0.013290798755393407,0.013290798755393407,0.0019596635727656686,0.007757732920259386,-0.0002098782031838553,0.0019596635727656686,0.0019596635727656686,0.0022720905252757717,0.008998181630066382,0.0019403966448694465,0.0022720905252757717,0.0022720905252757717
2003-12,,,,,,0.01104938115177534,0.044683399390491374,0.012532167779421455,0.01104938115177534,0.01104938115177534,0.010575265210011509,0.04280539448361975,0.022442147676298818,0.010575265210011509,0.010575265210011509,0.005795255229878116,0.02319524254968397,0.005277500315383543,0.005795255229878116,0.005795255229878116,0.0031370384689239916,0.012335472397259961,0.0031370384689239916,0.0031370384689239916,0.0031370384689239916,0.010822759466120324,0.04382755714740916,0.014876833857205618,0.010822759466120324,0.010822759466120324,0.00913209664871717,0.03686740799112376,0.011649238886372038,0.00913209664871717,0.00913209664871717
2004-01,,,,,,0.0033753726942284956,0.01337320469340919,0.003671738088450782,0.0033753726942284956,0.0033753726942284956,0.004333756912765718,0.01714612279634986,0.004069597661220836,0.004333756912765718,0.004333756912765718,0.003755971418754722,0.014858400736192934,0.0034751571619442423,0.003755971418754722,0.003755971418754722,0.010711521046435024,0.04313674911586274,0.010711521046435024,0.010711521046435024,0.010711521046435024,0.0036625483214245413,0.014590260014108791,0.003958868810462368,0.0036625483214245413,0.0036625483214245413,0.003703571292414276,0.014745002726895384,0.0038244126369786358,0.003703571292414276,0.003703571292414276
2004-02,,,,,,0.00465235739776948,0.018571991354326522,0.0057445682187600156,0.00465235739776948,0.00465235739776948,0.006425942037033172,0.02583174009766931,0.006671785084651161,0.006425942037033172,0.006425942037033172,0.004802338238648618,0.019224162544910994,0.005422135215484625,0.004802338238648618,0.004802338238648618,0.006555036423296912,0.02629145927945431,0.006555036423296912,0.006555036423296912,0.006555036423296912,0.005146162529416909,0.02061022585551342,0.006039814109686459,0.005146162529416909,0.005146162529416909,0.005027077975283678,0.020141059763921998,0.005824147666152246,0.005027077975283678,0.005027077975283678
2004-03,,,,,,-0.004887625823365105,-0.019735776987823472,-0.004306896422558326,-0.004887625823365105,-0.004887625823365105,0.006425098394498452,0.025721638632635102,0.006425098394498452,0.006425098394498452,0.006425098394498452,0.0010939404358554228,0.00405903690709053,0.00015027029408742898,0.0010939404358554228,0.0010939404358554228,-0.005181164565368435,-0.020865540208624744,-0.005082566720716275,-0.005181164565368435,-0.005181164565368435,-0.0024026289691102543,-0.009787699734840505,-0.001916943052516329,-0.0024026289691102543,-0.0024026289691102543,-0.001129851549283356,-0.00474228089448292,-0.0011222651266867834,-0.001129851549283356,-0.001129851549283356
2004-04,,,,,,-0.005943763303099536,-0.023799646656922135,-0.007974470771069608,-0.005943763303099536,-0.005943763303099536,-0.011049837418717234,-0.04382254868297464,-0.013690650453307973,-0.011049837418717234,-0.011049837418717234,-0.00546869051811838,-0.021910301990761827,-0.008103529776396945,-0.00546869051811838,-0.00546869051811838,-0.003406952070822311,-0.014138480959997923,-0.003406952070822311,-0.003406952070822311,-0.003406952070822311,-0.007150460818843074,-0.028501863792088855,-0.009291814565706269,-0.007150460818843074,-0.007150460818843074,-0.006544221552111318,-0.026110727338507833,-0.008871640093144673,-0.006544221552111318,-0.006544221552111318
2004-05,,,,,,-0.0009688938299378114,-0.0038809762054856645,-0.0009753109669629056,-0.0009688938299378114,-0.0009688938299378114,0.00043894330178018137,0.0016173350816288679,0.003984267147435272,0.00043894330178018137,0.00043894330178018137,0.0035372023547532994,0.014175096183092428,0.0035372023547532994,0.0035372023547532994,0.0035372023547532994,-0.0033450749797839796,-0.013393668473218212,-0.0033450749797839796,-0.0033450749797839796,-0.0033450749797839796,-0.0006309307461769276,-0.0025379850126503456,0.0002194798074028892,-0.0006309307461769276,-0.0006309307461769276,0.0008561932754520551,0.003412586827573394,0.001405617676005999,0.0008561932754520551,0.0008561932754520551
2004-06,,,,,,0.002169588144456114,0.008544122647636154,0.002737343975485196,0.002169588144456114,0.002169588144456114,-0.010316407415766338,-0.04084501358600656,-0.01993097856411019,-0.010742694225323923,-0.010316407415766338,0.0006910815841543183,0.0025981496520584013,0.004443632971471656,0.0006910815841543183,0.0006910815841543183,0.0018694805703785011,0.007247436388285289,0.0018694805703785011,0.0018694805703785011,0.0018694805703785011,-0.000497756406859895,-0.0021063589614422895,-0.002135207638324088,-0.0005885814375599097,-0.000497756406859895,-7.755148345334195e-05,-0.00043565238230847125,0.0002654602209939405,-0.00013483925902491034,-7.755148345334195e-05
2004-07,,,,,,-0.0023072885969213086,-0.009243963710241276,-0.0020911146274700254,-0.0023072885969213086,-0.0023072885969213086,0.0021968524555950886,0.008720282702650684,0.005477131592723783,0.0021968524555950886,0.0021968524555950886,-0.004147729326227423,-0.016548309847614906,-0.006802963351005165,-0.004147729326227423,-0.004147729326227423,-0.0025091275910466004,-0.01004718516708547,-0.0025091275910466004,-0.0025091275910466004,-0.0025091275910466004,-0.0013534401530279627,-0.005439992535219762,-0.0004676818229304436,-0.0013534401530279627,-0.0013534401530279627,-0.0023332534840131425,-0.009332361584426296,-0.0027177703698466615,-0.0023332534840131425,-0.0023332534840131425
2004-08,,,,,,0.002017111808427563,0.008076411332439193,0.008030779291135381,0.002017111808427563,0.002017111808427563,-0.0018383532029715433,-0.007367803550815899,-0.0031728214114532527,-0.0027463002926351177,-0.0018383532029715433,0.005937925881579265,0.023844880151305814,0.009054615717658088,0.005937925881579265,0.005937925881579265,0.0,0.0,0.0,0.0,0.0,0.0010840257360000827,0.004331540472104489,0.005367519429943179,0.0008839173964874103,0.0010840257360000827,0.002758130576200113,0.011049674263174492,0.006637475946151383,0.0026277179813569695,0.002758130576200113
2004-09,,,,,,0.00139913440219952,0.005547513876097421,0.004817740354416955,0.00139913440219952,0.00139913440219952,0.003088523715033098,0.012356728159612196,0.00036050740016713156,0.003088523715033098,0.003088523715033098,0.001983997660154113,0.007866926898287163,0.0005428174893842286,0.001983997660154113,0.001983997660154113,-6.258039655959724e-05,-0.0002600556001608467,-6.258039655959724e-05,-6.258039655959724e-05,-6.258039655959724e-05,0.0017861234219087585,0.007127429749289815,0.003761155590844112,0.0017861234219087585,0.0017861234219087585,0.0018570253223877398,0.007403078143501718,0.0026594292438597567,0.0018570253223877398,0.0018570253223877398
2004-10,,,,,,0.001261993841205289,0.004987019503044143,0.0008808632073924461,0.001261993841205289,0.001261993841205289,0.0028171594812003153,0.011117710670777603,0.00521052884834039,0.0028171594812003153,0.0028171594812003153,0.004620031874466246,0.018405615149592602,0.007132979144099494,0.004620031874466246,0.004620031874466246,0.003453338270515749,0.013723787389058106,0.003453338270515749,0.003453338270515749,0.003453338270515749,0.0016313075078444594,0.006484039256317464,0.001912140132439566,0.0016313075078444594,0.0016313075078444594,0.00261565278775322,0.010429100748948317,0.0036054923010453432,0.00261565278775322,0.00261565278775322
2004-11,,,,,,0.009013416783968164,0.036327041525915815,0.01311326029703963,0.009013416783968164,0.009013416783968164,0.0026225458794517653,0.010436457371637342,0.005734692873141434,0.0026225458794517653,0.0026225458794517653,0.008623870196610817,0.03468936932232891,0.008568051639807894,0.008623870196610817,0.008623870196610817,0.004976228794636661,0.019940255746245805,-0.0023183386759559887,0.004976228794636661,0.004976228794636661,0.007477292834252136,0.03010578324621327,0.01134601101353061,0.007477292834252136,0.007477292834252136,0.007857214641706856,0.03163470278110725,0.010481134458443897,0.007857214641706856,0.007857214641706856
2004-12,,,,,,0.0056889322625592875,0.02281326913257775,0.006523993768732028,0.0056889322625592875,0.0056889322625592875,-0.005664441735163339,-0.022641449795618218,-0.014162860190695015,-0.005664441735163339,-0.005664441735163339,0.002696184927582168,0.01066159181100379,0.004328094985245778,0.002696184927582168,0.002696184927582168,0.0022663012987327313,0.008921657114057346,0.0022663012987327313,0.0022663012987327313,0.0022663012987327313,0.0028876676909141974,0.011505182149452509,0.0014091449677471335,0.0028876676909141974,0.0028876676909141974,0.0028321427589710346,0.011279000034905451,0.002370003166781265,0.0028321427589710346,0.0028321427589710346
2005-01,,,,,,-0.0037841857689320246,-0.01522006490423422,-0.004080654051424326,-0.0037841857689320246,-0.0037841857689320246,-0.003591992448291892,-0.014353700634095579,-0.0038421810275607315,-0.003591992448291892,-0.003591992448291892,-0.005348314079164362,-0.021400302932490733,-0.006130030639202588,-0.005348314079164362,-0.005348314079164362,-0.017451566900248516,-0.06830250266613169,-0.016808851521117107,-0.017451566900248516,-0.017451566900248516,-0.0037224144720814367,-0.014920940673528449,-0.004004065034477811,-0.0037224144720814367,-0.0037224144720814367,-0.004235280544947151,-0.01695690704186814,-0.00466886896647456,-0.004235280544947151,-0.004235280544947151
2005-02,,,,,,0.004295622739941329,0.017119364591105413,0.004365804486766933,0.004295622739941329,0.004295622739941329,0.001577455023606289,0.00629345115652491,0.00488905631927028,0.001577455023606289,0.001577455023606289,0.0035181169305149584,0.014039788630469063,0.0035181169305149584,0.0035181169305149584,0.0035181169305149584,0.0007197378431775814,0.0028083105063911873,0.0007197378431775814,0.0007197378431775814,0.0007197378431775814,0.0035380160856919307,0.014151213542948238,0.004541964718359104,0.0035380160856919307,0.0035380160856919307,0.0035339819231128278,0.014128421321436768,0.004227335544467303,0.0035339819231128278,0.0035339819231128278
2005-03,,,,,,-0.0031318233071578883,-0.012578565161075805,-0.003106964521055189,-0.0031318233071578883,-0.0031318233071578883,-0.001343999964159237,-0.005489309474504878,-0.006147451941768356,-0.003802049150402942,-0.001297567951645373,-0.0013090768894346017,-0.005266444839407303,-0.0013090768894346017,-0.0013090768894346017,-0.0013090768894346017,-0.0007275966060976691,-0.0029643999664409337,-0.0007275966060976691,-0.0007275966060976691,-0.0007275966060976691,-0.0025732499028646716,-0.010320759444392147,-0.004012068437609151,-0.0033267003500082604,-0.0025589925342081044,-0.0021711227963353563,-0.008706869582980947,-0.0031543794208632736,-0.0026880119569250294,-0.0021612794886248787
2005-04,,,,,,-0.0025585200781882422,-0.010262962168294698,-0.0011921947217223838,-0.0025585200781882422,-0.0025585200781882422,-0.004458527259138201,-0.01778654315909145,-0.009103441615162744,-0.007622427546140731,-0.005878547937007261,-0.004178642523723353,-0.016765167155239014,-0.007780527052372532,-0.004930306975100662,-0.004178642523723353,0.0,0.0,0.0,0.0,0.0,-0.0032522546678485087,-0.012985507741622548,-0.003911160013799098,-0.004289802058547676,-0.003758246861481296,-0.0035222413723179358,-0.014070009592707544,-0.005064532279739464,-0.0044699819230819005,-0.003871963695192715
2005-05,,,,,,0.002287393858394715,0.009154216246641367,0.0033626557652377542,0.002287393858394715,0.002287393858394715,-0.0007109491741696949,-0.0028886271238386385,0.0034751147593006237,0.0011303501513761915,-0.0007109491741696949,0.001521161235171098,0.006060174449080025,0.007222720744272326,0.0033961544327769655,0.001521161235171098,0.0019099705501750552,0.007642758134848604,0.0019099705501750552,0.0019099705501750552,0.0019099705501750552,0.0011872622008470834,0.004739946997433853,0.0033707421174937746,0.0018505281220797531,0.0011872622008470834,0.001299212227160007,0.005189717019594031,0.004567170215217686,0.0023358367232109156,0.001299212227160007
2005-06,,,,,,0.0008847367596549471,0.0034670160750895906,0.0008847367596549471,0.0008847367596549471,0.0008847367596549471,0.0008158838924445799,0.0032138269633432692,0.0035323982485608862,-0.00010058049043426553,0.0008158838924445799,-0.00010844213628868893,-0.0004964350603520185,0.0008626234075852501,0.0023534880256748103,-0.00010844213628868893,-0.0008520928420933105,-0.0034711318115314693,-0.0008520928420933105,-0.0008520928420933105,-0.0008520928420933105,0.0008619146140964595,0.0034140385879140034,0.0017359028969154977,0.0005569171300325859,0.0008619146140964595,0.000551172440856007,0.002166651981919676,0.0014323108091318648,0.0011054298940751384,0.000551172440856007
2005-07,,,,,,0.006045541218885786,0.024275241182996288,0.008178976253743198,0.006045541218885786,0.006045541218885786,0.002444647243176057,0.00975570910681256,0.004846572095905,0.002444647243176057,0.002444647243176057,0.0052753829628522375,0.021169721137078268,0.014484930155480802,0.008237416583031232,0.0052753829628522375,0.0046765361910023895,0.018789893298399418,0.0046765361910023895,0.0046765361910023895,0.0046765361910023895,0.004946012513141085,0.019854361809589438,0.0071605840263171405,0.004946012513141085,0.004946012513141085,0.005053923969568608,0.02029129375012162,0.00951972916202104,0.006010979576344333,0.005053923969568608
2005-08,,,,,,-0.0013050056455519154,-0.005376180363132477,-0.003290823098093476,-0.0013050056455519154,-0.0013050056455519154,0.002176880663811387,0.00867536530781221,0.00018174674612536634,0.002176880663811387,0.002176880663811387,0.0002958351445268015,0.0011024966291488525,0.0027089267977111753,0.0010761400824577105,0.0002958351445268015,-0.0027907037570217286,-0.011198782398437523,-0.0027907037570217286,-0.0027907037570217286,-0.0027907037570217286,-0.00023843740960605153,-0.0010338290296145747,-0.0022199755563886425,-0.00023843740960605153,-0.00023843740960605153,-7.183338188632149e-05,-0.0003617062577518926,-0.000657354156714085,0.00017735827839171492,-7.183338188632149e-05
2005-09,,,,,,0.0016288794201499979,0.006434092173379202,0.002059790047158616,0.002059790047158616,0.0016288794201499979,0.005621181394739105,0.0225864771995965,0.009023181206701425,0.006234714516545337,0.005621181394739105,0.00653282267697497,0.026289374774241425,0.009628225025482218,0.010452698745613276,0.00653282267697497,0.001737339407785754,0.006880117961016063,0.001737339407785754,0.001737339407785754,0.001737339407785754,0.0028205137807857383,0.011275783585897647,0.004154387460639564,0.0033142888075741173,0.0028205137807857383,0.004025668915000669,0.016143016508480823,0.005924577671073017,0.005624287044792231,0.004025668915000669
2005-10,,,,,,-0.0073637731484378355,-0.02922871419805828,-0.007848134689389052,-0.007848134689389052,-0.0073637731484378355,0.0005531816553834279,0.0021227516876589636,0.0008360875679926938,0.0005531816553834279,0.0005531816553834279,-0.001699134159391713,-0.006981947771755315,-0.002469319822095084,-0.001699134159391713,-0.001699134159391713,-0.00936579498521839,-0.03704058223193518,-0.014115136077335944,-0.00936579498521839,-0.00936579498521839,-0.004969319879680301,-0.019791666821543874,-0.0052370525910649945,-0.005308739892162184,-0.004969319879680301,-0.003951602609157057,-0.0157909066293892,-0.004377047383406607,-0.0041845205511253925,-0.003951602609157057
2005-11,,,,,,0.005915396318029842,0.023794999027332286,0.007484326791431073,0.005915396318029842,0.005915396318029842,0.006095669220240962,0.024571439627628422,0.00601060327997649,0.006095669220240962,0.006095669220240962,0.00881745897981312,0.03556813091459565,0.01422057325220405,0.00881745897981312,0.00881745897981312,0.012444896425373608,0.05031540486675601,0.03401619860945182,0.012444896425373608,0.012444896425373608,0.005953641591250003,0.02398183415132027,0.006971998892003395,0.005953641591250003,0.005953641591250003,0.006827866514731662,0.027520158757134094,0.009201794858784806,0.006827866514731662,0.006827866514731662
2005-12,,,,,,0.0010202950517339548,0.003973254961485928,0.00225790985784724,0.0010202950517339548,0.0010202950517339548,0.0010901139118566494,0.004271969512320117,0.002901733222031133,0.0010901139118566494,0.0010901139118566494,0.0004355193880585251,0.0016542752350525713,-0.0007214667489771065,0.0004355193880585251,0.0004355193880585251,-0.0027989318267133134,-0.011457354283535004,-0.00283134207338831,-0.0027989318267133134,-0.0027989318267133134,0.000995929149776309,0.003919471816471676,0.002341583880362874,0.000995929149776309,0.000995929149776309,0.0008102254905197892,0.0031764411962484917,0.0014047164786457067,0.0008102254905197892,0.0008102254905197892
2006-01,,,,,,0.0061862114997490725,0.02471737386308681,0.00743519779391999,0.0061862114997490725,0.0061862114997490725,0.0018015892932798927,0.007167818694082229,-0.0023851374107725087,0.0020837878155661738,0.0018015892932798927,0.005036414893286434,0.020056072727329788,0.006589515550674108,0.005036414893286434,0.005036414893286434,0.003136775499407385,0.012293577864958882,0.003136775499407385,0.003136775499407385,0.003136775499407385,0.00497180376681583,0.019869734193598942,0.004766838894465719,0.005036809259777231,0.00497180376681583,0.004989183438227407,0.019928127614412094,0.0053360983209505,0.005034166033582643,0.004989183438227407
2006-02,,,,,,-0.0003334505882381933,-0.001470509483636695,5.429823254199384e-05,-0.0003334505882381933,-0.0003334505882381933,-0.0014810501399316056,-0.006026444340631709,-0.00039291370486604915,-0.0014810501399316056,-0.0014810501399316056,-0.0016200696646172519,-0.006588579996957944,-0.0016200696646172519,-0.0016200696646172519,-0.0016200696646172519,-0.004706603284784894,-0.018762812091003944,-0.004706603284784894,-0.004706603284784894,-0.004706603284784894,-0.000645131595175763,-0.002674110032228727,-5.7263124977224855e-05,-0.000645131595175763,-0.000645131595175763,-0.0009419860739536823,-0.003858157599053391,-0.0005353339349947195,-0.0009419860739536823,-0.0009419860739536823
2006-03,,,,,,0.002072042079626746,0.008183040236173555,0.0018365762849918976,0.002072042079626746,0.002072042079626746,0.0030140309298982704,0.012057228640788953,0.0033135901847445304,0.004101122245682598,0.0030140309298982704,0.0038082151720526536,0.015210309723038051,0.0030612105066580853,0.0038082151720526536,0.0038082151720526536,0.003988830100785989,0.015966116551536347,0.003988830100785989,0.003988830100785989,0.003988830100785989,0.0023507133560551896,0.00936227305219517,0.002270125881768781,0.0026567509311807846,0.0023507133560551896,0.002788733467534499,0.011131616527942922,0.002501948877623894,0.0029992610798599273,0.002788733467534499
2006-04,,,,,,0.0033800513513031483,0.013462166286062116,0.002933693587427344,0.0033800513513031483,0.0033800513513031483,0.00875169208560922,0.03520845228571634,0.015857206826435544,0.009063020723111714,0.00875169208560922,0.00322841024677456,0.012877938901960873,0.003081468357910566,0.00322841024677456,0.00322841024677456,-0.0034674300160669747,-0.013878167628099791,-0.0034674300160669747,-0.0034674300160669747,-0.0034674300160669747,0.004830067146823991,0.019348018928144084,0.006427117214447664,0.004917109776870321,0.004830067146823991,0.00431952467277652,0.01730335772988023,0.005339106185530573,0.0043800639079545345,0.00431952467277652
2006-05,,,,,,-0.006514602236284528,-0.026004212727415488,-0.00663307715273731,-0.006514602236284528,-0.006514602236284528,0.0036157320843475116,0.01431099849502293,0.0105925410087091,0.0036157320843475116,0.0036157320843475116,-0.007260318852886138,-0.028938990413136634,-0.00892837378273481,-0.007260318852886138,-0.007260318852886138,9.581309582618047e-06,-0.00016625026867533865,9.581309582618047e-06,9.581309582618047e-06,9.581309582618047e-06,-0.003775735945966474,-0.015131250258338613,-0.001990195963809116,-0.003775735945966474,-0.003775735945966474,-0.00485115336633779,-0.019388643226956326,-0.00410940053275255,-0.00485115336633779,-0.00485115336633779
2006-06,,,,,,-0.003240824386403718,-0.012969828341773515,-0.0027926494399583834,-0.003240824386403718,-0.003240824386403718,-0.0057446841248098846,-0.022986149708729142,-0.006839466495315194,-0.0057446841248098846,-0.0057446841248098846,-0.002736924661079221,-0.011013615969638457,-5.489569980055009e-05,-0.002736924661079221,-0.002736924661079221,-0.001140801943716352,-0.00467532278442917,-0.001140801943716352,-0.001140801943716352,-0.001140801943716352,-0.003954085199769475,-0.015794608707523583,-0.003945144159123504,-0.003954085199769475,-0.003954085199769475,-0.0035689197218529145,-0.014266542443461483,-0.002717730279293895,-0.0035689197218529145,-0.0035689197218529145
2006-07,,,,,,-0.0005286057664509736,-0.0021748798300312844,0.0020804264383973425,-0.0005286057664509736,-0.0005286057664509736,0.00022219108786192265,0.0008327650265065323,-0.0004010233379297956,0.00022219108786192265,0.00022219108786192265,0.0021358429958608927,0.008448941229519225,-0.0006644219797412587,0.0021358429958608927,0.0021358429958608927,0.0002753250767053572,0.0009879556286767066,0.0002753250767053572,0.0002753250767053572,0.0002753250767053572,-0.0002898692316518625,-0.0011993928761108164,0.0013160352006200693,-0.0002898692316518625,-0.0002898692316518625,0.00048405628852243865,0.0018814611320452368,0.0006819992472923975,0.00048405628852243865,0.00048405628852243865
2006-08,,,,,,0.0022522099916120197,0.009012506314578728,0.0016505804626305576,0.0022522099916120197,0.0022522099916120197,-0.0005212573173249968,-0.0021574723775193982,-0.0031238216644043915,-0.0005212573173249968,-0.0005212573173249968,0.0033948661267324542,0.013589659410804256,0.002309487090590201,0.0033948661267324542,0.0033948661267324542,0.008418893815093531,0.03393108620476459,0.008418893815093531,0.008418893815093531,0.008418893815093531,0.001428655069488638,0.0057047819986368875,0.00022244651943825744,0.001428655069488638,0.001428655069488638,0.002030993025716521,0.008125350308340273,0.0008578229037179419,0.002030993025716521,0.002030993025716521
2006-09,,,,,,0.002443650653762397,0.009725370776580089,0.0033012198183361985,0.002443650653762397,0.002443650653762397,-0.002803653767953107,-0.01120833374303487,0.0025876849214356845,-0.002803653767953107,-0.002803653767953107,0.007617712506518437,0.030692675309563322,0.015095768023280387,0.007617712506518437,0.007617712506518437,0.002070454309623715,0.008025058321627254,0.012997824628926402,0.002070454309623715,0.002070454309623715,0.0008715410263746559,0.003446813200936427,0.0031101786129483777,0.0008715410263746559,0.0008715410263746559,0.0028732039426049294,0.011487891265028694,0.006665312469245732,0.0028732039426049294,0.0028732039426049294
2006-10,,,,,,0.006554395873624719,0.026387261723231914,0.0069846937501678585,0.006554395873624719,0.006554395873624719,0.0018208480741086497,0.007289148130609435,0.001444975458140485,-0.000487550841504647,0.0018208480741086497,0.008990764512788463,0.036266221990169045,0.010317021001292837,0.008990764512788463,0.008990764512788463,0.020223060653746128,0.08277646437529596,0.03548609025893379,0.020223060653746128,0.020223060653746128,0.005153663552665222,0.02072544558669631,0.005355903840137177,0.004479091306028415,0.005153663552665222,0.006285729743802371,0.02531072357117292,0.0068185215601686,0.005801136833825105,0.006285729743802371
2006-11,,,,,,0.004752343698571249,0.018994683533924306,0.005605607011430536,0.004752343698571249,0.004752343698571249,0.0059254317909467336,0.02386664873316402,0.007822519648786441,0.0059254317909467336,0.0059254317909467336,0.0016578793748225351,0.006485280882597033,0.003584246836604077,0.0016578793748225351,0.0016578793748225351,0.005785587360824351,0.022978362431955945,0.013403683469916272,0.005785587360824351,0.005785587360824351,0.005116772321434482,0.020549178155137238,0.006282912014219821,0.005116772321434482,0.005116772321434482,0.004122833726535768,0.016506027334477702,0.005515727818448779,0.004122833726535768,0.004122833726535768
2006-12,,,,,,0.0010714512679186328,0.004214321778458041,0.0003762198588541654,0.0010714512679186328,0.0010714512679186328,-0.0012841144762850698,-0.0051696563610142965,-0.0038773265266013324,-0.0012841144762850698,-0.0012841144762850698,0.0001431830774631937,0.0004809850877192101,0.0027116577469539216,0.0001431830774631937,0.0001431830774631937,0.0020854709927715653,0.007956727081798842,0.0020854709927715653,0.0020854709927715653,0.0020854709927715653,0.0003654266899282277,0.0014200070396734876,-0.0008959879706806895,0.0003654266899282277,0.0003654266899282277,0.0003062530264263952,0.0011764463253791657,0.00016030076141126948,0.0003062530264263952,0.0003062530264263952
2007-01,,,,,,0.003160847619093854,0.012591919532413343,0.002578447042358878,0.003160847619093854,0.003160847619093854,0.0016336002791013104,0.006491438737423083,0.003137058564029571,0.0016336002791013104,0.0016336002791013104,0.001308273724629938,0.005087753050677435,0.002571524173383244,0.001308273724629938,0.001308273724629938,0.003119099368003031,0.012223739138710776,0.003119099368003031,0.003119099368003031,0.003119099368003031,0.0027177758216208048,0.010847874287751358,0.0026888563992102377,0.0027177758216208048,0.0027177758216208048,0.002315560424185792,0.009209898973792097,0.00268011558512371,0.002315560424185792,0.002315560424185792
2007-02,,,,,,-0.001993455767344443,-0.008327168369993254,-0.0011555756972755349,-0.001993455767344443,-0.001993455767344443,0.0008359229767695986,0.0032823005673823236,0.00240023969432146,0.0008359229767695986,0.0008359229767695986,-0.009061585894059587,-0.03608620107721339,-0.01014253073682525,-0.009061585894059587,-0.009061585894059587,-0.013227239759191156,-0.05230198525747609,-0.013227239759191156,-0.013227239759191156,-0.013227239759191156,-0.0013525122634929776,-0.005632152918142119,-0.0004264476750068802,-0.0013525122634929776,-0.0013525122634929776,-0.0035850729911072188,-0.014513068275782248,-0.0032526085081765466,-0.0035850729911072188,-0.0035850729911072188
2007-03,,,,,,-0.002566319609429657,-0.010327318630387716,-0.0030936250031040613,-0.002566319609429657,-0.002566319609429657,-0.0016387210093160576,-0.0065824928413448225,-8.878099278541995e-05,-0.0016387210093160576,-0.0016387210093160576,-0.0009942105654362487,-0.004007287932473846,-0.0012866002103778529,-0.0009942105654362487,-0.0009942105654362487,-6.7841053424944064e-06,-0.00013039654529256595,-6.7841053424944064e-06,-6.7841053424944064e-06,-6.7841053424944064e-06,-0.0022570692606551646,-0.009062348019680089,-0.002074007251298582,-0.0022570692606551646,-0.0022570692606551646,-0.0018746899635251335,-0.007528869964518292,-0.0018420151382712024,-0.0018746899635251335,-0.0018746899635251335
2007-04,,,,,,0.007724069347192719,0.03114231514133925,0.010525403153659685,0.007724069347192719,0.007724069347192719,0.003051619068025424,0.012215503245930348,0.007980603660858732,0.003051619068025424,0.003051619068025424,0.008096512195606254,0.03260784651676829,0.01066206556151883,0.008096512195606254,0.008096512195606254,0.00439256270122268,0.0175634174930257,0.00439256270122268,0.00439256270122268,0.00439256270122268,0.006188090104088939,0.02491742887878945,0.00969309119687245,0.006188090104088939,0.006188090104088939,0.006719543093209213,0.027070454931611865,0.009962552799333224,0.006719543093209213,0.006719543093209213
2007-05,,,,,,0.0048225065861393634,0.01930821045058484,0.0042906891882530385,0.0048225065861393634,0.0048225065861393634,-0.002218948426231937,-0.008875508058449277,-0.0043239946755798675,-0.002218948426231937,-0.002218948426231937,0.0021080649891307424,0.00837851936912326,0.002286762635331119,0.0021080649891307424,0.0021080649891307424,0.0027501550200965674,0.010800913122247069,0.003906166346435924,0.0027501550200965674,0.0027501550200965674,0.0025548083601174554,0.010186903145981363,0.0015323710017114411,0.0025548083601174554,0.0025548083601174554,0.002420733297830324,0.009648704156868693,0.0017389299827614835,0.002420733297830324,0.002420733297830324
2007-06,,,,,,-0.0022948539047566996,-0.009447021609158224,-0.002572596627151702,-0.0021802202784989566,-0.0022948539047566996,7.463517523031982e-05,0.00025745772016638746,0.004653143096446932,7.463517523031982e-05,7.463517523031982e-05,-0.0012371179951023992,-0.005162558631867209,0.0014643978390926904,-0.0012371179951023992,-0.0012371179951023992,0.003871507947508235,0.015401704356498902,0.0028132399469298353,0.003871507947508235,0.003871507947508235,-0.0014991067088957477,-0.00612742679963052,0.00010088988562362289,-0.0014298420165296255,-0.0014991067088957477,-0.0014325219797743927,-0.0058774325207803235,0.00046827611302191485,-0.001383747272124869,-0.0014325219797743927
2007-07,,,,,,-0.0009752998231474796,-0.004157069731800966,0.0011052847580461655,0.0011052847580461655,-0.0009752998231474796,0.0014269121635999138,0.005686119272160894,0.005924461966401617,0.0014269121635999138,0.0014269121635999138,-0.001989718530616913,-0.008118736025442996,-0.0019179109470308653,-0.001989718530616913,-0.001989718530616913,-0.0027214038216494263,-0.01119774510891458,-0.004733012731151676,-0.0027214038216494263,-0.0027214038216494263,1.0416534536261679e-05,-8.374466508975775e-05,0.0030459651719132452,0.0012594032345203399,1.0416534536261679e-05,-0.0005883764200311781,-0.0024823935085253046,0.001605375506439799,0.00030418269395871,-0.0005883764200311781
2007-08,,,,,,-0.004561040907621217,-0.01823339055532569,-0.006136195189397786,-0.006123530553530876,-0.004561040907621217,-0.0039030498141664483,-0.015575184223109328,-0.003709318446083576,-0.0039030498141664483,-0.0039030498141664483,0.0018754804294505156,0.007196339064816426,0.0018754804294505156,0.0018754804294505156,0.0018754804294505156,-0.0008442773561627703,-0.004170207450703511,-0.0008442773561627703,-0.0008442773561627703,-0.0008442773561627703,-0.004318015129607056,-0.017232008805526,-0.0051813900051672634,-0.005254800098858481,-0.004318015129607056,-0.0025822838724810504,-0.010397872691609411,-0.0031947235263984908,-0.0032479475961937343,-0.0025822838724810504
2007-09,,,,,,0.009192149833525676,0.03711327095632644,0.009286379107062759,0.009192149833525676,0.009192149833525676,0.007277634586784876,0.02938085366291321,0.007277634586784876,0.007277634586784876,0.007277634586784876,0.006826425240205047,0.027406478419660374,0.010868285475863049,0.006826425240205047,0.006826425240205047,0.006891407196940591,0.027547223240333762,0.006891407196940591,0.006891407196940591,0.006891407196940591,0.008419418130555911,0.03401771743550186,0.008476936260277457,0.008419418130555911,0.008419418130555911,0.007991708435691303,0.03225377106738003,0.009165551514778825,0.007991708435691303,0.007991708435691303
2007-10,,,,,,0.006131819350191803,0.024518102392903085,0.006128216272432319,0.006131819350191803,0.006131819350191803,0.005193193987979239,0.020814591705399454,0.005831328299193306,0.005193193987979239,0.005193193987979239,0.013239544352726007,0.05359730421367104,0.014624773851347639,0.013239544352726007,0.013239544352726007,0.03168576631287934,0.13083337442848597,0.03168576631287934,0.03168576631287934,0.03168576631287934,0.005730360495678877,0.022963452081016023,0.005974045030506581,0.005730360495678877,0.005730360495678877,0.00786473505777785,0.031646024453890975,0.008436068550952802,0.00786473505777785,0.00786473505777785
2007-11,,,,,,-0.0054053834977974,-0.021721364966496237,-0.0054053834977974,-0.0054053834977974,-0.0054053834977974,-0.00214407269413186,-0.008735742813240965,-0.00214407269413186,-0.00214407269413186,-0.00214407269413186,-0.0008888588225430816,-0.004052525472998947,0.0030866647059568653,-0.0008888588225430816,-0.0008888588225430816,0.003929926104307535,0.01456648425798912,0.003929926104307535,0.003929926104307535,0.003929926104307535,-0.004143006369523139,-0.016673861297648807,-0.004143006369523139,-0.004143006369523139,-0.004143006369523139,-0.0032155699275595584,-0.013035430327962172,-0.002119996655000289,-0.0032155699275595584,-0.0032155699275595584
2007-12,,,,,,-0.00046775557518252686,-0.0020400983791557525,-0.00046775557518252686,-0.00046775557518252686,-0.00046775557518252686,0.002417809776044555,0.009614522805851289,0.002417809776044555,0.002417809776044555,0.002417809776044555,0.003484653551555583,0.013697329712289763,0.0064173604009496454,0.003484653551555583,0.003484653551555583,0.001882232629848879,0.006301928333135809,0.001882232629848879,0.001882232629848879,0.001882232629848879,0.0007151838782986086,0.0027585049668996664,0.0007151838782986086,0.0007151838782986086,0.0007151838782986086,0.0015233515815666898,0.005975946824445799,0.0023704641790371905,0.0015233515815666898,0.0015233515815666898
2008-01,,,,,,-0.0016393445215913127,-0.006567617106900681,-0.0016393445215913127,-0.0016393445215913127,-0.0016393445215913127,0.0066620368860284,0.026688990466672502,0.0066620368860284,0.0066620368860284,0.0066620368860284,-0.014239289127927712,-0.056018958985210476,-0.014239289127927712,-0.014239289127927712,-0.014239289127927712,-0.012318846665294036,-0.04942795085728313,-0.012318846665294036,-0.012318846665294036,-0.012318846665294036,0.00158187656922526,0.00628167330700391,0.00158187656922526,0.00158187656922526,0.00158187656922526,-0.003247986762681343,-0.012974819781420455,-0.003247986762681343,-0.003247986762681343,-0.003247986762681343
2008-02,,,,,,0.0024371423445963547,0.00973142850598041,0.0024371423445963547,0.0024371423445963547,0.0024371423445963547,0.009339863918366387,0.03773671907169707,0.009339863918366387,0.009339863918366387,0.009339863918366387,-0.0017613618819410926,-0.007080026396734551,-0.003515817958912315,-0.0017613618819410926,-0.0017613618819410926,-0.0031762941171086245,-0.012868395162905943,-0.0031762941171086245,-0.0031762941171086245,-0.0031762941171086245,0.005130024598925864,0.020609294973068515,0.005130024598925864,0.005130024598925864,0.005130024598925864,0.0031622336325427547,0.012663104450451046,0.002648965718283769,0.0031622336325427547,0.0031622336325427547
2008-03,,,,,,-0.003062764154751152,-0.01226159766509638,-0.003062764154751152,-0.003062764154751152,-0.003062764154751152,-0.0022322536794447956,-0.009410208517569463,-0.004835360239197062,-0.0022322536794447956,-0.0022322536794447956,-0.0011843719326509738,-0.004776073038300521,-0.004020815858199134,-0.0011843719326509738,-0.0011843719326509738,-0.0035958953484516165,-0.014543299075361227,-0.0035958953484516165,-0.0035958953484516165,-0.0035958953484516165,-0.0027704632459021328,-0.011211286093500306,-0.0037949156427747877,-0.0027704632459021328,-0.0027704632459021328,-0.0023287194772597664,-0.00937278476528558,-0.0038664980864132614,-0.0023287194772597664,-0.0023287194772597664
2008-04,,,,,,-0.0003953257262917509,-0.001623671876070376,-0.0004297935663551966,-0.0003953257262917509,-0.0003953257262917509,0.0023038145880154293,0.009067592001790414,-0.0003307254901890877,0.0023038145880154293,0.0023038145880154293,0.0030791274239914124,0.012272676692049123,-0.0009289437044802673,0.0030791274239914124,0.0030791274239914124,0.01012841970035816,0.040498208503866984,0.0004208930976710157,0.01012841970035816,0.01012841970035816,0.0006334551360380747,0.0024635225986573417,-0.00037046423119002636,0.0006334551360380747,0.0006334551360380747,0.001344300051931091,0.005355116725165976,-0.0005745275343416179,0.001344300051931091,0.001344300051931091
2008-05,,,,,,-0.00048457303887450287,-0.002012043300200328,0.0002272135463974312,-0.00048457303887450287,-0.00048457303887450287,0.0006644000744113754,0.002528600092919442,-1.1415273395321002e-05,0.0006644000744113754,0.0006644000744113754,-0.0005251194059816555,-0.0022062710606339797,-0.0029836552984792153,-0.0005251194059816555,-0.0005251194059816555,0.011115327344534798,0.044638204408194326,0.027164256968265077,0.011115327344534798,0.011115327344534798,-9.52188689651301e-05,-0.00043328178621226954,0.00011222306133396032,-9.52188689651301e-05,-9.52188689651301e-05,-0.00022164253034362424,-0.0009230510315945128,-0.0008026478421766514,-0.00022164253034362424,-0.00022164253034362424
2008-06,,,,,,-0.0026017889757963264,-0.010412557067466022,-0.003427588913666346,-0.0026017889757963264,-0.0026017889757963264,0.005183988715751431,0.020770714974301052,0.003808118709892838,0.005183988715751431,0.005183988715751431,-0.006613982971150567,-0.026376915547309032,-0.008802421545449524,-0.006613982971150567,-0.006613982971150567,-0.01284921118939264,-0.05086126589180762,-0.021592482681901726,-0.01284921118939264,-0.01284921118939264,0.00016320529157631825,0.000616348173783976,-0.0008609534743857505,0.00016320529157631825,0.00016320529157631825,-0.001814436989941659,-0.007280523730873956,-0.0031740098497032854,-0.001814436989941659,-0.001814436989941659
2008-07,,,,,,-0.002565587487272647,-0.01024407540820127,-0.002405832691993459,-0.002565587487272647,-0.002565587487272647,-0.008686987598568785,-0.034467734899451874,-0.01209376914675453,-0.008686987598568785,-0.008686987598568785,-0.0011788714198993633,-0.004816662968967211,0.00032925087994617463,-0.0011788714198993633,-0.0011788714198993633,-0.0038208589584886044,-0.015656299444131827,-0.0038208589584886044,-0.0038208589584886044,-0.0038208589584886044,-0.0049200917164988756,-0.019586718113034696,-0.00614586579032772,-0.0049200917164988756,-0.0049200917164988756,-0.0038482970766470226,-0.0153298580868102,-0.004344574624428943,-0.0038482970766470226,-0.0038482970766470226
2008-08,,,,,,-0.0015016305793016382,-0.00600888381479181,-0.003663617727825197,-0.0015016305793016382,-0.0015016305793016382,-0.0020034897367156024,-0.008003608875104318,-0.0007162732892864732,-0.0020034897367156024,-0.0020034897367156024,0.0010728121381204936,0.004093251705398204,0.000613380145285447,0.0010728121381204936,0.0010728121381204936,-0.0019888234279464845,-0.007941980774412771,-0.007903891458113765,-0.0019888234279464845,-0.0019888234279464845,-0.0017639846090700129,-0.007047771125547775,-0.0026933221832374787,-0.0017639846090700129,-0.0017639846090700129,-0.0010505357713497254,-0.004221154420374629,-0.0018898095582573493,-0.0010505357713497254,-0.0010505357713497254
2008-09,,,,,,-0.002719442645098824,-0.010870681101976976,-0.004905889774626027,-0.002719442645098824,-0.002719442645098824,-0.0036669348002894564,-0.01463901954764879,-0.0032725555735554357,-0.0036669348002894564,-0.0036669348002894564,-0.004955014835602012,-0.02004309733404752,-0.005540242385012384,-0.004955014835602012,-0.004955014835602012,0.0029655576697451558,0.011165153922443105,0.011165153922443105,0.0029655576697451558,0.0029655576697451558,-0.0030513312969655537,-0.012176287684341314,-0.004281860209525257,-0.0030513312969655537,-0.0030513312969655537,-0.0035871624221732734,-0.014325668545029813,-0.0046461386115689285,-0.0035871624221732734,-0.0035871624221732734
2008-10,,,,,,-0.0011883724260280948,-0.004776948431725492,-0.0011883724260280948,-0.0011883724260280948,-0.0011883724260280948,0.0008717411715222223,0.0033910340581491116,0.0008717411715222223,0.0008717411715222223,0.0008717411715222223,-0.00975390434072232,-0.03857445821740202,-0.013641833257486025,-0.00975390434072232,-0.00975390434072232,-0.006187462197956517,-0.02505982780023064,-0.02505982780023064,-0.006187462197956517,-0.006187462197956517,-0.00036821668095887716,-0.0015075286841763624,-0.00036821668095887716,-0.00036821668095887716,-0.00036821668095887716,-0.0030707836382167786,-0.01225435436468969,-0.004200521619248887,-0.0030707836382167786,-0.0030707836382167786
2008-11,,,,,,0.007821253090606994,0.03153855937369454,0.007821253090606994,0.007821253090606994,0.007821253090606994,0.0004941622792784539,0.001939944093710011,0.0004941622792784539,0.0004941622792784539,0.0004941622792784539,-0.0017605825549565912,-0.007033136889049607,-0.0017605825549565912,-0.0017605825549565912,-0.0017605825549565912,0.0,0.0,0.0,0.0,0.0,0.004943053521526242,0.01986986719128181,0.004943053521526242,0.004943053521526242,0.004943053521526242,0.003091129139333626,0.012396315639607858,0.003091129139333626,0.003091129139333626,0.003091129139333626
2008-12,,,,,,0.005649732542676311,0.022730500523786334,0.005649732542676311,0.005649732542676311,0.005649732542676311,-0.013021152967977456,-0.05147327649226341,-0.013021152967977456,-0.013021152967977456,-0.013021152967977456,9.517158533478565e-06,1.9627054618664985e-05,-6.88183243812146e-05,9.517158533478565e-06,9.517158533478565e-06,0.0,0.0,0.0,0.0,0.0,-0.001915755545669695,-0.007696673199726778,-0.001915755545669695,-0.001915755545669695,-0.001915755545669695,-0.0013904935118976836,-0.005583906470497224,-0.00140900748138173,-0.0013904935118976836,-0.0013904935118976836
2009-01,,,,,,-0.004200933870559864,-0.016737913354443523,-0.004200933870559864,-0.004200933870559864,-0.004200933870559864,0.0032628096602072,0.013082571644556173,0.0032628096602072,0.0032628096602072,0.0032628096602072,5.1827898692957675e-05,0.00015313970032959645,-0.0008080236227397952,5.1827898692957675e-05,5.1827898692957675e-05,0.0,0.0,0.0,0.0,0.0,-0.0015976305921507894,-0.006394801510237302,-0.0015976305921507894,-0.0015976305921507894,-0.0015976305921507894,-0.0011138221908970625,-0.004457918421788665,-0.0013756915632289202,-0.0011138221908970625,-0.0011138221908970625
2009-02,,,,,,0.0002207025502725113,0.000811337054319683,0.0005801121879063231,0.0002207025502725113,0.0002207025502725113,0.0021077525608466097,0.008343161384767761,0.003305371056267159,0.0021077525608466097,0.0021077525608466097,-0.0009582501886411521,-0.0038353997773440396,-0.0009582501886411521,-0.0009582501886411521,-0.0009582501886411521,0.0,0.0,0.0,0.0,0.0,0.0009030327577608244,0.0035397194113766517,0.0015483618711580327,0.0009030327577608244,0.0009030327577608244,0.0003504623412291519,0.0013678338265779022,0.0008011831111762735,0.0003504623412291519,0.0003504623412291519
2009-03,,,,,,-0.0022339225431322607,-0.008921609850784606,-0.005030446944546796,-0.0022339225431322607,-0.0022339225431322607,-0.0037617057345912253,-0.01500172228791874,-0.0049269659994741755,-0.0037617057345912253,-0.0037617057345912253,0.0005127886085791733,0.002015528376407394,-0.002889667542648633,0.0005127886085791733,0.0005127886085791733,3.1635779857985824e-05,7.784398614485433e-05,7.784398614485433e-05,3.1635779857985824e-05,3.1635779857985824e-05,-0.002840321841918403,-0.01132974465145098,-0.005036080681904309,-0.002840321841918403,-0.002840321841918403,-0.0018935389825029958,-0.0075627093700204595,-0.004431320219526413,-0.0018935389825029958,-0.0018935389825029958
2009-04,,,,,,-0.0014789379097766009,-0.005971449101812909,-0.0020122970847386012,-0.002120391957335377,-0.0014789379097766009,-0.0037715506216895456,-0.015048936190067863,-0.010149372580423699,-0.0030569838836270735,-0.0037715506216895456,0.007967962762754688,0.03187147459992046,0.022316198666846088,0.007967962762754688,0.007967962762754688,-0.0031451523919496793,-0.013979649254945214,-0.013979649254945214,-0.0031451523919496793,-0.0031451523919496793,-0.0023804981571473594,-0.00953004549935721,-0.005206348514615655,-0.0025243074328661352,-0.0023804981571473594,0.0006547759497539385,0.0025506318789092486,0.0028176234298196157,0.0005528493876456597,0.0006547759497539385
2009-05,,,,,,0.002355936365908029,0.008957758515770964,0.006601403201779599,0.009742844143620033,0.002355936365908029,0.01422154513602325,0.057895910458045874,0.046958355009369734,0.03736005915114382,0.022518975039956812,-0.0024646591848874744,-0.010154040965107525,-0.0005804924487059493,-0.003799532109477921,-0.0024646591848874744,-0.006583306384387089,-0.026747913359534303,-0.026747913359534303,-0.006583306384387089,-0.006583306384387089,0.006887208068382389,0.02752607013701658,0.021963232910707342,0.020243879819547894,0.010037856679657065,0.004129877021176176,0.0163397820421598,0.015308888874651982,0.013118271878959531,0.006349290190041268
2009-06,,,,,,-0.005923262371041349,-0.02398851467256935,-0.021571773810428074,-0.01255085125628519,-0.005923262371041349,-0.0030379809288803017,-0.01250099560357476,-0.0053676984702777375,-0.0032282529288572004,-0.0011483011533788279,0.001419188410367589,0.0054923028126958595,0.005203306334667257,0.001419188410367589,0.001419188410367589,0.001202259480619361,0.004557887590035836,0.004557887590035836,0.001202259480619361,0.001202259480619361,-0.004899419605099209,-0.01988590633333398,-0.01570200037823244,-0.00909956532206746,-0.004191309540488741,-0.0028888672135983784,-0.011820993840176985,-0.008911133008357996,-0.00565718059180087,-0.0023908982080181884
2009-07,,,,,,0.010399121874310469,0.042055113226363794,0.04144904927751525,0.01677970614141766,0.010399121874310469,0.001692563454019913,0.006730955900632329,0.006787678046808354,-0.0004799267195513268,0.0017436067214016138,0.008527534198734088,0.034295985630466985,0.02945432894497313,0.017943007928403087,0.008527534198734088,0.018183329960321792,0.074217311845868,0.074217311845868,0.03533957315465264,0.018183329960321792,0.007134553152811973,0.028735205416246412,0.02839165584380532,0.010300643403547305,0.00715352438189476,0.007578341217535645,0.030523609002307328,0.028723817663654616,0.012750237352450178,0.0075912041653427575
2009-08,,,,,,0.006657724927684239,0.02634082587340636,0.025926647694186844,0.013235418983672309,0.006657724927684239,0.0012645680872782616,0.0049010056590195195,0.003071670318614661,0.0004815844232113342,0.0012645680872782616,0.003474760493695994,0.013518621940128872,0.008147491285515507,0.004950071319800076,0.003474760493695994,0.0076679299227511155,0.029635246365357748,0.029635246365357748,0.016153780088018488,0.0076679299227511155,0.00466568187305616,0.018430454640529614,0.017459178991737323,0.0085041517662654,0.00466568187305616,0.004289385651475408,0.016887656773581394,0.014479042768809958,0.00736126215316002,0.004289385651475408
2009-09,,,,,,0.006359249698238534,0.02532810324673762,0.015736970078077173,0.004608220916475059,0.006359249698238534,0.0027088970479456354,0.01077780218697999,-0.001325042434716317,0.0027088970479456354,0.0027088970479456354,0.005179828424450861,0.02052459239316473,0.00948812267049437,0.011937653081263822,0.005179828424450861,-0.0012953160559999732,-0.005858769958508092,-0.019726340630938477,-0.0037497966116859516,-0.0012953160559999732,0.005052214688818335,0.02014835025956363,0.009673257544444924,0.0039743369838138864,0.005052214688818335,0.005098707844094941,0.020312353368037828,0.00962510785669246,0.006564557848815378,0.005098707844094941
2009-10,,,,,,-0.004311412578845708,-0.01798924590040718,-0.003917471779677828,-0.0062574330858117255,-0.004311412578845708,0.0013237820764790964,0.0050504350710602885,0.0013237820764790964,0.0013237820764790964,0.0013237820764790964,0.0015076472649919737,0.0053562580987311925,0.003501903810692042,0.002474032195162623,0.0015076472649919737,0.0023328023803868003,0.008520185353945386,0.0022900712789575284,0.0023328023803868003,0.0023328023803868003,-0.0023508193676986533,-0.009945004113419476,-0.002090503662802501,-0.003617200297915124,-0.0023508193676986533,-0.0010821197753809741,-0.004879321911156587,-0.00020158487152632798,-0.0016157182877252207,-0.0010821197753809741
2009-11,,,,,,0.011922716477535511,0.04802936081760367,0.013312456011425056,0.011847789638831152,0.011922716477535511,0.007105052041872284,0.02854574884135741,0.007105052041872284,0.007105052041872284,0.007105052041872284,0.014404474155290226,0.05849400296347218,0.023576520983919158,0.014404474155290226,0.014404474155290226,0.011005888495657867,0.04434572119737723,0.011005888495657867,0.011005888495657867,0.011005888495657867,0.01017705258054602,0.04099076566730986,0.01106378315664669,0.01012365650576652,0.01017705258054602,0.011539223097971396,0.04663422258948002,0.015064047150888271,0.011498604294611026,0.011539223097971396
2009-12,,,,,,0.0032528320310774017,0.012825214420011388,6.365029021160318e-05,0.0022536439890727955,0.002262506805084552,-0.003174650006880997,-0.012784855418097596,-0.002258693768429576,-0.003174650006880997,-0.003174650006880997,0.003848693609458831,0.015318596298349307,0.005632910804628688,0.003848693609458831,0.003848693609458831,0.005282776119319266,0.021065703690747117,0.005773403628684726,0.005282776119319266,0.005282776119319266,0.0010962993110688046,0.004215584314451792,-0.0007118220749929849,0.00043966367729719735,0.00044533702229432315,0.002029733132266287,0.007979267909606902,0.0014093383393218861,0.0015944854772793615,0.0015983182059624568
2010-01,,,,,,-0.009218483990921733,-0.036884309245085345,-0.009333406896562702,-0.009218483990921733,-0.009218483990921733,-0.005008905415564979,-0.020014785977791383,-0.006242389105524548,-0.003255039589671549,-0.003255039589671549,-0.008402701576847527,-0.033607558614349387,-0.009374647962875349,-0.008402701576847527,-0.008402701576847527,0.0022483799941832583,0.008113529224431648,0.0008844169252204548,0.0022483799941832583,0.0022483799941832583,-0.007770351111396789,-0.03104827157923462,-0.008208124294876051,-0.007169810589507275,-0.007169810589507275,-0.00803313197346922,-0.03207620107139064,-0.008631652981676119,-0.007626869112813184,-0.007626869112813184
2010-02,,,,,,-0.00046328777473925165,-0.0021435796507794924,-0.0020532728117528265,-0.00046328777473925165,-0.00046328777473925165,-0.0004190311392547885,-0.0016999754601448869,-0.0009806951100010952,0.0004826024722544009,-0.0012210713516210836,0.002680358043827269,0.010487671772009488,0.002670783233037488,0.002680358043827269,0.002680358043827269,-0.0045623113752955025,-0.019301257087584678,-0.0045623113752955025,-0.0045623113752955025,-0.0045623113752955025,-0.00041702991444381166,-0.0018191026236941132,-0.0016406645043955947,-8.24889963749742e-05,-0.0006920025808806463,0.0005765664744146193,0.0021298512615450793,-0.00026989929833121096,0.0008082416864101383,0.0003902653872123185
2010-03,,,,,,0.01095196356077599,0.04432732749540702,0.010856563131882435,0.01095196356077599,0.01095196356077599,0.001884201324441781,0.007508172011430503,0.000666390971668207,0.0019881746872518757,0.001884201324441781,0.009958498433577656,0.04028270082637131,0.013440038824826361,0.009958498433577656,0.009958498433577656,0.013284719321867255,0.05395897219881185,0.013284719321867255,0.013284719321867255,0.013284719321867255,0.007874265937482416,0.03174833508652908,0.007374295018497179,0.007911624855369892,0.007874265937482416,0.008563687781778295,0.03457981795463261,0.009376349448126042,0.008588722530834314,0.008563687781778295
2010-04,,,,,,0.004856572242977197,0.019164040267403815,0.004856572242977197,0.004856572242977197,0.004856572242977197,0.0017432360572038341,0.006921220766491487,0.003926301882852368,0.0017432360572038341,0.0017432360572038341,0.00017976921610185492,0.0002999105415062431,-0.00031356933222270733,0.00017976921610185492,0.00017976921610185492,-0.0026987125369338782,-0.011529066036285673,-0.0026987125369338782,-0.0026987125369338782,-0.0026987125369338782,0.0039022040943221814,0.015449902031445362,0.0046058524524359434,0.0039022040943221814,0.0039022040943221814,0.0026611125101234645,0.010394891674227802,0.002966823542576602,0.0026611125101234645,0.0026611125101234645
2010-05,,,,,,-0.011267424891882927,-0.04499244880219433,-0.008239379559303983,-0.011267424891882927,-0.011267424891882927,-0.0016450487698991267,-0.006614628309588366,-0.0018258647712505738,-0.0016450487698991267,-0.0016450487698991267,-0.012759440542432277,-0.0506290692915502,-0.012759440542432277,-0.012759440542432277,-0.012759440542432277,-0.027221577347098513,-0.10575705062841789,-0.027221577347098513,-0.027221577347098513,-0.027221577347098513,-0.007679152267627942,-0.03069482826171588,-0.005842146359934408,-0.007679152267627942,-0.007679152267627942,-0.00942642967074736,-0.03755429947576516,-0.008213807111211002,-0.00942642967074736,-0.00942642967074736
2010-06,,,,,,-0.004717134125709954,-0.018789567877937507,-0.004717134125709954,-0.004717134125709954,-0.004717134125709954,0.00010261842431358303,0.0003786684494779813,0.00010261842431358303,0.00010261842431358303,0.00010261842431358303,-0.00251396920350222,-0.010042487991980709,-0.001912759975324696,-0.00251396920350222,-0.00251396920350222,-0.004786849670813553,-0.019219850882410072,-0.004786849670813553,-0.004786849670813553,-0.004786849670813553,-0.002896456082747134,-0.011566517468435844,-0.002896456082747134,-0.002896456082747134,-0.002896456082747134,-0.0027640701677543733,-0.011031393199946948,-0.0025581427954766145,-0.0027640701677543733,-0.0027640701677543733
2010-07,,,,,,-0.0006622277771429763,-0.002686506268094857,-0.0006622277771429763,-0.0006622277771429763,-0.0006622277771429763,-0.0038271304124918304,-0.015265246341820027,-0.0047320602955038815,-0.0038271304124918304,-0.0038271304124918304,-0.0022605651298372997,-0.009043605909517805,-0.00240428933969683,-0.0022605651298372997,-0.0022605651298372997,-0.004165530459593558,-0.01669434932437719,-0.004165530459593558,-0.004165530459593558,-0.004165530459593558,-0.0018966742998176578,-0.007594127753011826,-0.002243181357043822,-0.0018966742998176578,-0.0018966742998176578,-0.00199403919603236,-0.007972854115358308,-0.002274622855242714,-0.00199403919603236,-0.00199403919603236
2010-08,,,,,,-0.002304374425603384,-0.00942454600253606,-0.0050637614101600725,-0.002304374425603384,-0.002304374425603384,-0.0014850895701994382,-0.005958827427687385,-0.007901665587073281,-0.0014850895701994382,-0.0014850895701994382,-0.0021613640647184518,-0.008741840889169294,-0.0026147834911501855,-0.0021613640647184518,-0.0021613640647184518,-0.004214146269403085,-0.017185545129763224,-0.004534450129690226,-0.004214146269403085,-0.004214146269403085,-0.0020074021998061076,-0.00812835031199588,-0.006177377566803033,-0.0020074021998061076,-0.0020074021998061076,-0.0020655621254311862,-0.008350110146194245,-0.00502455448396999,-0.0020655621254311862,-0.0020655621254311862
2010-09,,,,,,0.007271074538681255,0.029243752075529983,0.009357656600151643,0.007271074538681255,0.007271074538681255,0.007130897233840194,0.02878751369867638,0.006729941863224065,0.007130897233840194,0.007130897233840194,0.009839459165426057,0.03984667336279979,0.013224051277512361,0.009839459165426057,0.009839459165426057,0.009411011797682223,0.03789884746188399,0.014558186047190391,0.009411011797682223,0.009411011797682223,0.007180197106605668,0.02895432337513748,0.008271034257486765,0.007180197106605668,0.007180197106605668,0.008064353119302314,0.032571295653262,0.009914884150098002,0.008064353119302314,0.008064353119302314
2010-10,,,,,,0.00711799216800757,0.028501928811944577,0.007215662961601144,0.00711799216800757,0.00711799216800757,0.004978294362074642,0.01992981401444549,0.004572515688171297,0.004978294362074642,0.004978294362074642,0.0031429629726784647,0.01253266906034578,0.0043343052312827535,0.0031429629726784647,0.0031429629726784647,0.003621972986446398,0.014275595618231662,0.002542478662977743,0.003621972986446398,0.003621972986446398,0.006371779617740714,0.025546279388275694,0.006351731589745002,0.006371779617740714,0.006371779617740714,0.005292513698217816,0.021202943328522572,0.005675570771189964,0.005292513698217816,0.005292513698217816
2010-11,,,,,,-0.0005937450188976401,-0.002926659032258083,-0.0016294992286559618,-0.0005937450188976401,-0.0005937450188976401,0.0013839508962336655,0.005293718791810287,0.0019459682255553723,0.0013839508962336655,0.0013839508962336655,-0.0017284318630015338,-0.007177150852894387,-0.004876093133578174,-0.0017284318630015338,-0.0017284318630015338,-0.005491695158535981,-0.02257248303845849,-0.005491695158535981,-0.005491695158535981,-0.005491695158535981,4.706777721863453e-05,-0.00019863238339712375,-0.00046116358001802027,4.706777721863453e-05,4.706777721863453e-05,-0.0005603220858405589,-0.002580355143701474,-0.00203618388327953,-0.0005603220858405589,-0.0005603220858405589
2010-12,,,,,,0.011699852588023196,0.04746008729400342,0.014323880239042186,0.011699852588023196,0.011699852588023196,0.008003148405411942,0.032326510048700685,0.007571240490933828,0.008003148405411942,0.008003148405411942,0.005092267096028502,0.020438805360641688,0.016103792963239494,0.005092267096028502,0.005092267096028502,-0.0050538652464736655,-0.020302177067137106,-0.0050538652464736655,-0.0050538652464736655,-0.0050538652464736655,0.010481785210229022,0.04248085498797183,0.012109896991750801,0.010481785210229022,0.010481785210229022,0.008605794833713265,0.034778160916611345,0.013525671480314916,0.008605794833713265,0.008605794833713265
2011-01,,,,,,0.002104227395509195,0.008214909184872887,0.0021226277196397803,0.002104227395509195,0.002104227395509195,-0.003503750992780552,-0.014014977444316679,-0.004988822679070637,-0.005123300647655427,-0.003503750992780552,0.006415316356290779,0.02560485113201416,0.01028789672010988,0.006415316356290779,0.006415316356290779,0.0031191250002799986,0.012119990619277043,0.0031191250002799986,0.0031191250002799986,0.0031191250002799986,0.00037117476675696537,0.0013494586582825097,-5.45405821913425e-05,-0.00010316521398290313,0.00037117476675696537,0.002459290626350974,0.009718520191819957,0.003547749961681612,0.0021428964078733514,0.002459290626350974
2011-02,,,,,,0.007957464847978324,0.03194521170624087,0.008794565957699785,0.007957464847978324,0.007957464847978324,0.004386237682138638,0.017634722656706847,0.004386237682138638,0.004386237682138638,0.004386237682138638,0.0035338362190433514,0.013912272024702022,0.005240966129702818,0.0035338362190433514,0.0035338362190433514,0.010394371974404626,0.04166143310355319,0.010394371974404626,0.010394371974404626,0.010394371974404626,0.006877145535592044,0.027657456466077868,0.007463413428560051,0.006877145535592044,0.006877145535592044,0.005836875868111768,0.023381359341167807,0.006793858684384091,0.005836875868111768,0.005836875868111768
2011-03,,,,,,-0.0006120720300957228,-0.002857167295533647,-0.0003487420408661013,-0.0006120720300957228,-0.0006120720300957228,0.0030296749508547105,0.012061954136809439,0.00442556709489339,0.0030296749508547105,0.0030296749508547105,-0.004234808325564332,-0.017066444885401877,-0.005467289247420792,-0.004234808325564332,-0.004234808325564332,-0.008206318584526806,-0.0329349217925653,-0.008206318584526806,-0.008206318584526806,-0.008206318584526806,0.0006004413577003209,0.0021891484606557654,0.0012445130917668745,0.0006004413577003209,0.0006004413577003209,-0.0009829894843097486,-0.004133992107405837,-0.000925527820294314,-0.0009829894843097486,-0.0009829894843097486
2011-04,,,,,,0.009366809995233538,0.03778672703713726,0.008278336170838285,0.009489346212760763,0.009366809995233538,0.010763708674133454,0.04362758630083485,0.00908269979380405,0.009969801749265095,0.010763708674133454,0.0075531533397201756,0.030440330753241263,0.010329848408731968,0.0075531533397201756,0.0075531533397201756,0.00889773877443778,0.03587611110104838,0.00889773877443778,0.00889773877443778,0.00889773877443778,0.009866884691233313,0.039916046434335994,0.00858401592790936,0.009692002642897046,0.009866884691233313,0.009106673082566186,0.03680609317441341,0.009151519446769285,0.008990255318076512,0.009106673082566186
2011-05,,,,,,-0.003566363626311575,-0.01440018167242052,-0.000461280602867542,-0.003566363626311575,-0.003566363626311575,-0.007635345471592614,-0.03040330562806781,-0.007635345471592614,-0.007635345471592614,-0.007635345471592614,0.000696965667059235,0.0026830909878012843,0.0007943658985301028,0.000696965667059235,0.000696965667059235,-0.0003271747803148539,-0.0015917111522860683,-0.0003271747803148539,-0.0003271747803148539,-0.0003271747803148539,-0.004919043547842339,-0.019712818244847052,-0.002782540469817185,-0.004919043547842339,-0.004919043547842339,-0.003113303150752089,-0.012535548909818561,-0.0016766471166156371,-0.003113303150752089,-0.003113303150752089
2011-06,,,,,,-0.008360007553256277,-0.03319059371915323,-0.009269936963544056,-0.008360007553256277,-0.008360007553256277,-0.005636641728827274,-0.022445274417634775,-0.005636641728827274,-0.005636641728827274,-0.005636641728827274,-0.003905528837197858,-0.015688198230388695,-0.006464155577953212,-0.003905528837197858,-0.003905528837197858,-0.0003316172011454954,-0.0019489099183789271,-0.0022846889251855185,-0.0003316172011454954,-0.0003316172011454954,-0.0075995125344240355,-0.03015108775995312,-0.008176271773005839,-0.0075995125344240355,-0.0075995125344240355,-0.006340648895941214,-0.02523084266462816,-0.0075900211600966605,-0.006340648895941214,-0.006340648895941214
2011-07,,,,,,-0.0009198697782283327,-0.003975006499844724,0.0017771651488551754,-0.0009198697782283327,-0.0009198697782283327,0.0031453790056892306,0.01261702340286086,0.0059118210992601394,0.0031453790056892306,0.0031453790056892306,0.000862301556860956,0.0032404163651136297,0.004368868830316508,0.000862301556860956,0.000862301556860956,0.0036886401205578068,0.014404920085826056,0.0036886401205578068,0.0036886401205578068,0.0036886401205578068,0.0004899520037215943,0.0018349434376139229,0.0032220939893981004,0.0004899520037215943,0.0004899520037215943,0.0006132415345583286,0.0023062372035018708,0.003615708993693456,0.0006132415345583286,0.0006132415345583286
2011-08,-0.038756712826669704,-0.1725706904145956,-0.038756712826669704,-0.038756712826669704,-0.038756712826669704,0.0038815794213094,0.01550828167665208,0.008003626144863274,0.0038815794213094,0.0038815794213094,0.001135289511337012,0.004439342500977217,0.002628310625773178,0.001135289511337012,0.001135289511337012,-0.003994542294401993,-0.016075378634874515,-0.005471046927933765,-0.003994542294401993,-0.003994542294401993,-0.002810059058620973,-0.012144938906243352,-0.002810059058620973,-0.002810059058620973,-0.002810059058620973,0.0027055903997506014,0.01077045815333788,0.005919983339071733,0.0027055903997506014,0.0027055903997506014,0.0004426970589792578,0.0017355161769234684,0.0021201553054002176,0.0004426970589792578,0.0004426970589792578
2011-09,0.0,0.0,0.0,0.0,0.0,-0.001754440932764556,-0.007047829219882118,-0.004850595123423229,-0.001754440932764556,-0.001754440932764556,-0.0052844728778776995,-0.021022502134290466,-0.010025845210472117,-0.0052844728778776995,-0.0052844728778776995,-0.004190490390954205,-0.01704853412004148,-0.005102990697848919,-0.004190490390954205,-0.004190490390954205,-0.007139097345921885,-0.028792872101663702,-0.013284038858529468,-0.007139097345921885,-0.007139097345921885,-0.0033927782903565573,-0.013544212378400866,-0.007244659566656431,-0.0033927782903565573,-0.0033927782903565573,-0.003659008366216021,-0.014627638634112983,-0.006584797202622283,-0.003659008366216021,-0.003659008366216021
2011-10,0.0,0.0,0.0,0.0,0.0,-0.0020897750907949986,-0.00835764664088856,-0.0020897750907949986,-0.0020897750907949986,-0.0020897750907949986,-0.00037856651791834395,-0.0015216031484733827,-7.827490840472962e-05,-0.00037856651791834395,-0.00037856651791834395,0.0005926426345426172,0.001970910837139739,0.0033722684992416596,0.0005926426345426172,0.0005926426345426172,0.006826312925831024,0.026727905946617447,0.029066673316521463,0.006826312925831024,0.006826312925831024,-0.0013275267610078911,-0.005311152188887225,-0.0011961722995087465,-0.0013275267610078911,-0.0013275267610078911,-0.0006923884371140554,-0.002819302702801174,0.000313005336528116,-0.0006923884371140554,-0.0006923884371140554
2011-11,0.0,0.0,0.0,0.0,0.0,-0.003932851621378242,-0.01608632090244222,-0.0034998091628708483,-0.003932851621378242,-0.003932851621378242,-0.0005993308332733482,-0.002414113200086998,-0.0005993308332733482,-0.0005993308332733482,-0.0005993308332733482,-0.0009096057743975816,-0.0042547281406519755,0.0019509285271253063,-0.0009096057743975816,-0.0009096057743975816,0.006027172951290405,0.022785250017439695,0.023507370887683843,0.006027172951290405,0.006027172951290405,-0.0025298388116364867,-0.010256311571266052,-0.0022799699610904778,-0.0025298388116364867,-0.0025298388116364867,-0.0019380070545910177,-0.008013104460045772,-0.0007799638347824045,-0.0019380070545910177,-0.0019380070545910177
2011-12,0.0,0.0,0.0,0.0,0.0,0.000886907143567317,0.0035049432037284056,-0.0009426854859964084,0.000886907143567317,0.000886907143567317,0.0002649471696378747,0.0010480490303526047,0.0007819478574384586,0.0002649471696378747,0.0002649471696378747,0.0032118239231018197,0.012655667873604282,0.001029658384708254,0.0032118239231018197,0.0032118239231018197,-0.008247243970579632,-0.03317163407389512,-0.014784963256199046,-0.008247243970579632,-0.008247243970579632,0.0005993567770672392,0.0023846327014356294,-0.00021933512567129387,0.0005993567770672392,0.0005993567770672392,0.0014851294638165147,0.005897216046627074,0.00022429437012894127,0.0014851294638165147,0.0014851294638165147
2012-01,0.02837338941523404,0.0629071385966602,0.0629071385966602,0.02837338941523404,0.02837338941523404,0.002914386051550144,0.011669762070548595,0.0038635905725117325,0.002914386051550144,0.002914386051550144,0.0006638892472046187,0.0026514203204521802,0.003463986656614626,0.0006638892472046187,0.0006638892472046187,-0.00011891215773740527,-0.0005484274161043912,-0.00043179353522226904,-0.00030430893988098173,-0.00011891215773740527,0.0027002597123439998,0.010536310732036203,0.008654858019217615,0.0027002597123439998,0.0027002597123439998,0.002185536252524267,0.008755501407039956,0.004415349940295021,0.002185536252524267,0.002185536252524267,0.0014082104224901748,0.00562203191125743,0.0027933228277770006,0.0013476692583669347,0.0014082104224901748
2012-02,0.018794662328174727,0.07356858324697235,0.07356858324697235,0.018794662328174727,0.018794662328174727,0.005751836874672067,0.023069769160654285,0.008956674683012311,0.005751836874672067,0.005751836874672067,0.002261668800671801,0.009055562032088904,0.006354835520971713,0.007153671959392982,0.002261668800671801,0.010529139939163379,0.04262717415049133,0.014427497663069166,0.011537517670152209,0.010529139939163379,0.013106058757797356,0.05315879435357318,0.016105436095221082,0.013106058757797356,0.013106058757797356,0.004449876046651369,0.0178558336929453,0.008159398273407836,0.006287315012904804,0.004449876046651369,0.0064117583537954825,0.025814262773343533,0.010185527141068018,0.007984752352085733,0.0064117583537954825
2012-03,-0.012752765112119868,-0.058657083664052756,-0.058657083664052756,-0.012752765112119868,-0.012752765112119868,0.003706323334787598,0.014720823658132431,0.0012512775355644212,0.003706323334787598,0.003706323334787598,-0.00209243297378503,-0.008374637862762269,-0.004833977461214944,0.00012877257274213072,-0.00209243297378503,0.00939677987527654,0.03783199173106677,0.017471916504024465,0.00939677987527654,0.00939677987527654,0.008252530638272138,0.03291063335016764,0.006351346284109383,0.008252530638272138,0.008252530638272138,0.0016793082837212037,0.006638683808989798,-0.0010247108978104214,0.002454428963334143,0.0016793082837212037,0.0042607430648446964,0.017012303956374097,0.005124016779409324,0.004786148947693025,0.0042607430648446964
2012-04,-0.0008170316504306774,-0.005514154908334956,-0.005514154908334956,2.5752430284464722e-05,-0.0008170316504306774,-0.002449092710927636,-0.00989648972230217,-0.004530031155331682,-0.0028582608164973156,-0.002449092710927636,-0.0026814168250436365,-0.01070248389492967,-0.00739212354753227,-0.0035687654456778573,-0.0026814168250436365,-0.006777495948748435,-0.02715651107787387,-0.012903499208096858,-0.007008800234052259,-0.006777495948748435,-0.002209556911616173,-0.0095013256173897,-0.0020337646060198944,-0.0017533716665519838,-0.002209556911616173,-0.0025569542867065476,-0.01026597594761769,-0.005472257764150279,-0.003082004164896013,-0.0025569542867065476,-0.003993078667890226,-0.01601468330382172,-0.008001506188612506,-0.004416634477772408,-0.003993078667890226
2012-05,0.006742771945030812,0.027129499371201904,0.027129499371201904,0.027129499371201904,0.009532928265646667,-0.0028443452641156997,-0.011365153115224125,-0.0028443452641156997,-0.0028443452641156997,-0.0028443452641156997,-0.00017528375639941363,-0.0007082063264406413,-0.0021336796489225263,-0.00017528375639941363,-0.00017528375639941363,-0.0071830038101535765,-0.028552416942377867,-0.007413323332773558,-0.0071830038101535765,-0.0071830038101535765,-0.011984760845251352,-0.04732567646551211,-0.010306731780403311,-0.010306731780403311,-0.011707700382864283,-0.0018600904450970512,-0.0074387499889935205,-0.0023936327616056463,-0.0017193768910226392,-0.0018367261403879898,-0.0035405787649357423,-0.014127120669105597,-0.003973287002456138,-0.0034441725501824783,-0.0035245069178322375
2012-06,0.06648023797074476,0.285071351042784,0.285071351042784,0.285071351042784,0.285071351042784,0.0017285569608174178,0.006871419695870129,0.0011699949250441044,0.0017285569608174178,0.0017285569608174178,-0.001176992949341149,-0.004705662491384821,-0.002246482698123442,-0.001176992949341149,-0.001176992949341149,0.006497202551147607,0.025990790882330028,0.006497202551147607,0.006497202551147607,0.006497202551147607,0.012770417757739683,0.05121077448544242,0.034598411969089415,0.034598411969089415,0.034598411969089415,0.001240477074112789,0.0049472224854529845,0.0023683083787615633,0.0031087854421480987,0.0031087854421480987,0.002929198105655839,0.011705846001346387,0.003694413900232174,0.004202217347946791,0.004202217347946791
2012-07,0.06500753056886155,0.27535074853363417,0.27535074853363417,0.27535074853363417,0.06420857518208778,0.0009364000474645362,0.0036849166199190986,0.001674017170115949,0.0009364000474645362,0.0009364000474645362,0.002331638531285485,0.009335896629662166,0.002811896533367886,0.002331638531285485,0.002331638531285485,0.0007088186737247426,0.0026743269471409814,0.0031167871102888434,0.0007088186737247426,0.0007088186737247426,0.0077729502983272525,0.03102031511600356,0.028239455080894427,0.028239455080894427,0.00769043437056971,0.002035820281912848,0.00814066772183275,0.0045052057473207174,0.003883342673490775,0.0020288023701420244,0.0015959347077503239,0.0063445030036146655,0.004029470437247218,0.002835658748285841,0.0015911541463997647
2012-08,0.027676289670962584,0.08383344624245215,0.15681041500684212,0.15681041500684212,0.027676289670962584,0.0007236940708905681,0.0028383592799308133,0.002792249149066617,0.0007236940708905681,0.0007236940708905681,-0.0015534635491961657,-0.006205633213729245,-0.0038945312735031434,-0.0015534635491961657,-0.0015534635491961657,0.004342039400237585,0.01735107066441821,0.006830946144393613,0.004342039400237585,0.004342039400237585,0.003983906742076604,0.015737908782450738,0.016492867832041513,0.016492867832041513,0.003983906742076604,0.00016320561458860183,0.0006275144297247515,0.0017896637685581585,0.001281397136094986,0.00016320561458860183,0.0014851851883719291,0.005910318150479155,0.003387742791412629,0.002254284798835604,0.0014851851883719291
2012-09,0.05305781970807488,0.22559444817138496,0.05305781970807488,0.05305781970807488,0.05305781970807488,0.0027454511456068698,0.010870239180936325,0.0055094431335043215,0.0027454511456068698,0.0027454511456068698,0.0023433042862028852,0.009370642880766722,0.00586730706436156,0.0023433042862028852,0.0023433042862028852,0.00839124369965516,0.033694398439727324,0.014442861594705203,0.00839124369965516,0.00839124369965516,0.011364077934994832,0.045891311769993726,0.011364077934994832,0.011364077934994832,0.011364077934994832,0.0028906260313841248,0.011522081367569603,0.005924070787084679,0.0028906260313841248,0.0028906260313841248,0.00465450190879646,0.018612700326731124,0.008648764693959476,0.00465450190879646,0.00465450190879646
2012-10,-0.023890632320763716,-0.0997770708489204,-0.023890632320763716,-0.023890632320763716,-0.023890632320763716,-0.004278385458353795,-0.017158437718536756,-0.005826774856340866,-0.004278385458353795,-0.004278385458353795,-0.002821673854789486,-0.01125529310258977,-0.0032627380607319623,-0.0014517983570352389,-0.002821673854789486,-0.001051051076636722,-0.004440372592690589,0.002580054106934959,-0.001051051076636722,-0.001051051076636722,-0.00591217835990443,-0.0238549812650396,-0.00591217835990443,-0.00591217835990443,-0.00591217835990443,-0.003898778394777369,-0.015572944647497367,-0.005042830664420128,-0.003420298865209892,-0.003898778394777369,-0.0029652641589639206,-0.011912887926140092,-0.0025785478085480484,-0.002635256263969654,-0.0029652641589639206
2012-11,0.017830872187753366,0.07035939967760463,0.017830872187753366,0.017830872187753366,0.017830872187753366,9.007647355274706e-05,0.00026593366830529597,0.0012067539481446232,9.007647355274706e-05,9.007647355274706e-05,0.0006777123056722623,0.002698240435125232,0.004734259348579073,0.00402278188123284,0.0006777123056722623,0.001355141135471749,0.005084862829839221,0.001857647950157748,0.001355141135471749,0.001355141135471749,0.006468250575708545,0.025871711108838458,0.006468250575708545,0.006468250575708545,0.006468250575708545,0.00043920627111471156,0.0017191142957595495,0.002675275419747436,0.0017223840900744136,0.00043920627111471156,0.0006925448532286715,0.0026822447755157075,0.0024199415870305163,0.001603276054997771,0.0006925448532286715
2012-12,0.01897436430793964,0.0762277869008745,0.01897436430793964,0.01897436430793964,0.01897436430793964,0.000807607228807683,0.003133877390042672,0.0031019633454767437,0.000807607228807683,0.000807607228807683,0.000798802071116711,0.0031752640496540696,0.0030731349798500673,0.0030454844789464808,0.000798802071116711,0.0023393082051546,0.009178323577208047,0.005577142354159292,0.0023393082051546,0.0023393082051546,0.0025242949434147732,0.009847564447338364,0.0025242949434147732,0.0025242949434147732,0.0025242949434147732,0.0009455008503083118,0.0037471334820948776,0.003202852450543636,0.0017861652517388027,0.0009455008503083118,0.0013527200296872266,0.005348422630972793,0.0038920722669710806,0.0019494506474582174,0.0013527200296872266
2013-01,0.11161957884577367,0.5142714271779176,0.11161957884577367,0.11161957884577367,0.11161957884577367,0.0071913959048071074,0.02896784413906306,0.008495949975314776,0.007547139238742062,0.0071913959048071074,0.0014936203085145205,0.005966097793049796,0.005565583716920175,0.0014936203085145205,0.0014936203085145205,0.013625722469884138,0.05537322407497802,0.013610695428787567,0.013625722469884138,0.013625722469884138,0.02491439880796964,0.10293468824877605,0.02491439880796964,0.02491439880796964,0.02491439880796964,0.006056599874711743,0.024400141805279052,0.008385185543536622,0.006290640522105928,0.006056599874711743,0.008283131403111987,0.03346837801246827,0.009923326095523377,0.008446784339179558,0.008283131403111987
2013-02,0.1329932802486904,0.6271389808539467,0.1329932802486904,0.1329932802486904,0.1329932802486904,0.0009603408787084433,0.0036088465821730864,0.0011181854904407373,0.00039876587035880817,0.0009603408787084433,-0.0012831419693823953,-0.0051351894005227106,-0.001029895648166801,-0.0012831419693823953,-0.0012831419693823953,0.0009654390675344349,0.0035039104783638475,-0.00046822776569754865,0.0009654390675344349,0.0009654390675344349,0.011381264100747357,0.045439714641420714,0.011381264100747357,0.011381264100747357,0.011381264100747357,0.001066487404241867,0.004168791375509295,0.001260514343395469,0.0007031502313090687,0.001066487404241867,0.001037117459464998,0.003994075134425623,0.0007548148714568992,0.0007782930702859847,0.001037117459464998
2013-03,0.29621782501013727,1.7054652920759943,0.29621782501013727,0.29621782501013727,0.29621782501013727,0.006119065042177851,0.024616086125424763,0.006300194595804998,0.006119065042177851,0.006119065042177851,0.001924107946242426,0.007698343580458733,0.003683211408544107,0.001924107946242426,0.001924107946242426,0.005700456064696047,0.022863735422734566,0.005687656882879422,0.005700456064696047,0.005700456064696047,0.024702568581838058,0.1018533071228449,0.024702568581838058,0.024702568581838058,0.024702568581838058,0.006040976266201259,0.024340114402242374,0.006775691583881915,0.006040976266201259,0.006040976266201259,0.0059340024026441895,0.023886352414572487,0.006441742294637898,0.0059340024026441895,0.0059340024026441895
2013-04,0.23220069672670252,0.5408225257026305,0.23220069672670252,0.23220069672670252,0.23220069672670252,0.004231954338071331,0.016762362346639303,0.0046875975654030455,0.004231954338071331,0.004231954338071331,-0.00024969490613646617,-0.0010255209091303286,-0.0036933229525003552,-0.00024969490613646617,-0.00024969490613646617,0.006315945861056438,0.025070643322456565,0.008927841664279068,0.006936285790290153,0.006315945861056438,0.02339002889080688,0.0955167813520732,0.02339002889080688,0.02339002889080688,0.02339002889080688,0.003502978627480058,0.01395963470376338,0.0027339709023019854,0.003502978627480058,0.003502978627480058,0.004397460018964461,0.017516467810905656,0.004672235852336559,0.004596355426351284,0.004397460018964461
2013-05,-0.012611273982537696,-0.08131378789146204,-0.012611273982537696,-0.012611273982537696,-0.012611273982537696,-0.00032438867127104754,-0.0015004676499498215,-0.0013252406226773594,-0.00032438867127104754,-0.00032438867127104754,-0.000735401999168106,-0.0029560663252238273,0.0033163297645040224,-0.000735401999168106,-0.000735401999168106,0.013208600777024682,0.0534149171170506,0.01948599129652795,0.017586689888267504,0.013208600777024682,0.022383469473220785,0.09173165694193552,0.022383469473220785,0.022383469473220785,0.022383469473220785,-0.0004741482157379906,-0.00199111809669017,0.00014092409761978786,-0.0004741482157379906,-0.0004741482157379906,0.0038158279394151506,0.015180286606364835,0.006191940252871619,0.005175709544593676,0.0038158279394151506
2013-06,-0.06572508593268755,-0.24339068859402002,-0.06572508593268755,-0.06572508593268755,-0.06572508593268755,-0.004703033048694127,-0.01907095497252642,-0.006461224906695984,-0.004703033048694127,-0.004703033048694127,-0.002815183162490187,-0.011231406859515514,-0.003256046565653703,-0.002815183162490187,-0.002815183162490187,-0.0015952092173269206,-0.006920125791036513,-0.0018880989315669394,-0.001685856682835718,-0.0015952092173269206,-0.0030568998339807196,-0.012744872247162031,-0.0030568998339807196,-0.0030568998339807196,-0.0030568998339807196,-0.004239339721001878,-0.01704064315189535,-0.005613917493192289,-0.004239339721001878,-0.004239339721001878,-0.003347831314887806,-0.013610734121727641,-0.004350954483164138,-0.0033773403664439927,-0.003347831314887806
2013-07,0.024260304523301413,0.09885313700264864,0.062021417623076225,0.024260304523301413,0.024260304523301413,0.00939058006837512,0.03797006021031679,0.010112170981098956,0.00939058006837512,0.00939058006837512,6.313740924746014e-06,-4.150817688453046e-06,-0.0011312489770228806,6.313740924746014e-06,6.313740924746014e-06,0.010321886819760095,0.04174413962249712,0.00983657454270781,0.010273490131068375,0.010321886819760095,0.016952153315553664,0.06906132847291047,0.01634501298604296,0.016952153315553664,0.016952153315553664,0.006357060687359306,0.025613966088444684,0.006598832283061018,0.006357060687359306,0.006357060687359306,0.007762675173877742,0.03132412410546559,0.0077266919510112775,0.00774551816545177,0.007762675173877742
2013-08,0.06404689556816123,0.27402314333433253,0.27402314333433253,0.06404689556816123,0.06404689556816123,-0.0038074334045702374,-0.015284618001058181,-0.004472136244139446,-0.0038074334045702374,-0.0038074334045702374,-0.00038353962909620787,-0.0015474114986772092,-5.85066039134885e-05,-0.00038353962909620787,-0.00038353962909620787,-0.004368104177180143,-0.017554893912170244,-0.0035497939555528824,-0.0035497939555528824,-0.004368104177180143,0.0054299216268969275,0.021330692812290275,0.013973934804777155,0.0054299216268969275,0.0054299216268969275,-0.0025343866067760734,-0.01016922687767896,-0.002068556129307675,-0.0025343866067760734,-0.0025343866067760734,-0.0031704130519841778,-0.01272387492718341,-0.002573506565386352,-0.0028778018658304205,-0.0031704130519841778
2013-09,0.0032554005951774823,0.009647904634203286,0.009647904634203286,0.0032554005951774823,0.0032554005951774823,0.005732359498827444,0.022967175740582713,0.005837980449963531,0.005732359498827444,0.005732359498827444,-0.0004580000057518019,-0.0018399193766751587,0.0021844644910014033,-0.0004580000057518019,-0.0004580000057518019,0.002543674204847024,0.010076516516335232,0.0011510735821680385,0.0016469028600554214,0.002543674204847024,0.013557773407200102,0.05509460272715461,0.014091608678546752,0.013557773407200102,0.013557773407200102,0.003802997697462951,0.015220488971586121,0.004763890085299094,0.003802997697462951,0.003802997697462951,0.003363654628406154,0.013433291431434125,0.0035031644649536897,0.0030511017717211875,0.003363654628406154
2013-10,0.14543049753075454,0.6835034987623265,0.6835034987623265,0.14543049753075454,0.14543049753075454,0.004191264775833536,0.016656919072073118,0.004006440606899364,0.004191264775833536,0.004191264775833536,-0.00048585733771489004,-0.001957177251799447,-0.004353257718284986,-0.00048585733771489004,-0.00048585733771489004,0.00013425203963302046,0.0003420813417804869,0.000794850386347079,0.00013425203963302046,0.00013425203963302046,0.008544389079428338,0.03384557165476498,0.029155439398407257,0.008544389079428338,0.008544389079428338,0.0031968091959977407,0.012747511193014427,0.0037441956028485546,0.0031968091959977407,0.0031968091959977407,0.002157016943022283,0.008529956279367035,0.0027284134831331297,0.002157016943022283,0.002157016943022283
2013-11,0.5992481468076674,4.552465672991772,0.8273779764449147,0.5992481468076674,0.5992481468076674,0.003563353529102198,0.014193222882521672,0.003563353529102198,0.003563353529102198,0.003563353529102198,0.0016467157114303799,0.00658949886158311,0.005893021463422299,0.0016467157114303799,0.0016467157114303799,0.009497450305596233,0.03832689838637737,0.009473320467962898,0.009497450305596233,0.009497450305596233,0.021420134865846485,0.08780825938321701,0.027677719257447553,0.021420134865846485,0.021420134865846485,0.004424453431523423,0.017756355967630366,0.0064573035417450075,0.004424453431523423,0.004424453431523423,0.006049842706933761,0.02432881849347246,0.007425916342543859,0.006049842706933761,0.006049842706933761
2013-12,-0.07454735147180391,-0.3536448049993073,-0.07454735147180391,-0.07454735147180391,-0.07454735147180391,0.004476303210196653,0.017886121322949533,0.004841590598113177,0.004476303210196653,0.004476303210196653,0.0036159762673106943,0.01452762997415924,0.011411019054814453,0.0036159762673106943,0.0036159762673106943,0.005529090613795917,0.022127621901112837,0.005701506178393156,0.005529090613795917,0.005529090613795917,0.010657103812775626,0.04312808471394569,0.010657103812775626,0.010657103812775626,0.010657103812775626,0.004020382739554851,0.01612227188941051,0.006877886757495455,0.004020382739554851,0.004020382739554851,0.004486909369790348,0.017986354149002626,0.0064821376788566365,0.004486909369790348,0.004486909369790348
2014-01,0.029284074032388085,0.10099273532377695,0.029284074032388085,0.029284074032388085,0.029284074032388085,-0.005676608342390588,-0.022729149874416987,-0.0049056867823061845,-0.005132695364758355,-0.005676608342390588,-0.0006292419993582099,-0.002546927624223705,-0.001771898170328856,-0.0006292419993582099,-0.0006292419993582099,-0.005543699482691622,-0.022318506537327476,-0.0031569983473743735,-0.005543699482691622,-0.005543699482691622,-0.002546296015330629,-0.011072837490983534,-0.002546296015330629,-0.002546296015330629,-0.002546296015330629,-0.0038859092191734224,-0.01554461453812217,-0.003764972244987619,-0.0035342659480099847,-0.0038859092191734224,-0.004411097705263156,-0.017671478815984742,-0.0035563285460624705,-0.004170813860927991,-0.004411097705263156
2014-02,-0.0795296713439535,-0.28649636881882123,-0.0795296713439535,-0.0795296713439535,-0.0795296713439535,0.006089951926672388,0.024463085729454104,0.008369884735634603,0.0059326619162993754,0.006089951926672388,0.0008537992187629406,0.0034017885223442956,0.0010842069014276312,0.0008537992187629406,0.0008537992187629406,0.007563676244187967,0.030446650794944352,0.010318038321716516,0.007563676244187967,0.007563676244187967,0.011019318667233824,0.044458630747245875,0.011019318667233824,0.011019318667233824,0.011019318667233824,0.0038179156801021463,0.015301466391297813,0.005319318983209698,0.0037196614115106996,0.0038179156801021463,0.004960111289553204,0.019909905290274255,0.006848873144192913,0.004896111494125055,0.004960111289553204
2014-03,-0.053581323397664415,-0.20803943155086124,-0.053581323397664415,-0.053581323397664415,-0.053581323397664415,-5.764667462870854e-05,-0.00036085272246255684,-0.0023305756305929126,-0.0004248533867630133,-5.764667462870854e-05,-0.0006880694812656518,-0.0027662831016677103,-0.000891897231745653,0.00011977349705727391,0.0012207718164314318,0.001953855550448802,0.007539193407601674,0.0016167726419280548,0.001953855550448802,0.001953855550448802,-0.0071973744001332385,-0.02901698862675328,-0.0071973744001332385,-0.0071973744001332385,-0.0071973744001332385,-0.00044535358253872115,-0.0018337333883250428,-0.0019403591623422534,-0.0003774479182804269,0.0002599664158209336,0.0002779257203671115,0.0010140338438433538,-0.0008604723726820529,0.00032556794053073546,0.0007685977934710486
2014-04,0.0,0.0,0.0,0.0,0.0,-0.0009621789342871834,-0.003991724600502677,0.0015481684522757888,6.119976984675368e-05,-0.0009621789342871834,0.00085236006728584,0.003405150800109613,0.0016224170297858276,0.0016224170297858276,0.0016224170297858276,-0.00028926561769493375,-0.0014042752561090888,0.0014716784192527754,-0.00028926561769493375,-0.00028926561769493375,-0.002923217165425651,-0.012401903540242287,-0.002923217165425651,-0.002923217165425651,-0.002923217165425651,-0.00027989732215183416,-0.001176515827032043,0.0015499339496223286,0.0006435826307429338,2.2910344003923555e-05,-0.0002954685238905075,-0.0012802631598460845,0.0015118974397705376,0.00035224148121293375,-8.22088903018603e-05
2014-05,-0.023209094820765275,-0.09042844109787784,-0.07659001766678109,-0.023209094820765275,-0.023209094820765275,0.0036994387092665892,0.014815181060608529,0.006334824594651733,0.0044891808254463594,0.0036994387092665892,-0.002535205546829622,-0.0101093089055595,-0.006836094891529032,-0.004453446220093693,-0.003726858645524689,0.0013137244846461726,0.0051428863357301235,-0.00046098221184043275,0.0013137244846461726,0.0013137244846461726,-0.0029888899044647754,-0.012203533820505208,-0.006554933732416779,-0.0029888899044647754,-0.0029888899044647754,0.0010462440655742977,0.004168845866479698,0.0005983521158987593,0.0007396873407907734,0.0005591469172085972,0.0011137030471515263,0.004421298895185055,0.0002897290898726812,0.0008927462063037517,0.0007637913822202691
2014-06,-0.009768871129472223,-0.03998219418707871,0.008328148507309674,-0.009768871129472223,-0.009768871129472223,0.005110543592849792,0.020540045855192535,0.006450690902386036,0.006450690902386036,0.005110543592849792,0.0014614348134058819,0.005850154590071988,0.0026887123466923235,0.0032134169901893994,0.0014614348134058819,0.0015688752612592616,0.006228871373459288,0.0006576492848036075,0.0015688752612592616,0.0015688752612592616,0.0039277893512477124,0.01564302758952807,0.005491913212101407,0.0039277893512477124,0.0039277893512477124,0.0036003446808994255,0.014456599636001766,0.005019580946128865,0.005098841708551127,0.0036003446808994255,0.003003570863829408,0.01204165657652534,0.0037355573436370637,0.004064725623267984,0.003003570863829408
2014-07,-0.01381869508231326,-0.05450224075273158,-0.05450224075273158,-0.01381869508231326,-0.01381869508231326,-0.0037539089528745295,-0.01507402440623018,-0.00404590051956899,-0.004198847465290312,-0.0037539089528745295,-0.0008777259198369247,-0.0035171276381490424,-0.0008715692844025735,-0.0014112378865621666,-0.0008777259198369247,-0.002523008846504138,-0.01030431609871485,-0.003745021887763711,-0.002523008846504138,-0.002523008846504138,-0.0010742788894640976,-0.004818555117044987,-0.007245646659428284,-0.0010742788894640976,-0.0010742788894640976,-0.0025975980840446944,-0.01039668726570453,-0.003033359384690182,-0.003076458411816585,-0.0025975980840446944,-0.0025576892409432395,-0.010276043046779315,-0.0032040819924962216,-0.002896042494371587,-0.0025576892409432395
2014-08,0.0,0.0,0.0,0.0,0.0,0.006965604738952802,0.028086310220465593,0.006865026816425868,0.006965604738952802,0.006965604738952802,0.0006393405354290227,0.00255645123962589,0.002755549852057504,0.0006393405354290227,0.0006393405354290227,0.0105696563612101,0.04282557583743962,0.013856459495179552,0.0105696563612101,0.0105696563612101,0.01432195052734242,0.058275465386212755,0.01532821660188155,0.01432195052734242,0.01432195052734242,0.004132814568065024,0.016610937885308763,0.005018178790374028,0.004132814568065024,0.004132814568065024,0.005923872865501778,0.023865327886331222,0.007475077217528048,0.005923872865501778,0.005923872865501778
2014-09,0.0,0.0,0.0,0.0,0.0,-0.0033464557369962122,-0.01340983442201682,-0.0033464557369962122,-0.0033464557369962122,-0.0033464557369962122,0.0030982294656081155,0.012444757508473625,0.003151789228063029,0.0030982294656081155,0.0030982294656081155,0.0008754023293269242,0.003239563048304639,0.0025794357641808485,0.0008754023293269242,0.0008754023293269242,-0.0009368340153735888,-0.004306553344442632,-0.0029456370097117324,-0.0009368340153735888,-0.0009368340153735888,-0.0009091194969559346,-0.0036659506537239928,-0.0008149263378218752,-0.0009091194969559346,-0.0009091194969559346,-0.00040254664010397345,-0.00168550824044289,0.00016982872695514573,-0.00040254664010397345,-0.00040254664010397345
2014-10,0.0,0.0,0.0,0.0,0.0,0.002266693670645914,0.009031879257361375,0.0026324802818493698,0.002266693670645914,0.002266693670645914,0.0003638569269133196,0.0014463123725607652,0.0003638569269133196,0.0003638569269133196,0.0003638569269133196,0.0014879573884027941,0.0055030247490315265,-0.0010876331182528842,0.0014879573884027941,0.0014879573884027941,0.000944043114414983,0.003010317770411719,0.000944043114414983,0.000944043114414983,0.000944043114414983,0.0015152748610016697,0.006043858485829556,0.0017413971707298526,0.0015152748610016697,0.0015152748610016697,0.0014369672425187385,0.005652216276853528,0.0007401750724109757,0.0014369672425187385,0.0014369672425187385
2014-11,0.0,0.0,0.0,0.0,0.0,0.005585062999433177,0.022500201500434747,0.005379231147027541,0.005585062999433177,0.005585062999433177,0.0031357250157586503,0.01257274483901849,0.003909905214825926,0.003909905214825926,0.0031357250157586503,0.008669372590423219,0.035064406157254036,0.008669372590423219,0.008669372590423219,0.008669372590423219,0.009954706678912961,0.04032103881241733,0.009954706678912961,0.009954706678912961,0.009954706678912961,0.00475862269369709,0.019155854242567827,0.004932958228822004,0.0050601411861681544,0.00475862269369709,0.006025653516321672,0.024300017998765133,0.00614858737397328,0.006235999488534372,0.006025653516321672
2014-12,0.0,0.0,0.0,0.0,0.0,-0.001015388383507898,-0.004225238394821362,-0.001015388383507898,-0.001015388383507898,-0.001015388383507898,0.0011110649462153788,0.004442419964839628,0.0004810144637958924,0.0011072355195278494,0.0011110649462153788,-0.0010931647988163817,-0.004806750381766478,-0.0010931647988163817,-0.0010931647988163817,-0.0010931647988163817,-0.003693776397172832,-0.015307973871800273,-0.003693776397172832,-0.003693776397172832,-0.003693776397172832,-0.0003855060446210645,-0.0016277594153671915,-0.0006005469861997126,-0.0003867348664579051,-0.0003855060446210645,-0.000646976863853399,-0.0027547932043688883,-0.0007894038284337324,-0.0006477967142638485,-0.000646976863853399
2015-01,0.0,0.0,0.0,0.0,0.0,-0.0010408891219139127,-0.004345356805927403,-0.0012778489612335076,-0.0010408891219139127,-0.0010408891219139127,0.0011721294625663958,0.00468271111685481,-0.0007995328582700578,0.0011721294625663958,0.0011721294625663958,-0.006686215583705968,-0.026980019896127194,-0.006936663893700956,-0.006686215583705968,-0.006686215583705968,-0.009461365001254718,-0.03789357362500889,-0.009461365001254718,-0.009461365001254718,-0.009461365001254718,-0.0003183095540665315,-0.0013571937881479146,-0.0011457737682460944,-0.0003183095540665315,-0.0003183095540665315,-0.0024957101760225697,-0.010127048671564776,-0.0031226799191936827,-0.0024957101760225697,-0.0024957101760225697
2015-02,0.0,0.0,0.0,0.0,0.0,0.004444777847993242,0.017794887551581207,0.004185730972598556,0.004444777847993242,0.004444777847993242,0.00016522948630548484,0.0006546652372649842,-0.0008964584160692235,-0.0008964584160692235,0.00016522948630548484,0.009060789724177232,0.03659122564589734,0.00902538960150645,0.009060789724177232,0.009060789724177232,0.00980042894396771,0.039560295239456256,0.00980042894396771,0.00980042894396771,0.00980042894396771,0.0029835283305543747,0.011947203737424195,0.0024623739301705694,0.00263108001767165,0.0029835283305543747,0.005009756562277534,0.020128798425292027,0.004651746981729099,0.0047763118222006185,0.005009756562277534
2015-03,0.0,0.0,0.0,0.0,0.0,-0.004534654400342841,-0.018292360390661178,-0.004791321992159925,-0.004534654400342841,-0.004534654400342841,0.0009218800362131852,0.003680465068860661,-0.00026546209910938146,0.0005767324676395624,0.0009218800362131852,-0.002694989310603746,-0.01103157076538297,-0.003324344371090082,-0.002694989310603746,-0.002694989310603746,-0.0023890553324473762,-0.009868063227217783,-0.0023890553324473762,-0.0023890553324473762,-0.0023890553324473762,-0.002767403666675161,-0.011131841452805658,-0.0033034763963215585,-0.0028815581574820337,-0.002767403666675161,-0.002758156616756491,-0.011144395811247043,-0.0033205242042270156,-0.0028343356955541354,-0.002758156616756491
2015-04,0.0,0.0,0.0,0.0,0.0,0.00042693292489670576,0.0016007506850053144,0.0004594608794394883,0.00042693292489670576,0.00042693292489670576,-0.001824800841676244,-0.0072908513425775645,-0.001824800841676244,-0.001824800841676244,-0.001824800841676244,0.0003506982164853678,0.0012796003290771463,-0.0011392133246326264,-0.0001256482241286383,0.0003506982164853678,0.0022885239356518206,0.008987670468717956,0.004083340351505926,0.0022885239356518206,0.0022885239356518206,-0.00028818968451482796,-0.0012029960892790958,-0.00026640874326344655,-0.00028818968451482796,-0.00028818968451482796,-6.429654428941056e-05,-0.0003252158326529919,-0.0005808586214262057,-0.0002314989081624308,-6.429654428941056e-05
2015-05,0.0,0.0,0.0,0.0,0.0,0.0012972589188597894,0.005051426759198119,-7.4435047122678455e-06,0.0012972589188597894,0.0012972589188597894,0.00047630399832931936,0.0018960975618489417,-0.005416811109162034,0.00047630399832931936,0.00047630399832931936,0.005392039591952669,0.021594154932561782,0.007853836708783701,0.005392039591952669,0.005392039591952669,0.0022316073632764333,0.00874099100916892,0.009976979585071266,0.0022316073632764333,0.0022316073632764333,0.0010044550036059086,0.003948727447381284,-0.0016802946858478496,0.0010044550036059086,0.0010044550036059086,0.0025084433253059757,0.009977888012705716,0.0015756582073194192,0.0025084433253059757,0.0025084433253059757
2015-06,0.01796214735278534,0.07120910599459962,0.01881720715317381,0.01796214735278534,0.01796214735278534,-0.004805271044441395,-0.019197598287655215,-0.005770446725911982,-0.0049716153345272796,-0.004805271044441395,-0.0021792704206676783,-0.008699318021021973,-0.005130672838360217,-0.0038075200519083197,-0.0021792704206676783,0.0011178870844554822,0.004311260679824125,0.0032800182280319223,0.0011178870844554822,0.0011178870844554822,0.003975156056159612,0.015707109287195875,0.009958297911326852,0.003975156056159612,0.003975156056159612,-0.0036681527406815517,-0.014647331917427842,-0.005162190639447006,-0.004254842347120813,-0.0036681527406815517,-0.0019808363494007164,-0.007982574523304642,-0.002187827290917821,-0.002360249608898801,-0.0019808363494007164
2015-07,0.011029905436416243,0.04003610598762397,0.0011883761384847702,0.033675264087929646,0.011029905436416243,0.0016605583809694568,0.006621539813049582,0.0016605583809694568,0.0016605583809694568,0.0016605583809694568,-0.002052336433421842,-0.008201125813332766,-0.006290635926485266,-0.0025500902025656913,-0.002052336433421842,0.0071483086863377565,0.028645497330966885,0.0031945803961355157,0.0071483086863377565,0.0071483086863377565,0.007877988598781194,0.03129724349547147,0.01068344665676002,0.010818990885530289,0.007877988598781194,0.0006706877467814731,0.002667159213671111,-0.0007551168241786144,0.000887197857143418,0.0006706877467814731,0.0030264937890791543,0.01209312548269903,0.000717033781398424,0.003162862946005429,0.0030264937890791543
2015-08,-0.04596223437580327,-0.1744082487425308,-0.15280495483631162,-0.07728122502511436,-0.04596223437580327,-0.003672953148388447,-0.01463999893148249,-0.005745430705415111,-0.003672953148388447,-0.003672953148388447,-0.0035163811665068767,-0.014009066192948505,-0.008621146057608442,-0.004928735944333407,-0.0035163811665068767,-0.008009403968612605,-0.03198764550721089,-0.008694850320809966,-0.008009403968612605,-0.008009403968612605,-0.011064263353604331,-0.04387286270013646,-0.01737294077494156,-0.015805355128618026,-0.011064263353604331,-0.004440871462473184,-0.017662470371411,-0.00964996318376854,-0.005563050664408431,-0.004440871462473184,-0.005688164718856803,-0.022623397123537226,-0.00939890454970127,-0.006442275229248229,-0.005688164718856803
2015-09,0.0,0.0,0.0,0.0,0.0,-0.0006522161288694539,-0.00260881779197919,-0.0002623728231473388,-0.0006522161288694539,-0.0006522161288694539,8.12584386904458e-05,0.0003208521139053122,9.517435307659916e-05,-0.00028490629374133825,8.12584386904458e-05,-0.004415600391801222,-0.0176858914563629,-0.004415600391801222,-0.004415600391801222,-0.004415600391801222,-0.003478428823440738,-0.013951759358323268,-0.003478428823440738,-0.003478428823440738,-0.003478428823440738,-0.0003438268968013469,-0.001375965061276907,-9.26904013377472e-05,-0.0004837018972052576,-0.0003438268968013469,-0.0016495052197637028,-0.00659683103559594,-0.0014726035254214453,-0.0017467128137741428,-0.0016495052197637028
2015-10,0.013167194446615405,0.05328658927320484,0.043425234248550604,0.013167194446615405,0.013167194446615405,0.0005548733079654422,0.002201827361886677,0.000409186802511341,0.0005548733079654422,0.0005548733079654422,-0.0018064761772351723,-0.0072190103033054065,-0.006847939697733119,-0.001434745899562273,-0.0018064761772351723,0.009062976773623,0.03659923081328942,0.009062976773623,0.009062976773623,0.009062976773623,0.012035818700241174,0.04879996529265318,0.02119549753121297,0.012035818700241174,0.012035818700241174,2.767765277567058e-05,0.00010089056521889184,-0.0010717481911562965,0.00018536171316707595,2.767765277567058e-05,0.0028518616342030345,0.011431624870451573,0.002081966996069662,0.002958645787001446,0.0028518616342030345
2015-11,0.015224242503467877,0.058018907642069406,0.09647295669777312,0.015224242503467877,0.015224242503467877,-0.0008038145215558679,-0.003232350783885285,-0.002012263471399489,-0.0008038145215558679,-0.0008038145215558679,0.0014593742812727406,0.005842920608963187,0.00219143881011008,0.0014593742812727406,0.0014593742812727406,0.0024302005971483798,0.00958581642203793,0.0021183868712584264,0.0024302005971483798,0.0024302005971483798,0.003642737830407805,0.014286906255568832,0.021328355224337736,0.003642737830407805,0.003642737830407805,0.0005362868314369162,0.0021360142753290567,0.002398310132173398,0.0005362868314369162,0.0005362868314369162,0.0011234102114947575,0.004469292796112301,0.0023167068871745577,0.0011234102114947575,0.0011234102114947575
2015-12,0.008487480548332815,0.0316216083856149,0.00445260043308493,0.008487480548332815,0.008487480548332815,-0.0034773786182005217,-0.013940017176748976,-0.00392547897899409,-0.0034773786182005217,-0.0034773786182005217,-0.0007881924275207064,-0.003155928204092495,-0.0014878705752163768,-0.0007881924275207064,-0.0007881924275207064,-0.0006179477968319969,-0.002892540071756211,-0.000825447739430829,-0.0006179477968319969,-0.0006179477968319969,0.0004869007290073668,0.0015009697194021676,0.0004869007290073668,0.0004869007290073668,0.0004869007290073668,-0.002227836532056382,-0.008924465075762278,-0.0028167759021775485,-0.002227836532056382,-0.002227836532056382,-0.0017592572009719198,-0.007123804027029279,-0.002226871626312965,-0.0017592572009719198,-0.0017592572009719198
2016-01,0.0468191494788992,0.18041463780787237,0.043793207023296477,0.0468191494788992,0.0468191494788992,-0.0009482700785746756,-0.003806770012815708,-0.0011655636418688164,-0.0009482700785746756,-0.0009482700785746756,0.0003563500988932322,0.0014233655878606033,0.0003563500988932322,0.0003563500988932322,0.0003563500988932322,-0.012483649603024283,-0.04927129542766684,-0.013066972784638642,-0.012483649603024283,-0.012483649603024283,-0.007736886180806479,-0.030784179987160876,-0.007736886180806479,-0.007736886180806479,-0.007736886180806479,0.0005644913640641125,0.002242288899452438,0.00034571625370594106,0.0005644913640641125,0.0005644913640641125,-0.0035505440804979305,-0.014176212714629433,-0.0038830828267278905,-0.0035505440804979305,-0.0035505440804979305
2016-02,0.008774264563452094,0.03427081651588182,0.02713318371008877,0.008774264563452094,0.008774264563452094,0.0021712816919279287,0.008680741208726639,0.007136393914763506,0.0021712816919279287,0.0021712816919279287,-0.0006383883962345349,-0.002574342996275014,0.0036264612226311055,-0.0006383883962345349,-0.0006383883962345349,-0.00113244860302264,-0.004601604933790027,-0.002640759545089466,-0.00113244860302264,-0.00113244860302264,0.0018427794152837684,0.007291182874417768,0.0018427794152837684,0.0018427794152837684,0.0018427794152837684,0.0012724116936344565,0.0050783995230681,0.006314159785991702,0.0012724116936344565,0.0012724116936344565,0.0005695464513750803,0.0022623199518607695,0.0036638947284628465,0.0005695464513750803,0.0005695464513750803
2016-03,-0.016428318387189167,-0.06559134092033447,-0.03663728123332177,-0.016428318387189167,-0.016428318387189167,0.004309856311272675,0.01728477201978862,0.004968601242517856,0.004309856311272675,0.004309856311272675,0.0003323930066327918,0.0013073282017155297,0.0034427013641791238,-0.0008228680018075307,0.0003323930066327918,0.006993152244604284,0.028163308288399636,0.012067807498192806,0.006993152244604284,0.006993152244604284,0.0022650210665213777,0.008977398918514679,0.0022650210665213777,0.0022650210665213777,0.0022650210665213777,0.002348111297691524,0.00938497085042922,0.003345186701847691,0.0019482721431032246,0.002348111297691524,0.0037745616970459306,0.015141317516919717,0.006041202447518046,0.003499957233362938,0.0037745616970459306
2016-04,0.022395634825904454,0.08970213942490379,0.07179235984953225,0.07179235984953225,0.07368417579785258,-8.796009060463295e-05,-0.0004108142598278075,0.0003721415154838148,-8.796009060463295e-05,-8.796009060463295e-05,0.0023027302225586688,0.00920170232076778,0.004394035390003159,0.0023027302225586688,0.0023027302225586688,0.0005394929662176917,0.001981392443338059,-0.003283052379502438,0.0005394929662176917,0.0005394929662176917,0.0036647656512618365,0.01446160967544774,0.0036647656512618365,0.0036647656512618365,0.0036647656512618365,0.0014584189407171877,0.005813391485806063,0.004101932419231069,0.003125947785136418,0.003179952570208533,0.001160622085567553,0.004600285067470233,0.0016918199770850073,0.0022788020704578305,0.002315345026076887
2016-05,0.023399892750306517,0.09347488886709665,0.04705837787797873,0.06206393287773948,0.06206393287773948,-0.0013331496621347139,-0.005363895345606551,-0.002585361905917072,-0.0013331496621347139,-0.0013331496621347139,-0.002710985396540133,-0.010840158365238106,-0.0004625879107352793,-0.004075127803850109,-0.002710985396540133,0.0028293871844546903,0.011258271987566015,0.003129203059191177,0.0028293871844546903,0.0028293871844546903,0.0019329461518549085,0.007519882719670301,0.0019329461518549085,0.0019329461518549085,0.0019329461518549085,-0.0009694881323171201,-0.0038999630555391906,-0.0002737728339893275,-0.00015918968066974681,0.00028146037923271194,0.00027224557201321886,0.0010529056516179747,0.000833735432791638,0.0008199456491955193,0.0011169194199525112
2016-06,0.0217362615660055,0.07496889784004312,0.026506675686266634,-0.01727531018283357,-0.01727531018283357,0.0008607100613660101,0.003249547840384004,-0.0015517224648576855,0.0005224722665160275,0.0008607100613660101,0.0015179792431636585,0.006038974536840769,0.004056558745168859,0.0015179792431636585,0.0015179792431636585,0.0007679935188715792,0.002901199873308835,-0.0008245524144481209,0.0007679935188715792,0.0007679935188715792,0.0016523548476143901,0.006335819338845861,0.0045574321969041875,0.0016523548476143901,0.0016523548476143901,0.0017735901584099434,0.007007838787089105,0.0016913354049759022,0.0009816587795077325,0.0012186124522801656,0.0014776149675324035,0.005805473647218173,0.000933356853675571,0.0009608432235568287,0.001116891727574565
2016-07,-0.019290391200811552,-0.07636975049229577,-0.06266439301885185,-0.019290391200811552,-0.019290391200811552,0.00636341807011731,0.02563949797565157,0.00636341807011731,0.00636341807011731,0.00636341807011731,7.884373275990342e-05,0.00028322751517539935,-0.0019286416732174905,7.884373275990342e-05,7.884373275990342e-05,0.007953521200122049,0.0321367077350696,0.01027643151530322,0.010151721054902696,0.007953521200122049,0.005256999917846006,0.021098093303396404,0.005256999917846006,0.005256999917846006,0.005256999917846006,0.0037618295363777143,0.015095686703930022,0.002026025951359367,0.0037618295363777143,0.0037618295363777143,0.005304024179103806,0.02135206017568958,0.005051468681552818,0.006106663956062075,0.005304024179103806
2016-08,-0.013101206666152887,-0.05216429003400813,-0.02016267198188615,-0.013101206666152887,-0.013101206666152887,-0.001612226286294427,-0.006503899214610476,-0.001612226286294427,-0.001612226286294427,-0.001612226286294427,-0.003966972824317794,-0.01580701447177968,-0.00467058052533631,-0.003966972824317794,-0.003966972824317794,0.0006477368692459073,0.0025199440065435397,0.0033436422230843643,0.0011702820731671615,0.0006477368692459073,0.0010341439364367488,0.004002585668739789,0.0010341439364367488,0.0010341439364367488,0.0010341439364367488,-0.002603886397399502,-0.010410723399777222,-0.0030101098977113327,-0.002603886397399502,-0.002603886397399502,-0.0014113286659990232,-0.005673626260665476,-0.0006844343712056888,-0.0012228055674035065,-0.0014113286659990232
2016-09,-0.007532452640051979,-0.03075665177228304,-0.017342998227510398,-0.007532452640051979,-0.007532452640051979,-0.0016363052491336072,-0.006963220043155416,-0.0007629581640065108,-0.0016363052491336072,-0.0016363052491336072,-0.000220037160691966,-0.0009074340976505946,-0.0024300941623001115,-0.000220037160691966,-0.000220037160691966,-0.0017644403349742488,-0.007335196422423085,-0.00425631123139425,-0.0014105258553149813,-0.0017644403349742488,0.0012316484287984153,0.004559050505132278,0.0012316484287984153,0.0012316484287984153,0.0012316484287984153,-0.0016254601435671256,-0.006701818353355482,-0.0021121331277230704,-0.0016254601435671256,-0.0016254601435671256,-0.001675872453437699,-0.0069221438973408045,-0.002894646801335665,-0.0015458819533378243,-0.001675872453437699
2016-10,-0.0029957269723678293,-0.012211155805044727,-0.01930887385330049,-0.005556332540091802,-0.0029957269723678293,-0.003517364937050238,-0.014053644510827357,-0.004128556679672046,-0.003517364937050238,-0.003517364937050238,-0.0009079955851644117,-0.003642526171324323,0.0008396490331430417,-0.0009079955851644117,-0.0009079955851644117,0.0010171956987830022,0.003967025700509774,0.00481694283898193,0.0010171956987830022,0.0010171956987830022,0.004465565226094315,0.017862448430271183,0.004465565226094315,0.004465565226094315,0.004465565226094315,-0.002625296068370142,-0.01048285285442363,-0.0030396740720712856,-0.002717465353983206,-0.002625296068370142,-0.0013318281309511182,-0.00535703576658586,-0.00026199263281578844,-0.0013910548757644081,-0.0013318281309511182
2016-11,-0.009852680897177168,-0.03967962468959274,-0.03876102228016909,-0.012808699405525759,-0.009852680897177168,0.004107550161047913,0.016495282872174277,0.0036403439867787046,0.004107550161047913,0.004107550161047913,0.002295397095257945,0.009169339429204282,0.0037249651287345475,0.0025868567110893803,0.002295397095257945,0.005457106453570226,0.021868403239472034,0.010104590616978548,0.005457106453570226,0.005457106453570226,-0.0019031413392686103,-0.00784432227346199,-0.0019031413392686103,-0.0019031413392686103,-0.0019031413392686103,0.00297690467908418,0.011937527057144015,0.001988412007114304,0.00296133981709068,0.00297690467908418,0.003819974217297073,0.015329476572979894,0.004711386151332153,0.003810942028002362,0.003819974217297073
2016-12,0.016208421021893127,0.06575324931017934,0.01097083681290223,0.01097083681290223,0.016208421021893127,0.0020410561213468625,0.008091576397742717,0.0020410561213468625,0.0020410561213468625,0.0020410561213468625,0.001985419454490378,0.00793829953603864,0.004499658393519068,0.001985419454490378,0.001985419454490378,0.0038594754762564243,0.015388757612232462,0.003891240789438477,0.0038594754762564243,0.0038594754762564243,0.009123382388026124,0.03681769189307338,0.00690232991189399,0.009123382388026124,0.009123382388026124,0.002596825043210904,0.010383861080910606,0.003131262325784645,0.002364210398941191,0.002596825043210904,0.0029812707245944203,0.011913657190483429,0.0033567770169224964,0.0028231922775918683,0.0029812707245944203
2017-01,-0.01625029527772648,-0.06780389506915563,-0.03789123119800186,-0.038773889349856594,-0.01625029527772648,0.0032585063429975136,0.013016212328213372,0.003106302145951201,0.0032585063429975136,0.0032585063429975136,-0.0017410407359002011,-0.006957615160177011,-0.0015120857752636274,-0.0017410407359002011,-0.0017410407359002011,0.007115565219695252,0.028624958803097345,0.012684082460217905,0.007115565219695252,0.007115565219695252,0.013045737427834325,0.05290496775902187,0.03655263792672625,0.013045737427834325,0.013045737427834325,0.0012672178072448137,0.005029435221864498,0.0004950453833545421,0.0004889419848244092,0.0012672178072448137,0.003207188833670882,0.01282570427039631,0.0045342680598532414,0.0026827542953493655,0.003207188833670882
2017-02,0.02107568226631651,0.08597897425754164,0.06624633943031277,0.02107568226631651,0.02107568226631651,0.006386267021261105,0.025740762859256527,0.0074380894729348945,0.006386267021261105,0.006386267021261105,0.00041375277445521164,0.0016333110624715541,0.0023849600385295044,0.00041375277445521164,0.00041375277445521164,0.012171780063157556,0.049470703959237916,0.017127025292559495,0.012171780063157556,0.012171780063157556,0.010907459087924787,0.04423374739479513,0.01970702508824318,0.010907459087924787,0.010907459087924787,0.00519120031141207,0.02089591492394871,0.007729522674590594,0.00519120031141207,0.00519120031141207,0.007481490761196863,0.03021569838415128,0.010793754500675767,0.007481490761196863,0.007481490761196863
2017-03,0.13512960590701617,0.6044354921322503,0.2101743841285615,0.13512960590701617,0.13512960590701617,0.0004513952181115499,0.0016793011962163984,-0.0016712879695233163,0.0004513952181115499,0.0004513952181115499,-0.00310725851947391,-0.01239258253240938,-0.008382788634641924,-0.003258018254680417,-0.00310725851947391,0.002335510120965445,0.009143875323925243,0.002750059379714731,0.002335510120965445,0.002335510120965445,0.004271253038155232,0.016889484975460833,0.004271253038155232,0.004271253038155232,0.004271253038155232,0.0018848595577900529,0.007467652112027823,0.0007144667474561217,0.0018418583421087042,0.0018848595577900529,0.001992862929036665,0.007873811887912252,0.0013242307097749428,0.0019644763924551167,0.001992862929036665
2017-04,0.16178270057028232,0.7812114174475426,0.16178270057028232,0.16178270057028232,0.16178270057028232,0.002098491833940397,0.008342762804673054,0.0011308459786900649,0.002098491833940397,0.002098491833940397,-0.0020711686308444444,-0.008274828988573457,-0.001867665740037383,-0.0002578941153685843,0.00026769798819481494,0.005334237837111733,0.021375992206807526,0.006479975379764857,0.005334237837111733,0.005334237837111733,0.010355476197276836,0.041812462920616245,0.010355476197276836,0.010355476197276836,0.010355476197276836,0.0029722275196830683,0.011903027207212924,0.002349864813326663,0.0034886030466063644,0.0036416267271959235,0.0037692407872866873,0.01510059698241939,0.0037425540034359273,0.004110813287288906,0.004211455347959303
2017-05,0.3176263461792437,1.7942745255724364,0.3176263461792437,0.3176263461792437,0.3176263461792437,0.0032026384516141704,0.01276910791635344,0.00319474600899583,0.0030294145520906035,0.0032026384516141704,-0.001523689870031042,-0.006095039440390693,-0.004949662953072864,-0.0022351418955193214,-0.00222582037462149,0.007024459929888316,0.028197828822417836,0.006156099541051008,0.007024459929888316,0.007024459929888316,0.012566293126486716,0.050906579859473666,0.012264592317555723,0.012566293126486716,0.012566293126486716,0.00498449701410375,0.020022258602093057,0.003981384249191144,0.0046317087178979754,0.004762093380962229,0.005685895107880645,0.02284553684611157,0.004728754665246582,0.005451872805108726,0.00553944569172371
2017-06,0.057125044117767754,0.21728113889292255,0.057125044117767754,0.057125044117767754,0.057125044117767754,-2.088989514681394e-05,-0.00018557300063337667,-0.0006833825017248385,0.00030642242958678345,-2.088989514681394e-05,-0.0005634221903548786,-0.0022722276709605804,-0.0055928800972122605,-0.002592291109295264,-0.002592291109295264,-0.0004904704922608083,-0.002213362538321495,0.00020020557021882546,-0.0004904704922608083,-0.0004904704922608083,0.0008656254444074918,0.0029111722445918087,0.00360631209654505,0.0008656254444074918,0.0008656254444074918,0.0003659161829467905,0.0014057268334033424,-0.0015676845027121633,5.156454172539071e-07,-0.0002314568461276867,9.956522644771759e-05,0.00029997374676415944,-0.0009868880795909085,-0.0001469155344958617,-0.00029811775304788846
2017-07,-0.008816587018635968,-0.06328872036631583,-0.008816587018635968,-0.008816587018635968,-0.008816587018635968,0.0034247015487098853,0.013723055534172524,0.0033901548517494273,0.0033078592385411554,0.0034247015487098853,0.0028644589069346527,0.01148764190947782,0.0015264694054895056,0.0028644589069346527,0.0028644589069346527,0.006318135815362114,0.025403374524410882,0.007096715650187102,0.006318135815362114,0.006318135815362114,0.011388281202083794,0.046025822527884674,0.018570530768381666,0.011388281202083794,0.011388281202083794,0.003121470048149222,0.012517294180492522,0.0027134873184324615,0.0030407717476732543,0.003121470048149222,0.004120537594007656,0.01654428039979572,0.004082698344969327,0.004064780079077623,0.004120537594007656
2017-08,0.12717594289817336,0.5946752878351291,0.12717594289817336,0.12717594289817336,0.12717594289817336,0.0012052482091671202,0.004740441202019108,0.004651332195276581,0.0012052482091671202,0.0012052482091671202,0.0009294351145088253,0.0037025592325188317,0.00377704486461905,0.0009294351145088253,0.0009294351145088253,0.002113614153338217,0.008283903071629517,0.0015583737202218284,0.002113614153338217,0.002113614153338217,0.012620532189648426,0.05090337906146036,0.01622042756157449,0.012620532189648426,0.012620532189648426,0.0023347618443454454,0.009318891196009371,0.0055760392524799585,0.0023347618443454454,0.0023347618443454454,0.002233721982557224,0.008883431140783715,0.004278543395555889,0.002233721982557224,0.002233721982557224
2017-09,-0.05010807504790871,-0.21525343418847087,-0.05010807504790871,-0.05010807504790871,-0.05010807504790871,0.0020201534499888485,0.008079903268198407,0.001775555520260097,0.0020705716043663003,0.0020201534499888485,-0.0012335213862136873,-0.004951300342654452,-0.0019398096709575263,-0.0012335213862136873,-0.0012335213862136873,0.0009584014373775762,0.0037294543346446662,0.003185917682212658,0.0009584014373775762,0.0009584014373775762,0.0014690368340763982,0.0055000822098278945,0.0014690368340763982,0.0014690368340763982,0.0014690368340763982,0.0005274365878695786,0.0020914008777002113,0.00015464632886397212,0.0005619755037207241,0.0005274365878695786,0.0006595131186113434,0.0026084145240083956,0.0011140644611851158,0.000682957119163996,0.0006595131186113434
2017-10,0.03048986511530094,0.12090494353436299,0.03048986511530094,0.03048986511530094,0.03048986511530094,0.0043650189811856865,0.017530577728616104,0.0029825920011532503,0.0044038183752772575,0.0043650189811856865,-0.0011025853732893331,-0.0044319892421258444,-0.002470124074904323,-0.0011025853732893331,-0.0011025853732893331,0.010913931127809473,0.044185910692976504,0.013492813773008816,0.010913931127809473,0.010913931127809473,0.011115356320724246,0.044985220929386394,0.011115356320724246,0.011115356320724246,0.011115356320724246,0.0031257258576067315,0.012536289910634046,0.001765036452171742,0.003153570762310709,0.0031257258576067315,0.005495928648116877,0.022114438808013448,0.005293227466332873,0.005515580620772731,0.005495928648116877
2017-11,0.07781458077866654,0.3285390230843417,0.07781458077866654,0.07781458077866654,0.07781458077866654,0.004657614280920264,0.01867858741945616,0.0050897245276824155,0.004909948909959327,0.004657614280920264,0.00012778794143364358,0.0004711623293760514,0.000513902832816493,0.00012778794143364358,0.00012778794143364358,0.005935293337756331,0.023751997789832613,0.004940534340839076,0.005935293337756331,0.005935293337756331,0.007161788963378601,0.02858672183982547,0.007161788963378601,0.007161788963378601,0.007161788963378601,0.004333559003999232,0.017390818388703266,0.004738770940631243,0.004513187419893816,0.004333559003999232,0.004814243838256127,0.01931477368770107,0.00481029421865542,0.004942482051868424,0.004814243838256127
2017-12,0.3521699307106996,2.07310007245348,0.3521699307106996,0.3521699307106996,0.3521699307106996,0.0018783865595954907,0.0074853090370858855,0.0032476251187627536,0.0018783865595954907,0.0018783865595954907,0.002706871293038704,0.010851228232493293,0.005390625212407185,0.002706871293038704,0.002706871293038704,0.0016380566372338201,0.006486826797366563,0.0015011180641526511,0.0016380566372338201,0.0016380566372338201,0.004953500556564183,0.01964210678240108,0.004953500556564183,0.004953500556564183,0.004953500556564183,0.005469458619932643,0.022015785957499423,0.007238375519995399,0.005469458619932643,0.005469458619932643,0.004349559725360219,0.017467010457244525,0.005567599972856385,0.004349559725360219,0.004349559725360219
2018-01,-0.02789043157638793,-0.14491483835974572,-0.02789043157638793,-0.02789043157638793,-0.02789043157638793,0.009549279122451626,0.0385860983970594,0.0111875642834538,0.009549279122451626,0.009549279122451626,0.004036599858941781,0.01618924578184866,0.004046960092453089,0.004036599858941781,0.004036599858941781,0.015396060582594462,0.06275057872196865,0.016174366643344262,0.015396060582594462,0.015396060582594462,0.017244328739639103,0.0703761409683048,0.016444611574245593,0.017244328739639103,0.017244328739639103,0.007615413902143597,0.030706977393854862,0.008742212281093176,0.007615413902143597,0.007615413902143597,0.009910957200485848,0.04009823555479253,0.010941048936581543,0.009910957200485848,0.009910957200485848
2018-02,-0.004233761392704705,-0.06411801704753639,-0.004233761392704705,-0.004233761392704705,-0.004233761392704705,-0.009293303381398443,-0.03732413043239602,-0.008840681440426934,-0.009293303381398443,-0.009293303381398443,-0.0034841253137819495,-0.01391691961824082,-0.001979562915375932,-0.0034841253137819495,-0.0034841253137819495,-0.009790512844227828,-0.040119573494305394,-0.009790512844227828,-0.009790512844227828,-0.009790512844227828,-0.011350852699155367,-0.04728432399403848,-0.011350852699155367,-0.011350852699155367,-0.011350852699155367,-0.007273223831059772,-0.029160299372864573,-0.0063718514439856655,-0.007273223831059772,-0.007273223831059772,-0.00805700831662215,-0.03246547325431959,-0.00740090410866312,-0.00805700831662215,-0.00805700831662215
2018-03,-0.05832110285212799,-0.21973881430190034,-0.05832110285212799,-0.05832110285212799,-0.05832110285212799,-0.003120949435122089,-0.01259840697129655,-0.004856156333178374,-0.003120949435122089,-0.003120949435122089,0.0012243894342887085,0.004887845600438645,0.00315403608928988,0.0012243894342887085,0.0012243894342887085,-0.009773753386345896,-0.03905307588294937,-0.009773753386345896,-0.009773753386345896,-0.009773753386345896,-0.01224463965736411,-0.04907705008127894,-0.01224463965736411,-0.01224463965736411,-0.01224463965736411,-0.0022252015687012072,-0.008937117812434225,-0.002466244819144592,-0.0022252015687012072,-0.0022252015687012072,-0.0043323048489875005,-0.01736196335772,-0.004497007773109463,-0.0043323048489875005,-0.0043323048489875005
2018-04,0.026619889483937342,0.09852841890500108,0.11059342813354056,0.026619889483937342,0.026619889483937342,-0.002574896071322108,-0.010303267281757456,-0.0019532151817950316,-0.002574896071322108,-0.002574896071322108,-0.0002254155628886867,-0.0009264998238139865,-0.0003046172873447661,-0.0002254155628886867,-0.0002254155628886867,-0.0027032097306811664,-0.010999162115256533,-0.004517785389615114,-0.0027032097306811664,-0.0027032097306811664,-0.0036407922607967214,-0.014715778178220118,-0.001218907937074576,-0.0036407922607967214,-0.0036407922607967214,-0.0011451130811482857,-0.004595369572708341,0.0005743134084446044,-0.0011451130811482857,-0.0011451130811482857,-0.0015505515155807004,-0.006237522729566014,-0.0007720972257913017,-0.0015505515155807004,-0.0015505515155807004
2018-05,-0.03270343412487842,-0.13198489866754992,-0.09135112661874878,-0.03270343412487842,-0.03270343412487842,0.0012142117175693024,0.004800176006441559,-0.000991735296486107,0.0012142117175693024,0.0012142117175693024,-0.000811308073948358,-0.003250023097859267,-0.00028082875334400903,-0.000811308073948358,-0.000811308073948358,0.006351974112952963,0.02552536181906162,0.007755216788100983,0.006351974112952963,0.006351974112952963,0.006789275283094032,0.027256544294437912,0.0008226438515683832,0.006789275283094032,0.006789275283094032,-0.00014122489270429472,-0.0005923962259933857,-0.002196628277385426,-0.00014122489270429472,-0.00014122489270429472,0.0016174864780253984,0.006443936202783274,0.0004975154236099844,0.0016174864780253984,0.0016174864780253984
2018-06,0.0,0.0,0.0,0.0,0.0,0.0011088852840366314,0.004384388953178053,0.0007772498856390975,0.0011088852840366314,0.0011088852840366314,-0.0003286442723312577,-0.001347062957857581,-0.0017651057714741514,-0.0003286442723312577,-0.0003286442723312577,0.003168483127019117,0.012560405382865625,0.004204675235225386,0.0030828229909172222,0.003168483127019117,0.0032979099023222602,0.012847926906605966,0.0032979099023222602,0.0032979099023222602,0.0032979099023222602,0.0004883337826513401,0.0019204637915823941,-0.00024699965172969574,0.0004883337826513401,0.0004883337826513401,0.0012135869085874162,0.004808813409229451,0.0009728740743273345,0.0011882287200408737,0.0012135869085874162
2018-07,0.0,0.0,0.0,0.0,0.0,0.0022820492217301425,0.009106994244088451,0.0049471426105967,0.0022820492217301425,0.0022820492217301425,-0.0005685939341301127,-0.002280833878544608,-0.0004409940431248094,-0.0005685939341301127,-0.0005685939341301127,0.005129095501132053,0.020490741462359185,0.007801764170758618,0.006339704982845529,0.005129095501132053,-0.0045235348815703125,-0.019011493253416667,-0.0045235348815703125,-0.0045235348815703125,-0.0045235348815703125,0.0012453060053814191,0.0049657743982627345,0.0029964746905206674,0.0012453060053814191,0.0012453060053814191,0.002417761270822938,0.009661620234733048,0.004442470399990128,0.002777468004957928,0.002417761270822938
2018-08,-0.001329280000436528,-0.005316199490257301,-0.005316199490257301,-0.001329280000436528,-0.001329280000436528,0.003176794595121324,0.012719253505948602,0.003222315388190733,0.0034422615695091086,0.003176794595121324,-3.3587871674845005e-05,-0.00013971056485606592,0.001864577364624198,0.0001329567604313464,-3.3587871674845005e-05,0.011366755922028515,0.046089580221609694,0.015217306680639808,0.014593184334089404,0.011366755922028515,0.010252956148251613,0.041330986378017354,0.00913657453100769,0.010252956148251613,0.010252956148251613,0.0020183837502001367,0.008079288660221673,0.0026275534549478063,0.0022580075772089536,0.0020183837502001367,0.004713118878841627,0.018945756198268215,0.0062516343101319816,0.005810489711487232,0.004713118878841627
2018-09,0.0072906182877328085,0.028554421598645074,0.009761130017401642,0.009761130017401642,0.0072906182877328085,-0.0001681049202939544,-0.0007119049334145533,-0.0013885952746889307,-0.0006245170356196095,-0.0001681049202939544,-0.0003958295831806291,-0.001589578910527023,-0.00284427881841931,-0.001608391154473976,-0.0003958295831806291,0.0016085905761062946,0.006371692019007558,-0.0022848220540502284,0.0011006373201161157,0.0016085905761062946,0.0031641914573175,0.012591984011232515,0.0036826235876838975,0.0036826235876838975,0.0031641914573175,-0.00010427232338938719,-0.00043482955437734727,-0.0016579986533783453,-0.0007569684055582782,-0.00010427232338938719,0.0004082616200444811,0.0016068558437760672,-0.0018275181370618343,-0.00019471078441390954,0.0004082616200444811
2018-10,-0.019405744576617034,-0.0764209410945893,-0.03750562452044903,-0.03484719357618349,-0.019405744576617034,-0.007662733419760648,-0.030426321965026926,-0.008657067821369324,-0.007662733419760648,-0.007662733419760648,0.0005573817716941765,0.0022136783375714675,0.0029965436954650926,0.0005573817716941765,0.0005573817716941765,-0.013482029205981183,-0.053336784374704904,-0.012753348657701169,-0.011472702495157194,-0.013482029205981183,-0.016852456792793458,-0.06648047108689537,-0.02028830337161991,-0.02028830337161991,-0.016852456792793458,-0.005179749052395821,-0.02063047558339226,-0.005536770229135568,-0.00546568714504958,-0.005179749052395821,-0.007585848096236525,-0.030147385382191416,-0.007640811450422391,-0.007206981042831684,-0.007585848096236525
2018-11,-0.00631463894161266,-0.025125642157245887,-0.025125642157245887,-0.00631463894161266,-0.00631463894161266,5.199494289387374e-05,0.00018549122254807315,-0.0002872326293144045,5.199494289387374e-05,5.199494289387374e-05,0.0024776070415561957,0.00992613850497337,0.005610903497467623,0.0024776070415561957,0.0024776070415561957,-0.0003783942367778792,-0.0017243552499262016,-0.0027702597341678903,-0.0030007868783141767,-0.0003783942367778792,-0.0036831855447194695,-0.014995998718599135,-0.0036831855447194695,-0.0036831855447194695,-0.0036831855447194695,0.0008385114326261434,0.0033492517249069653,0.0013393799010701368,0.0008385114326261434,0.0008385114326261434,0.0005010290654769989,0.0019735578218420535,0.0002378661192636855,-0.00019318748464980384,0.0005010290654769989
2018-12,0.0,0.0,0.0,0.0,0.0,-0.0012926758279580008,-0.005179890245217589,0.0021871082483100324,-0.0012926758279580008,-0.0012926758279580008,-0.002360165013075455,-0.009418148104371249,-0.0013221452013262303,-0.002360165013075455,-0.002360165013075455,-0.0075375741965924,-0.030045615361524725,-0.008287609944604646,-0.0075375741965924,-0.0075375741965924,-0.0037027257651278678,-0.014952235716489182,-0.0037027257651278678,-0.0037027257651278678,-0.0037027257651278678,-0.0016950362328143065,-0.006771378118401783,0.0007231960793681047,-0.0016950362328143065,-0.0016950362328143065,-0.003178839042718762,-0.012686574671336603,-0.0015565383455345971,-0.003178839042718762,-0.003178839042718762
2019-01,0.0,0.0,0.0,0.0,0.0,0.0016803075028595238,0.006719237486438434,0.0035664030303494965,0.0016803075028595238,0.0016803075028595238,0.00012846218057260828,0.0005070936212849819,0.002918130606795577,0.00012846218057260828,0.00012846218057260828,-0.000677814483681094,-0.0027801013815939024,-0.00047850425351370074,-0.000677814483681094,-0.000677814483681094,-0.0040392757548070035,-0.016202093988449073,-0.0040392757548070035,-0.0040392757548070035,-0.0040392757548070035,0.001000259156965333,0.003997754084885896,0.0031940179883693798,0.001000259156965333,0.001000259156965333,0.0005936656457310452,0.0023655853760078394,0.0022839537184766723,0.0005936656457310452,0.0005936656457310452
2019-02,-0.0012546410470573033,-0.00511737461523909,-0.0012546410470573033,-0.0012546410470573033,-0.0012546410470573033,0.0008622850320822995,0.003413040180759719,-0.0007995960765424526,0.0008622850320822995,0.0008622850320822995,-0.0004913342951184951,-0.001981856380544711,-0.0008740327516081337,-0.00043413911270351324,-0.0004913342951184951,0.002569106988984604,0.01026058421920184,0.0033831219858677652,0.002569106988984604,0.002569106988984604,0.0022816669057132977,0.009108183110249524,0.0022816669057132977,0.0022816669057132977,0.0022816669057132977,0.00024152932894239143,0.0009424170509746421,-0.0008686669124565727,0.0002597030575295367,0.00024152932894239143,0.0008437529233222829,0.0033545778487134026,0.00023275736947314662,0.0008559430848231742,0.0008437529233222829
2019-03,0.014541833948291227,0.058973049471769734,0.01466458565451445,0.01585952860098927,0.014541833948291227,0.0030088865548305588,0.01204322385173029,0.0020977963318398185,0.0030088865548305588,0.0030088865548305588,-0.0026685795929229927,-0.01063915663788706,-0.010287612646613375,-0.0026685795929229927,-0.0026685795929229927,0.005222973792581964,0.020887852705330223,0.007040961822838421,0.005222973792581964,0.005222973792581964,0.003733126102589024,0.014833966801733878,0.00024598792252783497,0.003733126102589024,0.003733126102589024,0.001218090785112258,0.004868210577246401,-0.0022216247078775675,0.0012620073603863968,0.001218090785112258,0.002318592426558519,0.009270399548158448,0.00031505946970056264,0.0023503594896221447,0.002318592426558519
2019-04,0.007053746900164581,0.026986196408022023,-0.0004160179233120287,0.007053746900164581,0.007053746900164581,0.0035324315138227647,0.014161927143771402,0.003682820513516427,0.0035324315138227647,0.0035324315138227647,-0.0011516748906663654,-0.0046019570257046505,-0.004173016285614728,-0.0018475328982769934,-0.0011516748906663654,0.007243193988848651,0.029236327898970904,0.014734893657277093,0.007243193988848651,0.007243193988848651,0.014218689112794447,0.05789652218896624,0.02411651355174138,0.014218689112794447,0.014218689112794447,0.0019529984283466195,0.007814425213561904,0.0008841517310949065,0.0016869442349367603,0.0019529984283466195,0.003462094946352856,0.013901047580941794,0.0048234240369566805,0.0032720484249748605,0.003462094946352856
2019-05,0.06307842855993862,0.2610208077949714,0.18745786884065185,0.06307842855993862,0.06307842855993862,-0.004777954371705917,-0.019077718545055022,-0.0057461166324268564,-0.004777954371705917,-0.004777954371705917,0.0004651701715208123,0.001857303591704218,-0.0013700438928356817,0.0004651701715208123,0.0004651701715208123,-0.010805832160625584,-0.04286551692159968,-0.01900575120633996,-0.010805832160625584,-0.010805832160625584,-0.004630224560977059,-0.018777789893166585,0.009343172592396698,-0.004630224560977059,-0.004630224560977059,-0.0009446854770400748,-0.003815046349202711,0.0010026015312927239,-0.0009446854770400748,-0.0009446854770400748,-0.0037225230364027473,-0.014892113078511682,-0.004646053331538003,-0.0037225230364027473,-0.0037225230364027473
2019-06,0.02190487125942453,0.07982874675203289,0.04016148139543585,0.02190487125942453,0.02190487125942453,0.006933921547902511,0.027938964704542046,0.0063556781263534035,0.006933921547902511,0.006933921547902511,0.0006042585529728584,0.0024121939648860113,0.0006042585529728584,0.0006042585529728584,0.0006042585529728584,0.010065214951243906,0.0407091842030447,0.014546494479923622,0.010065214951243906,0.010065214951243906,0.01679315711366347,0.06852202199951596,0.027816500096727204,0.01679315711366347,0.01679315711366347,0.004775811584264655,0.019205504811262264,0.005117549371436825,0.004775811584264655,0.004775811584264655,0.006265976550058339,0.025249969040852083,0.007771702604765229,0.006265976550058339,0.006265976550058339
2019-07,-0.04408773589409276,-0.172771766218757,-0.0963832405596664,-0.04408773589409276,-0.04408773589409276,0.0015690873749614198,0.006191998661087217,0.0006479593572579212,0.0015690873749614198,0.0015690873749614198,0.0006451319674547484,0.0025771262148091,0.0005107920317595216,0.0006451319674547484,0.0006451319674547484,0.001109542309001288,0.004326262517120982,0.0006147579888280408,0.0006171834093757766,0.001109542309001288,-0.0018826842946350064,-0.0077929056758289095,-0.009897597673593772,-0.0018826842946350064,-0.0018826842946350064,-8.214035684062093e-05,-0.00037201694863608914,-0.0020881643039438735,-8.214035684062093e-05,-8.214035684062093e-05,0.0002489821809887882,0.0009460863882229109,-0.0013375579175503027,0.00010302778759663234,0.0002489821809887882
2019-08,-0.00642487889108323,-0.02666019544993281,-0.009830292471077029,-0.00642487889108323,-0.00642487889108323,0.0005829494660174461,0.002190436206289892,0.0005777525334564881,0.0005829494660174461,0.0005829494660174461,0.001670253921282061,0.006682505490899215,0.001670253921282061,0.001670253921282061,0.001670253921282061,-0.0016399444682279052,-0.006981739009523258,-0.005596915281463333,-0.0016399444682279052,-0.0016399444682279052,-0.008098458620301452,-0.03256551311843481,-0.008098458620301452,-0.008098458620301452,-0.008098458620301452,0.0006277668750505061,0.002465954485492139,0.0005386531333748668,0.0006277668750505061,0.0006277668750505061,-3.2516595986353813e-05,-0.00024355215420801546,-0.0012466888925557473,-3.2516595986353813e-05,-3.2516595986353813e-05
2019-09,-0.004438732823602742,-0.017856669488519494,-0.019053110149993224,-0.004438732823602742,-0.004438732823602742,0.000455392608330385,0.00177919860698883,0.000455392608330385,0.000455392608330385,0.000455392608330385,-0.0009540884395591309,-0.003829901252941248,-2.4127863865741617e-06,-0.0009540884395591309,-0.0009540884395591309,0.0002654689773418095,0.0009532122374744656,-0.00046746734100167053,0.0002654689773418095,0.0002654689773418095,-0.0035012329198013115,-0.014247750972552709,-0.006212224476514261,-0.0035012329198013115,-0.0035012329198013115,-0.000335739511437394,-0.0013627339340098743,-0.000530941519828354,-0.000335739511437394,-0.000335739511437394,-0.00016013693344596458,-0.0006622184859288449,-0.0005110681447412224,-0.00016013693344596458,-0.00016013693344596458
2019-10,0.0028267696556540933,0.011296183091054512,0.0028267696556540933,0.0028267696556540933,0.0028267696556540933,-0.0009866377856690978,-0.003994451785340192,-0.0009866377856690978,-0.0009866377856690978,-0.0009866377856690978,-7.614025852964446e-05,-0.0003119815435325135,-0.0010606638830458204,0.00015956373102832266,-7.614025852964446e-05,0.0013539766434409461,0.005286050880294546,0.004661236475991926,0.0013539766434409461,0.0013539766434409461,0.0012932957543918544,0.004838030915751412,0.017214411764620685,0.0012932957543918544,0.0012932957543918544,-0.0004845419237216042,-0.0019543768378863513,-0.000876611530298832,-0.00039123895362347394,-0.0004845419237216042,5.5369665324045414e-05,0.00018802802140460706,0.0007342473456228849,0.00012203670075727757,5.5369665324045414e-05
2019-11,-0.003357597917447719,-0.013430739423316074,-0.0012463827483737422,-0.003357597917447719,-0.003357597917447719,0.0033094022151256564,0.013239346133903762,0.002880821037653636,0.0033094022151256564,0.0033094022151256564,-0.00159321627026221,-0.006363883268780013,-0.003052460423772385,-0.0029669144642887613,-0.00159321627026221,0.008465351653779596,0.0341877218147566,0.009856173560552017,0.008465351653779596,0.008465351653779596,0.008626978293142518,0.034787577150454885,0.011069070356398036,0.008626978293142518,0.008626978293142518,0.0011510661889435614,0.004588978737074534,0.0003946708193838244,0.0006156176668163926,0.0011510661889435614,0.003249086131880352,0.013025349173878542,0.003105760484673592,0.0028674903515069072,0.003249086131880352
2019-12,0.0,0.0,0.0,0.0,0.0,0.005935182026107544,0.023870997928072013,0.008150261695087258,0.005935182026107544,0.005935182026107544,0.0009188534514172897,0.003670286627653674,0.0008981272569350551,0.0009188534514172897,0.0009188534514172897,0.007610355289339621,0.030583454624539153,0.01082346237584031,0.007610355289339621,0.007610355289339621,0.010292605355316509,0.04156443826264744,0.014677096060812467,0.010292605355316509,0.010292605355316509,0.003807046996098906,0.015283934778186126,0.005079399574219101,0.003807046996098906,0.003807046996098906,0.004935523835511324,0.01982664132808387,0.006778810386050882,0.004935523835511324,0.004935523835511324
2020-01,0.01076816132867564,0.04259076089040614,0.04259076089040614,0.01076816132867564,0.01076816132867564,-0.0004377430134574478,-0.0018971677356129923,0.00024989206434522515,-0.0004377430134574478,-0.0004377430134574478,-0.0014355414565301317,-0.005741128051633848,-0.005019317244005506,-0.0014355414565301317,-0.0014355414565301317,0.003412540622431237,0.013316687781243619,0.001992062228238778,0.003412540622431237,0.003412540622431237,0.011267459978884009,0.04510203213984054,0.012533920012502975,0.011267459978884009,0.011267459978884009,-0.0004256331107703737,-0.0017615008688101064,-0.0003620175566388939,-0.0004256331107703737,-0.0004256331107703737,0.0007416207570456468,0.0028444396037210495,0.0003572408069403288,0.0007416207570456468,0.0007416207570456468
2020-02,-0.015726521304625818,-0.07375743669611445,-0.05518936403291341,-0.015726521304625818,-0.015726521304625818,-0.004937371917497324,-0.019934686060733564,-0.004937371917497324,-0.004937371917497324,-0.004937371917497324,-0.002015544086594878,-0.008077448552109345,-0.00335027713013214,-0.002015544086594878,-0.002015544086594878,-0.008565194929065933,-0.03475684851212335,-0.008199727648845023,-0.008565194929065933,-0.008565194929065933,-0.009444605951512641,-0.03890510250107382,-0.01468535665148829,-0.009444605951512641,-0.009444605951512641,-0.003907944732541191,-0.015698620277308284,-0.005120172296354197,-0.003907944732541191,-0.003907944732541191,-0.005173345440611654,-0.020830239241802606,-0.0059412148751200045,-0.005173345440611654,-0.005173345440611654
2020-03,-0.013809540681332999,-0.05601627492995975,-0.05601627492995975,-0.013809540681332999,-0.013809540681332999,-0.0009459580857922312,-0.003939947617489725,-0.0009459580857922312,-0.0009459580857922312,-0.0009459580857922312,-0.004438601577111845,-0.017677327511155472,-0.004675161042246301,-0.004438601577111845,-0.004438601577111845,-0.02086064520350528,-0.0819792513330393,-0.02086064520350528,-0.02086064520350528,-0.02086064520350528,-0.01228343284964506,-0.0492611413011278,-0.01228343284964506,-0.01228343284964506,-0.01228343284964506,-0.003546363524570828,-0.014162608337052962,-0.005558317096420073,-0.003546363524570828,-0.003546363524570828,-0.008047841505347209,-0.03194408707229146,-0.009534332934557743,-0.008047841505347209,-0.008047841505347209
2020-04,0.00588018053586481,0.023635336025503717,0.00588018053586481,0.00588018053586481,0.00588018053586481,0.004480498369740182,0.017983824180622943,0.004480498369740182,0.004480498369740182,0.004480498369740182,0.0009395977690340729,0.0037527968555568503,0.0009395977690340729,0.0009395977690340729,0.0009395977690340729,0.01073863256952845,0.04300021869830206,0.01073863256952845,0.01073863256952845,0.01073863256952845,0.0167329410157937,0.06785505178700335,0.0167329410157937,0.0167329410157937,0.0167329410157937,0.002769142169644523,0.011101537938522199,0.002769142169644523,0.002769142169644523,0.002769142169644523,0.004859211718734047,0.01949546328668328,0.004859211718734047,0.004859211718734047,0.004859211718734047
2020-05,0.008557633626560257,0.033989011679414816,0.008557633626560257,0.008557633626560257,0.008557633626560257,0.002528261264017395,0.010105313481990619,0.002528261264017395,0.002528261264017395,0.002528261264017395,0.0007628510068553584,0.003040671774937609,0.0007628510068553584,0.0007628510068553584,0.0007628510068553584,0.0051260408265798585,0.020309744090639015,0.0051260408265798585,0.0051260408265798585,0.0051260408265798585,0.012145950198845679,0.04863226799861198,0.012145950198845679,0.012145950198845679,0.012145950198845679,0.0020181588549172957,0.008072285600857043,0.0020181588549172957,0.0020181588549172957,0.0020181588549172957,0.002845186500416208,0.01137724544542662,0.002845186500416208,0.002845186500416208,0.002845186500416208
2020-06,-0.003951338989241937,-0.019060428037974808,-0.03773624932771358,-0.003951338989241937,-0.003951338989241937,-0.0006551658811303485,-0.002850668420043334,-0.0006551658811303485,-0.0006551658811303485,-0.0006551658811303485,-0.0015365813261327688,-0.006154303368854919,-0.0015365813261327688,-0.0015365813261327688,-0.0015365813261327688,0.0013232952949613352,0.0040063974059736385,0.0013232952949613352,0.0013232952949613352,0.0013232952949613352,0.009762054974440604,0.03741087542476107,0.009762054974440604,0.009762054974440604,0.009762054974440604,-0.0013089405326041081,-0.005325486770598964,-0.003310652370330347,-0.0013089405326041081,-0.0013089405326041081,-0.0005983005105889561,-0.002661674777666212,-0.0020483193193491234,-0.0005983005105889561,-0.0005983005105889561
2020-07,0.059621191739387625,0.25341975875086176,0.08227478606979921,0.059621191739387625,0.059621191739387625,0.010004136508783512,0.04049246807388163,0.010004136508783512,0.010004136508783512,0.010004136508783512,0.00914413154903504,0.037015599562749246,0.012535896883350661,0.00914413154903504,0.00914413154903504,0.013109578879583417,0.05289955806206481,0.013109578879583417,0.013109578879583417,0.013109578879583417,0.022784020907370417,0.09263911880290365,0.022784020907370417,0.022784020907370417,0.022784020907370417,0.012463924505761836,0.05066820830143337,0.015160643963573639,0.012463924505761836,0.012463924505761836,0.012685503902550854,0.05156017577835725,0.014653929268286792,0.012685503902550854,0.012685503902550854
2020-08,0.0005524805082317563,-0.0026168058886575363,0.009701353056603912,0.0005524805082317563,0.0005524805082317563,0.0068694844343193395,0.027590823385094998,0.0068694844343193395,0.0068694844343193395,0.0068694844343193395,0.004703141624256002,0.018852335897275863,0.006507419815911852,0.004703141624256002,0.004703141624256002,0.02019693588053606,0.08288056380665565,0.019437993096901085,0.02019693588053606,0.02019693588053606,0.0375931167385537,0.15785758502664393,0.0375931167385537,0.0375931167385537,0.0375931167385537,0.005579427039752449,0.022382541853819937,0.0067367318654663055,0.005579427039752449,0.005579427039752449,0.00971572179313318,0.03927387757961642,0.010328984965206622,0.00971572179313318,0.00971572179313318
2020-09,-0.03260774131664512,-0.13591193843603577,-0.03260774131664512,-0.03260774131664512,-0.03260774131664512,-0.00573712233788326,-0.02317407198765331,-0.008094471097228273,-0.00573712233788326,-0.00573712233788326,-0.0042257248101503775,-0.016866745815774964,-0.00478240080644865,-0.0042257248101503775,-0.0042257248101503775,-0.008197277120944757,-0.03375263802916706,-0.013325802084935057,-0.008197277120944757,-0.008197277120944757,-0.016245585629036774,-0.0660170264772848,-0.016245585629036774,-0.016245585629036774,-0.016245585629036774,-0.006451393409140249,-0.025838355666017,-0.007970560738536858,-0.006451393409140249,-0.006451393409140249,-0.006975272688852896,-0.028083736365659306,-0.009502225390154995,-0.006975272688852896,-0.006975272688852896
2020-10,0.017128647155034038,0.06696862842025819,0.024640561991591703,0.017128647155034038,0.017128647155034038,-0.002388168172775207,-0.009851264227937806,-0.002584392654483958,-0.002388168172775207,-0.002388168172775207,0.0002688891217810241,0.001036990711437591,0.0004206892808040763,0.0002688891217810241,0.0002688891217810241,-0.007979529974876831,-0.032257672564359074,-0.010053340235564923,-0.007979529974876831,-0.007979529974876831,-0.0037582709569251582,-0.0166092007051718,-0.0037582709569251582,-0.0037582709569251582,-0.0037582709569251582,-0.0004760967378233394,-0.0020673048309197695,-0.00017630761863529631,-0.0004760967378233394,-0.0004760967378233394,-0.002559295795412808,-0.010465362345024043,-0.0029245931157324545,-0.002559295795412808,-0.002559295795412808
2020-11,0.139161024380964,0.6175411372155479,0.19032861879500795,0.139161024380964,0.139161024380964,0.011972983283302874,0.04846081635160049,0.01187786165317628,0.012061532319641799,0.012061532319641799,0.002289892365750834,0.009170999589942275,0.0024512311529378827,0.002289892365750834,0.002289892365750834,0.01210616455888136,0.0489347257476318,0.019550794059004284,0.014057452502047152,0.01210616455888136,0.02810168019117243,0.11604042711583529,0.02810168019117243,0.02810168019117243,0.02810168019117243,0.014741417386414213,0.06002255197755302,0.01760776112326723,0.014790171533678675,0.014790171533678675,0.014061045912873382,0.057196838316867726,0.018173886645084236,0.014620598084774228,0.014096622671518233
2020-12,0.05696009242641353,0.22187328931778016,0.09913666382190067,0.05696009242641353,0.05696009242641353,0.005427791353711076,0.021775711491080818,0.004714798318176783,0.0065334036616435665,0.0065334036616435665,0.00476439799073769,0.019155729792638576,0.006098072728171866,0.00476439799073769,0.00476439799073769,0.00874604957409475,0.035233777489590556,0.01011203291099494,0.00874604957409475,0.00874604957409475,0.016277605764797975,0.06606264961249009,0.016277605764797975,0.016277605764797975,0.016277605764797975,0.006576910083204712,0.02650393305023857,0.007926781033366082,0.007198614252226898,0.007198614252226898,0.007158931090854415,0.028862464619646477,0.008512694676288568,0.007607245073654401,0.007607245073654401
2021-01,0.19611311107329565,0.8744275931825081,0.19611311107329565,0.19611311107329565,0.19611311107329565,-0.0015454494213985592,-0.006494270941289626,-0.00300783753015621,-0.0005128865548890138,-0.0005128865548890138,0.000936081781433673,0.003690712633840132,0.002384831766417461,0.000936081781433673,0.000936081781433673,-0.0037801152313461373,-0.015533286513963684,-0.0012748393454609097,-0.0037801152313461373,-0.0037801152313461373,-0.003517147568586898,-0.015054726646231864,-0.003517147568586898,-0.003517147568586898,-0.003517147568586898,0.003761514955889833,0.01492731914385459,0.003476202903701431,0.004362161996408265,0.004362161996408265,0.0016623807402822433,0.006435946190157749,0.0021620341407455612,0.0020942534693744186,0.0020942534693744186
2021-02,0.1801787233354495,0.8653858382895023,0.1801787233354495,0.1801787233354495,0.1801787233354495,0.00621691451919304,0.024851392800124827,0.01300396199602094,0.00942058607198959,0.00942058607198959,0.005567931152547834,0.022394937079981636,0.0077733711806082795,0.007012146867000801,0.005567931152547834,0.005359608378280312,0.021337768535013124,0.009723298253953905,0.005359608378280312,0.005359608378280312,0.00432527161986096,0.01654080999484031,0.00432527161986096,0.00432527161986096,0.00432527161986096,0.009171945224050848,0.03702687227831425,0.013975833087469303,0.011606064410403683,0.011033867223563254,0.008097609986522203,0.032606414346449286,0.01276990372952036,0.009850384311635763,0.009437585309147734
2021-03,0.05948228100906672,0.24491230155308652,0.05948228100906672,0.05948228100906672,0.05948228100906672,0.005591287049221405,0.02216816652898168,0.004880535225064486,0.004880535225064486,0.004880535225064486,-0.00082806087583287,-0.003338932171211617,0.003756627619399655,0.003756627619399655,-0.00082806087583287,0.003889460007858947,0.015340848020467757,0.004585103480599484,0.003889460007858947,0.003889460007858947,0.005149348563111333,0.019514173037350924,0.005149348563111333,0.005149348563111333,0.005149348563111333,0.0039734382584522,0.01582280084560117,0.005495774804315623,0.005495774804315623,0.0035704248838464014,0.003943942499563979,0.015682986884384187,0.005213558814828989,0.005016780242695695,0.003643624301029602
2021-04,0.12637939636661444,0.5696705728717453,0.12637939636661444,0.12637939636661444,0.12637939636661444,0.0074360971524927155,0.029915837305422688,0.0074360971524927155,0.0074360971524927155,0.0074360971524927155,0.005326871508871456,0.02144052515482131,0.007028262952192499,0.005326871508871456,0.005326871508871456,0.009991097088950296,0.0402297096050237,0.010800044111813456,0.009991097088950296,0.009991097088950296,0.01566735801951391,0.06343996890174552,0.01566735801951391,0.01566735801951391,0.01566735801951391,0.009098372183055314,0.036802311048883096,0.009794477432548243,0.009098372183055314,0.009098372183055314,0.00934722458700854,0.03779103294573627,0.010071797207160227,0.00934722458700854,0.00934722458700854
2021-05,-0.03059999406584135,-0.17373751958603978,-0.03059999406584135,-0.03059999406584135,-0.03059999406584135,0.0019432448511818023,0.007606407834177986,0.003100184753146218,0.0019432448511818023,0.0019432448511818023,0.0021299149024880393,0.008513966243671733,0.004613302625021243,0.0021299149024880393,0.0021299149024880393,0.0025427475953943013,0.009932610921707052,0.0025427475953943013,0.0025427475953943013,0.0025427475953943013,-0.006056918695914071,-0.02457382171298339,-0.006056918695914071,-0.006056918695914071,-0.006056918695914071,0.0013517951038679588,0.005285616785080993,0.0029929045178018754,0.0013517951038679588,0.0013517951038679588,0.0016968321240802275,0.006653228519546195,0.0028582490781849934,0.0016968321240802275,0.0016968321240802275
2021-06,-0.03028904457726156,-0.13269675100350953,-0.03028904457726156,-0.03028904457726156,-0.03028904457726156,0.0009782114152596666,0.003756008466856642,8.260400913462362e-05,0.0009782114152596666,0.0009782114152596666,0.00017422532800548396,0.0006615802031804119,-0.0014835689317542755,0.00017422532800548396,0.00017422532800548396,0.0048947410423345605,0.019532969750946094,0.011195862812140245,0.0048947410423345605,0.0048947410423345605,0.003415657575996933,0.0135312694591887,0.00572182675075128,0.003415657575996933,0.003415657575996933,0.00015017799181582525,0.0005343658495609027,-0.001009853195576893,0.00015017799181582525,0.00015017799181582525,0.0015927922913860915,0.006298413143800419,0.002722843817252407,0.0015927922913860915,0.0015927922913860915
2021-07,0.00759393353162463,0.029148437016277784,0.0454379108867331,0.00759393353162463,0.00759393353162463,0.0013720888737316361,0.005334205635474154,0.0011649003628344534,0.0013720888737316361,0.0013720888737316361,-0.0013626189810278522,-0.005469798538445647,-0.003084296714368162,-0.0013626189810278522,-0.0013626189810278522,0.0067310106174287565,0.026907702352902962,0.008880085773093516,0.0067310106174287565,0.0067310106174287565,0.005643472940982663,0.022276035739819067,0.008335626393196627,0.005643472940982663,0.005643472940982663,0.0005097860171907609,0.0019592483727060017,0.0005977295236445634,0.0005097860171907609,0.0005097860171907609,0.002433161152536778,0.009641973651059565,0.003162951446187723,0.002433161152536778,0.002433161152536778
2021-08,0.09422630689979772,0.41487786356283185,0.1084069216221506,0.09422630689979772,0.09422630689979772,0.002387968017096176,0.009500652185575165,0.0009187709420859225,0.002387968017096176,0.002387968017096176,-0.0014403966574931815,-0.0057584692394888615,-0.001906238716390507,-0.0014403966574931815,-0.0014403966574931815,0.006886811689021277,0.027650184981137693,0.007928227879816285,0.006886811689021277,0.006886811689021277,0.004687076675435442,0.01862595771245079,0.005983900089072902,0.004687076675435442,0.004687076675435442,0.0031263795271845307,0.012513062494607707,0.0024733823997222792,0.0031263795271845307,0.0031263795271845307,0.004292181338482637,0.017203064091266373,0.004169146970210091,0.004292181338482637,0.004292181338482637
2021-09,-0.03648392524945754,-0.15544576047456893,-0.0729301429318332,-0.03648392524945754,-0.03648392524945754,-0.008341219883487794,-0.033128620128158426,-0.00968445857859257,-0.008341219883487794,-0.008341219883487794,0.000521710443808443,0.002068420326963416,-0.0007834746649195701,0.000521710443808443,0.000521710443808443,-0.008938467101712533,-0.03558232595643618,-0.00858969078016314,-0.008938467101712533,-0.008938467101712533,-0.010443683742090482,-0.04141580201450168,-0.0064638250977682166,-0.010443683742090482,-0.010443683742090482,-0.005542257136596951,-0.02211006644401281,-0.007638911670196702,-0.005542257136596951,-0.005542257136596951,-0.006608607116109888,-0.02633258996175447,-0.007945322399744659,-0.006608607116109888,-0.006608607116109888
2021-10,0.044475581134663544,0.17983758871812094,0.05868886800721662,0.044475581134663544,0.044475581134663544,0.006991865717742796,0.02817230564904949,0.007098421636717367,0.006991865717742796,0.006991865717742796,0.0016823876444458374,0.006732572393388647,0.003355507639588584,0.0016823876444458374,0.0016823876444458374,0.018007809112801088,0.07373001549456992,0.025016529388263375,0.018007809112801088,0.018007809112801088,0.01821839142857029,0.07449869867738879,0.032674633410709086,0.01821839142857029,0.01821839142857029,0.005926834315083562,0.023857928661930927,0.007117579854573286,0.005926834315083562,0.005926834315083562,0.00960072135579293,0.03886728242556714,0.01256434760991243,0.00960072135579293,0.00960072135579293
2021-11,0.0032180285380454254,0.0024692931557914743,-0.0021204610637882704,0.0032180285380454254,0.0032180285380454254,-0.0024791673309380036,-0.01010838207543796,-0.0027085051770259216,-0.0024791673309380036,-0.0024791673309380036,-0.003850164668515066,-0.015355957385227104,-0.007877497970234182,-0.003850164668515066,-0.003850164668515066,0.0018482546210383255,0.007086811256363124,0.0011805981846402247,0.0018482546210383255,0.0018482546210383255,-0.00026105868001402577,-0.0014508011080155425,-0.00026105868001402577,-0.00026105868001402577,-0.00026105868001402577,-0.002910052954598008,-0.011734997316523832,-0.0046694522173614805,-0.002910052954598008,-0.002910052954598008,-0.0014905513823586514,-0.00612146926537438,-0.0029200873090960977,-0.0014905513823586514,-0.0014905513823586514
2021-12,-0.03144183667902378,-0.12286890243688964,-0.04431535431955591,-0.03144183667902378,-0.03144183667902378,0.005148325306029378,0.020540246345277513,0.00579807944568822,0.005148325306029378,0.005148325306029378,0.0008349722582938757,0.0033411156616727222,0.0024821996452488726,0.001710523844996148,0.0008349722582938757,0.005770907806025294,0.02268852266968069,0.01363512701049907,0.005770907806025294,0.005770907806025294,-0.0023324022315724946,-0.00986646660794177,-0.0023324022315724946,-0.0023324022315724946,-0.0023324022315724946,0.002074245568324029,0.008239164033525537,0.002632610365614685,0.0024210889095774846,0.002074245568324029,0.003167966608912387,0.012561605468066617,0.0059230069307749655,0.003411464612399273,0.003167966608912387
2022-01,-0.018508256838122183,-0.07274956261325627,-0.02987609918124212,-0.018508256838122183,-0.018508256838122183,-0.0076320411969492685,-0.030309471092882845,-0.008355137742571128,-0.0076320411969492685,-0.0076320411969492685,0.0008901705212462918,0.0035342244063729655,0.0019884774571938824,0.002841939428208873,0.0008901705212462918,-0.008557338342894627,-0.034058725302978377,-0.010171881581059083,-0.008557338342894627,-0.008557338342894627,-0.003442434797971794,-0.014181895841652525,-0.003442434797971794,-0.003442434797971794,-0.003442434797971794,-0.00457288951370638,-0.01822574212528605,-0.004961569599020499,-0.0037767679154494527,-0.00457288951370638,-0.005686228953029615,-0.022645467168450728,-0.006408945265543586,-0.005108436158331564,-0.005686228953029615
2022-02,-0.0017809437921679772,-0.007123057259870058,-0.0017809437921679772,-0.0017809437921679772,-0.0017809437921679772,0.00023808194766528068,0.0009414750963891994,0.0004961353971801863,0.00023808194766528068,0.00023808194766528068,0.0029044162311944177,0.011630435924996352,0.006687880430347182,0.006625946701818153,0.0029044162311944177,-0.0029161300605210494,-0.011826029247662073,-0.0029161300605210494,-0.0029161300605210494,-0.0029161300605210494,-0.00017408532066975901,-0.000889334322196067,-0.00017408532066975901,-0.00017408532066975901,-0.00017408532066975901,0.0012813479473021694,0.005126697390415602,0.0030301675216364288,0.0028648990710684608,0.0012813479473021694,0.00016406689302694843,0.0006379775198734894,0.0014488834203159051,0.0013268642890154059,0.00016406689302694843
2022-03,0.006818099784654086,0.027427245579279003,0.027427245579279003,0.006818099784654086,0.006818099784654086,0.0035659093497337757,0.014192967097431675,0.005151178354668273,0.0035659093497337757,0.0035659093497337757,0.006289984378982094,0.02524129651324314,0.008163915101065289,0.008613520340320369,0.006289984378982094,0.00472026387588298,0.01879637616182883,0.00472026387588298,0.00472026387588298,0.00472026387588298,0.011175177548960358,0.04516016049243743,0.011175177548960358,0.011175177548960358,0.011175177548960358,0.004919532975236285,0.019723202327227796,0.007645335192156821,0.00592038968301889,0.004919532975236285,0.004943285132546826,0.01983215587188969,0.006896013720563587,0.0056783618160847205,0.004943285132546826
2022-04,-0.0025305373752809723,-0.010096778185760713,-0.008637503289676052,-0.0025305373752809723,-0.0025305373752809723,-0.00526403049624613,-0.02100931170501652,-0.006301681550478833,-0.00526403049624613,-0.00526403049624613,0.0046865872568546685,0.018823231140220553,0.0044259851125347804,0.005645325516812294,0.0046865872568546685,-0.006464009913252466,-0.02589541948399343,-0.006464009913252466,-0.006464009913252466,-0.006464009913252466,-0.015895330693021514,-0.06240191714478638,-0.015895330693021514,-0.015895330693021514,-0.015895330693021514,-0.001073800695506777,-0.004334956522879518,-0.00205729054254411,-0.0006836616561751718,-0.001073800695506777,-0.0026514865359693607,-0.01064634718657298,-0.003347545831493437,-0.002377329171550535,-0.0026514865359693607
2022-05,0.0,0.0,0.0,0.0,0.0,-0.0002622073119292745,-0.0010993197115073405,-0.0002622073119292745,-0.0002622073119292745,-0.0002622073119292745,-0.001639269134756316,-0.006567231005747076,-0.001639269134756316,-0.001639269134756316,-0.001639269134756316,-0.0033835486530517933,-0.01363634994920404,-0.00501817595341969,-0.0033835486530517933,-0.0033835486530517933,-0.006259202370874184,-0.024957173386776943,-0.014607973142587327,-0.006259202370874184,-0.006259202370874184,-0.0008045812879423631,-0.003236923012994719,-0.0008045812879423631,-0.0008045812879423631,-0.0008045812879423631,-0.0015528954929795447,-0.006241814172998961,-0.0020306234916130927,-0.0015528954929795447,-0.0015528954929795447
2022-06,0.0,0.0,0.0,0.0,0.0,-0.005512972852341758,-0.021909647964654777,-0.007491705280241789,-0.005512972852341758,-0.005512972852341758,-0.001051443326306245,-0.0042501783753519096,-0.003679429851908278,-0.001051443326306245,-0.001051443326306245,-0.00316048912271516,-0.012641321789305215,-0.003987807536333765,-0.00316048912271516,-0.00316048912271516,-0.0045177307768606845,-0.01800673242481854,-0.008589806974124148,-0.0045177307768606845,-0.0045177307768606845,-0.003454222589439504,-0.013769653792274017,-0.005598743400947681,-0.003454222589439504,-0.003454222589439504,-0.0033575264026952656,-0.01338711564661954,-0.00512220672856134,-0.0033575264026952656,-0.0033575264026952656
2022-07,0.0,0.0,0.0,0.0,0.0,0.0002834603449906048,0.001127644642537895,0.0007943800378125143,0.0002834603449906048,0.0002834603449906048,-0.0013141725152507888,-0.005263239601628555,-0.0013141725152507888,-0.0013141725152507888,-0.0013141725152507888,0.0016572611501755041,0.006610403560702416,0.004394582690551596,0.0016572611501755041,0.0016572611501755041,0.0,0.0,0.0,0.0,0.0,-0.00033510620513621525,-0.0013441315969441314,-4.8447723448252766e-05,-0.00033510620513621525,-0.00033510620513621525,0.00026998689252089036,0.0010722607308513155,0.0013003276209457848,0.00026998689252089036,0.00026998689252089036
2022-08,0.0,0.0,0.0,0.0,0.0,-0.0025841553534540207,-0.010327595893019015,-0.0054741439668679615,-0.0025841553534540207,-0.0025841553534540207,0.002453202437326718,0.00983120363529899,0.002140881911842474,0.002453202437326718,0.002453202437326718,-0.007103085298733269,-0.02822598988513747,-0.014222913903457979,-0.007103085298733269,-0.007103085298733269,-0.008723157624805467,-0.034580494059229805,-0.013473908460738926,-0.008723157624805467,-0.008723157624805467,-0.0006209227636893022,-0.0024911835480865285,-0.0024316670173770705,-0.0006209227636893022,-0.0006209227636893022,-0.00262998983306606,-0.010505367134177268,-0.006095017880261677,-0.00262998983306606,-0.00262998983306606
2022-09,0.0,0.0,0.0,0.0,0.0,-0.0007615748500907626,-0.0030552769534748503,-0.0015583638404730316,-0.0007615748500907626,-0.0007615748500907626,0.0012496816459190985,0.0049891508031290055,0.0012496816459190985,0.0012496816459190985,0.0012496816459190985,-0.00142627692591768,-0.005731712661891208,-0.002841019436182979,-0.00142627692591768,-0.00142627692591768,-0.001128592402770856,-0.0045664836622467675,-0.00499688575883217,-0.001128592402770856,-0.001128592402770856,4.4747128113753476e-05,0.0001725436556050397,-0.00041295976569621917,4.4747128113753476e-05,4.4747128113753476e-05,-0.0004142771538687695,-0.0016657939169925084,-0.0011944673701282937,-0.0004142771538687695,-0.0004142771538687695
2022-10,0.0,0.0,0.0,0.0,0.0,0.0005361071665919148,0.0021438434350915525,0.0005361071665919148,0.0005361071665919148,0.0005361071665919148,0.0008308682179083426,0.003308559221865348,0.0007670915158870528,0.0008308682179083426,0.0008308682179083426,0.004983455385430879,0.02005368021730769,0.008185278313403765,0.004521541192726186,0.004983455385430879,-0.0008775859094987126,-0.0035103436379947395,-0.0035103436379947395,-0.0008775859094987126,-0.0008775859094987126,0.0006074930502217857,0.002429401436649936,0.0005885554161164652,0.0006074930502217857,0.0006074930502217857,0.0020282966272928693,0.00813433217233861,0.0030519844819902886,0.001875713317462946,0.0020282966272928693
2022-11,-0.012662892137178638,-0.050798926775741604,-0.031100129006483623,-0.012792240628450857,-0.012662892137178638,0.0014856762719479555,0.005918163758375616,0.0009883950708826639,0.0014856762719479555,0.0014856762719479555,-0.005328841696938924,-0.0211840128349301,-0.0074740834981300575,-0.005328841696938924,-0.005328841696938924,0.004222512973693249,0.016767092270210116,0.014529413468298058,0.004222512973693249,0.004222512973693249,0.0015954317195172596,0.006327397109074706,0.007820373126576019,0.0015954317195172596,0.0015954317195172596,-0.0019425400594296205,-0.007776405114179208,-0.004342730591045729,-0.0019522035937721283,-0.0019425400594296205,9.025277635488216e-05,0.00029826399658006153,0.0018984961910546438,8.369144495468106e-05,9.025277635488216e-05
2022-12,-0.008689505388394192,-0.03446101248259548,-0.026775408635712594,-0.008689505388394192,-0.008689505388394192,-0.005573133024621257,-0.02224246436820765,-0.011410851884057549,-0.0060105155844054625,-0.005573133024621257,-0.0008236403605353937,-0.003322028808663502,-0.0030195407201915048,-0.0008236403605353937,-0.0008236403605353937,-0.008170450428610532,-0.032578348057009765,-0.02257677684233672,-0.008170450428610532,-0.008170450428610532,-0.006547727455734731,-0.026123614531999628,-0.016792433099165338,-0.006547727455734731,-0.006547727455734731,-0.004101997571473559,-0.016377121410451556,-0.009394379789621321,-0.004362838295931204,-0.004101997571473559,-0.005472626867886854,-0.021832752085024,-0.013838932322644326,-0.005645886552534174,-0.005472626867886854
2023-01,0.007724853266696474,0.030785271024325045,0.030785271024325045,0.005837736137220384,0.007724853266696474,0.0026442886824884493,0.010487765466775656,0.010911012891962724,0.0026442886824884493,0.0026442886824884493,0.004557943368160622,0.018313732513269843,0.019919124245447284,0.0076246231699999,0.004557943368160622,-0.0001234165325055825,-0.0007347911298747345,0.0019641661500067187,-0.000828576968237682,-0.0001234165325055825,-0.0006969605934447065,-0.0029686480038932928,-0.010099039370718654,-0.0018658884735852643,-0.0006969605934447065,0.0035980542033333673,0.014397515858528998,0.015211034183914673,0.004538742258425321,0.0035980542033333673,0.002335258551093178,0.009267396136918737,0.010703222638520415,0.002716749770689031,0.002335258551093178
2023-02,-0.01428953220348217,-0.05752527607983127,-0.05752527607983127,-0.006935623351727704,-0.01428953220348217,-0.004466474300091616,-0.01782652210552471,-0.01097857836247762,-0.004466474300091616,-0.004466474300091616,-0.0037165034087641713,-0.01483081422365995,-0.012527650501828802,-0.0034710915587540248,-0.0037165034087641713,-0.002907816970130872,-0.011684689734013598,-0.0011239837687673226,-0.002907816970130872,-0.002907816970130872,-0.0031801691091208895,-0.012776740443986911,-7.35797848151476e-05,0.0020798834661608367,-0.0031801691091208895,-0.004852943580841651,-0.019336120883826857,-0.014446578870730975,-0.004274655201861877,-0.004852943580841651,-0.004230208980874006,-0.016880635928474885,-0.010158078587935826,-0.00384198753913767,-0.004230208980874006
2023-03,0.008065476210090239,0.03156529150548981,0.021945737964601975,0.009686300029807082,0.008065476210090239,0.0029367315575428155,0.01176959177369108,0.005709469919052079,0.0029367315575428155,0.0029367315575428155,-0.0001436806727378448,-0.0005926292863521754,-0.004975115736858271,-0.00066641395605882,-0.0001436806727378448,0.0035913298081917677,0.014315589433096632,0.009649165948761418,0.0035913298081917677,0.0035913298081917677,0.012075042239661826,0.04887215786691157,0.030653563687317975,0.013112110793455534,0.012075042239661826,0.002172650000616061,0.008692237521771506,0.00306341080865824,0.0020903749045844133,0.002172650000616061,0.0026572011051841926,0.010632728606531083,0.005235959994692729,0.0026016250213731773,0.0026572011051841926
2023-04,-0.010281242906405197,-0.043501829091865174,-0.0021407300680870156,-0.010281242906405197,-0.010281242906405197,-0.0007884072170781797,-0.003224157695838059,-0.003868245209570853,-0.0007884072170781797,-0.0007884072170781797,0.0009715805597703131,0.003856700470378893,0.00027966123111555774,0.0009715805597703131,0.0009715805597703131,0.0057318483155230915,0.02290781758805971,0.01081236439460942,0.0057318483155230915,0.0057318483155230915,0.008906529573752708,0.035522202597802144,0.007565937305566983,0.008906529573752708,0.008906529573752708,-0.0007156349971518816,-0.0029085052301309755,-0.002345631585315089,-0.0007156349971518816,-0.0007156349971518816,0.001416979974919741,0.005604342869532042,0.0020140486909072663,0.001416979974919741,0.001416979974919741
2023-05,-0.010346543472483205,-0.04164310731665699,-0.015573570584603291,-0.010346543472483205,-0.010346543472483205,-0.001065731363357303,-0.0043059948618157096,-0.0014673187103714236,-0.001065731363357303,-0.001065731363357303,-0.0015072200047948625,-0.0060358672860783,0.0018824483341897125,-0.0015072200047948625,-0.0015072200047948625,0.00783030390621331,0.03136261739959578,0.008888128209195267,0.00783030390621331,0.00783030390621331,0.0017696869803465187,0.006633138199895416,0.010331503942970999,0.0017696869803465187,0.0017696869803465187,-0.0017313963536722543,-0.006934420795831064,-0.0011064049013664867,-0.0017313963536722543,-0.0017313963536722543,0.0013353410684799893,0.005281595498062064,0.002084264803733582,0.0013353410684799893,0.0013353410684799893
2023-06,-0.016807242731116778,-0.06741199606196224,-0.016807242731116778,-0.016807242731116778,-0.016807242731116778,0.005221722593748757,0.02092725080830804,0.008679213760530713,0.005221722593748757,0.005221722593748757,0.0010046391275437827,0.003992268560519374,0.003239559377367529,0.0010046391275437827,0.0010046391275437827,0.010555602521897578,0.04260299014516011,0.013010602892990386,0.010555602521897578,0.010555602521897578,0.01968858006673968,0.08039262041164053,0.03636842925512673,0.01968858006673968,0.01968858006673968,0.0024209545909943397,0.009656410604280241,0.005252949898985504,0.0024209545909943397,0.0024209545909943397,0.004983509694801658,0.01998268159248129,0.007692408061405809,0.004983509694801658,0.004983509694801658
2023-07,-0.014818941903887661,-0.05883601660052773,-0.023337296957581688,-0.014818941903887661,-0.014818941903887661,0.004566514035143632,0.018284578564076615,0.00633058549874721,0.004566514035143632,0.004566514035143632,0.0009053211465750444,0.0035953705544180536,-0.0013420611993196774,0.0009053211465750444,0.0009053211465750444,0.006163110376587344,0.02473247940563894,0.0054451056344817506,0.006163110376587344,0.006163110376587344,0.005890881882854693,0.02346780165723783,0.005766456099377981,0.005890881882854693,0.005890881882854693,0.002338613371739795,0.009331263345411234,0.002168612274424442,0.002338613371739795,0.002338613371739795,0.003547302124260021,0.014196713820719076,0.0031833144720441187,0.003547302124260021,0.003547302124260021
2023-08,-0.011640020205631374,-0.04605003240135008,-0.009782003141985074,-0.011640020205631374,-0.011640020205631374,-0.004887832092839051,-0.01956212818842884,-0.004477567856443376,-0.004887832092839051,-0.004887832092839051,-0.001749162672697202,-0.0069919101101506564,-0.0009347308720407677,-0.0028627402552582337,-0.001749162672697202,-0.00032054245252333136,-0.0016262031395103405,0.0001516200747209151,-0.00032054245252333136,-0.00032054245252333136,-0.002571825202071887,-0.010847572115065374,-0.002571825202071887,-0.002571825202071887,-0.002571825202071887,-0.004285600179612881,-0.017105274133171866,-0.0036921564581675614,-0.004661124802469718,-0.004285600179612881,-0.003063826082536858,-0.012323831204098634,-0.0025085949189049828,-0.003325946780360578,-0.003063826082536858
2023-09,-0.0008366900226078888,-0.0033487136025887043,-0.0008366900226078888,-0.0008366900226078888,-0.0008366900226078888,-0.0068736627404089035,-0.027302395435800042,-0.010253399395077856,-0.0068736627404089035,-0.0068736627404089035,-0.000659532212879621,-0.002647685692972912,0.0010900468039560796,-0.00023335466718521491,-0.000659532212879621,-0.009182295390875339,-0.03644650136488525,-0.011636843844811784,-0.01004852162237102,-0.009182295390875339,-0.010313618034729077,-0.04088579547933746,-0.010313618034729077,-0.010313618034729077,-0.010313618034729077,-0.0044038279071274555,-0.01753852613863882,-0.005842063478360249,-0.004267712969098003,-0.0044038279071274555,-0.005828049153275283,-0.023178078531155832,-0.0075695617382941505,-0.0059939871004836,-0.005828049153275283
2023-10,0.018271620969619207,0.07439478494093832,0.018271620969619207,0.018271620969619207,0.018271620969619207,-0.001993953595231579,-0.007960496630296854,-0.001993953595231579,-0.001993953595231579,-0.001993953595231579,-0.00018577107852657537,-0.0007523658364025909,0.0026395690503160374,0.0019539605589276032,-0.00018577107852657537,-0.0024129406628030647,-0.009725320149816752,-0.0037293031293983425,-0.0024129406628030647,-0.0024129406628030647,0.0015515834168180476,0.006011258585198576,0.0009348983251711296,0.0015515834168180476,0.0015515834168180476,-1.2057558559375181e-05,-5.383677461523462e-05,0.0010517707911088525,0.0007925773927226487,-1.2057558559375181e-05,-0.0008063451589960247,-0.0032317990760513116,-0.0004727233117708396,-0.0002508233294433726,-0.0008063451589960247
2023-11,0.01694077664916116,0.06629054029806447,0.010906547849936388,0.01694077664916116,0.01694077664916116,0.0066105603661856804,0.02666134383313956,0.010760301111369275,0.0066105603661856804,0.0066105603661856804,0.0009133206410110173,0.0036380372271616057,0.0013435003168731363,-0.00024361601182243398,0.0009133206410110173,0.01044957650459799,0.0423225887782952,0.016367983989393986,0.01044957650459799,0.01044957650459799,0.013391808798028926,0.05439315305306325,0.014989847480824992,0.013391808798028926,0.013391808798028926,0.005040270043497053,0.020288008165753935,0.007153626215052888,0.0045968085255663205,0.005040270043497053,0.0066764525518747675,0.02693417040214552,0.00998358573411795,0.00636707347635368,0.0066764525518747675
2023-12,0.04848749531333829,0.20223910929069433,0.06996902784573056,0.04848749531333829,0.04848749531333829,0.00829874723940116,0.03338771322795098,0.008293759021084535,0.00829874723940116,0.00829874723940116,-0.0010796818419279708,-0.004368356382387861,-0.0015220341794937031,-0.0010796818419279708,-0.0010796818419279708,0.007160224383709668,0.028761997819914287,0.014331005898911897,0.007160224383709668,0.007160224383709668,0.007000550688669671,0.02800724243071029,0.007000550688669671,0.007000550688669671,0.007000550688669671,0.0072551979385999665,0.029219909760556995,0.008214816118695012,0.0072551979385999665,0.0072551979385999665,0.007236567406601502,0.029141511192284364,0.010217256256109586,0.007236567406601502,0.007236567406601502
2024-01,-0.015382866737994716,-0.06319505033280925,-0.021824839523039152,-0.015382866737994716,-0.015382866737994716,-0.0005764443979681122,-0.0024392555071225397,-0.0005764443979681122,-0.0005764443979681122,-0.0005764443979681122,-0.003973342743594288,-0.015817369426081362,-0.0075272325419292185,-0.003973342743594288,-0.003973342743594288,0.008780130656713236,0.035355270363838676,0.007774734315874499,0.008780130656713236,0.008780130656713236,0.013027704684220875,0.052760874890357634,0.013027704684220875,0.013027704684220875,0.013027704684220875,-0.0024579548378358407,-0.00987481497454834,-0.003983226053637545,-0.0024579548378358407,-0.0024579548378358407,0.0012543302759731034,0.004926529150377945,-0.00010419685945728396,0.0012543302759731034,0.0012543302759731034
2024-02,0.06656643391640604,0.2889718483004431,0.0822457048367875,0.06656643391640604,0.06656643391640604,0.006621388654951321,0.02653021729929983,0.005841218890631161,0.006621388654951321,0.006621388654951321,-0.0006865139651527352,-0.00274604948837176,-0.001908646162550931,-0.0006865139651527352,-0.0006865139651527352,0.014701164688541102,0.05970743021835512,0.015539232978525996,0.014701164688541102,0.014701164688541102,0.025629257723852827,0.10549622698041272,0.025629257723852827,0.025629257723852827,0.025629257723852827,0.0071578866042294464,0.028839905672425115,0.007047812722918323,0.0071578866042294464,0.0071578866042294464,0.009527457951085783,0.03850741752876519,0.009715380938478901,0.009527457951085783,0.009527457951085783
2024-03,0.0704062112336894,0.28317241939902527,0.12371465263517822,0.0704062112336894,0.0704062112336894,0.008837665374699988,0.03564718612563045,0.008901485972092171,0.008837665374699988,0.008837665374699988,0.0030032605676804103,0.01204046376234258,0.004227590451373775,0.0030032605676804103,0.0030032605676804103,0.007236710564015869,0.029032259627675527,0.008931987301674216,0.007236710564015869,0.007236710564015869,0.006293534823716307,0.02511938834408789,0.006293534823716307,0.006293534823716307,0.006293534823716307,0.009195611237894141,0.037125380915917106,0.011756152769934358,0.009195611237894141,0.009195611237894141,0.008601185854820725,0.034705092466117415,0.010899672054090148,0.008601185854820725,0.008601185854820725
2024-04,-0.05358617078633798,-0.2048776054633069,-0.06129235652756626,-0.05358617078633798,-0.05358617078633798,-0.00794735841451677,-0.03165866556603414,-0.007823923877789074,-0.00794735841451677,-0.00794735841451677,0.004717021883289707,0.018954929400382126,0.0032598409448343357,0.004717021883289707,0.004717021883289707,-0.007645076034442311,-0.030484476586765008,-0.006745155802685976,-0.007645076034442311,-0.007645076034442311,-0.018961588099813187,-0.07418260363133211,-0.018961588099813187,-0.018961588099813187,-0.018961588099813187,-0.0048716403209114745,-0.019473445972093217,-0.005586138699551713,-0.0048716403209114745,-0.0048716403209114745,-0.0056960239088658104,-0.022733979158672257,-0.005925736758858879,-0.0056960239088658104,-0.0056960239088658104
2024-05,0.029432037867047844,0.11823035059804132,0.032611268381362635,0.029432037867047844,0.029432037867047844,0.005961846241713031,0.02385248045587618,0.005686854242552997,0.005961846241713031,0.005961846241713031,0.0010073079259407258,0.003967662128437688,-0.0010208590309571663,0.0007551585395466631,0.0007551585395466631,0.0077915598525653,0.031348029958295776,0.008315733860296382,0.0077915598525653,0.0077915598525653,0.005291586289732919,0.021200716222641303,0.0074173073816128365,0.005291586289732919,0.005291586289732919,0.0050768533221814405,0.020324990951543942,0.004304099202619538,0.004984278840861389,0.004984278840861389,0.005891454631893778,0.02363556203041184,0.005504894718715292,0.005826456546327519,0.005826456546327519
2024-06,-0.01291961984910217,-0.051791287919613294,-0.01291961984910217,-0.01291961984910217,-0.01291961984910217,-0.0008830061808278167,-0.003567934532295425,-0.0008830061808278167,-0.0008830061808278167,-0.0008830061808278167,0.00026543093644937343,0.0010341201173926784,0.00044460296653903164,0.00026543093644937343,0.00026543093644937343,0.005507904036280653,0.02213298718925527,0.0025255343208860914,0.005507904036280653,0.005507904036280653,0.0008073953878009466,0.003148325827588394,-0.007075378585446823,0.0008073953878009466,0.0008073953878009466,-0.0010646994626550832,-0.0042809576843760855,-0.0010004785288952878,-0.0010646994626550832,-0.0010646994626550832,0.0009342931619615857,0.003712752609898784,8.595813505229977e-05,0.0009342931619615857,0.0009342931619615857
2024-07,0.0024380476734693346,0.008869051897331781,-0.0004917248984767086,0.0024380476734693346,0.0024380476734693346,0.006452645140012869,0.02574277725608831,0.006452645140012869,0.006452645140012869,0.006452645140012869,-0.0019988701548298016,-0.007997152417845821,-0.0027627376233193557,-0.0019988701548298016,-0.0019988701548298016,-0.00015787372734055172,-0.000977845087860918,0.0009667409062719123,-0.00015787372734055172,-0.00015787372734055172,0.002315172926358855,0.008671117906115855,0.0013680015229757814,0.002315172926358855,0.002315172926358855,0.0032118017584463754,0.012773454289367603,0.0027947541228960926,0.0032118017584463754,0.0032118017584463754,0.0022715579408933984,0.008950234924866018,0.0022853559009541335,0.0022715579408933984,0.0022715579408933984
2024-08,-0.0372877023599677,-0.14441866808462744,-0.052821469065590376,-0.0372877023599677,-0.0372877023599677,-0.000895537580573369,-0.003858410927249367,-0.000895537580573369,-0.000895537580573369,-0.000895537580573369,0.001605933682806926,0.006413211239044481,0.0008687016522561652,0.001605933682806926,0.001605933682806926,0.0077550758595059666,0.03093114838052302,0.005760206542078095,0.0077550758595059666,0.0077550758595059666,0.0010485568093259179,0.0032412076327279493,0.0010485568093259179,0.0010485568093259179,0.0010485568093259179,-0.0016578400214964928,-0.00676359076148636,-0.0026656024735703943,-0.0016578400214964928,-0.0016578400214964928,0.0010510266987382444,0.004009108518440607,-0.00022396389577117315,0.0010510266987382444,0.0010510266987382444
2024-09,-0.0017442759704617838,-0.007149068437568573,-0.0017442759704617838,-0.0017442759704617838,-0.0017442759704617838,0.004169342123808484,0.016557877316688785,0.004169342123808484,0.004169342123808484,0.004169342123808484,0.004426516673533332,0.017776007846185493,0.0067190577560072295,0.004426516673533332,0.004426516673533332,0.0005168246619349226,0.0018555086144256272,1.7551296506379543e-05,0.0005168246619349226,0.0005168246619349226,0.005961961083333245,0.02365608977958633,0.005961961083333245,0.005961961083333245,0.005961961083333245,0.003991469137991421,0.01596665851170731,0.00484047795668463,0.003991469137991421,0.003991469137991421,0.002972370447030581,0.011831056061171186,0.0034265962804278516,0.002972370447030581,0.002972370447030581
2024-10,-0.0017581212851014438,-0.008583719077830843,0.0009222072041870089,-0.0017581212851014438,-0.0017581212851014438,-0.004486882293178285,-0.017993643824205652,-0.0047007178231327496,-0.004486882293178285,-0.004486882293178285,-0.004549038983337583,-0.018108392764194403,-0.006556342583957209,-0.004549038983337583,-0.004549038983337583,-0.002528832755052335,-0.010338318178682804,-0.0029241787851731482,-0.002528832755052335,-0.002528832755052335,-0.0047692287263307875,-0.019449055790667136,-0.0047692287263307875,-0.0047692287263307875,-0.0047692287263307875,-0.004280386662855351,-0.01709806310559303,-0.004899560493336175,-0.004280386662855351,-0.004280386662855351,-0.003748301579072466,-0.015028102215571826,-0.004298640744365589,-0.003748301579072466,-0.003748301579072466
2024-11,0.13866387988767825,0.6501128942893772,0.3132573698228709,0.13866387988767825,0.13866387988767825,0.008234054980490901,0.03320654356061792,0.00896640291787576,0.008234054980490901,0.008234054980490901,-0.0023221294043557217,-0.009285562316008633,-0.0032259610308417175,-0.0023221294043557217,-0.0023221294043557217,0.01693148286122459,0.06885804895708025,0.016840205511935658,0.01693148286122459,0.01693148286122459,0.023250921331045227,0.09508577277686148,0.023250921331045227,0.023250921331045227,0.023250921331045227,0.010154713093816659,0.041125190463360495,0.0175381237829213,0.010154713093816659,0.010154713093816659,0.01212193860666666,0.04919560953108992,0.017275282642288614,0.01212193860666666,0.01212193860666666
2024-12,-0.005535266472060374,-0.03324302560231496,0.027107920681261888,-0.005535266472060374,-0.005535266472060374,-0.007923161726365424,-0.03146697284526312,-0.01016578737930307,-0.007923161726365424,-0.007923161726365424,0.0012082658227039467,0.004822890235997912,3.2181502133132867e-05,0.0012082658227039467,0.0012082658227039467,-0.003597824080680656,-0.014671523256144514,-0.0036848692615256695,-0.003597824080680656,-0.003597824080680656,-0.00011774697338795548,-0.0012701730128032995,-0.00011774697338795548,-0.00011774697338795548,-0.00011774697338795548,-0.0045621850693815524,-0.01822544421609973,-0.004985075557766394,-0.0045621850693815524,-0.0045621850693815524,-0.004299833796366337,-0.017240824372397157,-0.0046284414331125845,-0.004299833796366337,-0.004299833796366337
2025-01,0.026778926036195916,0.1018587075703119,0.026778926036195916,0.026778926036195916,0.026778926036195916,0.0013054253437896346,0.0051223241192241975,0.0011060523279069479,0.0013054253437896346,0.0013054253437896346,-0.0002479087392897039,-0.0010393838058979643,-0.0010905268099474785,-0.0002479087392897039,-0.0002479087392897039,0.007983190884741864,0.032093522908187344,0.007983190884741864,0.007983190884741864,0.007983190884741864,0.011186979761766969,0.04499215718607785,0.011186979761766969,0.011186979761766969,0.011186979761766969,0.0018012587028983784,0.007128125947445163,0.0013871920188190945,0.0018012587028983784,0.0018012587028983784,0.0036903441322180264,0.014736400961348206,0.003405407597189436,0.0036903441322180264,0.0036903441322180264
2025-02,-0.04315557360304234,-0.1668293173781189,-0.04315557360304234,-0.04315557360304234,-0.04315557360304234,-0.001454818992039808,-0.005899115380865183,-0.0009133091042877739,-0.001454818992039808,-0.001454818992039808,0.00024454403607299113,0.0009277962308962273,0.0033605248950827615,0.00024454403607299113,0.00024454403607299113,6.831119867278801e-05,3.872319405329172e-05,6.831119867278801e-05,6.831119867278801e-05,6.831119867278801e-05,-0.0018477924787518862,-0.00766762265020382,-0.0018477924787518862,-0.0018477924787518862,-0.0018477924787518862,-0.0026637004150238397,-0.010664879414562511,-0.0012670709538867841,-0.0026637004150238397,-0.0026637004150238397,-0.0018769685077408838,-0.00755463874896567,-0.0008880128968243861,-0.0018769685077408838,-0.0018769685077408838
2025-03,-0.026464879997894486,-0.1032726242268458,-0.026464879997894486,-0.026464879997894486,-0.026464879997894486,-7.133383978286112e-06,-5.760124523579435e-05,-0.0010670899399468636,-7.133383978286112e-06,-7.133383978286112e-06,0.0036746970413368274,0.014746901842454863,0.011027929352632082,0.0036746970413368274,0.0036746970413368274,-0.010714836500669511,-0.04244725679162886,-0.008924908135397591,-0.010714836500669511,-0.010714836500669511,-0.009807104532685518,-0.039131345985984445,-0.014079954380179616,-0.009807104532685518,-0.009807104532685518,9.454930086927327e-05,0.0003498492189293323,0.0020003392941045917,9.454930086927327e-05,9.454930086927327e-05,-0.003008767530390477,-0.012037465111273238,-0.0011416855323608255,-0.003008767530390477,-0.003008767530390477
2025-04,-0.0009550118730718982,-0.004012106269827176,-0.0019744710738917037,-0.0009550118730718982,-0.0009550118730718982,-0.002543829161720579,-0.010208271055263451,-0.0031790409702306954,-0.002543829161720579,-0.002543829161720579,7.441136309882523e-05,0.000177870676885572,-0.0018085643712375532,7.441136309882523e-05,7.441136309882523e-05,-0.008498628748296766,-0.03392732840148105,-0.015946818780419703,-0.008498628748296766,-0.008498628748296766,-0.007176223674585258,-0.02928911124306477,-0.009704737145748488,-0.007176223674585258,-0.007176223674585258,-0.0014708446501631167,-0.005944468897052135,-0.00264784857943412,-0.0014708446501631167,-0.0014708446501631167,-0.0034418553144595077,-0.013803470346394064,-0.0063975406708725036,-0.0034418553144595077,-0.0034418553144595077
2025-05,0.001957173385280786,0.0048247213511460885,0.00188520450165508,0.001957173385280786,0.001957173385280786,1.15047168465221e-05,5.718250573272243e-06,-0.0005819981415166042,1.15047168465221e-05,1.15047168465221e-05,-0.0005445010009846873,-0.002215885934607087,-0.0005445010009846873,-0.0005445010009846873,-0.0005445010009846873,0.003624468407409376,0.014443154114990975,0.003624468407409376,0.003624468407409376,0.003624468407409376,0.007211828500758299,0.028622206084943258,0.007211828500758299,0.007211828500758299,0.007211828500758299,6.7264069423256245e-06,5.030798252647628e-06,-0.0003206030388555048,6.7264069423256245e-06,6.7264069423256245e-06,0.0010515928082224235,0.004190624736251758,0.0008159080119820583,0.0010515928082224235,0.0010515928082224235
2025-06,-0.002267416272173195,-0.009428255132537533,-0.002267416272173195,-0.002267416272173195,-0.002267416272173195,0.005712168540341178,0.022964897590007416,0.005693886293782757,0.005712168540341178,0.005712168540341178,0.0030861449112373762,0.012343323288207975,0.004324314398538753,0.0030861449112373762,0.0030861449112373762,0.008165293786904337,0.03292703419309584,0.009787496912192273,0.008165293786904337,0.008165293786904337,0.0013665857284184124,0.004973172421078864,0.0013665857284184124,0.0013665857284184124,0.0013665857284184124,0.004247512143276788,0.017062792538733662,0.004682747217012784,0.004247512143276788,0.004247512143276788,0.005408948032951777,0.021759546542422292,0.006197356715563318,0.005408948032951777,0.005408948032951777
2025-07,0.025203324254392756,0.10013188964738884,0.03872675145582005,0.025203324254392756,0.025203324254392756,0.0013707567414065203,0.005388536059566684,0.0012312586526186386,0.0013707567414065203,0.0013707567414065203,-0.002489427593860727,-0.010004178037948508,-0.0013521670319809331,-0.002489427593860727,-0.002489427593860727,0.002707850645371046,0.010765260007369548,0.003316988840133206,0.002707850645371046,0.002707850645371046,0.0005254682940174504,0.0019534935425271627,-0.006132997888206648,0.0005254682940174504,0.0005254682940174504,0.001792075435099072,0.007087470027188569,0.003436543362328015,0.001792075435099072,0.001792075435099072,0.0020561460209431726,0.008172503909871454,0.0033796704173822967,0.0020561460209431726,0.0020561460209431726
2025-08,0.0005442349814757108,-0.0072159977287161725,-0.010785949843489018,0.0005442349814757108,0.0005442349814757108,0.0028496024362851813,0.011314741025082231,0.0016380153138257914,0.0028496024362851813,0.0028496024362851813,0.0021191333461245687,0.008477896924956152,-0.0011685495450413086,0.0021191333461245687,0.0021191333461245687,0.0016183821332864667,0.006252214912805476,0.007125153242534266,0.0016183821332864667,0.0016183821332864667,-0.001190366363996831,-0.0051437413702932755,0.00034985418355515385,-0.001190366363996831,-0.001190366363996831,0.0026123946374732032,0.010319203249264053,0.00020266687863079724,0.0026123946374732032,0.0026123946374732032,0.0023127001099192412,0.009117327690837618,0.002236054986128222,0.0023127001099192412,0.0023127001099192412
2025-09,0.011885924508501011,0.04272573613893549,0.018596452693061094,0.011885924508501011,0.011885924508501011,0.006282341657234403,0.025291920034653526,0.006282341657234403,0.006282341657234403,0.006282341657234403,0.0028913400748225015,0.011589160267641452,0.0010450855515957702,0.0028913400748225015,0.0028913400748225015,0.006689864810481172,0.026885529555626064,0.010170416069120947,0.006689864810481172,0.006689864810481172,0.007193362663076908,0.02878653683938559,0.025830124626863293,0.007193362663076908,0.007193362663076908,0.005461778180821719,0.021972600057660996,0.005204645296259747,0.005461778180821719,0.005461778180821719,0.005835937652504786,0.02349623146858204,0.006648268361075793,0.005835937652504786,0.005835937652504786
2025-10,-0.011962204616282945,-0.05696702018760624,-0.022582658393176858,-0.011962204616282945,-0.011962204616282945,0.0033373027118055454,0.013189987890181554,0.004645798733051487,0.0033373027118055454,0.0033373027118055454,0.0019457246218494983,0.00774206442326264,0.005759572549169478,0.0008273687593147727,0.0019457246218494983,0.0009343672793982183,0.0034133702803551547,-0.003588870448388737,0.0009343672793982183,0.0009343672793982183,-0.006494108857535985,-0.026501353326573218,-0.015119912935013913,-0.006494108857535985,-0.006494108857535985,0.0023068839889253123,0.00902663895518141,0.003991096933506411,0.0019454520655031171,0.0023068839889253123,0.0019244650386733841,0.007491642910799401,0.0018062131259426462,0.0016672851556438495,0.0019244650386733841
2025-11,-0.012864915604646865,-0.05073887602288052,-0.017469429522695146,-0.012864915604646865,-0.012864915604646865,0.0004917809347131374,0.001802477879824016,0.0014097439680731405,0.0004917809347131374,0.0004917809347131374,0.0016220457857438753,0.006475981481934401,0.0032480228984204107,0.0014286031796388876,0.0014286031796388876,0.004266925163417756,0.0170272856167919,0.005065430020213313,0.004266925163417756,0.004266925163417756,0.000333886991658483,0.001142012440375595,0.003709061934353608,0.000333886991658483,0.000333886991658483,0.00028455072973487816,0.0010636941810360234,0.0012078029862963024,0.00021164585831634497,0.00021164585831634497,0.001395197958068195,0.005503502146521955,0.00226055625349475,0.001342218951310814,0.001342218951310814
2025-12,-0.002028172660184402,-0.008144981523725559,-0.003739383175232036,-0.002028172660184402,-0.002028172660184402,8.158554373638438e-05,0.00020739021581062111,0.0005109268450440574,8.158554373638438e-05,8.158554373638438e-05,0.002116680529464343,0.008449658546826555,0.00012651760997806072,0.0020900902080673855,0.0020900902080673855,0.0005599275308729723,0.002160380462828959,-0.002619751476798493,-0.0006995726238975264,0.0005599275308729723,-0.002336741043741375,-0.009427158865938923,-0.010439980129747006,-0.002336741043741375,-0.002336741043741375,0.0007640344807733346,0.002995757432064483,0.00019499325174798798,0.000753929613153792,0.000753929613153792,0.000711816572813051,0.0027865600079142183,-0.0005772835028592382,0.00036181900533382994,0.0007044733338759102
2026-01,-0.002636561923764158,-0.010568126850318382,-0.010568126850318382,-0.002636561923764158,-0.002636561923764158,0.006176217619358049,0.02473558396976805,0.005329563720299024,0.006176217619358049,0.006176217619358049,0.004309381426881975,0.01722077268936495,0.0011305397398542194,0.003478181248073753,0.003478181248073753,-0.00042012942809177556,-0.0017521736835736101,-0.0032361172979247232,-0.00042012942809177556,-0.00042012942809177556,-0.008484187860563486,-0.03364349093624741,-0.019429784734513178,-0.008484187860563486,-0.008484187860563486,0.005078957150664198,0.02035681238422349,0.003007412770190232,0.004765390672479608,0.004765390672479608,0.003633403126451329,0.014527618108368001,0.0013658910013196746,0.0034022601890317805,0.0034022601890317805
2026-02,-4.040539096605844e-05,-0.00016162156386412274,-0.00016162156386412274,-4.040539096605844e-05,-4.040539096605844e-05,0.006540283871058872,0.026262726977601902,0.0060645772409242404,0.006540283871058872,0.006540283871058872,-0.0011283343764627585,-0.004602717304348358,-0.001081553878677699,-0.0011283343764627585,-0.0011283343764627585,-0.0032059377541997502,-0.01286676358592187,0.0015042629176067468,-0.0032059377541997502,-0.0032059377541997502,-0.005495723581000256,-0.021887970151522218,-0.003358301999518698,-0.005495723581000256,-0.005495723581000256,0.0037438537297005414,0.014978861446132363,0.003470480922371344,0.0037438537297005414,0.0037438537297005414,0.0018340508258314348,0.007288282339766861,0.0029302191488982388,0.0018340508258314348,0.0018340508258314348
2026-03,0.0,0.0,0.0,0.0,0.0,-0.009478693037661134,-0.037576326303137786,-0.00840682952456917,-0.009478693037661134,-0.009478693037661134,9.884081194910799e-05,0.00034907938370620784,0.0016272601169649015,9.884081194910799e-05,9.884081194910799e-05,-0.0023528423456168346,-0.009421527181686207,-0.007032761377114838,-0.0023528423456168346,-0.0023528423456168346,-0.0007891438625085012,-0.0031704911265268976,-0.0007891438625085012,-0.0007891438625085012,-0.0007891438625085012,-0.005830821450239387,-0.02319342445759509,-0.004673101747455721,-0.005830821450239387,-0.005830821450239387,-0.004835645730131954,-0.01926029266088325,-0.00528275303115433,-0.004835645730131954,-0.004835645730131954
2026-04,0.0,0.0,0.0,0.0,0.0,0.008448030147166996,0.03408477421373046,0.007942874477360196,0.008448030147166996,0.008448030147166996,8.937688494725649e-05,0.0003475975943423304,-0.003346102044513244,8.937688494725649e-05,8.937688494725649e-05,0.006706793239643183,0.02700470538135713,0.0057064529211670045,0.006706793239643183,0.006706793239643183,0.003209620230621102,0.012803026728906763,0.003209620230621102,0.003209620230621102,0.003209620230621102,0.0049345373913425306,0.019841759030031714,0.0034102750429969575,0.0049345373913425306,0.0049345373913425306,0.005450590513225828,0.021929970573480784,0.004100379825256573,0.005450590513225828,0.005450590513225828
2026-05,-0.0005972060514766175,-0.00238983847846741,-0.00238983847846741,-0.00238983847846741,-0.0005972060514766175,0.0027419696809829475,0.01089462440273814,0.0011948487350668113,0.0027419696809829475,0.0027419696809829475,-0.00035684129491686534,-0.0014569502563985814,-7.427413638250169e-05,-0.00035684129491686534,-0.00035684129491686534,0.004585303375065353,0.018372548180384474,0.009646257322579288,0.004585303375065353,0.004585303375065353,0.005361548995018062,0.021508040209357482,0.005361548995018062,0.005361548995018062,0.005361548995018062,0.0013948812765514074,0.00554614310690793,0.0004750152629098281,0.0012600060097351928,0.0013948812765514074,0.002282010503949383,0.009110403549656088,0.0030429172631805113,0.0021849735302093,0.002282010503949383
2026-06,-0.002443016211299609,-0.009770932716992364,-0.009770932716992364,-0.009770932716992364,-0.002443016211299609,0.002534217799804228,0.009934789900617247,0.0027545631669609882,0.002534217799804228,0.002534217799804228,-0.0001965503944916236,-0.0007912994430859799,-0.002056558048747381,-0.0001965503944916236,-0.0001965503944916236,-0.0017442442901215438,-0.00709648086454695,-0.002609211302748715,-0.0017442442901215438,-0.0017442442901215438,-0.0022342269165572803,-0.009128506963008598,-0.0022342269165572803,-0.0022342269165572803,-0.0022342269165572803,0.001096742673851514,0.004325691962444145,-7.638839813384202e-05,0.0005491289667669541,0.001096742673851514,0.000328968088556314,0.0012424231086087811,-0.0007373173336342465,-6.57441773128653e-05,0.000328968088556314
2026-07,0.0,0.0,0.0,0.0,0.0,-0.0013604113113827587,-0.005519609046322538,-0.001382938307477155,-0.0013604113113827587,-0.0013604113113827587,-0.0012033018044602661,-0.004823193442314744,-0.000782942677558518,-0.0011293726544842064,-0.0012033018044602661,0.0025173929146693474,0.009957529603690674,0.005203826059192007,0.0025173929146693474,0.0025173929146693474,-0.003778220160022716,-0.015214142055218982,-0.003778220160022716,-0.003778220160022716,-0.003778220160022716,-0.0012032287435911337,-0.004834111630620974,-0.0010360869147265639,-0.0011727517282965616,-0.0012032287435911337,-0.00021882414154994478,-0.0009211790980617751,0.0005935989466752112,-0.0001963613037038181,-0.00021882414154994478
2026-08,0.005321872701384178,0.020955849958057104,0.020955849958057104,0.016629943375803924,0.005321872701384178,0.0019467212123447375,0.007732974857297625,0.000988341778868973,0.0019467212123447375,0.0019467212123447375,-0.00033065288246769686,-0.0013346189422956956,-0.0011561979673001543,-0.00033065288246769686,-0.00033065288246769686,0.0011403036256385501,0.004457097989086334,0.0026026877033413776,0.0011403036256385501,0.0011403036256385501,0.001514363445717315,0.00593115410346523,0.0017381957272175619,0.001514363445717315,0.001514363445717315,0.0012128682196328455,0.004834454700622937,0.001496374600750583,0.001993948009640256,0.0012128682196328455,0.0011900630704220205,0.0047434743224059606,0.001780763014217035,0.0017749872751318119,0.0011900630704220205
2026-09,0.016592399370413347,0.06443191109054802,0.06443191109054802,0.06103951103794336,0.016592399370413347,-0.003001464409352783,-0.012000605879200932,-0.004315345571282991,-0.0030942774748078383,-0.003001464409352783,-0.0027499471226020145,-0.010970196417715794,-0.00570542907922611,-0.003950107031178485,-0.002935694432743108,-0.0041671445578904676,-0.016680375651826007,-0.006457542126286686,-0.0041671445578904676,-0.0041671445578904676,0.002174390731772169,0.00838661831829568,0.007002104138056131,0.002174390731772169,0.002174390731772169,-0.0017826264660892877,-0.007151210583255518,-0.0008252079026994652,0.00015474893183187177,-0.0018558230427216937,-0.0024083498590600216,-0.009645085584574775,-0.002300828553243428,-0.000971444424051171,-0.002462581020794108
2026-10,-0.0003729235148332011,-0.0014916940593326933,-0.0014916940593326933,-0.0013353788114223164,-0.0003729235148332011,3.2859290623132864e-05,0.0001314371624923094,3.2859290623132864e-05,3.2859290623132864e-05,3.2859290623132864e-05,-7.451814467585027e-05,-0.00029807257870329007,-7.451814467585027e-05,-7.451814467585027e-05,-7.451814467585027e-05,-0.00033131244734319054,-0.0013252497893725401,-0.0006123644602024081,-0.00033131244734319054,-0.00033131244734319054,5.609066307243893e-05,0.00022436265228953367,0.0003018803953862559,5.609066307243893e-05,5.609066307243893e-05,-3.082550537869544e-05,-0.00012330202151489278,-8.907134988078713e-05,-8.093320782132096e-05,-3.082550537869544e-05,-0.00011083864717387204,-0.00044335458869548816,-0.0002284129317906558,-0.00014760375750799692,-0.00011083864717387204
