k,asset,entry,exit,days,ret,ann_vol,exit_why
0.5,BTC,2012-01-02,2012-02-03,24,0.14346792588874746,1.2200845583860271,trend_off
0.5,BTC,2012-03-09,2012-03-13,2,0.08591068207070451,1.0025816217476984,trend_off
0.5,BTC,2012-03-14,2012-03-23,7,-0.12965300116031409,0.9775450307979636,trend_off
0.5,BTC,2012-04-02,2012-04-03,1,-0.005380702606982979,0.8625039643238179,trend_off
0.5,BTC,2012-04-06,2012-04-09,1,-0.0195105991256872,0.8076772412161266,trend_off
0.5,BTC,2012-04-17,2012-04-26,7,0.025896839332977928,0.722180319271541,trend_off
0.5,BTC,2012-05-11,2012-05-17,4,0.025374510096904057,0.5740688583841693,trend_off
0.5,BTC,2012-05-23,2012-05-24,1,-0.0018914812730609354,0.5044648583396658,trend_off
0.5,BTC,2012-05-25,2012-06-29,25,0.2961685748906886,0.48805461685307927,trend_off
0.5,BTC,2012-07-02,2012-07-04,2,-0.03390575545511065,0.447000230166657,trend_off
0.5,BTC,2012-07-09,2012-08-07,21,0.5558395200455295,0.45586975717803485,new_high
0.5,BTC,2013-07-29,2013-10-01,46,0.3673869846995246,1.1371674358174675,trend_off
0.5,BTC,2013-10-04,2013-11-05,22,0.9982036745020579,0.8688953081117138,new_high
0.5,BTC,2014-05-01,2014-05-05,2,-0.06053202986945627,1.0714674979640193,trend_off
0.5,BTC,2014-05-09,2014-05-13,2,-0.030245825575826224,0.9845254448358984,trend_off
0.5,BTC,2014-05-28,2014-05-29,1,-0.015262726025649154,0.9120297778769846,trend_off
0.5,BTC,2014-06-17,2014-06-24,5,-0.047787292633149736,0.8123604602880267,trend_off
0.5,BTC,2014-06-26,2014-07-01,3,0.10711571055021984,0.7400632286499622,trend_off
0.5,BTC,2014-07-03,2014-07-04,1,-0.0244083530344138,0.7065938846712726,trend_off
0.5,BTC,2014-07-11,2014-07-28,11,-0.07407689459953859,0.6512296425038604,trend_off
0.5,BTC,2015-07-08,2015-08-10,23,-0.02332109369426616,0.407408307253188,trend_off
0.5,BTC,2015-10-27,2015-11-03,5,0.3731568338328912,0.4087173268135083,new_high
0.5,BTC,2018-04-20,2018-05-17,19,-0.08495644244452216,0.9013408892010188,trend_off
0.5,BTC,2018-07-31,2018-08-01,1,-0.01998984457531061,0.6849305257253677,trend_off
0.5,BTC,2018-09-20,2018-09-24,2,0.011617188489999153,0.5387854270911029,trend_off
0.5,BTC,2018-10-05,2018-10-11,4,-0.05530250709309459,0.47166523227619983,trend_off
0.5,BTC,2019-05-09,2019-05-27,12,0.4261457988594304,0.48869340048798443,new_high
0.5,BTC,2020-01-13,2020-01-23,8,0.03220960579304544,0.5344294739370903,trend_off
0.5,BTC,2020-01-28,2020-02-03,4,-0.006952795288753366,0.5466589267766396,trend_off
0.5,BTC,2020-02-05,2020-02-26,15,-0.0824785613703819,0.5185675286964181,trend_off
0.5,BTC,2021-07-26,2021-08-03,6,0.021839827109302323,0.819681766935619,trend_off
0.5,BTC,2023-01-25,2023-01-30,3,-0.012013253416764513,0.4838660202091255,trend_off
0.5,BTC,2023-02-01,2023-02-02,1,-0.01061797692681965,0.4524958611019395,trend_off
0.5,BTC,2023-02-13,2023-03-02,13,0.0764562302498677,0.44339825475479594,trend_off
0.5,BTC,2023-03-13,2023-04-21,29,0.12725995361904552,0.7395994311825904,trend_off
0.5,BTC,2026-08-21,2026-10-01,29,0.07014498194058705,0.41997439598148245,new_high
0.5,ETH,2016-10-21,2016-10-24,1,-0.012867616958288752,0.8337545501038043,trend_off
0.5,ETH,2016-10-27,2016-11-01,3,-0.058269458902998506,0.7947169989777931,trend_off
0.5,ETH,2017-01-25,2017-01-27,2,0.0019759461668416023,0.8222073076739086,trend_off
0.5,ETH,2017-02-03,2017-03-13,26,1.6051415170849643,0.7334795672237425,new_high
0.5,ETH,2018-04-19,2018-05-23,24,0.02763928436045604,1.060450905202318,trend_off
0.5,ETH,2019-05-13,2019-07-15,45,0.16728646090025223,0.7482931167223407,trend_off
0.5,ETH,2019-11-01,2019-11-05,2,0.02899536529671476,0.7260879587957048,trend_off
0.5,ETH,2019-11-13,2019-11-14,1,-0.012000024315665936,0.643774616323423,trend_off
0.5,ETH,2020-01-20,2020-01-22,2,0.007022746591845985,0.6818951488930594,trend_off
0.5,ETH,2020-02-04,2020-03-11,26,0.029685165206006614,0.6305035785685613,trend_off
0.5,ETH,2022-03-22,2022-03-30,6,0.1385834802177215,0.7164329296225694,trend_off
0.5,ETH,2022-04-19,2022-04-20,1,-0.00849216873439762,0.638682732190389,trend_off
0.5,ETH,2023-01-09,2023-01-10,1,0.011386058087499595,0.6545923385353932,trend_off
0.5,ETH,2023-01-16,2023-01-19,3,-0.015396031095992857,0.6578686523911932,trend_off
0.5,ETH,2023-02-15,2023-02-16,1,-0.020121538929091298,0.6074789950692536,trend_off
0.5,ETH,2023-02-20,2023-02-28,6,-0.05683998389769662,0.5876901957664888,trend_off
0.5,ETH,2023-03-01,2023-03-03,2,-0.05666959397583404,0.5492820112984187,trend_off
0.5,ETH,2023-03-13,2023-05-04,38,0.11747550379434468,0.7333826389453172,trend_off
0.5,ETH,2024-10-31,2024-11-04,2,-0.047210820212962745,0.5850097569858572,trend_off
0.5,ETH,2026-08-19,2026-10-01,31,0.1925961171862156,0.6319588886549405,new_high
0.5,LTC,2014-05-09,2014-05-12,1,-0.017430580289834907,1.4054473510690983,trend_off
0.5,LTC,2015-11-19,2015-12-01,8,0.09614790426127717,1.0034539308833264,trend_off
0.5,LTC,2015-12-03,2015-12-28,17,0.026214685357138334,0.9130614447254283,trend_off
0.5,LTC,2015-12-30,2016-01-05,4,0.0030441077189282684,0.7849206833738462,trend_off
0.5,LTC,2016-02-16,2016-03-18,23,-0.012215552614895486,0.6462402761408085,trend_off
0.5,LTC,2016-04-04,2016-04-05,1,0.00032609740836164747,0.42472832255022785,trend_off
0.5,LTC,2016-04-06,2016-04-07,1,-0.0032586282142532674,0.41081868802109583,trend_off
0.5,LTC,2016-04-13,2016-06-22,50,0.207431075536614,0.37973762171758735,trend_off
0.5,LTC,2016-08-31,2016-09-21,15,0.011304954701952363,0.5312522006165615,trend_off
0.5,LTC,2016-09-23,2016-10-04,7,0.002654118454495924,0.42747835619217506,trend_off
0.5,LTC,2016-10-13,2016-10-18,3,-0.017148009483110016,0.3651257457357855,trend_off
0.5,LTC,2016-10-25,2016-11-07,9,-0.016786105661834583,0.32992900964903527,trend_off
0.5,LTC,2016-11-08,2016-11-11,3,-0.006961165188292373,0.33734852570600826,trend_off
0.5,LTC,2016-11-16,2016-11-24,6,-0.02781209854343003,0.3235756970341627,trend_off
0.5,LTC,2017-03-09,2017-03-10,1,-0.022470138824187136,0.5642257540868624,trend_off
0.5,LTC,2019-03-06,2019-03-11,3,-0.006526269951257935,1.1030500017860927,trend_off
0.5,LTC,2019-03-12,2019-03-18,4,0.057331905715086506,1.0398069194986488,trend_off
0.5,LTC,2019-03-19,2019-03-22,3,-0.013058773353592623,0.9646097796093187,trend_off
0.5,LTC,2019-03-27,2019-05-01,25,0.1832301305258297,0.8874888416206425,trend_off
0.5,LTC,2019-09-18,2019-09-23,3,-0.14258515769254476,0.7438468753527155,trend_off
0.5,LTC,2020-01-14,2020-01-23,7,-0.06580179752817372,0.8299900147994542,trend_off
0.5,LTC,2020-01-27,2020-02-28,24,0.01702918340805426,0.8134783747762838,trend_off
0.5,LTC,2020-06-09,2020-06-16,5,-0.04758371823046137,0.8031280864712852,trend_off
0.5,LTC,2020-06-23,2020-06-25,2,-0.03657256034344236,0.7187080961614666,trend_off
0.5,LTC,2020-10-12,2020-10-16,4,-0.06012439909317169,0.7330774065261642,trend_off
0.5,LTC,2020-10-20,2020-10-23,3,0.1740166018803897,0.6768072612580271,trend_off
0.5,LTC,2021-07-30,2021-08-02,1,-0.029288391536013147,1.0126822437433303,trend_off
0.5,LTC,2021-08-20,2021-08-24,2,-0.05473938239258036,0.94600838792385,trend_off
0.5,LTC,2021-08-25,2021-08-26,1,-0.05358933725564152,0.929282668411318,trend_off
0.5,LTC,2021-09-01,2021-09-10,7,-0.036890380863985994,0.9032941127788918,trend_off
0.5,LTC,2021-09-14,2021-09-20,4,-0.145654605713185,1.0270118062662923,trend_off
0.5,LTC,2021-10-06,2021-10-07,1,0.0003696317898709278,0.9719568078343668,trend_off
0.5,LTC,2021-10-11,2021-10-12,1,-0.036941657469351186,0.9274376373583972,trend_off
0.5,LTC,2021-10-15,2021-12-02,34,0.07772453853901395,0.8869698625435325,trend_off
0.5,LTC,2021-12-03,2021-12-06,1,-0.13935797635541203,0.95492761291591,trend_off
0.5,LTC,2021-12-22,2021-12-24,2,0.03829441545050116,0.8997092960642677,trend_off
0.5,LTC,2022-01-17,2022-01-18,1,-0.06446021425669635,0.8109677988185727,trend_off
0.5,LTC,2022-11-04,2022-11-07,1,0.0008235872127164701,0.6367113813014814,trend_off
0.5,LTC,2022-11-22,2022-12-21,21,-0.07170913101784693,1.005687691330841,trend_off
0.5,LTC,2023-01-09,2023-03-02,38,0.1652644607674778,0.7958963689196387,trend_off
0.5,LTC,2023-12-04,2023-12-05,1,0.02017992681103098,0.45499806694448774,trend_off
0.5,LTC,2023-12-07,2023-12-11,2,-0.019008156080499106,0.4466850776002885,trend_off
0.5,LTC,2023-12-12,2023-12-14,2,0.007601264945900521,0.5020020832244741,trend_off
0.5,LTC,2023-12-18,2023-12-20,2,-0.01409355546767499,0.4776058286368485,trend_off
0.5,LTC,2024-02-15,2024-02-21,4,-0.012518344964788652,0.4543803081877024,trend_off
0.5,LTC,2024-02-26,2024-03-29,24,0.5187959159800204,0.4319600421159574,new_high
0.5,LTC,2024-10-17,2024-10-21,2,-0.027715065664433602,0.49688488493947175,trend_off
0.5,LTC,2024-10-22,2024-10-23,1,0.0032598842004119,0.4851102735549153,trend_off
0.5,LTC,2024-10-29,2024-10-31,2,-0.06451971865847117,0.48245771539215343,trend_off
0.5,LTC,2024-11-06,2024-12-02,18,0.8763876751831658,0.5531520059160279,new_high
0.5,LTC,2025-06-30,2025-07-01,1,-0.031850500446893304,0.5912650976789265,trend_off
0.5,LTC,2025-07-03,2025-07-07,2,-0.03276404182711479,0.588887687471434,trend_off
0.5,LTC,2025-07-10,2025-08-19,28,0.18654762119370383,0.571003677928639,trend_off
0.5,LTC,2026-09-18,2026-10-01,9,0.15556507284011056,0.5130262546534028,new_high
0.5,XRP,2016-04-29,2016-05-02,1,-0.0336906021657728,0.7447270834418587,trend_off
0.5,XRP,2017-01-03,2017-01-04,1,0.008628666329366874,0.5832823965271158,trend_off
0.5,XRP,2018-10-17,2018-10-19,2,-0.029942487895036063,1.4512413696635436,trend_off
0.5,XRP,2018-11-06,2018-11-20,10,-0.20826475455909088,1.2124173358593344,trend_off
0.5,XRP,2019-03-05,2019-03-11,4,-0.0171940054309645,0.6859498801197409,trend_off
0.5,XRP,2019-03-12,2019-03-13,1,0.012562858969365598,0.6327161816379413,trend_off
0.5,XRP,2019-07-31,2019-08-06,4,-0.0298620374094567,0.7791635233933071,trend_off
0.5,XRP,2020-02-06,2020-02-11,3,-0.007345454315050515,0.6256866385625158,trend_off
0.5,XRP,2020-02-12,2020-02-25,9,-0.16748409543463727,0.6357290405222434,trend_off
0.5,XRP,2020-06-10,2020-06-11,1,-0.06286649789678922,0.6808651026170262,trend_off
0.5,XRP,2021-07-21,2021-07-22,1,0.03896149526611992,1.3739886925693445,trend_off
0.5,XRP,2021-07-26,2021-09-28,46,0.4284899155193229,1.3187412062124335,trend_off
0.5,XRP,2021-11-25,2021-11-26,1,-0.09258564823158322,0.836050896056891,trend_off
0.5,XRP,2021-12-22,2021-12-27,3,-0.029868033664579463,0.8384644839965284,trend_off
0.5,XRP,2022-01-12,2022-01-13,1,-0.03904701208548644,0.7674672230532539,trend_off
0.5,XRP,2022-11-04,2022-11-07,1,-0.07642090187350181,0.7364447414209839,trend_off
0.5,XRP,2022-12-08,2022-12-09,1,-0.013666338009838297,0.8472279761169617,trend_off
0.5,XRP,2022-12-12,2022-12-14,2,-0.002529774703576182,0.8204635260439129,trend_off
0.5,XRP,2023-02-03,2023-02-10,5,-0.07171188835760622,0.5675163677317407,trend_off
0.5,XRP,2023-02-15,2023-02-20,3,-0.007043664362836433,0.5604367297630845,trend_off
0.5,XRP,2023-03-21,2023-03-22,1,-0.1005514168904067,0.8566512697517911,trend_off
0.5,XRP,2024-02-16,2024-04-02,32,0.03629641789759841,0.45447710564389243,trend_off
0.5,XRP,2025-06-30,2025-07-01,1,-0.029728653829319218,0.613321766347811,trend_off
0.5,XRP,2025-07-03,2025-07-08,3,0.023730783170547776,0.5955153714353955,trend_off
0.5,XRP,2026-08-21,2026-08-28,5,-0.04856738135310046,0.7368768956293339,trend_off
0.5,XRP,2026-08-31,2026-09-01,1,-0.01987674413156726,0.6970109345132907,trend_off
0.5,XRP,2026-09-03,2026-09-07,2,-0.036910534487281876,0.6964316755269997,trend_off
0.5,XRP,2026-09-18,2026-10-01,9,0.057906996203822114,0.709039832764675,new_high
0.5,DOGE,2015-06-17,2015-06-25,6,-0.07306859864832238,1.0891782659887712,trend_off
0.5,DOGE,2015-06-26,2015-07-16,14,-0.05624465980222093,0.99427550080326,trend_off
0.5,DOGE,2015-07-24,2015-08-18,17,-0.3424949717182898,0.8598205398566394,trend_off
0.5,DOGE,2015-12-31,2016-01-04,2,-0.006754886751572986,0.5341988215023346,trend_off
0.5,DOGE,2016-05-12,2016-05-16,2,-0.025439306655087757,0.8910289234577673,trend_off
0.5,DOGE,2016-05-17,2016-05-19,2,-0.02186313341601709,0.8543136103361715,trend_off
0.5,DOGE,2016-05-26,2016-05-27,1,-0.005173656182369202,0.7650598675258234,trend_off
0.5,DOGE,2016-05-30,2016-05-31,1,-0.021683147714041118,0.7465322966979909,trend_off
0.5,DOGE,2016-06-01,2016-07-20,35,0.062196293438065986,0.7277532244525119,trend_off
0.5,DOGE,2016-08-16,2016-08-17,1,-0.037076585655471006,0.6354401119084949,trend_off
0.5,DOGE,2016-08-31,2016-09-01,1,-0.010309064659331346,0.5665677584742395,trend_off
0.5,DOGE,2016-09-16,2016-09-21,3,-0.08236197894258601,0.5400064333856147,trend_off
0.5,DOGE,2016-09-27,2016-10-06,7,-0.029382868124801953,0.5209299029786233,trend_off
0.5,DOGE,2016-10-11,2016-10-12,1,-0.013810497831939883,0.48246983894589085,trend_off
0.5,DOGE,2016-11-07,2016-11-09,2,-0.04815255781056338,0.4734811508353844,trend_off
0.5,DOGE,2016-11-10,2016-11-11,1,-0.017539549663134535,0.464321775252279,trend_off
0.5,DOGE,2016-12-23,2016-12-27,2,-0.03139333195695726,0.4046600325155449,trend_off
0.5,DOGE,2016-12-30,2017-01-02,1,-0.03804477727134292,0.3967663824035487,trend_off
0.5,DOGE,2017-01-03,2017-01-04,1,-0.03131237357216554,0.4055351013789761,trend_off
0.5,DOGE,2017-01-09,2017-01-10,1,-0.042595651193730544,0.444659895568903,trend_off
0.5,DOGE,2018-04-12,2018-05-15,23,0.18878359538325906,1.4826490174733569,trend_off
0.5,DOGE,2019-05-14,2019-07-15,44,0.007822669265141524,0.8782524447857971,trend_off
0.5,DOGE,2019-07-18,2019-07-19,1,-0.019865429707563664,0.8793354947556733,trend_off
0.5,DOGE,2019-07-22,2019-07-23,1,-0.0390390255078128,0.8550028268391346,trend_off
0.5,DOGE,2019-07-24,2019-08-09,12,-0.0037736135394809134,0.8352500665929065,trend_off
0.5,DOGE,2019-11-12,2019-11-14,2,-0.016513801602319078,0.5441053734804376,trend_off
0.5,DOGE,2020-01-06,2020-01-08,2,-0.06902147978579953,0.6526867102768297,trend_off
0.5,DOGE,2020-03-03,2020-03-04,1,-0.040416102563997414,0.6850249045837257,trend_off
0.5,DOGE,2020-03-05,2020-03-09,2,-0.11652030978182304,0.6849896084742305,trend_off
0.5,DOGE,2020-06-09,2020-06-11,2,-0.04554299704063103,0.6095899429844611,trend_off
0.5,DOGE,2020-10-22,2020-10-26,2,0.009039529294480264,0.6251714522996136,trend_off
0.5,DOGE,2020-10-27,2020-10-28,1,-0.030631277219203557,0.5958406725225003,trend_off
0.5,DOGE,2020-11-05,2020-12-21,32,0.8291937609214435,0.552082320565783,new_high
0.5,DOGE,2021-10-18,2021-11-10,17,0.03408265278163025,1.2122647561736641,trend_off
0.5,DOGE,2023-01-16,2023-01-26,8,0.032725148978649754,1.0157574875829833,trend_off
0.5,DOGE,2023-02-03,2023-02-09,4,-0.1237485281043137,0.8816139548686519,trend_off
0.5,DOGE,2023-02-15,2023-02-21,4,-0.04343100029329705,0.855200074283899,trend_off
0.5,DOGE,2023-07-25,2023-07-26,1,-0.04749218255720278,0.6308796690975698,trend_off
0.5,DOGE,2023-08-08,2023-08-14,4,-0.003400682262748367,0.5720494080696488,trend_off
0.5,DOGE,2023-11-08,2023-11-09,1,-0.026761622475739544,0.5835032539814113,trend_off
0.5,DOGE,2023-11-10,2023-11-14,2,-0.03959224651345328,0.5751706437493493,trend_off
0.5,DOGE,2024-07-19,2024-07-31,8,-0.027621894304830197,0.8379246052171118,trend_off
0.5,DOGE,2024-08-01,2024-08-05,2,-0.20742896044854953,0.8218245100825922,trend_off
0.5,DOGE,2024-08-12,2024-08-13,1,-0.012536294677591764,0.9339119462455546,trend_off
0.5,DOGE,2024-10-01,2024-10-02,1,-0.021337199768247772,0.7943990348448737,trend_off
0.5,DOGE,2024-10-04,2024-10-10,4,-0.030055643420606404,0.7665899410213322,trend_off
0.5,DOGE,2024-10-16,2024-10-17,1,0.03088899059449557,0.7259842738794383,trend_off
0.5,DOGE,2024-10-18,2024-11-11,16,1.5472877516138044,0.721239964894636,new_high
0.5,DOGE,2025-04-29,2025-04-30,1,-0.013147350119764978,0.9331122751874195,trend_off
0.5,DOGE,2025-07-10,2025-08-06,19,0.05370830020676487,0.7716533445767003,trend_off
0.5,DOGE,2025-08-12,2025-08-14,2,-0.04995631439422055,0.8338015576038087,trend_off
0.5,DOGE,2025-08-15,2025-08-18,1,-0.027067599385450114,0.842733805396393,trend_off
0.5,DOGE,2025-08-22,2025-08-25,1,-0.12787734113098193,0.8862981845586119,trend_off
0.5,DOGE,2025-08-26,2025-10-10,33,-0.11585377415824283,0.9429271799821702,trend_off
0.5,DOGE,2026-09-21,2026-09-30,7,-0.051695388196488556,0.7107845666188177,trend_off
0.5,DOGE,2026-10-01,2026-10-01,0,0.0,0.6861332926956359,new_high
0.5,ADA,2019-04-03,2019-04-25,16,-0.23675366798791286,0.9221484737197101,trend_off
0.5,ADA,2019-05-14,2019-06-13,22,0.06193720034677974,0.9768930311255215,trend_off
0.5,ADA,2019-06-14,2019-06-27,9,-0.04601684695045727,0.9307428262317792,trend_off
0.5,ADA,2019-06-28,2019-07-01,1,-0.06129125708428851,0.9061356745909463,trend_off
0.5,ADA,2020-01-15,2020-03-03,34,0.14588862876435704,0.6902753231533667,trend_off
0.5,ADA,2022-01-12,2022-01-13,1,-0.05471225916509315,0.8855285151629516,trend_off
0.5,ADA,2022-01-14,2022-01-20,4,-0.025463123709954072,0.881017331316811,trend_off
0.5,ADA,2023-04-05,2023-04-20,11,0.02132459173186141,0.7090348924386017,trend_off
0.5,ADA,2023-04-26,2023-05-01,3,-0.036465903411637024,0.6340401709881659,trend_off
0.5,ADA,2024-05-16,2024-05-21,3,0.076309295320103,0.7136722715930776,trend_off
0.5,ADA,2024-05-27,2024-05-28,1,-0.02344844838310578,0.6728013573481978,trend_off
0.5,ADA,2024-05-29,2024-05-30,1,-0.009787230865028307,0.6542717387273239,trend_off
0.5,ADA,2024-07-15,2024-07-16,1,-0.01659178887438917,0.635215377912367,trend_off
0.5,ADA,2024-11-07,2024-11-20,9,0.9760970968244915,0.7362046204571053,new_high
0.5,ADA,2025-07-11,2025-08-06,18,0.04400683586999632,0.7325319151054416,trend_off
0.5,ADA,2026-09-22,2026-09-23,1,-0.06208732816750073,0.8059837077906691,trend_off
0.5,ADA,2026-09-25,2026-09-29,2,-0.05483379744285666,0.803033057432921,trend_off
0.5,BNB,2019-11-01,2019-11-05,2,0.03512087653720819,0.773181366046274,trend_off
0.5,BNB,2020-01-20,2020-01-22,2,0.027306082699560585,0.7153248595837455,trend_off
0.5,BNB,2020-02-06,2020-03-09,22,-0.1954099376644367,0.6663950372895661,trend_off
0.5,BNB,2020-06-04,2020-06-16,8,-0.06512155770020711,0.8740535364013755,trend_off
0.5,BNB,2020-06-23,2020-06-24,1,-0.024101540564600787,0.7384074502488381,trend_off
0.5,BNB,2020-07-10,2020-07-15,3,0.019115861039725734,0.6465645051512311,trend_off
0.5,BNB,2020-07-17,2020-07-22,3,0.058936770711565556,0.6329670816098032,trend_off
0.5,BNB,2020-07-23,2020-08-03,7,0.18109902928289912,0.6033454754097008,trend_off
0.5,BNB,2022-03-22,2022-03-29,5,0.07467133111201552,0.6456890556326038,trend_off
0.5,BNB,2022-11-01,2022-11-09,6,-0.17784958544330254,0.5206300597026879,trend_off
0.5,BNB,2023-01-10,2023-01-26,12,0.09945162056814127,0.6231036865030284,trend_off
0.5,BNB,2023-02-03,2023-02-06,1,-0.02299798489682925,0.504907826209395,trend_off
0.5,BNB,2023-02-07,2023-02-09,2,-0.08182825663868942,0.4987978438408571,trend_off
0.5,BNB,2023-02-10,2023-02-14,2,-0.03214132355427479,0.5191021820207126,trend_off
0.5,BNB,2023-02-15,2023-02-24,7,-0.04765755338616828,0.5438582663497095,trend_off
0.5,BNB,2023-03-13,2023-04-14,24,0.0655903446156978,0.5532100645229738,trend_off
0.5,BNB,2023-12-05,2023-12-06,1,-0.007943154184259282,0.4794166434961014,trend_off
0.5,BNB,2023-12-11,2023-12-18,5,-0.020584431483002708,0.4641017904227465,trend_off
0.5,BNB,2023-12-19,2024-01-24,26,0.16012780465053966,0.4615195072388211,trend_off
0.5,BNB,2025-11-20,2025-11-21,1,-0.041859979493000576,0.6669753838105944,trend_off
0.5,BNB,2025-11-24,2025-11-25,1,-0.002675906728361266,0.6670590046394549,trend_off
0.5,BNB,2025-12-22,2025-12-23,1,-0.01641997629905534,0.5716436480363954,trend_off
0.5,BNB,2025-12-30,2025-12-31,1,0.0031417845069319217,0.526726355363498,trend_off
0.5,BNB,2026-01-05,2026-01-08,3,-0.020899111313313345,0.5061211362987762,trend_off
0.5,BNB,2026-01-09,2026-01-30,15,-0.04267093566189606,0.47805247617241686,trend_off
0.5,BNB,2026-05-12,2026-05-13,1,0.010295336761867002,0.3657623512136346,trend_off
0.5,BNB,2026-05-25,2026-05-27,2,-0.021356651706090024,0.34918054382719976,trend_off
0.5,BNB,2026-06-01,2026-06-02,1,-0.06024989173157258,0.39614987142384905,trend_off
0.5,BNB,2026-08-21,2026-10-01,29,0.11609465579838907,0.3412065455271937,new_high
0.5,SOL,2022-04-21,2022-04-22,1,-0.011437704432128326,0.8966911977413734,trend_off
0.5,SOL,2022-04-25,2022-04-26,1,-0.0539813559615786,0.8680873049802582,trend_off
0.5,SOL,2023-07-26,2023-07-31,3,-0.057834275642011934,0.8800219535798406,trend_off
0.5,SOL,2023-08-01,2023-08-02,1,-0.03554481238582141,0.8383915769781327,trend_off
0.5,SOL,2023-08-04,2023-08-11,5,0.07849748556975533,0.8089062187286117,trend_off
0.5,SOL,2025-07-18,2025-08-06,13,-0.051900639188019126,0.6025985715683392,trend_off
0.5,SOL,2026-08-19,2026-08-20,1,0.02650041053764518,0.5183100761229215,trend_off
0.5,SOL,2026-08-21,2026-10-01,29,0.2525945051251426,0.5370209808463126,new_high
0.5,SPY,1994-07-20,1994-08-30,29,0.05776519782217182,0.1001647547409927,new_high
0.5,SPY,2002-03-05,2002-04-01,19,-0.004175351102022273,0.19599141451972124,trend_off
0.5,SPY,2003-01-06,2003-01-21,11,-0.03990954640214506,0.24889352130691256,trend_off
0.5,SPY,2003-03-21,2003-03-24,1,-0.03323255295533878,0.2317265574216562,trend_off
0.5,SPY,2003-03-26,2003-03-27,1,0.0008037296385359216,0.2423953531815646,trend_off
0.5,SPY,2003-04-18,2003-04-21,1,0.0010053204955211559,0.2240411370648525,trend_off
0.5,SPY,2003-04-22,2003-05-01,7,0.006130851582978769,0.22247696086595223,trend_off
0.5,SPY,2003-05-02,2003-05-20,12,-0.008046017529926064,0.20909619051642023,trend_off
0.5,SPY,2003-05-21,2003-06-11,15,0.08256958773734535,0.19259771216424348,new_high
0.5,SPY,2009-04-21,2009-04-22,1,-0.00611345459387902,0.4041580784129273,trend_off
0.5,SPY,2009-05-06,2009-06-24,35,-0.016398230869436814,0.3585168221668485,trend_off
0.5,SPY,2009-06-25,2009-06-30,3,-0.001411671904783418,0.2743513288135718,trend_off
0.5,SPY,2009-07-15,2009-09-01,34,0.0744153069545519,0.25935269498076113,trend_off
0.5,SPY,2009-09-03,2009-09-22,13,0.0688524951006626,0.1975552630058765,new_high
0.5,SPY,2011-06-13,2011-06-15,2,-0.0053252249145794295,0.12460462420048297,trend_off
0.5,SPY,2022-12-02,2022-12-06,2,-0.032144947016071845,0.25047106935341457,trend_off
0.5,SPY,2022-12-12,2022-12-15,3,-0.023361276103291972,0.2414020614894081,trend_off
0.5,SPY,2023-01-13,2023-01-19,4,-0.024742978063050813,0.20480215035931676,trend_off
0.5,SPY,2023-02-01,2023-02-03,2,0.0037732298663846198,0.19128524204233863,trend_off
0.5,SPY,2023-02-14,2023-02-16,2,-0.010566099298072062,0.18261228835688129,trend_off
0.5,SPY,2023-02-20,2023-02-21,1,-0.020060794619553568,0.17625478386341165,trend_off
0.5,SPY,2023-02-23,2023-02-24,1,-0.010682389645053525,0.1779287327709747,trend_off
0.5,SPY,2023-03-27,2023-03-28,1,-0.0022444743886339547,0.17698993525339352,trend_off
0.5,SPY,2023-11-01,2023-11-09,6,0.026451516733061453,0.130748199740676,trend_off
0.5,QQQ,2002-03-21,2002-03-25,2,-0.039438580779099564,0.3628217868858668,trend_off
0.5,QQQ,2003-01-07,2003-01-20,9,-0.0502816998528306,0.35279319783749385,trend_off
0.5,QQQ,2003-01-23,2003-01-24,1,-0.027048623355305557,0.3425284613814576,trend_off
0.5,QQQ,2003-01-28,2003-01-29,1,0.014931236283833194,0.337325073016881,trend_off
0.5,QQQ,2003-03-17,2003-04-04,14,-0.020677282257105523,0.3181102078296585,trend_off
0.5,QQQ,2003-04-07,2003-04-08,1,-0.00114997783159565,0.30704225873837127,trend_off
0.5,QQQ,2003-04-17,2003-04-21,2,0.0037279376845962275,0.2922263958034386,trend_off
0.5,QQQ,2003-04-22,2003-05-19,19,0.009478658891694858,0.28234502517110177,trend_off
0.5,QQQ,2004-03-11,2004-03-15,2,0.0005733042493691887,0.1651151770363322,trend_off
0.5,QQQ,2006-09-01,2006-09-06,3,-0.01049031083871177,0.16659793995615002,trend_off
0.5,QQQ,2006-09-08,2006-11-13,46,0.12332176002018924,0.1672353464179705,new_high
0.5,QQQ,2008-04-18,2008-04-22,2,-0.007920838961418819,0.28128039800064547,trend_off
0.5,QQQ,2008-04-23,2008-06-10,34,0.036072927941737776,0.2734463636892314,trend_off
0.5,QQQ,2008-08-06,2008-08-07,1,-0.007720640303842008,0.253155719596538,trend_off
0.5,QQQ,2008-08-11,2008-08-12,1,0.0010472296189663055,0.2509696717547389,trend_off
0.5,QQQ,2008-08-14,2008-08-18,2,-0.013471526801859035,0.24073681471449268,trend_off
0.5,QQQ,2009-04-03,2009-04-07,2,-0.028747896897043268,0.40441200925104365,trend_off
0.5,QQQ,2009-04-09,2009-04-14,3,-0.013660522243734485,0.39774505567209223,trend_off
0.5,QQQ,2009-04-15,2009-05-25,28,0.03518479385890716,0.37534846056936266,trend_off
0.5,QQQ,2009-05-26,2009-07-02,27,0.024541450335184622,0.3046816787609445,trend_off
0.5,QQQ,2009-07-15,2009-09-01,34,0.06392273267778892,0.24993157211300035,trend_off
0.5,QQQ,2010-08-16,2010-08-23,5,-0.00714266637435057,0.21722904964454143,trend_off
0.5,QQQ,2011-06-13,2011-06-15,2,-0.0064056583022572555,0.14365091106461142,trend_off
0.5,QQQ,2022-08-18,2022-08-19,1,-0.019497087458388185,0.2854246741923151,trend_off
0.5,QQQ,2023-03-17,2023-05-18,44,0.10620980472486186,0.2385326309558252,new_high
0.5,DIA,2000-08-03,2000-09-15,31,0.021713471658729278,0.16621336840006085,trend_off
0.5,DIA,2002-01-03,2002-01-04,1,0.008533174589326897,0.18061016991661394,trend_off
0.5,DIA,2002-02-22,2002-04-03,28,0.025150356134801877,0.19282935379450683,trend_off
0.5,DIA,2002-04-04,2002-04-05,1,0.0069454822977195185,0.16339329055230567,trend_off
0.5,DIA,2003-01-06,2003-01-21,11,-0.03345083511290947,0.24599183183871304,trend_off
0.5,DIA,2003-03-21,2003-03-24,1,-0.03394800538298837,0.2344799507195475,trend_off
0.5,DIA,2003-04-22,2003-04-30,6,-0.0007070975327700957,0.2211607942274173,trend_off
0.5,DIA,2003-05-02,2003-05-16,10,0.01529845177674205,0.21062216505751133,trend_off
0.5,DIA,2009-05-06,2009-05-08,2,0.006102911833834712,0.320508686736361,trend_off
0.5,DIA,2009-05-11,2009-05-21,8,-0.012840157634587013,0.3150732164344189,trend_off
0.5,DIA,2009-05-26,2009-05-28,2,-0.009782050212471916,0.2886031076960948,trend_off
0.5,DIA,2009-05-29,2009-06-02,2,0.024710085015111183,0.285355285181876,trend_off
0.5,DIA,2009-06-03,2009-06-10,5,0.0080506402886944,0.27870567230545407,trend_off
0.5,DIA,2009-06-11,2009-06-22,7,-0.04852799042192646,0.2530247381609958,trend_off
0.5,DIA,2009-07-15,2009-09-02,35,0.08227037151326733,0.23791861097648864,trend_off
0.5,DIA,2009-09-03,2009-09-22,13,0.05281584247371596,0.1768737502489994,new_high
0.5,DIA,2023-11-01,2023-11-28,19,0.0665707796409758,0.10775736753406487,new_high
0.5,IWM,2003-01-10,2003-01-21,7,-0.03375623014682738,0.2303995934619875,trend_off
0.5,IWM,2003-04-18,2003-06-05,34,0.19777357407535945,0.1868332448618816,new_high
0.5,IWM,2008-05-15,2008-05-19,2,0.005710680797265777,0.23308745548709214,trend_off
0.5,IWM,2008-05-20,2008-05-21,1,-0.014246848856635075,0.22250254279084788,trend_off
0.5,IWM,2008-07-23,2008-07-24,1,-0.025302907592298585,0.25000582163951035,trend_off
0.5,IWM,2008-08-05,2008-08-07,2,-0.010005562455347783,0.24625565258411838,trend_off
0.5,IWM,2009-04-21,2009-04-22,1,-0.00021319734799785106,0.5297793612024339,trend_off
0.5,IWM,2009-05-04,2009-06-24,37,-0.019367666762675206,0.48005966192808236,trend_off
0.5,IWM,2009-06-25,2009-06-30,3,0.0005877887316119157,0.362607949423735,trend_off
0.5,IWM,2009-07-15,2009-09-01,34,0.08666915332469416,0.3357140032113315,trend_off
0.5,IWM,2009-09-04,2009-09-07,1,0.0,0.25720200992544384,trend_off
0.5,IWM,2009-09-08,2009-09-22,10,0.07777362201558957,0.250202959641479,new_high
0.5,IWM,2010-08-18,2010-08-19,1,-0.02738391641729576,0.2914515978065163,trend_off
0.5,IWM,2012-11-09,2012-11-12,1,-0.0028971169252821616,0.14867777207222294,trend_off
0.5,IWM,2014-08-01,2014-08-07,4,0.004608225779828556,0.14574460748731027,trend_off
0.5,IWM,2016-04-20,2016-04-21,1,-0.005019312696325384,0.18454798605385864,trend_off
0.5,IWM,2016-06-01,2016-06-17,12,-0.014855883010693072,0.16370191441342635,trend_off
0.5,IWM,2016-06-20,2016-06-22,2,-0.005810831869680566,0.1510839728346564,trend_off
0.5,IWM,2019-02-11,2019-03-06,17,0.012706725581913325,0.20258500278664257,trend_off
0.5,IWM,2019-03-11,2019-03-18,5,0.009462984602488733,0.17770832303437908,trend_off
0.5,IWM,2019-04-04,2019-05-09,25,0.0017318531881715948,0.1744032671591476,trend_off
0.5,IWM,2019-06-19,2019-06-25,4,-0.0220628471057015,0.16559625170803302,trend_off
0.5,IWM,2019-06-28,2019-07-02,2,-0.0022509332293615403,0.1668676308377828,trend_off
0.5,IWM,2019-07-05,2019-07-08,1,-0.009509703288693827,0.1560501230973165,trend_off
0.5,IWM,2019-07-16,2019-07-17,1,-0.007150785259829928,0.14464189782399792,trend_off
0.5,IWM,2019-07-18,2019-07-19,1,-0.005752611597213186,0.14187218239142937,trend_off
0.5,IWM,2019-07-30,2019-07-31,1,-0.008109424578703783,0.1461350868080317,trend_off
0.5,IWM,2022-08-12,2022-08-19,5,-0.028498542186153997,0.25725165474654144,trend_off
0.5,IWM,2022-12-01,2022-12-06,3,-0.03685282211836205,0.28527547627136324,trend_off
0.5,IWM,2023-01-09,2023-01-30,15,0.05093336509148738,0.24218288357459264,trend_off
0.5,IWM,2023-04-28,2023-05-01,1,0.0005708731329032712,0.20337259355191334,trend_off
0.5,MDY,2003-01-06,2003-01-08,2,-0.02313265050591129,0.2388400541483956,trend_off
0.5,MDY,2003-01-10,2003-01-21,7,-0.040279766319816224,0.23335337980763163,trend_off
0.5,MDY,2003-04-22,2003-05-01,7,0.01595884711070683,0.19019950893942597,trend_off
0.5,MDY,2003-05-02,2003-06-11,28,0.09552930331620102,0.18328218884857533,new_high
0.5,MDY,2009-04-09,2009-04-10,1,0.0,0.5059488309717439,trend_off
0.5,MDY,2009-04-16,2009-04-24,6,0.011662221503992543,0.4776080158992959,trend_off
0.5,MDY,2009-04-30,2009-06-24,39,0.006927542771407058,0.4408076338824492,trend_off
0.5,MDY,2009-06-25,2009-06-30,3,0.0056403292169970864,0.336551742032003,trend_off
0.5,MDY,2009-07-15,2009-09-01,34,0.1012859130904411,0.3073772323161082,trend_off
0.5,MDY,2009-09-03,2009-10-14,29,0.10523488289802163,0.23815987016008225,new_high
0.5,MDY,2010-08-16,2010-08-20,4,0.0021705788715491448,0.2515174277326935,trend_off
0.5,EFA,2003-01-15,2003-01-16,1,0.004175553358247042,0.2211615759354431,trend_off
0.5,EFA,2003-04-21,2003-04-29,6,0.0209749798945984,0.20520840247251876,trend_off
0.5,EFA,2003-05-02,2003-05-19,11,0.011376046428249964,0.1962547521019718,trend_off
0.5,EFA,2003-05-20,2003-08-18,64,0.10933610525446125,0.20028429596578237,new_high
0.5,EFA,2005-04-18,2005-04-26,6,0.007409870043767475,0.10232768256035361,trend_off
0.5,EFA,2006-07-18,2006-08-01,10,0.06094006800209306,0.21174655493569824,trend_off
0.5,EFA,2009-04-16,2009-04-17,1,-0.0034055755966326817,0.444579667677081,trend_off
0.5,EFA,2009-04-21,2009-04-22,1,-0.007962350432637488,0.44476841099854647,trend_off
0.5,EFA,2009-05-01,2009-06-22,36,0.07097332076666407,0.40576562413790107,trend_off
0.5,EFA,2009-06-25,2009-06-29,2,0.006514433299155575,0.32936923101332655,trend_off
0.5,EFA,2009-07-15,2009-09-01,34,0.1028338858086355,0.3074735234061222,trend_off
0.5,EFA,2009-09-03,2009-09-15,8,0.058402834784830215,0.23581709620546232,new_high
0.5,EFA,2012-01-27,2012-01-30,1,-0.011811832039553605,0.2568508445593251,trend_off
0.5,EFA,2012-01-31,2012-03-06,25,0.011507479340532756,0.2515334793961232,trend_off
0.5,EFA,2012-03-08,2012-03-23,11,0.004400266597508695,0.22056038524894622,trend_off
0.5,EFA,2012-03-26,2012-03-28,2,-0.01315810343537338,0.19820756014037028,trend_off
0.5,EFA,2012-04-02,2012-04-05,3,-0.04520031965891702,0.18984639751237115,trend_off
0.5,EFA,2016-06-06,2016-06-09,3,-0.0030489354223826037,0.14322906903789195,trend_off
0.5,EFA,2018-05-30,2018-05-31,1,-0.0063003345594978555,0.12196410366336992,trend_off
0.5,EFA,2018-06-04,2018-06-05,1,-0.0015668536284093593,0.12033535499093319,trend_off
0.5,EFA,2018-06-08,2018-06-12,2,0.0,0.11662832851535293,trend_off
0.5,EFA,2018-06-13,2018-06-18,3,-0.014324372421361642,0.1139033851030254,trend_off
0.5,EFA,2018-07-31,2018-08-01,1,-0.005081221761474741,0.10363846928629544,trend_off
0.5,EFA,2018-08-03,2018-08-09,4,-0.0002936578571204329,0.1014739826899272,trend_off
0.5,EFA,2018-09-17,2018-10-04,13,-0.00014943203873618582,0.10780675791193124,trend_off
0.5,EFA,2022-12-01,2022-12-22,15,-0.027250006670864413,0.24444309064123185,trend_off
0.5,EFA,2022-12-27,2022-12-28,1,-0.010607578952433694,0.20581097737617676,trend_off
0.5,EFA,2023-01-04,2023-03-06,43,0.05365127387562696,0.19978279675171495,trend_off
0.5,EFA,2023-09-22,2023-09-25,1,-0.004434838017156162,0.12175542463590203,trend_off
0.5,EEM,2004-08-19,2004-08-24,3,0.007512130216194679,0.1859704525637278,trend_off
0.5,EEM,2004-08-25,2004-11-04,51,0.14241444963122163,0.17821988480361073,new_high
0.5,EEM,2005-04-18,2005-04-28,8,-0.006628932239659102,0.201031182146267,trend_off
0.5,EEM,2009-04-02,2009-04-07,3,-0.023315897559993193,0.6330699359387205,trend_off
0.5,EEM,2009-04-09,2009-06-17,49,0.13345265588347988,0.601127607069874,trend_off
0.5,EEM,2009-06-19,2009-06-22,1,-0.03622036823751662,0.414515900792817,trend_off
0.5,EEM,2009-06-25,2009-06-26,1,0.005287611561140437,0.41381200573514326,trend_off
0.5,EEM,2009-07-15,2009-09-01,34,0.04431714448577195,0.3844935788168621,trend_off
0.5,EEM,2012-04-04,2012-04-05,1,0.005410136492952855,0.22674674323820057,trend_off
0.5,EEM,2012-08-28,2012-08-30,2,-0.016430774740166187,0.19689822673734347,trend_off
0.5,EEM,2012-08-31,2012-09-03,1,0.0,0.19271329726512368,trend_off
0.5,EEM,2012-11-16,2012-12-31,31,0.10450947507793518,0.16120494138657368,new_high
0.5,EEM,2014-10-29,2014-11-04,4,0.006252791718239559,0.1654659154570916,trend_off
0.5,EEM,2015-01-22,2015-01-23,1,-0.007548051797830246,0.17898354943685793,trend_off
0.5,EEM,2015-02-03,2015-02-04,1,-0.004941813940753548,0.1941166178929235,trend_off
0.5,EEM,2015-02-13,2015-02-18,3,-0.002458696340013611,0.19118189368291547,trend_off
0.5,EEM,2015-02-26,2015-03-03,3,-0.009811262187797931,0.17318748184315322,trend_off
0.5,EEM,2016-03-04,2016-03-07,1,-0.0015234616818139424,0.2659184689212124,trend_off
0.5,EEM,2016-03-16,2016-03-29,9,0.02445658732635203,0.25495660474209825,trend_off
0.5,EEM,2016-03-30,2016-03-31,1,-0.0008750344292151047,0.2317000032306871,trend_off
0.5,EEM,2016-04-20,2016-04-25,3,-0.022222050996223874,0.21939530013662198,trend_off
0.5,EEM,2016-06-02,2016-06-13,7,-0.009289553994398458,0.1816112895578196,trend_off
0.5,EEM,2016-06-20,2016-06-24,4,-0.028158853441414555,0.18793353262091153,trend_off
0.5,EEM,2018-05-08,2018-05-11,3,0.021111688165353693,0.18483777716346034,trend_off
0.5,EEM,2018-06-01,2018-06-07,4,0.001942496305520347,0.1822993695511314,trend_off
0.5,EEM,2019-02-04,2019-02-13,7,-0.017744899393659863,0.19570783079093,trend_off
0.5,EEM,2019-02-15,2019-02-18,1,0.0,0.18236737942152936,trend_off
0.5,EEM,2019-02-22,2019-02-28,4,-0.013940380118887985,0.17191361544400902,trend_off
0.5,EEM,2019-03-05,2019-03-06,1,-0.005585214666775973,0.16467977468386005,trend_off
0.5,EEM,2019-03-11,2019-03-22,9,0.0002359603335910787,0.17379827042707346,trend_off
0.5,EEM,2019-03-29,2019-05-02,24,0.018173064756873636,0.17228494454115403,trend_off
0.5,EEM,2021-08-31,2021-09-01,1,0.012783772756505662,0.17356008209515067,trend_off
0.5,EEM,2021-09-16,2021-09-17,1,-0.004264452436971933,0.15739368624401168,trend_off
0.5,EEM,2021-10-21,2021-10-26,3,-0.0021092064967213053,0.16015572256447158,trend_off
0.5,EEM,2021-10-27,2021-10-28,1,0.0009685585433505395,0.15326261467073057,trend_off
0.5,EEM,2021-11-11,2021-11-15,2,-0.0005784623540721068,0.1487301007011281,trend_off
0.5,EEM,2021-11-16,2021-11-17,1,-0.005202395858254327,0.1420331003637344,trend_off
0.5,EEM,2023-01-04,2023-02-06,23,0.02311398573015233,0.2200637313082236,trend_off
0.5,EEM,2023-02-07,2023-02-08,1,-0.0012365826292149995,0.19031696304787732,trend_off
0.5,EEM,2023-03-27,2023-04-05,7,0.020020714156344654,0.17205925841499609,trend_off
0.5,EEM,2023-05-22,2023-05-23,1,-0.01552170052100077,0.14275709136558296,trend_off
0.5,EEM,2023-05-24,2023-05-25,1,-0.0020834693118927383,0.14641117759606515,trend_off
0.5,EEM,2023-05-26,2023-05-29,1,0.0,0.15100038725773526,trend_off
0.5,EEM,2023-08-21,2023-08-31,8,0.017666883526619603,0.15798669466725274,trend_off
0.5,EEM,2023-09-13,2023-09-20,5,-0.008457317572547862,0.1486300007686096,trend_off
0.5,EEM,2023-11-06,2023-11-07,1,-0.001805445566212427,0.15804316276348782,trend_off
0.5,EEM,2023-12-11,2023-12-12,1,0.0002548613683621692,0.13884574190895363,trend_off
0.5,EEM,2024-11-29,2024-12-18,13,-0.013675883679939882,0.16357799712940804,trend_off
0.5,EEM,2024-12-24,2024-12-26,2,-0.0035177006330388005,0.15700388776130866,trend_off
0.5,EEM,2025-01-21,2025-01-22,1,0.0007051939440281263,0.14170999682475308,trend_off
0.5,EEM,2025-01-23,2025-01-27,2,-0.01171773295551648,0.13722976262809014,trend_off
0.5,EEM,2025-01-28,2025-03-21,38,0.049434960220308355,0.14323963366313403,trend_off
0.5,TLT,2003-09-18,2003-09-22,2,-0.006779762289195301,0.14227708506534387,trend_off
0.5,TLT,2003-09-25,2003-10-07,8,-0.01933439681052218,0.13677590700702363,trend_off
0.5,TLT,2003-11-05,2003-11-06,1,-0.009367052960684186,0.1288951089196579,trend_off
0.5,TLT,2003-11-12,2003-12-01,13,0.007206042967141224,0.12314217846373139,trend_off
0.5,TLT,2003-12-02,2003-12-03,1,-0.004018498385635727,0.12052974484233395,trend_off
0.5,TLT,2003-12-04,2003-12-15,7,0.011959202279180348,0.11732898910196951,trend_off
0.5,TLT,2003-12-16,2003-12-26,8,0.014461354039467578,0.11581293040066153,trend_off
0.5,TLT,2003-12-31,2004-01-05,3,-0.014394633344854801,0.11192221347195634,trend_off
0.5,TLT,2004-01-06,2004-04-09,68,0.022809832081744252,0.11468130149995334,trend_off
0.5,TLT,2004-07-02,2004-07-05,1,0.0,0.10553359311631064,trend_off
0.5,TLT,2004-07-09,2004-09-22,53,0.07124517853406376,0.09732942814361405,new_high
0.5,TLT,2005-03-15,2005-03-22,5,-0.008258907385943925,0.10533235292870355,trend_off
0.5,TLT,2005-03-23,2005-05-18,40,0.06996749445771511,0.10270150243096778,new_high
0.5,TLT,2006-01-30,2006-02-06,5,0.010323335923115406,0.07710842896858199,trend_off
0.5,TLT,2009-03-02,2009-03-03,1,-0.006680369126838559,0.236695571960785,trend_off
0.5,TLT,2009-03-05,2009-03-10,3,-0.0314407961420492,0.24046560331455416,trend_off
0.5,TLT,2009-03-19,2009-03-23,2,-0.014163183725120487,0.2435931863021541,trend_off
0.5,TLT,2009-03-26,2009-04-03,6,-0.005541455524625594,0.23309544189228582,trend_off
0.5,TLT,2009-04-08,2009-04-09,1,-0.012542275353904286,0.2162958056014285,trend_off
0.5,TLT,2009-04-13,2009-04-16,3,-0.004452850513236406,0.21040751640349897,trend_off
0.5,TLT,2009-08-18,2009-10-12,39,0.02630127002068794,0.19434479769692925,trend_off
0.5,TLT,2009-10-13,2009-10-15,2,-0.019368235242973486,0.16556517746751417,trend_off
0.5,TLT,2009-10-19,2009-10-22,3,-0.005510133807644757,0.16400245249944287,trend_off
0.5,TLT,2009-10-30,2009-11-03,2,-0.01436995267614194,0.16275825621316606,trend_off
0.5,TLT,2009-11-24,2009-11-30,4,0.010774750873399075,0.13465999977476195,trend_off
0.5,TLT,2009-12-02,2009-12-04,2,-0.020874926805857785,0.1271537739097446,trend_off
0.5,TLT,2010-04-30,2010-05-20,14,0.07101610265895308,0.11263942582414802,new_high
0.5,TLT,2011-03-11,2011-03-24,9,0.009284647281814662,0.1457163842588396,trend_off
0.5,TLT,2011-03-25,2011-03-28,1,0.0014101546849345503,0.13718868696275263,trend_off
0.5,TLT,2011-04-04,2011-04-06,2,-0.018962624601844724,0.12866714526264797,trend_off
0.5,TLT,2011-04-19,2011-04-20,1,-0.00643187867983519,0.12590305756327058,trend_off
0.5,TLT,2011-04-22,2011-04-25,1,0.0037795216890714745,0.12142473743738277,trend_off
0.5,TLT,2011-04-26,2011-06-27,44,0.027279783438403316,0.1206900562649128,trend_off
0.5,TLT,2011-07-11,2011-07-21,8,-0.015186068320373836,0.1272771645500719,trend_off
0.5,TLT,2011-07-22,2011-07-25,1,-0.010930698866641442,0.14026487056404613,trend_off
0.5,TLT,2011-07-26,2011-08-04,7,0.1051837085853351,0.14069289265017967,new_high
0.5,TLT,2012-08-21,2012-08-28,5,0.02818905829937779,0.13651082785733032,trend_off
0.5,TLT,2012-10-19,2012-10-22,1,-0.0064069525103847,0.14000352943370215,trend_off
0.5,TLT,2013-04-03,2013-05-06,23,0.016109823079295538,0.1082916088641958,trend_off
0.5,TLT,2013-05-09,2013-05-10,1,-0.010746935141885294,0.12606429870304764,trend_off
0.5,TLT,2014-01-24,2014-02-24,21,-0.007518854078573112,0.10156293500616818,trend_off
0.5,TLT,2014-02-25,2014-03-04,5,0.002801599596906179,0.09707033254455624,trend_off
0.5,TLT,2014-03-12,2014-04-01,14,0.010345619850322452,0.10145601126998706,trend_off
0.5,TLT,2014-04-02,2014-05-14,30,0.05559981046171214,0.10466433634227719,new_high
0.5,TLT,2015-07-31,2015-08-05,3,-0.005013879847428959,0.16032739119203573,trend_off
0.5,TLT,2015-08-06,2015-08-31,17,-0.010673997873090424,0.15787113242353393,trend_off
0.5,TLT,2015-09-03,2015-09-07,2,0.009130852881825025,0.1532760732324163,trend_off
0.5,TLT,2015-09-24,2015-09-25,1,-0.008646174466522938,0.16066784010621396,trend_off
0.5,TLT,2015-09-28,2015-10-29,23,-0.012190813077225138,0.16474888451309994,trend_off
0.5,TLT,2015-10-30,2015-11-03,2,-0.012758573342099844,0.13895621498753524,trend_off
0.5,TLT,2015-11-26,2015-11-27,1,-0.0009909913681481752,0.11396722672452454,trend_off
0.5,TLT,2015-12-01,2015-12-03,2,-0.026866456936192495,0.11553383891951371,trend_off
0.5,TLT,2015-12-04,2015-12-16,8,0.004975912825034845,0.13710070709699543,trend_off
0.5,TLT,2015-12-17,2015-12-24,5,-0.003790260194669437,0.13782045619032415,trend_off
0.5,TLT,2016-01-06,2016-01-11,3,-0.004731138662499079,0.1307140932539608,trend_off
0.5,TLT,2016-01-12,2016-02-08,19,0.06438861385335093,0.13332670672478422,new_high
0.5,TLT,2016-09-15,2016-09-22,5,0.024537536246666658,0.12375196446154865,trend_off
0.5,TLT,2017-05-05,2017-05-08,1,-0.005441380900529258,0.09844060431250262,trend_off
0.5,TLT,2017-05-19,2017-05-23,2,-0.009457517829022821,0.09641113938066985,trend_off
0.5,TLT,2017-05-24,2017-07-03,28,0.01421263120991445,0.09565715815158722,trend_off
0.5,TLT,2017-08-01,2017-09-18,34,0.014037563316109614,0.08960215245566772,trend_off
0.5,TLT,2021-07-19,2021-07-20,1,-0.009639758395227349,0.1351739993560283,trend_off
0.5,TLT,2021-07-29,2021-08-06,6,-0.005778325831046982,0.13567156254491186,trend_off
0.5,TLT,2021-08-09,2021-08-12,3,-0.006858755044772069,0.13447834124583716,trend_off
0.5,TLT,2021-08-13,2021-08-17,2,0.0020197257736884744,0.13424172206947813,trend_off
0.5,TLT,2021-08-19,2021-08-25,4,-0.016018562077394383,0.12727392158536457,trend_off
0.5,TLT,2021-08-27,2021-08-31,2,-0.0042152638559339595,0.12180810324378971,trend_off
0.5,TLT,2021-09-06,2021-09-07,1,-0.00843556106191301,0.11598770727386451,trend_off
0.5,TLT,2021-09-08,2021-09-17,7,0.008382139323797055,0.11645520267195018,trend_off
0.5,TLT,2021-11-04,2021-11-11,5,0.005982495729213166,0.137595925639767,trend_off
0.5,TLT,2022-12-07,2022-12-08,1,-0.0027408958876028455,0.22704811828620913,trend_off
0.5,TLT,2023-03-17,2023-04-14,20,-0.014071819308163591,0.2046441720415894,trend_off
0.5,TLT,2023-04-25,2023-04-26,1,-0.010658219084957676,0.17205487963220517,trend_off
0.5,TLT,2023-04-28,2023-05-01,1,-0.028834789523350723,0.17525815187128224,trend_off
0.5,TLT,2024-02-26,2024-02-27,1,-0.007052189132222497,0.1616631015743132,trend_off
0.5,TLT,2024-03-05,2024-03-11,4,0.002619738019074891,0.15636319828490428,trend_off
0.5,TLT,2024-05-15,2024-05-17,2,-0.007709092255280381,0.13122159073827594,trend_off
0.5,TLT,2024-10-24,2024-10-25,1,-0.005611810247843629,0.12852661359095227,trend_off
0.5,TLT,2025-02-10,2025-02-11,1,-0.006404429781177834,0.12185068030964166,trend_off
0.5,TLT,2025-02-28,2025-03-03,1,0.0046667372111237615,0.13502873648534167,trend_off
0.5,TLT,2025-03-11,2025-03-14,3,-0.0025444374006304837,0.13375764178505636,trend_off
0.5,TLT,2025-03-19,2025-03-26,5,-0.022044032048460505,0.12666381598056017,trend_off
0.5,TLT,2025-04-02,2025-04-08,4,-0.033686866634579316,0.12472032231128127,trend_off
0.5,TLT,2025-04-25,2025-04-29,2,0.014737419352006453,0.1639444630704318,trend_off
0.5,TLT,2025-05-01,2025-05-02,1,-0.010823989278024748,0.15850712532621047,trend_off
0.5,TLT,2025-06-18,2025-06-19,1,0.0,0.14203452132639877,trend_off
0.5,TLT,2025-07-08,2025-07-11,3,-0.0027897121851760964,0.12495165436195832,trend_off
0.5,TLT,2025-08-04,2025-08-12,6,-0.012604838711144373,0.12406122133405877,trend_off
0.5,TLT,2025-08-13,2025-08-15,2,-0.014485950827576755,0.11619993274792849,trend_off
0.5,IEF,2003-09-05,2003-09-08,1,-0.004645860713995753,0.08845945924738047,trend_off
0.5,IEF,2003-09-09,2003-11-05,41,0.012454117782198404,0.0876809916198798,trend_off
0.5,IEF,2003-12-04,2003-12-15,7,0.011456026858271517,0.07415076425102822,trend_off
0.5,IEF,2004-07-02,2004-07-05,1,0.0,0.0719535397975469,trend_off
0.5,IEF,2004-07-09,2004-07-14,3,-0.0014352475495738037,0.06663103076051613,trend_off
0.5,IEF,2004-07-15,2004-09-22,49,0.044342552716235106,0.06286281712436764,new_high
0.5,IEF,2006-02-28,2006-03-01,1,-0.001970442258159455,0.039503075805033296,trend_off
0.5,IEF,2006-07-26,2006-08-01,4,0.004433486316711033,0.042139940674307735,trend_off
0.5,IEF,2006-08-02,2006-08-14,8,-0.0012325876886838394,0.039506245002658084,trend_off
0.5,IEF,2007-01-31,2007-02-02,2,0.00013385454339687186,0.03701299629006226,trend_off
0.5,IEF,2008-06-26,2008-07-02,4,0.005278066411489757,0.07983804850915276,trend_off
0.5,IEF,2008-07-03,2008-07-11,6,0.002849376230768197,0.07536072727812587,trend_off
0.5,IEF,2008-07-30,2008-08-05,4,0.002651128794758595,0.07741666253087516,trend_off
0.5,IEF,2009-05-04,2009-05-05,1,-0.00021498444669032502,0.1000206875802976,trend_off
0.5,IEF,2009-05-06,2009-05-07,1,-0.008368511161325531,0.09677524416858559,trend_off
0.5,IEF,2009-08-19,2009-10-23,47,0.006340575022864003,0.10048915380309918,trend_off
0.5,IEF,2009-10-30,2009-11-03,2,-0.004933066726014679,0.0788457090213168,trend_off
0.5,IEF,2009-11-10,2009-12-11,23,-0.0005154202992765367,0.07176267868165732,trend_off
0.5,IEF,2010-01-20,2010-01-25,3,0.002328465529769952,0.06382623775417628,trend_off
0.5,IEF,2010-01-26,2010-01-28,2,-0.0026495572171604254,0.06113222379998859,trend_off
0.5,IEF,2010-01-29,2010-02-03,3,-0.006525842952145644,0.059555458806384236,trend_off
0.5,IEF,2010-02-04,2010-02-09,3,-0.003092586306598366,0.06295507752535509,trend_off
0.5,IEF,2010-02-16,2010-02-17,1,-0.005314864000288688,0.058968209082351265,trend_off
0.5,IEF,2010-02-25,2010-02-26,1,0.001545754157220136,0.060030585590193836,trend_off
0.5,IEF,2010-03-03,2010-03-05,2,-0.0029826047918413146,0.05643728875067867,trend_off
0.5,IEF,2010-03-10,2010-03-23,9,0.0029973342181297546,0.055099781223751206,trend_off
0.5,IEF,2011-01-19,2011-01-20,1,-0.00777413684419026,0.09067466084974783,trend_off
0.5,IEF,2011-03-09,2011-03-29,14,0.0004308377472685976,0.07798705666793844,trend_off
0.5,IEF,2011-04-04,2011-04-06,2,-0.009337246821212175,0.07025337064835542,trend_off
0.5,IEF,2011-04-19,2011-04-20,1,-0.003945495937295873,0.06814986395013803,trend_off
0.5,IEF,2011-04-22,2011-07-19,62,0.056466542574717504,0.06589316816831256,new_high
0.5,IEF,2012-08-16,2012-08-29,9,0.014072804238502101,0.05378944465816321,trend_off
0.5,IEF,2014-01-29,2014-01-30,1,-0.0009806260394695787,0.05512878668760993,trend_off
0.5,IEF,2014-01-31,2014-03-04,22,0.0007886324156911595,0.0544124174053558,trend_off
0.5,IEF,2014-03-12,2014-03-19,5,-0.004908464416141567,0.05308940667416952,trend_off
0.5,IEF,2014-04-04,2014-04-17,9,0.002067543397081595,0.05582258097237983,trend_off
0.5,IEF,2014-04-24,2014-05-28,24,0.023812557199810236,0.04951027862991781,new_high
0.5,IEF,2016-11-04,2016-11-07,1,-0.004163346861512096,0.038120563585225094,trend_off
0.5,IEF,2017-05-18,2017-06-29,30,-0.0005272096168875695,0.048065671240457776,trend_off
0.5,IEF,2017-07-28,2017-09-18,36,0.007273439500840917,0.03922466527857058,trend_off
0.5,IEF,2017-11-02,2017-11-10,6,-0.0034838599246326263,0.0364802284680492,trend_off
0.5,IEF,2017-11-22,2017-11-24,2,-0.0008461238582857522,0.03616811382020914,trend_off
0.5,IEF,2017-12-29,2018-01-01,1,0.0,0.03499986717397601,trend_off
0.5,IEF,2018-08-10,2018-08-13,1,-0.00029293770267235786,0.037749431155456474,trend_off
0.5,IEF,2018-08-14,2018-09-10,19,-0.0006348381490237642,0.036695933187425235,trend_off
0.5,IEF,2018-10-29,2018-10-30,1,-0.0021753659931676994,0.03978407758474439,trend_off
0.5,IEF,2018-11-30,2018-12-19,13,0.018768561342779932,0.034769775208855935,new_high
0.5,IEF,2021-07-30,2021-08-05,4,0.0007310083840708081,0.05114432064930745,trend_off
0.5,IEF,2021-08-11,2021-08-17,4,0.006427587474435503,0.05114426942818086,trend_off
0.5,IEF,2021-08-19,2021-08-25,4,-0.007310540448460245,0.0494444316850473,trend_off
0.5,IEF,2021-09-06,2021-09-07,1,-0.003931718687104957,0.044649634299366955,trend_off
0.5,IEF,2021-09-08,2021-09-13,3,0.000855514332635865,0.045344221391953085,trend_off
0.5,IEF,2022-12-07,2022-12-08,1,-0.005648457978868038,0.11000822119325845,trend_off
0.5,IEF,2022-12-14,2022-12-15,1,0.0019459571699376177,0.10807256067963202,trend_off
0.5,IEF,2023-03-13,2023-03-14,1,-0.009440865303102175,0.10527055981728531,trend_off
0.5,IEF,2023-03-15,2023-04-17,23,-0.005104377837142127,0.11308710468299057,trend_off
0.5,IEF,2023-05-31,2023-06-05,3,-0.005499545807999606,0.09314447488228672,trend_off
0.5,IEF,2024-11-25,2024-12-13,14,-0.0066772169290600925,0.06689573806261187,trend_off
0.5,IEF,2024-12-16,2024-12-18,2,-0.007729291364617419,0.05990692662044271,trend_off
0.5,IEF,2025-02-03,2025-02-04,1,0.002478344639895713,0.05669917543833972,trend_off
0.5,IEF,2025-02-05,2025-02-12,5,-0.014108368190535847,0.05759802420043616,trend_off
0.5,IEF,2025-02-13,2025-02-20,5,0.0024749606387175493,0.06110302958710375,trend_off
0.5,IEF,2025-02-21,2025-03-27,24,0.009528798050013831,0.0610162586909579,trend_off
0.5,IEF,2026-06-17,2026-06-22,3,-0.00021275688651822833,0.05184841034926491,trend_off
0.5,IEF,2026-06-23,2026-06-30,5,0.004781083822079202,0.05084251091173726,trend_off
0.5,IEF,2026-08-19,2026-08-21,2,-0.005997038133235155,0.047282616956816056,trend_off
0.5,VNQ,2007-05-11,2007-05-14,1,-0.005678329381094249,0.16687603687686833,trend_off
0.5,VNQ,2007-09-18,2007-09-28,8,0.0044759466621280275,0.30798672272733124,trend_off
0.5,VNQ,2009-05-07,2009-05-08,1,0.06677300368856542,0.9657015823582542,trend_off
0.5,VNQ,2009-05-11,2009-05-15,4,-0.07814438277145341,0.9586143795190196,trend_off
0.5,VNQ,2009-05-18,2009-05-22,4,-0.04814006582535868,0.9374562654525328,trend_off
0.5,VNQ,2009-05-26,2009-05-28,2,-0.022938054982045375,0.8699823320993589,trend_off
0.5,VNQ,2009-05-29,2009-06-02,2,0.02948449724041491,0.8398995623702342,trend_off
0.5,VNQ,2009-06-03,2009-06-10,5,-0.007173309989247367,0.8129956921219385,trend_off
0.5,VNQ,2009-06-12,2009-06-15,1,-0.0474496171765697,0.7418027777730191,trend_off
0.5,VNQ,2009-07-15,2009-07-23,6,0.05816203434261835,0.5898314186765439,trend_off
0.5,VNQ,2009-07-24,2009-09-02,28,0.09831138588347188,0.5492139839890672,trend_off
0.5,VNQ,2009-09-09,2009-11-04,40,0.0012070842253080194,0.45444908145612967,trend_off
0.5,VNQ,2012-11-26,2012-11-28,2,-0.006857154365545792,0.11050129350407639,trend_off
0.5,VNQ,2013-06-13,2013-06-19,4,-0.01930742271276875,0.17073609527075467,trend_off
0.5,VNQ,2013-07-04,2013-07-05,1,-0.004771837989678618,0.20987811492458464,trend_off
0.5,VNQ,2013-09-17,2013-09-23,4,0.009159214040729946,0.16835855691983628,trend_off
0.5,VNQ,2014-01-03,2014-01-07,2,0.009548491110920487,0.12865787353535324,trend_off
0.5,VNQ,2014-01-30,2014-02-03,2,-0.010603182000976208,0.12699751417968866,trend_off
0.5,VNQ,2014-02-04,2014-03-26,36,0.03835883000856688,0.13449971137741035,trend_off
0.5,VNQ,2014-03-28,2014-05-08,29,0.059117328496417265,0.11994988528104245,new_high
0.5,VNQ,2015-06-01,2015-06-02,1,-0.009237128629861036,0.15940116322928174,trend_off
0.5,VNQ,2015-07-31,2015-08-05,3,-0.007721823401940386,0.12788535551311372,trend_off
0.5,VNQ,2015-08-06,2015-08-11,3,0.007133734742167608,0.12417993824909515,trend_off
0.5,VNQ,2015-08-14,2015-08-21,5,-0.020668661286354473,0.11562773460732441,trend_off
0.5,VNQ,2015-09-22,2015-09-28,4,-0.014728560456195527,0.2024874651350369,trend_off
0.5,VNQ,2015-09-30,2015-10-02,2,0.012179631050597495,0.19502203051247907,trend_off
0.5,VNQ,2015-10-05,2015-11-06,24,0.006045075634990127,0.19278601609410057,trend_off
0.5,VNQ,2015-11-18,2015-11-19,1,0.003076882692064409,0.18058161027963704,trend_off
0.5,VNQ,2015-12-14,2016-01-08,19,0.006689496937633876,0.16930195707029924,trend_off
0.5,VNQ,2016-01-11,2016-01-12,1,-0.006675237841870851,0.1689149360904107,trend_off
0.5,VNQ,2016-12-30,2017-01-30,21,-0.009087832348683933,0.16812974227759636,trend_off
0.5,VNQ,2017-02-08,2017-02-15,5,0.0012044964471644715,0.13767028401912124,trend_off
0.5,VNQ,2017-02-16,2017-03-08,14,-0.020571523183391394,0.12839893693965565,trend_off
0.5,VNQ,2017-03-29,2017-04-03,3,0.010738546541183336,0.12298156812788058,trend_off
0.5,VNQ,2017-04-05,2017-05-03,20,-0.011090871255316825,0.11464584618054227,trend_off
0.5,VNQ,2017-05-05,2017-05-08,1,-0.007038753533085473,0.11162028508321145,trend_off
0.5,VNQ,2017-06-01,2017-07-06,25,-0.003645155644174669,0.09874110894784194,trend_off
0.5,VNQ,2020-09-09,2020-09-10,1,-0.012239939689227097,0.24605627794490553,trend_off
0.5,VNQ,2020-09-14,2020-09-18,4,-0.024935610712155887,0.24726108787753365,trend_off
0.5,VNQ,2020-10-02,2020-10-14,8,-0.011594727592267096,0.26357068398532935,trend_off
0.5,VNQ,2020-10-19,2020-10-26,5,-0.004399014153654179,0.23858332521643108,trend_off
0.5,VNQ,2020-11-10,2020-12-01,15,0.013581275862289743,0.24490170227267608,trend_off
0.5,VNQ,2020-12-02,2020-12-14,8,-0.004620534483140926,0.21581379095491363,trend_off
0.5,VNQ,2020-12-17,2020-12-18,1,-0.02007611875216464,0.19738776132040461,trend_off
0.5,VNQ,2020-12-22,2020-12-23,1,-0.006467559538154699,0.1986617387264999,trend_off
0.5,VNQ,2020-12-28,2021-01-04,5,-0.026191400669437925,0.18883270819294382,trend_off
0.5,VNQ,2021-01-18,2021-02-22,25,0.05968556561632643,0.18295185856911106,new_high
0.5,VNQ,2022-03-16,2022-04-27,30,0.026487328102936747,0.19023950684220828,trend_off
0.5,VNQ,2022-08-12,2022-08-19,5,-0.021628024527188594,0.21229401996817795,trend_off
0.5,VNQ,2023-06-12,2023-06-23,9,-0.031076353508053267,0.18855794128786646,trend_off
0.5,VNQ,2023-06-26,2023-07-06,8,0.03522329697688642,0.18701635545508413,trend_off
0.5,VNQ,2023-07-13,2023-07-17,2,-0.008459058498303418,0.16485917162851152,trend_off
0.5,VNQ,2023-09-14,2023-09-21,5,-0.04980475727182998,0.1412861520894774,trend_off
0.5,GLD,2006-06-29,2006-08-10,30,0.06266800257979166,0.3165988865781148,trend_off
0.5,GLD,2006-09-25,2006-09-26,1,0.0041025927943041385,0.23507320319566413,trend_off
0.5,GLD,2006-11-09,2006-11-13,2,-0.01207310765717906,0.2130605250975684,trend_off
0.5,GLD,2006-11-14,2006-11-16,2,-0.005192271446994523,0.20700668098886102,trend_off
0.5,GLD,2006-11-21,2006-12-26,25,-0.0046571529371362,0.19440936145973825,trend_off
0.5,GLD,2006-12-27,2007-01-03,5,0.0009642808970853345,0.1606379029926584,trend_off
0.5,GLD,2007-01-12,2007-03-02,35,0.024770805225736492,0.17442108531288947,trend_off
0.5,GLD,2007-03-05,2007-05-10,48,0.0487843584925538,0.22000961455865267,trend_off
0.5,GLD,2011-12-26,2011-12-27,1,-0.008956521773084813,0.23195153045117262,trend_off
0.5,GLD,2012-01-11,2012-02-02,16,0.0712720298948799,0.22094740580578706,trend_off
0.5,GLD,2012-02-14,2012-02-29,11,-0.016933951135351788,0.18406542445412247,trend_off
0.5,GLD,2012-03-19,2012-03-21,2,-0.00854006841573185,0.20972496811139382,trend_off
0.5,GLD,2012-03-22,2012-04-03,8,0.002005339667494832,0.2010890753719418,trend_off
0.5,GLD,2012-04-12,2012-04-16,2,-0.013767610795269891,0.18759990197149065,trend_off
0.5,GLD,2012-06-07,2012-06-08,1,0.0014886454856897213,0.1847204730166745,trend_off
0.5,GLD,2012-06-11,2012-06-26,11,-0.017636492548916083,0.1792274951622084,trend_off
0.5,GLD,2012-07-03,2012-07-04,1,0.0,0.1835491581872126,trend_off
0.5,GLD,2012-09-05,2012-10-15,28,0.02458772201905246,0.13046089190069396,trend_off
0.5,GLD,2014-03-07,2014-03-20,9,-0.009528203287879622,0.15374886797413984,trend_off
0.5,GLD,2014-03-21,2014-03-24,1,-0.01782518014920287,0.15388148948132152,trend_off
0.5,GLD,2014-05-05,2014-05-07,2,-0.01624150714571193,0.12955829617836098,trend_off
0.5,GLD,2014-07-16,2014-07-18,2,0.009282195898087764,0.13478245442869385,trend_off
0.5,GLD,2014-07-25,2014-07-28,1,-0.0016694417914320248,0.13754873977586182,trend_off
0.5,GLD,2014-08-14,2014-08-15,1,-0.006571088731714414,0.12189780633390503,trend_off
0.5,GLD,2015-05-15,2015-05-19,2,-0.013953879066467945,0.1494853115077067,trend_off
0.5,GLD,2015-05-20,2015-05-25,3,-0.004135108109596719,0.1480298752555801,trend_off
0.5,GLD,2015-10-20,2015-10-21,1,-0.008870752862782494,0.14018297514722627,trend_off
0.5,GLD,2015-10-23,2015-10-27,2,0.0016143525127871872,0.13632758854142937,trend_off
0.5,GLD,2015-10-28,2015-10-29,1,-0.009568492239339532,0.1321480122768915,trend_off
0.5,GLD,2016-02-01,2016-02-11,8,0.10189721606543567,0.14236612589383885,new_high
0.5,GLD,2017-02-08,2017-02-10,2,-0.004991995558826234,0.11919238186320477,trend_off
0.5,GLD,2017-02-16,2017-02-17,1,-0.0033875467452245678,0.11356891258529532,trend_off
0.5,GLD,2017-02-24,2017-02-27,1,-0.004845398633643638,0.10690662026394981,trend_off
0.5,GLD,2017-03-01,2017-03-02,1,-0.01243067157641009,0.10327648552294197,trend_off
0.5,GLD,2017-03-21,2017-03-24,3,0.002699508118379823,0.11119956084471912,trend_off
0.5,GLD,2017-04-03,2017-04-06,3,-0.0014243667458627707,0.1013140085249069,trend_off
0.5,GLD,2017-04-07,2017-04-24,11,0.01690946164357965,0.09583646231606942,trend_off
0.5,GLD,2017-04-26,2017-04-27,1,-0.003723907331012466,0.09917240341189038,trend_off
0.5,GLD,2017-05-17,2017-05-24,5,-0.0015026321379086882,0.10884612771364276,trend_off
0.5,GLD,2017-05-25,2017-05-29,2,0.00887175702052101,0.10469211586006888,trend_off
0.5,GLD,2017-05-30,2017-06-15,12,-0.006825367895705758,0.10296452560442558,trend_off
0.5,GLD,2017-06-16,2017-06-19,1,-0.007625239321596311,0.0980729486188422,trend_off
0.5,GLD,2017-07-27,2017-09-07,30,0.06962187080344284,0.09214155528397752,new_high
0.5,GLD,2017-10-30,2017-11-07,6,0.0006604625845678669,0.09661976411347682,trend_off
0.5,GLD,2017-11-09,2017-11-13,2,-0.006714154697987307,0.09172025465290574,trend_off
0.5,GLD,2017-12-04,2017-12-05,1,-0.007096885692240984,0.09307418941008172,trend_off
0.5,GLD,2017-12-27,2018-01-24,20,0.053996549888392975,0.08714662259275373,new_high
0.5,GLD,2018-06-13,2018-06-15,2,-0.015017501963242141,0.07841620112375668,trend_off
0.5,GLD,2018-12-20,2019-02-28,50,0.03983562634265403,0.0926506739006676,trend_off
0.5,GLD,2019-12-09,2020-01-06,20,0.0713039499057444,0.10599257892255275,new_high
0.5,GLD,2020-11-04,2020-11-09,3,-0.0209149163403346,0.1522256745127216,trend_off
0.5,GLD,2020-12-08,2020-12-09,1,-0.017094017094017144,0.1793742337129171,trend_off
0.5,GLD,2020-12-17,2021-01-13,19,-0.01906761497813181,0.17451087864493153,trend_off
0.5,GLD,2021-05-11,2021-05-12,1,-0.009933813872024522,0.13445736430529254,trend_off
0.5,GLD,2021-05-13,2021-06-15,23,0.017063040294686305,0.13405261874248092,trend_off
0.5,GLD,2021-07-30,2021-08-02,1,-0.0012366429443513294,0.11664159834005146,trend_off
0.5,GLD,2021-09-14,2021-09-16,2,-0.02837346485670189,0.1283964852471508,trend_off
0.5,GLD,2021-12-22,2022-01-03,8,-0.0015421704281601833,0.11559219831396662,trend_off
0.5,GLD,2022-06-07,2022-06-09,2,-0.0041055088692261155,0.13827974432603668,trend_off
0.5,GLD,2022-06-10,2022-06-14,2,-0.034204114767709126,0.13758954341412302,trend_off
0.5,GLD,2022-06-15,2022-06-17,2,0.002927914665869835,0.15639102839048974,trend_off
0.5,GLD,2022-12-01,2022-12-05,2,-0.02055527301905291,0.16734751157375768,trend_off
0.5,GLD,2022-12-21,2022-12-22,1,-0.012085358459954287,0.16514860751556662,trend_off
0.5,GLD,2022-12-26,2023-02-07,31,0.04017697860457892,0.16153534736290395,trend_off
0.5,GLD,2023-08-31,2023-09-04,2,0.0004999240959600026,0.09430805209464461,trend_off
0.5,GLD,2023-09-19,2023-09-21,2,-0.006528278992167236,0.08481018694207701,trend_off
0.5,GLD,2023-09-22,2023-09-26,2,-0.01310041653710392,0.08381258813521476,trend_off
0.5,GLD,2026-03-26,2026-04-29,24,0.04185799820416736,0.3774183786290776,trend_off
0.5,GLD,2026-08-19,2026-08-28,7,-0.01196110026400532,0.2637225336238433,trend_off
0.5,GLD,2026-08-31,2026-09-01,1,-0.028573559189207676,0.259914745407348,trend_off
0.5,GLD,2026-09-02,2026-09-08,4,-0.007597193425362914,0.26824911113283556,trend_off
0.5,GLD,2026-09-09,2026-09-10,1,-0.017329913589140267,0.2590264777405892,trend_off
0.5,GLD,2026-09-18,2026-09-21,1,-0.006954678693661731,0.24540488968422222,trend_off
0.5,SLV,2007-06-14,2007-06-25,7,-0.018820311227171094,0.22135594276544715,trend_off
0.5,SLV,2007-08-07,2007-08-08,1,0.0015344102716443597,0.20650985865135588,trend_off
0.5,SLV,2008-05-02,2008-05-07,3,0.01513196102471448,0.3978387465409545,trend_off
0.5,SLV,2008-05-30,2008-06-04,3,-0.0019192459286521135,0.37423640148712917,trend_off
0.5,SLV,2008-06-11,2008-06-12,1,-0.020958105717362896,0.36043100791519533,trend_off
0.5,SLV,2009-02-09,2009-02-13,4,0.06446538345991382,0.47896528314216513,trend_off
0.5,SLV,2009-02-16,2009-03-09,15,-0.056868501200791455,0.4484170651641569,trend_off
0.5,SLV,2009-03-27,2009-03-30,1,-0.02281363085652144,0.3897642344260623,trend_off
0.5,SLV,2009-03-31,2009-04-02,2,-0.001563682888897966,0.383703180072319,trend_off
0.5,SLV,2009-05-04,2009-05-15,9,0.07326582538171134,0.3784333968841937,trend_off
0.5,SLV,2009-05-19,2009-05-20,1,0.008583751299193754,0.34792066344910916,trend_off
0.5,SLV,2009-05-21,2009-06-18,20,-0.025801944325105852,0.33908755741882274,trend_off
0.5,SLV,2011-07-12,2011-09-22,52,-0.007954618975149041,0.4353955391606761,trend_off
0.5,SLV,2011-11-08,2011-11-10,2,-0.025294135598575407,0.516096345630514,trend_off
0.5,SLV,2012-01-27,2012-01-30,1,-0.01304612612620959,0.41649981228078825,trend_off
0.5,SLV,2012-02-07,2012-02-08,1,-0.00661447435682605,0.38581428823330266,trend_off
0.5,SLV,2012-02-27,2012-02-29,2,-0.023573962715442653,0.3314681783469252,trend_off
0.5,SLV,2012-03-01,2012-03-05,2,-0.04094076375248812,0.3906186466655358,trend_off
0.5,SLV,2012-04-12,2012-04-13,1,-0.027689396471065053,0.3279109615892988,trend_off
0.5,SLV,2012-09-06,2012-10-12,26,0.02462900804441004,0.23690695695361513,trend_off
0.5,SLV,2012-11-07,2012-11-08,1,0.017839741758728822,0.24333673621596616,trend_off
0.5,SLV,2013-01-18,2013-01-24,4,-0.005193114254642417,0.20581844929193832,trend_off
0.5,SLV,2013-01-30,2013-02-01,2,-0.0045277939619338126,0.20817727437663003,trend_off
0.5,SLV,2014-06-13,2014-06-17,2,0.001057106642865735,0.15101674968967083,trend_off
0.5,SLV,2014-06-18,2014-07-30,30,0.038320287602153336,0.14549051697516108,trend_off
0.5,SLV,2015-05-14,2015-06-03,14,-0.04924923204872733,0.253511204220956,trend_off
0.5,SLV,2015-10-23,2015-10-29,4,-0.01587300085546861,0.23226557051107416,trend_off
0.5,SLV,2016-02-08,2016-02-09,1,-0.005483202389950925,0.21016378261675808,trend_off
0.5,SLV,2016-02-10,2016-03-11,22,0.011683853887658247,0.2044403741459616,trend_off
0.5,SLV,2016-03-16,2016-03-23,5,-0.024209795524400612,0.2209450562624101,trend_off
0.5,SLV,2016-03-25,2016-03-28,1,0.0020789835299193093,0.23557945033133837,trend_off
0.5,SLV,2017-02-08,2017-03-07,19,-0.017220956823018607,0.19031311003031467,trend_off
0.5,SLV,2017-03-29,2017-04-25,19,-0.0330434605695199,0.18285495673722743,trend_off
0.5,SLV,2017-05-26,2017-05-29,1,0.0,0.16840709377555055,trend_off
0.5,SLV,2017-06-02,2017-06-12,6,-0.03315245521409782,0.16015782448780286,trend_off
0.5,SLV,2017-08-31,2017-09-01,1,0.004804800332669057,0.18053452339210393,trend_off
0.5,SLV,2017-09-04,2017-09-15,9,-0.006574937597889852,0.17491569369269147,trend_off
0.5,SLV,2017-10-25,2017-10-26,1,-0.009993744230151314,0.15151886365030487,trend_off
0.5,SLV,2017-10-30,2017-11-07,6,0.006285379159572502,0.14714755662162488,trend_off
0.5,SLV,2017-11-10,2017-11-13,1,0.008777451096985578,0.16799173245156,trend_off
0.5,SLV,2017-11-16,2017-11-20,2,-0.008684943530296252,0.16011006714268017,trend_off
0.5,SLV,2017-12-28,2018-01-09,8,0.00944587979367717,0.1541194301020531,trend_off
0.5,SLV,2018-01-12,2018-01-17,3,-0.012907251746331783,0.14374197436798927,trend_off
0.5,SLV,2018-01-19,2018-01-30,7,0.006230553658770122,0.13861713966566996,trend_off
0.5,SLV,2018-05-24,2018-05-25,1,-0.010197568622764774,0.14961277489296643,trend_off
0.5,SLV,2018-06-06,2018-06-18,8,-0.01210188424786951,0.13924796027840813,trend_off
0.5,SLV,2019-01-09,2019-01-10,1,-0.012178576099695193,0.13540399500862046,trend_off
0.5,SLV,2019-01-11,2019-01-17,4,-0.00478146494924514,0.13691555930236335,trend_off
0.5,SLV,2019-01-25,2019-02-06,8,-0.004070520140708966,0.1449703181007653,trend_off
0.5,SLV,2019-02-08,2019-02-13,3,-0.016183396652249438,0.1363396423702441,trend_off
0.5,SLV,2019-02-14,2019-02-27,9,0.0068259647831825365,0.13328611882777608,trend_off
0.5,SLV,2019-11-14,2019-11-15,1,-0.0031446061798816594,0.23395893184136446,trend_off
0.5,SLV,2019-11-19,2019-11-20,1,0.001248467989523716,0.2239731166624146,trend_off
0.5,SLV,2019-12-11,2019-12-13,2,0.005714295402405645,0.20432868326275505,trend_off
0.5,SLV,2019-12-16,2019-12-17,1,-0.0018855897711445024,0.19576461642059334,trend_off
0.5,SLV,2019-12-20,2020-01-28,27,0.017456282002192847,0.1842974931713799,trend_off
0.5,SLV,2021-11-08,2021-11-22,10,-0.0136865108681401,0.22566764045422838,trend_off
0.5,SLV,2022-02-22,2022-02-24,2,0.0,0.2047863509251781,trend_off
0.5,SLV,2022-02-25,2022-02-28,1,0.009821483234362605,0.2088115077323769,trend_off
0.5,SLV,2022-04-20,2022-04-21,1,-0.02104809951312636,0.21550761125331466,trend_off
0.5,SLV,2022-11-04,2022-11-07,1,-0.00571135041767068,0.3910048099262202,trend_off
0.5,SLV,2024-02-01,2024-02-02,1,-0.021687840845283746,0.2140967714334276,trend_off
0.5,SLV,2024-02-08,2024-02-09,1,0.0014528177820685162,0.21504830578794798,trend_off
0.5,SLV,2026-05-01,2026-05-05,2,-0.03485132847430994,0.6386478839182353,trend_off
0.5,SLV,2026-05-06,2026-05-18,8,-0.002709180371491593,0.6421235963744738,trend_off
0.5,SLV,2026-05-20,2026-05-21,1,0.01047568101473062,0.6551352941656319,trend_off
0.5,SLV,2026-05-26,2026-06-01,4,-0.029403370852912003,0.6177391858220556,trend_off
0.5,SLV,2026-06-02,2026-06-04,2,-0.014855045426823588,0.5768547774371772,trend_off
0.5,SLV,2026-09-04,2026-09-08,2,-0.007522580495405551,0.4245276533884524,trend_off
0.5,USO,2007-06-21,2007-06-25,2,0.006976756220876901,0.23166772298425897,trend_off
0.5,USO,2007-06-29,2007-08-06,26,0.022641523829046273,0.22198171701670094,trend_off
0.5,USO,2007-08-07,2007-08-08,1,-0.0016556319274718678,0.2591353202225683,trend_off
0.5,USO,2009-05-29,2009-06-05,5,0.027472526320885926,0.48211470307072835,trend_off
0.5,USO,2009-06-09,2009-07-01,16,-0.01911494025888205,0.46022755793390513,trend_off
0.5,USO,2009-07-31,2009-08-31,21,-0.020646620697545526,0.4517047860794544,trend_off
0.5,USO,2009-09-30,2009-10-07,5,-0.006355334373143173,0.4269507898504313,trend_off
0.5,USO,2009-10-12,2009-11-13,24,0.0379411079140346,0.38596216222671054,trend_off
0.5,USO,2010-11-17,2010-11-18,1,0.022171047161323676,0.2871271815807578,trend_off
0.5,USO,2010-11-19,2010-11-22,1,-0.004826859107053272,0.2858246918255148,trend_off
0.5,USO,2011-01-24,2011-01-25,1,-0.017871644786301544,0.22307778293120545,trend_off
0.5,USO,2011-07-15,2011-07-27,8,-0.004196166874642526,0.2952143401666216,trend_off
0.5,USO,2011-11-03,2011-11-21,12,0.034966973249855426,0.3615145707204992,trend_off
0.5,USO,2011-12-13,2011-12-14,1,-0.05050506946681188,0.28941949786458737,trend_off
0.5,USO,2012-01-23,2012-02-08,12,-0.009116917939193003,0.2722187444778157,trend_off
0.5,USO,2012-02-14,2012-03-22,27,0.03347062904102294,0.22894509335186147,trend_off
0.5,USO,2012-08-15,2012-09-17,23,0.015913651467607037,0.3053633976714804,trend_off
0.5,USO,2012-12-31,2013-01-01,1,0.0,0.20565600146698515,trend_off
0.5,USO,2013-01-02,2013-01-04,2,0.00177413878865873,0.202152053262287,trend_off
0.5,USO,2013-01-07,2013-01-08,1,0.001179272337460402,0.1927372050804672,trend_off
0.5,USO,2013-01-10,2013-01-11,1,-0.0032191045229339466,0.18483043730640375,trend_off
0.5,USO,2013-01-14,2013-01-15,1,-0.008459659018576704,0.1798537384417438,trend_off
0.5,USO,2013-01-16,2013-02-04,13,0.014585764813444868,0.17741756015129992,trend_off
0.5,USO,2013-02-05,2013-02-07,2,-0.00999139270104532,0.15965225980344103,trend_off
0.5,USO,2013-03-26,2013-04-03,6,-0.02002909800073327,0.1654932174902301,trend_off
0.5,USO,2013-12-03,2013-12-26,17,0.03303399767580917,0.17318951645791072,trend_off
0.5,USO,2013-12-27,2013-12-30,1,-0.00864959185187475,0.14374556858786988,trend_off
0.5,USO,2014-02-04,2014-02-05,1,-0.0008636324854508493,0.15353797600367095,trend_off
0.5,USO,2014-02-07,2014-03-12,23,-0.008136950631137618,0.1584205641518651,trend_off
0.5,USO,2015-06-23,2015-06-24,1,-0.012701526018724096,0.31846946076815985,trend_off
0.5,USO,2016-05-31,2016-06-14,10,-0.01179446880139201,0.35678008788324295,trend_off
0.5,USO,2016-06-20,2016-06-22,2,-0.01427372615213629,0.3556375311654632,trend_off
0.5,USO,2016-10-04,2016-10-31,19,-0.050495979432968796,0.36719551879731516,trend_off
0.5,USO,2017-09-14,2017-09-21,5,0.011845990543279061,0.26636597034817944,trend_off
0.5,USO,2019-05-01,2019-05-02,1,-0.030257228753785004,0.23405125500603396,trend_off
0.5,USO,2020-11-24,2021-03-23,85,0.27824675023083256,0.3971349783725133,trend_off
0.5,USO,2022-11-01,2022-11-03,2,0.002324920166298261,0.37158977846612257,trend_off
0.5,USO,2022-12-22,2022-12-29,5,0.012259998057152721,0.3482054736603447,trend_off
0.5,USO,2023-01-13,2023-01-18,3,-0.0077087921770446766,0.34246433770826007,trend_off
0.5,USO,2023-01-19,2023-01-23,2,0.012891396930430288,0.3294925499815812,trend_off
0.5,USO,2023-03-02,2023-03-06,2,0.032064344277585644,0.2917660681339275,trend_off
0.5,USO,2023-04-11,2023-04-19,6,-0.024904976089303532,0.3380404450761113,trend_off
0.5,USO,2025-02-26,2025-03-03,3,-0.00717669316516778,0.2413891857104611,trend_off
0.5,USO,2025-10-06,2025-10-09,3,-0.004940312841808514,0.2642994281614253,trend_off
0.5,USO,2025-10-31,2025-11-04,2,-0.008682432119836214,0.27538056797173227,trend_off
0.5,USO,2025-11-18,2025-11-19,1,-0.022344865470096953,0.26950462906382183,trend_off
0.5,XLK,2000-08-22,2000-09-06,11,-0.010332934809100136,0.3081422337532248,trend_off
0.5,XLK,2000-09-07,2000-09-08,1,-0.03196303447934101,0.28261763134991896,trend_off
0.5,XLK,2002-12-16,2002-12-17,1,-0.0050633537132588335,0.4326938651533251,trend_off
0.5,XLK,2003-01-06,2003-01-20,10,-0.06911337433102405,0.4015906981290361,trend_off
0.5,XLK,2003-03-17,2003-03-19,2,0.002617493978833263,0.34688432839145805,trend_off
0.5,XLK,2003-03-21,2003-03-24,1,-0.040566951494797054,0.3271446562059643,trend_off
0.5,XLK,2003-03-26,2003-03-28,2,-0.02390463666480136,0.334940414706564,trend_off
0.5,XLK,2003-04-22,2003-04-30,6,0.00839814870449529,0.3022503205240436,trend_off
0.5,XLK,2003-05-02,2003-05-16,10,0.025481580216125455,0.2885365396316809,trend_off
0.5,XLK,2004-05-28,2004-06-03,4,-0.019850662458998358,0.17114341282247963,trend_off
0.5,XLK,2004-06-04,2004-06-30,18,0.038113867119936584,0.16528392091143726,trend_off
0.5,XLK,2004-10-05,2004-10-14,7,-0.028643605497172597,0.17541054012501353,trend_off
0.5,XLK,2004-10-18,2004-10-20,2,0.001527062615717778,0.16514020575842853,trend_off
0.5,XLK,2004-10-21,2004-10-22,1,-0.021662214803803814,0.15872326751132987,trend_off
0.5,XLK,2004-10-25,2004-10-26,1,0.0020635611204666837,0.1662177233227902,trend_off
0.5,XLK,2004-10-27,2005-01-03,48,0.07263205901557757,0.1747306401595028,trend_off
0.5,XLK,2009-04-02,2009-04-07,3,-0.0242718792996387,0.4186018215782193,trend_off
0.5,XLK,2009-04-09,2009-04-14,3,-0.010759316990263113,0.4040377423242059,trend_off
0.5,XLK,2009-04-15,2009-05-15,22,0.018181678020412706,0.3805690285902871,trend_off
0.5,XLK,2009-05-18,2009-05-25,5,-0.01853976165020854,0.3220527956404974,trend_off
0.5,XLK,2009-05-26,2009-07-03,28,0.030534458135280662,0.3064417014152615,trend_off
0.5,XLK,2009-07-15,2009-09-01,34,0.05714349559145715,0.25268394898485264,trend_off
0.5,XLK,2012-10-30,2012-10-31,1,-0.004139532472266172,0.13431590457009837,trend_off
0.5,XLK,2012-11-28,2012-11-30,2,0.003789967556603324,0.15669977708881563,trend_off
0.5,XLK,2012-12-03,2012-12-04,1,-0.0017188238691683289,0.1497693640737664,trend_off
0.5,XLK,2012-12-06,2012-12-26,14,-0.0015501760228574524,0.14631432492045754,trend_off
0.5,XLK,2022-08-18,2022-08-19,1,-0.018164080181526043,0.2792851336739796,trend_off
0.5,XLK,2022-12-12,2022-12-15,3,-0.034237930353600676,0.3413141575166194,trend_off
0.5,XLK,2023-02-20,2023-02-21,1,-0.023744484299953794,0.2558033283103385,trend_off
0.5,XLK,2023-02-22,2023-02-24,2,-0.0015408339953446593,0.2574999330059029,trend_off
0.5,XLK,2023-02-27,2023-03-01,2,-0.00950142157023659,0.2548522704290791,trend_off
0.5,XLF,2003-04-18,2003-05-21,23,0.026707117243461864,0.26160688770658286,trend_off
0.5,XLF,2004-07-02,2004-07-05,1,0.0,0.11176623611445513,trend_off
0.5,XLF,2004-08-16,2004-09-23,28,0.020537310802777542,0.11703916059709984,trend_off
0.5,XLF,2009-05-12,2009-05-13,1,-0.05083294686741735,0.9364925993195207,trend_off
0.5,XLF,2009-05-14,2009-05-21,5,-0.002548460288568255,0.9238178146350774,trend_off
0.5,XLF,2009-05-26,2009-06-01,4,0.026578044893184938,0.8386973982522299,trend_off
0.5,XLF,2009-06-05,2009-06-08,1,0.007305104812556529,0.7533357952808551,trend_off
0.5,XLF,2009-06-09,2009-06-10,1,-0.01520006381472172,0.7286835441435296,trend_off
0.5,XLF,2009-06-12,2009-06-16,2,-0.04243394695302816,0.6955295640879011,trend_off
0.5,XLF,2009-06-18,2009-06-22,2,-0.04133875172262147,0.6676408571947291,trend_off
0.5,XLF,2009-07-15,2009-09-03,36,0.14681913405423574,0.5652638555672128,trend_off
0.5,XLF,2009-09-04,2009-09-07,1,0.0,0.40870494522580775,trend_off
0.5,XLF,2009-09-09,2009-09-25,12,0.009325426559992689,0.390456464220413,trend_off
0.5,XLF,2010-10-13,2010-10-14,1,-0.017496659252157598,0.22770676419051014,trend_off
0.5,XLF,2010-10-18,2010-10-19,1,-0.013633396035139134,0.23671683968909163,trend_off
0.5,XLF,2010-11-24,2010-11-26,2,-0.014354037256434471,0.21908319784257443,trend_off
0.5,XLF,2010-11-29,2011-02-08,51,0.17135721703257678,0.21371827823368744,new_high
0.5,XLF,2012-01-27,2012-03-06,27,0.022647506722838218,0.2806553274257137,trend_off
0.5,XLF,2012-07-24,2012-07-31,5,0.030941987617803868,0.20270775568507826,trend_off
0.5,XLF,2017-04-11,2017-04-12,1,-0.008122951362326769,0.13941334458552085,trend_off
0.5,XLF,2017-04-14,2017-04-19,3,0.0048037319331302175,0.13865363160016136,trend_off
0.5,XLF,2017-05-18,2017-05-19,1,0.008639247969450148,0.15875215846454271,trend_off
0.5,XLF,2018-10-01,2018-10-10,7,-0.017334835428909345,0.12227657115572665,trend_off
0.5,XLF,2020-09-07,2020-09-08,1,-0.025701789739477676,0.27706254051085316,trend_off
0.5,XLF,2020-09-16,2020-09-21,3,-0.03715032746968061,0.26862436119963284,trend_off
0.5,XLF,2020-10-07,2020-10-28,15,-0.05028188104114406,0.2526733634011753,trend_off
0.5,XLF,2020-11-02,2020-11-04,2,0.010283828370196924,0.24231987685253575,trend_off
0.5,XLF,2020-11-05,2020-11-06,1,-0.007949087351306838,0.25064478783886807,trend_off
0.5,XLF,2022-11-01,2022-11-03,2,-0.022600762999183233,0.2679308919677366,trend_off
0.5,XLF,2022-11-04,2022-11-07,1,0.010026382812987178,0.2645838021276902,trend_off
0.5,XLF,2023-01-04,2023-02-21,34,0.022082297533230877,0.2005159639802755,trend_off
0.5,XLF,2023-02-23,2023-02-24,1,0.0008419369440066937,0.16095074058233447,trend_off
0.5,XLF,2023-06-07,2023-08-03,41,0.06141917993290713,0.18392161916395514,trend_off
0.5,XLF,2026-05-12,2026-05-13,1,-0.011438577952580742,0.14172880672803506,trend_off
0.5,XLF,2026-05-22,2026-05-26,2,-0.0017327916621272532,0.14130866315420867,trend_off
0.5,XLE,2002-03-12,2002-04-04,17,-0.01336898326365854,0.21018329320978255,trend_off
0.5,XLE,2002-04-08,2002-04-09,1,-0.014436657341697745,0.21212026360841493,trend_off
0.5,XLE,2002-04-22,2002-04-24,2,-0.020357594702291038,0.22387079500992277,trend_off
0.5,XLE,2002-05-03,2002-05-06,1,-0.03423964872785268,0.20566762483501552,trend_off
0.5,XLE,2002-05-13,2002-05-15,2,-0.01389843478519015,0.2242462603574453,trend_off
0.5,XLE,2002-05-23,2002-05-24,1,-0.010958205426587098,0.21232686093737982,trend_off
0.5,XLE,2002-05-27,2002-05-29,2,-0.017154521677604784,0.20797355284092867,trend_off
0.5,XLE,2003-02-26,2003-02-27,1,-0.0058137000351287105,0.21804887360286762,trend_off
0.5,XLE,2003-03-03,2003-03-04,1,-0.004891137250195188,0.20944132254591807,trend_off
0.5,XLE,2003-03-06,2003-03-07,1,0.0,0.20120105657361653,trend_off
0.5,XLE,2003-03-18,2003-03-19,1,0.0013326816772443184,0.19725890187278108,trend_off
0.5,XLE,2003-03-26,2003-04-03,6,-0.001345269054218723,0.18966462201052398,trend_off
0.5,XLE,2003-04-10,2003-04-11,1,-0.005845249480175507,0.18887112912925327,trend_off
0.5,XLE,2003-04-22,2003-04-25,3,-0.015928376761456753,0.18356457489823302,trend_off
0.5,XLE,2003-05-02,2003-06-25,38,0.08531742548349541,0.1762010044968708,trend_off
0.5,XLE,2003-08-06,2003-09-17,30,0.0366381643161664,0.15214365108590325,trend_off
0.5,XLE,2009-05-01,2009-05-04,1,0.03999142504730102,0.4565632522487964,trend_off
0.5,XLE,2009-05-06,2009-05-21,11,-0.035338906213691734,0.4605706294385609,trend_off
0.5,XLE,2009-05-26,2009-06-18,17,0.006446339841357229,0.42406941222917927,trend_off
0.5,XLE,2009-06-19,2009-06-22,1,-0.049990089304316476,0.3772805312773782,trend_off
0.5,XLE,2009-07-20,2009-08-05,12,0.04119327272623052,0.3399135339838333,trend_off
0.5,XLE,2009-08-06,2009-08-17,7,-0.03576391988611316,0.30762443652041355,trend_off
0.5,XLE,2009-08-18,2009-08-27,7,0.05508495261842583,0.2959996423740158,trend_off
0.5,XLE,2009-08-31,2009-09-01,1,-0.017393259556618745,0.2813697055108753,trend_off
0.5,XLE,2009-09-10,2009-10-08,20,0.057495570804446006,0.26877586780790497,new_high
0.5,XLE,2010-09-17,2010-09-27,6,0.021710667143423068,0.22799234688897121,trend_off
0.5,XLE,2015-04-09,2015-04-10,1,0.00438637646422535,0.20604018083818298,trend_off
0.5,XLE,2016-03-07,2016-03-08,1,-0.04199374664574351,0.3378455973087993,trend_off
0.5,XLE,2016-03-16,2016-03-28,8,-0.015116342436690244,0.334887164099687,trend_off
0.5,XLE,2016-04-19,2016-04-21,2,0.0030360684616408395,0.2710494073453886,trend_off
0.5,XLE,2016-04-22,2016-04-25,1,-0.011187411675370074,0.26173393044432774,trend_off
0.5,XLE,2016-05-06,2016-05-09,1,-0.014554882059768959,0.2514193506158217,trend_off
0.5,XLE,2016-05-16,2016-05-18,2,-0.004992715337935549,0.24323355776451297,trend_off
0.5,XLE,2016-06-01,2016-06-27,18,-0.02727426388560228,0.2067911411682554,trend_off
0.5,XLE,2017-02-23,2017-02-27,2,-0.0008373059333874888,0.14649410571080482,trend_off
0.5,XLE,2017-04-06,2017-04-13,5,-0.018688778805217687,0.1460456004133935,trend_off
0.5,XLE,2017-04-25,2017-04-26,1,-0.0033446049547111167,0.1409922542952559,trend_off
0.5,XLE,2017-09-14,2017-09-15,1,0.002359616026733846,0.12710974910254308,trend_off
0.5,XLE,2017-09-29,2017-10-25,18,-0.02044416854546305,0.11376914338322751,trend_off
0.5,XLE,2017-10-26,2017-10-27,1,0.0017851099767931533,0.09501309106911857,trend_off
0.5,XLE,2017-10-31,2017-11-14,10,0.0033866835556826125,0.09169852297592272,trend_off
0.5,XLE,2017-11-21,2017-11-27,4,-0.003411626678186397,0.11324395620057671,trend_off
0.5,XLE,2017-11-28,2017-12-05,5,0.024220803543400393,0.11121229556235379,trend_off
0.5,XLE,2017-12-11,2018-01-02,16,0.059603050875549624,0.11699375943018676,new_high
0.5,XLE,2018-02-23,2018-02-27,2,-0.007122304856186923,0.22194303343972596,trend_off
0.5,XLE,2018-03-09,2018-03-15,4,-0.018407671537031267,0.21132755585517177,trend_off
0.5,XLE,2018-03-21,2018-03-22,1,-0.02041429467569056,0.20951256634012722,trend_off
0.5,XLE,2018-04-03,2018-04-09,4,0.0029643289896479352,0.22695516666483087,trend_off
0.5,XLE,2019-02-15,2019-02-21,4,-0.008318208325150844,0.23445273728823138,trend_off
0.5,XLE,2019-02-22,2019-02-26,2,-0.0015206586988089077,0.22123580309934743,trend_off
0.5,XLE,2019-03-01,2019-03-07,4,-0.0200148884645317,0.21244736546218126,trend_off
0.5,XLE,2019-03-12,2019-03-13,1,0.01010382054630532,0.20652745577241932,trend_off
0.5,XLE,2019-03-14,2019-03-25,7,-0.0005493460052816701,0.2015258631252075,trend_off
0.5,XLE,2019-03-26,2019-03-28,2,-0.00331123261538957,0.20189332085858674,trend_off
0.5,XLE,2019-04-18,2019-04-19,1,0.0,0.17207882277622139,trend_off
0.5,XLE,2019-04-22,2019-04-26,4,-0.034834483898382174,0.17620498047698668,trend_off
0.5,XLE,2019-11-21,2019-11-29,6,-0.018990165041371743,0.20613053967687442,trend_off
0.5,XLE,2020-11-23,2020-11-25,2,0.026864793616449445,0.5569438910263499,trend_off
0.5,XLE,2020-12-04,2020-12-22,12,-0.06494166311120697,0.5515398497704564,trend_off
0.5,XLE,2020-12-29,2021-01-01,3,0.007175022748214133,0.45631870222203674,trend_off
0.5,XLE,2021-01-05,2021-02-16,30,0.15456340328638407,0.43963881760731455,new_high
0.5,XLE,2022-07-22,2022-07-26,2,0.027266235392194194,0.3922933627802086,trend_off
0.5,XLE,2024-02-07,2024-02-09,2,-0.005253883130262094,0.1733009157330302,trend_off
0.5,XLE,2025-10-16,2025-10-21,3,0.016533838843999504,0.18244273167977032,trend_off
0.5,XLV,2001-12-20,2001-12-21,1,-0.0016211856063577113,0.2318228307308274,trend_off
0.5,XLV,2003-03-19,2003-03-20,1,-0.0011221287759285437,0.19241322305987935,trend_off
0.5,XLV,2003-08-14,2003-08-22,6,-0.024147605733803812,0.15663955206368846,trend_off
0.5,XLV,2003-09-03,2003-09-05,2,0.0,0.14136724476986542,trend_off
0.5,XLV,2003-10-24,2003-10-27,1,-0.0025050035031025653,0.14408376188757593,trend_off
0.5,XLV,2003-10-28,2003-10-29,1,-0.0028467404060976698,0.14148193123563182,trend_off
0.5,XLV,2003-10-31,2003-11-03,1,-0.0028573069479992386,0.13962694618283308,trend_off
0.5,XLV,2004-09-13,2004-09-22,7,-0.012181579165867151,0.1149783446401909,trend_off
0.5,XLV,2004-11-08,2004-11-16,6,0.00452660528279103,0.16788570685036722,trend_off
0.5,XLV,2008-08-05,2008-08-06,1,0.003937085230649728,0.17667700142718984,trend_off
0.5,XLV,2008-08-22,2008-09-03,8,-0.017112022522924764,0.1656350016773901,trend_off
0.5,XLV,2009-05-21,2009-05-22,1,0.0011879924465474367,0.226108936401031,trend_off
0.5,XLV,2009-05-25,2009-06-08,10,0.00869882677325462,0.21871180855313638,trend_off
0.5,XLV,2009-06-09,2009-06-10,1,-0.004334496686309031,0.19942683346627232,trend_off
0.5,XLV,2009-06-18,2009-06-24,4,-0.008117944996138715,0.2164732174479546,trend_off
0.5,XLV,2009-06-25,2009-06-29,2,0.006067319033371765,0.22114505073361648,trend_off
0.5,XLV,2009-07-01,2009-07-02,1,-0.02388214226975882,0.20925136019079124,trend_off
0.5,XLV,2009-07-06,2009-09-21,55,0.12399570881661415,0.2120080936162909,new_high
0.5,XLV,2010-08-04,2010-08-05,1,0.00033772769379813994,0.1645471591062454,trend_off
0.5,XLV,2010-08-17,2010-08-24,5,-0.039863885846880276,0.16488905161145867,trend_off
0.5,XLV,2010-08-27,2010-08-30,1,-0.012600787031278426,0.16987049910239008,trend_off
0.5,XLV,2010-09-09,2010-11-29,57,0.04197857628839308,0.16866464703487627,trend_off
0.5,XLV,2016-05-09,2016-05-11,2,-0.0037159898646318412,0.15087759319209323,trend_off
0.5,XLV,2017-01-25,2017-02-08,10,0.0249568945919989,0.11249021699206078,trend_off
0.5,XLV,2018-02-09,2018-03-22,29,-0.005531272187217051,0.20254627060107971,trend_off
0.5,XLV,2018-04-20,2018-05-03,9,-0.02107464771540124,0.18873062046232664,trend_off
0.5,XLV,2018-05-07,2018-05-08,1,-0.007542220822165047,0.1749930637823098,trend_off
0.5,XLV,2018-05-10,2018-05-15,3,0.008434298222651737,0.17325314393989655,trend_off
0.5,XLV,2018-05-18,2018-05-25,5,-0.0031248907649367164,0.16742815985485482,trend_off
0.5,XLV,2018-05-30,2018-08-17,57,0.09730516390112531,0.1563388175945759,new_high
0.5,XLV,2021-10-14,2021-10-15,1,0.004947286096036008,0.12597542932693886,trend_off
0.5,XLV,2023-09-25,2023-09-26,1,-0.008482297778689252,0.09447150595685959,trend_off
0.5,XLV,2024-04-22,2024-04-26,4,0.0034414503396789087,0.10446630505759065,trend_off
0.5,XLV,2024-10-31,2024-11-05,3,0.0066727656911274025,0.10052664329525793,trend_off
0.5,XLV,2024-11-29,2024-12-02,1,-0.001763765917143778,0.11686580838242454,trend_off
0.5,XLV,2024-12-03,2024-12-04,1,-0.0005449689748420194,0.11325269980427538,trend_off
0.5,XLV,2025-09-30,2025-11-11,30,0.08270453912335674,0.15643835602233278,new_high
0.5,XLV,2026-04-16,2026-04-24,6,-0.01657461462334142,0.14967271380144836,trend_off
0.5,XLV,2026-04-27,2026-04-29,2,-0.004321903700937657,0.14913001137339102,trend_off
0.5,XLY,2000-09-11,2000-09-12,1,0.0,0.25710383799629477,trend_off
0.5,XLY,2000-09-13,2000-09-18,3,-0.03432174924153286,0.2486863742745282,trend_off
0.5,XLY,2002-10-18,2002-10-22,2,0.016488466503443266,0.39256170583591216,trend_off
0.5,XLY,2003-01-09,2003-01-15,4,-0.003311546239771701,0.2956700536050516,trend_off
0.5,XLY,2003-03-21,2003-03-24,1,-0.045716923706462076,0.3174618067763273,trend_off
0.5,XLY,2003-03-25,2003-03-31,4,-0.033177528091815955,0.3379914732380306,trend_off
0.5,XLY,2003-04-02,2003-04-03,1,0.005084587116908956,0.3234331213174403,trend_off
0.5,XLY,2003-04-04,2003-04-08,2,0.009627738425117771,0.31337962923248164,trend_off
0.5,XLY,2003-04-14,2003-04-15,1,0.0073683786779961125,0.2985308748214103,trend_off
0.5,XLY,2003-04-18,2003-04-21,1,0.0004044055528982238,0.2872809741268833,trend_off
0.5,XLY,2003-04-22,2003-06-11,36,0.09310612580343314,0.28257108067601283,new_high
0.5,XLY,2005-07-07,2005-08-24,34,0.01607456527111939,0.12142278296926659,trend_off
0.5,XLY,2008-05-14,2008-05-21,5,-0.033583110155115836,0.27895714953907,trend_off
0.5,XLY,2008-09-03,2008-09-04,1,-0.03326928940460683,0.30155348652731534,trend_off
0.5,XLY,2008-09-12,2008-09-15,1,-0.03365408655444502,0.31660292409676194,trend_off
0.5,XLY,2009-04-09,2009-04-13,2,0.0004563012745353312,0.4847494907734131,trend_off
0.5,XLY,2009-04-16,2009-04-27,7,0.010786541738880162,0.4611017055048529,trend_off
0.5,XLY,2009-04-28,2009-04-29,1,0.018230081442795365,0.4277552824841783,trend_off
0.5,XLY,2009-04-30,2009-05-15,11,-0.049806937694040765,0.4173080389083649,trend_off
0.5,XLY,2009-05-18,2009-05-25,5,-0.027562543967236897,0.40674518189917724,trend_off
0.5,XLY,2009-05-26,2009-05-28,2,-0.025706654649783167,0.38860203597024584,trend_off
0.5,XLY,2009-06-01,2009-06-04,3,-0.0028887639952716038,0.39445307360653736,trend_off
0.5,XLY,2009-06-05,2009-06-16,7,-0.05081177627604594,0.37323268114814034,trend_off
0.5,XLY,2009-06-18,2009-06-22,2,-0.02188124923989232,0.3419464881349646,trend_off
0.5,XLY,2009-06-25,2009-06-30,3,-0.0017300645148675686,0.34265965122291797,trend_off
0.5,XLY,2009-07-15,2009-09-01,34,0.09598971069568529,0.31873643713225436,trend_off
0.5,XLY,2009-09-03,2009-09-07,2,0.01819585117856959,0.2461364026125306,trend_off
0.5,XLY,2010-08-16,2010-08-20,4,0.005205016457370704,0.2504110105904863,trend_off
0.5,XLY,2011-06-13,2011-06-16,3,-0.00026441514451536197,0.14079232828284222,trend_off
0.5,XLY,2022-08-18,2022-08-19,1,-0.020636103290246566,0.3263696171873621,trend_off
0.5,XLY,2023-03-31,2023-04-26,18,-0.039119894515700526,0.24299044005193168,trend_off
0.5,XLY,2023-04-27,2023-05-01,2,-0.007322838510526286,0.22485244442858596,trend_off
0.5,XLY,2023-05-05,2023-05-16,7,0.0015628910561451548,0.2158872851393025,trend_off
0.5,XLY,2023-05-17,2023-07-03,33,0.144299753730613,0.2004201360710405,new_high
0.5,XLP,2001-06-04,2001-06-06,2,-0.005780185850478015,0.17441324378350537,trend_off
0.5,XLP,2001-06-07,2001-06-14,5,-0.01655178097715504,0.17569610082239787,trend_off
0.5,XLP,2001-06-21,2001-06-22,1,-0.02786358316122539,0.16186470668726277,trend_off
0.5,XLP,2001-08-20,2001-08-29,7,-0.007078727216785041,0.15785413826972244,trend_off
0.5,XLP,2001-09-10,2001-09-17,5,-0.0007852708461070224,0.20661576067356485,trend_off
0.5,XLP,2001-10-01,2001-10-04,3,-0.00474852991539465,0.21096330652852513,trend_off
0.5,XLP,2001-10-05,2001-10-12,5,-0.0027541299743447656,0.202227289712531,trend_off
0.5,XLP,2001-10-15,2001-10-16,1,-0.005498564510933002,0.1881490341475566,trend_off
0.5,XLP,2001-10-18,2001-10-30,8,-0.004347645706190062,0.18263650205616666,trend_off
0.5,XLP,2001-11-01,2001-11-08,5,-0.005886569811329179,0.18441496468991056,trend_off
0.5,XLP,2001-11-15,2001-11-20,3,0.01060964087455929,0.16015742152734852,trend_off
0.5,XLP,2001-11-21,2001-11-28,5,-0.01919347872162447,0.15584830295870428,trend_off
0.5,XLP,2001-11-29,2001-12-03,2,-0.0019198330134746477,0.15878745499369457,trend_off
0.5,XLP,2001-12-04,2001-12-10,4,-0.026153748899269913,0.15122037839165944,trend_off
0.5,XLP,2002-01-14,2002-01-15,1,0.0011889295796267962,0.1327892952994307,trend_off
0.5,XLP,2003-01-07,2003-01-08,1,-0.0059200429402640475,0.1675768654345592,trend_off
0.5,XLP,2003-01-13,2003-01-15,2,-0.006842746464773342,0.16030042621588905,trend_off
0.5,XLP,2003-05-27,2003-05-29,2,0.0010087909673337503,0.16213824005719585,trend_off
0.5,XLP,2003-05-30,2003-07-09,28,0.013548410637424846,0.1581669115995539,trend_off
0.5,XLP,2003-07-10,2003-07-11,1,0.0069445089688222605,0.13819808349937385,trend_off
0.5,XLP,2003-07-22,2003-07-23,1,-0.004433568680780486,0.13473145896576294,trend_off
0.5,XLP,2003-08-08,2003-08-11,1,-0.001486701144030933,0.12791461545069005,trend_off
0.5,XLP,2004-11-02,2004-11-30,20,0.020558020578351766,0.09377778689989968,trend_off
0.5,XLP,2009-05-12,2009-05-13,1,-0.0183250525143569,0.2084597413953444,trend_off
0.5,XLP,2009-05-14,2009-05-20,4,0.01860037434255113,0.20947202193449796,trend_off
0.5,XLP,2009-05-26,2009-05-27,1,-0.025408815845984534,0.1980314435965435,trend_off
0.5,XLP,2009-05-29,2009-06-10,8,0.005190515340712354,0.2064310956639949,trend_off
0.5,XLP,2009-06-11,2009-06-15,2,-0.016709667373017822,0.19255780619503748,trend_off
0.5,XLP,2009-06-18,2009-06-19,1,-0.010076904699515499,0.20332601299205752,trend_off
0.5,XLP,2009-07-14,2009-09-29,55,0.09505467650800026,0.19403103438906627,new_high
0.5,XLP,2017-01-05,2017-01-09,2,-0.0071060331349740435,0.10213970731581326,trend_off
0.5,XLP,2017-07-18,2017-07-20,2,0.0038335503506128354,0.07205402046459725,trend_off
0.5,XLP,2017-07-24,2017-08-23,22,0.006375137631351002,0.06899705535068437,trend_off
0.5,XLP,2017-10-05,2017-10-06,1,-0.009935407821901499,0.07267359821505266,trend_off
0.5,XLP,2018-08-03,2018-08-08,3,-0.012709776684520224,0.11243231092598703,trend_off
0.5,XLP,2018-08-13,2018-09-03,15,0.010142995147657263,0.1078116050816113,trend_off
0.5,XLP,2018-09-05,2018-10-11,26,-0.034457569223737994,0.10037470962612431,trend_off
0.5,XLP,2018-10-15,2018-11-22,28,0.036053017063879755,0.12599577710595458,trend_off
0.5,XLP,2022-09-01,2022-09-02,1,-0.013057585110526015,0.15364014708879287,trend_off
0.5,XLP,2022-09-06,2022-09-13,5,-0.004989482639692233,0.15099722651043404,trend_off
0.5,XLP,2023-02-22,2023-02-23,1,-0.0012276809851633486,0.13475177782851921,trend_off
0.5,XLP,2023-08-25,2023-08-31,4,0.004695042008028505,0.0974310969807363,trend_off
0.5,XLP,2025-12-23,2025-12-25,2,0.007869786984718186,0.1079961346067661,trend_off
0.5,XLP,2026-01-06,2026-01-07,1,-0.010971857162287657,0.09600646176312362,trend_off
0.5,XLP,2026-04-17,2026-05-29,30,0.005457262602418522,0.14737576059779164,trend_off
0.5,XLI,2002-03-01,2002-03-28,19,0.0036606534388652356,0.23067474191222037,trend_off
0.5,XLI,2002-03-29,2002-04-01,1,-0.0003673202010416876,0.21696060150648847,trend_off
0.5,XLI,2003-01-10,2003-01-16,4,-0.01978315011993481,0.2323509180541872,trend_off
0.5,XLI,2003-01-17,2003-01-20,1,0.0,0.21941981426962887,trend_off
0.5,XLI,2003-03-21,2003-03-24,1,-0.03547131200002973,0.25306105374610427,trend_off
0.5,XLI,2003-04-18,2003-04-21,1,-0.008780677684703253,0.2285178374891444,trend_off
0.5,XLI,2003-04-22,2003-05-01,7,0.007167444860859629,0.23768465604161174,trend_off
0.5,XLI,2003-05-02,2003-05-19,11,-0.015442313666676255,0.2259357133388856,trend_off
0.5,XLI,2003-05-20,2003-05-22,2,0.0018904313501122427,0.21028498276010246,trend_off
0.5,XLI,2003-05-27,2003-08-15,58,0.08264404617038612,0.2062888452714137,new_high
0.5,XLI,2006-08-16,2006-08-17,1,0.0012281819423538565,0.16907443114169093,trend_off
0.5,XLI,2006-08-18,2006-08-21,1,-0.008914772988244724,0.1637250081941927,trend_off
0.5,XLI,2006-09-01,2006-09-04,1,0.0,0.14478995011538834,trend_off
0.5,XLI,2009-05-06,2009-05-21,11,-0.05961100146126219,0.4185918287552564,trend_off
0.5,XLI,2009-05-26,2009-05-27,1,-0.0324733191803831,0.4079652866528625,trend_off
0.5,XLI,2009-05-29,2009-06-16,12,-0.0017784591365165303,0.40567357314710323,trend_off
0.5,XLI,2009-06-19,2009-06-22,1,-0.03333377883478583,0.35587815850802196,trend_off
0.5,XLI,2009-07-16,2009-09-02,34,0.08215566298299293,0.33197729627463,trend_off
0.5,XLI,2009-09-03,2009-09-22,13,0.10048490840671875,0.25352038471371463,new_high
0.5,XLI,2011-06-13,2011-06-15,2,0.00369077004317786,0.16377627689128096,trend_off
0.5,XLI,2023-11-02,2023-11-07,3,0.003674075272411814,0.1529472556268935,trend_off
0.5,XLB,2000-12-06,2000-12-07,1,-0.030256925558093006,0.318941909597454,trend_off
0.5,XLB,2000-12-13,2000-12-15,2,-0.02293553486433253,0.31024551006366563,trend_off
0.5,XLB,2000-12-18,2000-12-20,2,-0.007120190984771568,0.3024128900895226,trend_off
0.5,XLB,2000-12-21,2001-01-12,16,-0.02923131099691756,0.3347103781344133,trend_off
0.5,XLB,2001-08-22,2001-08-29,5,0.0009181685146995022,0.1985350074517499,trend_off
0.5,XLB,2001-09-04,2001-09-07,3,-0.043359347603859955,0.18269781459280543,trend_off
0.5,XLB,2002-01-11,2002-01-14,1,-0.0329407952748737,0.23214281474737786,trend_off
0.5,XLB,2003-01-02,2003-01-21,13,-0.02996055420813748,0.2812247034356671,trend_off
0.5,XLB,2003-04-23,2003-05-22,21,0.017640862413764724,0.2430473257786904,trend_off
0.5,XLB,2005-04-21,2005-04-22,1,-0.009523686632773365,0.20663103479054412,trend_off
0.5,XLB,2005-04-25,2005-04-26,1,-0.019040767215960264,0.2038654118785417,trend_off
0.5,XLB,2005-07-19,2005-08-01,9,0.0074230633540399715,0.16509669317994385,trend_off
0.5,XLB,2005-08-02,2005-08-17,11,-0.022467886541183923,0.16477438341997774,trend_off
0.5,XLB,2005-09-28,2005-10-04,4,-0.0014745900117100197,0.1300961385034068,trend_off
0.5,XLB,2005-11-11,2006-01-06,40,0.10582434626427983,0.14324613169452927,new_high
0.5,XLB,2006-05-23,2006-05-24,1,-0.004427875891354738,0.1800699269793412,trend_off
0.5,XLB,2006-07-18,2006-07-20,2,-0.0016388396359570123,0.2206830686272355,trend_off
0.5,XLB,2008-09-01,2008-09-03,2,-0.030188515849761344,0.22686516880927482,trend_off
0.5,XLB,2009-04-16,2009-04-23,5,-0.012772847635742712,0.43384459980535284,trend_off
0.5,XLB,2009-04-30,2009-06-16,33,0.026490259437910613,0.42456469351765214,trend_off
0.5,XLB,2009-06-25,2009-06-26,1,-0.0015471019954150789,0.37796597841563134,trend_off
0.5,XLB,2009-07-15,2009-09-01,34,0.10293553723512128,0.3496608329464493,trend_off
0.5,XLB,2009-09-04,2009-09-07,1,0.0,0.29000106932560193,trend_off
0.5,XLB,2009-09-08,2009-10-14,26,0.06979877202594587,0.282441089436335,new_high
0.5,XLB,2015-12-01,2015-12-02,1,-0.013463411954821813,0.1757807211464585,trend_off
0.5,XLB,2016-03-10,2016-05-18,49,0.05387495363463857,0.24795067095183346,trend_off
0.5,XLB,2018-06-29,2018-07-02,1,-0.005338272734386695,0.1581843107091879,trend_off
0.5,XLB,2018-07-20,2018-07-23,1,-0.005489648931654378,0.1467150515211908,trend_off
0.5,XLB,2018-07-24,2018-08-13,14,-0.010728780757406686,0.14760688424951146,trend_off
0.5,XLB,2018-08-21,2018-08-23,2,-0.011850413169833263,0.13947992015388688,trend_off
0.5,XLB,2018-09-10,2018-10-04,18,-0.011913231405291436,0.13134362510160325,trend_off
0.5,XLB,2025-01-28,2025-02-07,8,-0.005295172456046382,0.1375216135466916,trend_off
0.5,XLU,2001-09-13,2001-09-14,1,0.0,0.17259554044896228,trend_off
0.5,XLU,2002-05-23,2002-05-24,1,-0.010279117953112094,0.19059575541606946,trend_off
0.5,XLU,2002-05-27,2002-05-29,2,-0.009643826252152321,0.1868382247063915,trend_off
0.5,XLU,2003-01-06,2003-01-07,1,-0.02175004866938024,0.2935962425653402,trend_off
0.5,XLU,2003-01-08,2003-01-22,10,-0.06133455574262636,0.29293238386750237,trend_off
0.5,XLU,2003-04-18,2003-06-18,43,0.18861046041478202,0.1883392505068765,new_high
0.5,XLU,2003-08-05,2003-08-06,1,0.005931689216122971,0.16332636889524094,trend_off
0.5,XLU,2003-08-07,2003-08-08,1,0.004869109245915437,0.1618844973461001,trend_off
0.5,XLU,2003-08-14,2003-08-18,2,-0.004326881716051112,0.15730237363172264,trend_off
0.5,XLU,2003-08-19,2003-08-20,1,0.009648247140268795,0.14988294489611997,trend_off
0.5,XLU,2003-08-26,2003-11-18,60,0.027342965173871026,0.14689330751551422,trend_off
0.5,XLU,2005-11-11,2005-11-14,1,-0.0065270851166920885,0.18728814624493795,trend_off
0.5,XLU,2005-11-16,2006-01-02,33,0.02890775826232872,0.18135095356495692,trend_off
0.5,XLU,2006-04-05,2006-04-06,1,-0.012380729053600215,0.11232369582450653,trend_off
0.5,XLU,2009-06-12,2009-06-15,1,-0.020227469386327024,0.24252821952079603,trend_off
0.5,XLU,2009-06-18,2009-06-22,2,-0.014854331424839828,0.24375211309673056,trend_off
0.5,XLU,2009-07-15,2009-07-17,2,-0.004264458464451004,0.22598285854601297,trend_off
0.5,XLU,2009-07-20,2009-07-21,1,0.00991876608157094,0.2163956575217696,trend_off
0.5,XLU,2009-07-24,2009-07-31,5,-0.020974798127969208,0.219142971803933,trend_off
0.5,XLU,2009-08-05,2009-09-01,19,0.013985707995039842,0.21427463577860292,trend_off
0.5,XLU,2009-09-02,2009-09-09,5,0.005208521201423455,0.17448696966563348,trend_off
0.5,XLU,2009-09-14,2009-09-22,6,0.01376415498341732,0.15842426849597932,trend_off
0.5,XLU,2010-02-09,2010-02-10,1,-0.004501400042667525,0.15603727530116812,trend_off
0.5,XLU,2012-09-20,2012-09-25,3,0.007803600444638681,0.09174338831020186,trend_off
0.5,XLU,2013-06-03,2013-06-05,2,-0.012182415349034637,0.12373780011514596,trend_off
0.5,XLU,2013-06-06,2013-06-11,3,-0.0007948906418535628,0.12557808684462796,trend_off
0.5,XLU,2013-06-13,2013-06-14,1,0.0013174087076934793,0.13074403032230744,trend_off
0.5,XLU,2013-06-18,2013-06-19,1,-0.022927907976609818,0.12664448480800533,trend_off
0.5,XLU,2013-06-27,2013-07-01,2,-0.01012261941938597,0.1610781367847835,trend_off
0.5,XLU,2013-07-04,2013-07-05,1,-0.0029723542039569173,0.1523080226418234,trend_off
0.5,XLU,2013-07-09,2013-08-13,25,0.027056064436584704,0.15262945032122371,trend_off
0.5,XLU,2013-08-28,2013-08-29,1,-0.005868047861429249,0.13123687864698125,trend_off
0.5,XLU,2013-08-30,2013-09-03,2,-0.01152800394806186,0.1278583927655236,trend_off
0.5,XLU,2013-09-17,2013-10-04,13,-0.0006431093433661994,0.11992001424329718,trend_off
0.5,XLU,2013-12-12,2013-12-16,2,0.003726375451938768,0.11818081518329722,trend_off
0.5,XLU,2013-12-18,2013-12-19,1,-0.007341216751996615,0.11851542630236213,trend_off
0.5,XLU,2014-01-09,2014-01-14,3,0.005307686372160614,0.11123684242332993,trend_off
0.5,XLU,2015-04-23,2015-04-27,2,-0.002013229316999099,0.16676130282349688,trend_off
0.5,XLU,2015-05-20,2015-05-21,1,-0.00044786034212407344,0.1561819038685064,trend_off
0.5,XLU,2015-05-29,2015-06-02,2,-0.011910196801481199,0.14082258619796814,trend_off
0.5,XLU,2015-07-31,2015-08-05,3,-0.008410453631892634,0.14144361076640202,trend_off
0.5,XLU,2015-08-06,2015-08-24,12,-0.011174351817022643,0.1416738209113757,trend_off
0.5,XLU,2015-09-23,2015-09-24,1,0.00809931905932637,0.18601968715391873,trend_off
0.5,XLU,2015-09-29,2015-10-29,22,0.02398251310607269,0.17814454882697767,trend_off
0.5,XLU,2015-10-30,2015-11-05,4,0.0006859969542032385,0.16036869229786657,trend_off
0.5,XLU,2015-12-07,2015-12-09,2,-0.001171865089634072,0.1702537270924944,trend_off
0.5,XLU,2015-12-16,2015-12-18,2,-0.010380853448586524,0.17620062617555615,trend_off
0.5,XLU,2015-12-22,2015-12-31,7,0.01027079061963998,0.17041841990594772,trend_off
0.5,XLU,2016-01-01,2016-01-05,2,0.00508327977790235,0.1580792065211224,trend_off
0.5,XLU,2016-01-06,2016-01-07,1,-0.0066787963635087655,0.1518925327237379,trend_off
0.5,XLU,2017-12-25,2017-12-26,1,-0.005910482354421931,0.11105500402556297,trend_off
0.5,XLU,2017-12-28,2018-01-01,2,0.0005699046728280255,0.10925800653015391,trend_off
0.5,XLU,2018-04-09,2018-04-10,1,-0.007719592713630763,0.14275238815525093,trend_off
0.5,XLU,2018-04-16,2018-05-08,16,-0.010105419099732837,0.14540172260343587,trend_off
0.5,XLU,2018-06-20,2018-09-26,70,0.03168926133308281,0.13815178838530306,trend_off
0.5,XLU,2020-09-16,2020-09-17,1,-0.008158561328373226,0.21978811227826342,trend_off
0.5,XLU,2020-09-25,2020-12-04,50,0.06284045883465117,0.21608347357772395,trend_off
0.5,XLU,2020-12-07,2020-12-08,1,-0.003027390653047024,0.1831095291246828,trend_off
0.5,XLU,2020-12-09,2020-12-10,1,-0.0051232137670279565,0.17738089933092904,trend_off
0.5,XLU,2021-01-01,2021-01-04,1,-0.02519950946727434,0.15849113217152994,trend_off
0.5,XLU,2021-09-29,2021-09-30,1,-0.007920296917500846,0.135911768815144,trend_off
0.5,XLU,2021-10-04,2021-10-08,4,0.0001540233465164853,0.13750416115727265,trend_off
0.5,XLU,2023-04-17,2023-04-26,7,-0.014580723789510808,0.18664864869203385,trend_off
0.5,XLU,2023-04-27,2023-05-02,3,-0.011870237814696982,0.1824399259148324,trend_off
0.5,XLU,2023-05-03,2023-05-04,1,0.007639195266602394,0.17469594885069967,trend_off
0.5,XLU,2023-07-24,2023-07-25,1,0.0017572807879830954,0.15409210803484108,trend_off
0.5,XLU,2025-12-23,2025-12-24,1,0.004458094369789611,0.12920758659241657,trend_off
0.5,XLU,2026-01-06,2026-01-07,1,-0.02423673194231646,0.12136587579349188,trend_off
0.5,XLU,2026-01-12,2026-01-13,1,0.0063408484536304766,0.13662229451139782,trend_off
0.5,XLU,2026-01-26,2026-02-02,5,-0.005831581781584716,0.12869059875613173,trend_off
0.5,SMH,2001-08-27,2001-08-28,1,-0.026854381071923394,0.5576717612401054,trend_off
0.5,SMH,2002-01-17,2002-01-18,1,-0.025710960566687424,0.509908791413192,trend_off
0.5,SMH,2003-03-17,2003-03-31,10,-0.06707097771657788,0.4644321406778915,trend_off
0.5,SMH,2003-04-02,2003-04-03,1,0.004415813611764463,0.4903727968130682,trend_off
0.5,SMH,2003-04-07,2003-04-08,1,-0.03591610607613216,0.4746558420948368,trend_off
0.5,SMH,2003-04-17,2003-05-16,21,0.052213254191284086,0.4681696687280743,trend_off
0.5,SMH,2005-02-07,2005-02-09,2,-0.0036754811621528827,0.2645331558794371,trend_off
0.5,SMH,2005-02-11,2005-02-14,1,-0.00029485123153349946,0.27623373634553655,trend_off
0.5,SMH,2005-02-18,2005-02-21,1,0.0,0.26093839313445116,trend_off
0.5,SMH,2005-02-24,2005-03-03,5,0.005035716341095231,0.25210574723206064,trend_off
0.5,SMH,2005-03-04,2005-03-14,6,-0.01117310687634332,0.2507994301490358,trend_off
0.5,SMH,2005-05-18,2005-05-19,1,0.00029865801745532217,0.2121442629090036,trend_off
0.5,SMH,2005-05-20,2005-05-25,3,0.008569510326496665,0.20669271430611602,trend_off
0.5,SMH,2006-09-28,2006-10-02,2,-0.015873170215015442,0.24673800370349908,trend_off
0.5,SMH,2006-10-12,2006-10-19,5,-0.03942140063665245,0.22888967058596868,trend_off
0.5,SMH,2006-12-04,2006-12-08,4,-0.013275686966902511,0.2224735808344813,trend_off
0.5,SMH,2007-01-12,2007-01-18,4,-0.05500141047804352,0.1697085998748422,trend_off
0.5,SMH,2007-01-24,2007-01-25,1,-0.0011908750179711047,0.1897862302515142,trend_off
0.5,SMH,2007-01-29,2007-02-08,8,0.018074065220157642,0.18217334894562703,trend_off
0.5,SMH,2007-02-28,2007-03-01,1,-0.009003996274397408,0.18500324042345964,trend_off
0.5,SMH,2007-03-09,2007-03-13,2,-0.0078011310909973375,0.18585392513092833,trend_off
0.5,SMH,2007-03-14,2007-03-15,1,0.0020426953878840415,0.18035953556899628,trend_off
0.5,SMH,2007-03-21,2007-03-22,1,-0.007225361948106301,0.17265427155178967,trend_off
0.5,SMH,2007-04-16,2007-04-25,7,0.0867686345215597,0.15165099877858879,new_high
0.5,SMH,2008-05-14,2008-05-22,6,-0.005541767678388321,0.26877245780414416,trend_off
0.5,SMH,2008-05-27,2008-05-29,2,0.0027622406814362677,0.24993821971338884,trend_off
0.5,SMH,2009-04-09,2009-04-14,3,0.0004971200972045953,0.5373547966730859,trend_off
0.5,SMH,2009-04-15,2009-04-22,5,0.021804975448515895,0.5078877000915776,trend_off
0.5,SMH,2009-04-23,2009-04-24,1,0.014020765030149596,0.4968090445892327,trend_off
0.5,SMH,2009-04-30,2009-05-08,6,-0.036150549914543584,0.4708172606912552,trend_off
0.5,SMH,2009-05-19,2009-05-21,2,-0.011970404300396864,0.4478036317605999,trend_off
0.5,SMH,2009-05-22,2009-05-25,1,0.0,0.43372122211860376,trend_off
0.5,SMH,2009-05-26,2009-06-30,25,0.046341461543965234,0.4255738967601364,trend_off
0.5,SMH,2009-07-01,2009-07-03,2,-0.008731762377893304,0.35466975076905455,trend_off
0.5,SMH,2009-07-06,2009-07-07,1,-0.02566520246641346,0.3396095074666205,trend_off
0.5,SMH,2009-07-14,2009-09-01,35,0.13788338825552393,0.33086618312162447,trend_off
0.5,SMH,2011-06-13,2011-06-15,2,-0.0003042715278088748,0.20288676546433979,trend_off
0.5,SMH,2012-11-12,2012-11-13,1,-0.009875856273432793,0.20733864456822743,trend_off
0.5,SMH,2012-11-23,2012-12-05,8,0.016539268778942073,0.2013389681794602,trend_off
0.5,SMH,2012-12-06,2012-12-13,5,0.010829072711523446,0.18059973451703576,trend_off
0.5,SMH,2012-12-14,2013-02-08,40,0.10742321280274303,0.17430778923752419,new_high
0.5,SMH,2022-12-06,2022-12-07,1,-0.00023114013613623197,0.4379282753831492,trend_off
0.5,SMH,2022-12-08,2022-12-14,4,0.008790956471014244,0.4290110854571977,trend_off
0.5,SMH,2023-01-16,2023-01-19,3,-0.024801716080237624,0.3610513144925413,trend_off
0.5,GOLD,2001-11-22,2001-11-23,1,0.0,0.1365637972579897,trend_off
0.5,GOLD,2001-11-30,2001-12-07,5,0.0,0.12479171399660513,trend_off
0.5,GOLD,2003-04-21,2003-04-29,6,0.0005997367527172948,0.17440676898734295,trend_off
0.5,GOLD,2003-04-30,2003-06-26,41,0.014155080231710304,0.16691401615190024,trend_off
0.5,GOLD,2005-01-07,2005-01-17,6,0.009071421260239854,0.1445816778523775,trend_off
0.5,GOLD,2005-01-28,2005-01-31,1,-0.009394081997824877,0.12920308124124336,trend_off
0.5,GOLD,2005-02-14,2005-03-23,27,-0.001409054962747458,0.1262107053719928,trend_off
0.5,GOLD,2005-03-31,2005-04-01,1,-0.006531416446973859,0.11933383600150717,trend_off
0.5,GOLD,2005-04-05,2005-05-06,23,0.003769154543028508,0.11566078120983272,trend_off
0.5,GOLD,2005-07-12,2005-07-13,1,-0.005629823985943694,0.10572068476700579,trend_off
0.5,GOLD,2005-07-29,2005-08-30,22,0.003024001695752343,0.09863022550512235,trend_off
0.5,GOLD,2006-09-22,2006-09-27,3,0.013403398458898597,0.23653275443582833,trend_off
0.5,GOLD,2006-11-09,2006-11-13,2,-0.017007854792076782,0.22705431565014955,trend_off
0.5,GOLD,2006-11-14,2006-11-16,2,-0.0051298689798841,0.21982913236252097,trend_off
0.5,GOLD,2006-11-21,2007-01-03,31,-0.0017510929635754513,0.20493816810227916,trend_off
0.5,GOLD,2007-01-15,2007-03-02,34,0.025579536370903266,0.17392949327963275,trend_off
0.5,GOLD,2007-03-05,2007-05-10,48,0.04460493613069327,0.1980635377436873,trend_off
0.5,GOLD,2008-06-11,2008-06-13,2,-0.010685488557035772,0.23759660158343054,trend_off
0.5,GOLD,2010-02-01,2010-02-04,3,-0.03794260849533282,0.1811018183414439,trend_off
0.5,GOLD,2010-03-26,2010-04-05,6,0.0259917356559638,0.17492923651048647,trend_off
0.5,GOLD,2011-12-22,2011-12-23,1,-0.002610524692929328,0.25030417001945476,trend_off
0.5,GOLD,2012-01-12,2012-02-02,15,0.06647240742686633,0.22348955875720358,trend_off
0.5,GOLD,2012-03-19,2012-03-21,2,-0.010138595096609415,0.20197224345926604,trend_off
0.5,GOLD,2012-03-22,2012-04-04,9,-0.018267063939629513,0.19524035483477326,trend_off
0.5,GOLD,2012-04-11,2012-04-16,3,-0.006208588805379778,0.1980065316758955,trend_off
0.5,GOLD,2012-06-12,2012-06-27,11,-0.02182672055412216,0.19939079500527743,trend_off
0.5,GOLD,2012-07-03,2012-07-04,1,0.0,0.21548370596188315,trend_off
0.5,GOLD,2013-01-30,2013-01-31,1,-0.011488807993116579,0.12189157664805272,trend_off
0.5,GOLD,2014-03-07,2014-03-20,9,-0.00567967694836069,0.15338326073297393,trend_off
0.5,GOLD,2014-03-21,2014-03-24,1,-0.01856291079949479,0.14947487343018764,trend_off
0.5,GOLD,2014-05-05,2014-05-07,2,-0.015584434235341837,0.13584611427495563,trend_off
0.5,GOLD,2014-06-19,2014-07-18,21,-0.0034254397253998814,0.14235588813716868,trend_off
0.5,GOLD,2014-07-21,2014-07-22,1,-0.00578516850758648,0.13215134441196294,trend_off
0.5,GOLD,2014-07-23,2014-07-24,1,-0.010655442249185465,0.1290393278584573,trend_off
0.5,GOLD,2014-07-25,2014-07-28,1,0.00015353637167980771,0.131489166442329,trend_off
0.5,GOLD,2015-05-15,2015-05-19,2,-0.015177458658455767,0.16111277042360683,trend_off
0.5,GOLD,2015-05-20,2015-05-26,4,-0.01795026288687951,0.1612894096589116,trend_off
0.5,GOLD,2015-10-15,2015-10-16,1,-0.003619874349481522,0.14118715321428368,trend_off
0.5,GOLD,2015-10-20,2015-10-21,1,-0.008828543645214348,0.1382003173277482,trend_off
0.5,GOLD,2015-10-23,2015-10-27,2,0.0030086820709118722,0.1347338027427687,trend_off
0.5,GOLD,2015-10-28,2015-10-29,1,-0.025401431513222827,0.1304780292505304,trend_off
0.5,GOLD,2016-01-29,2016-02-11,9,0.11778932024747779,0.14877778076010345,new_high
0.5,GOLD,2016-11-11,2016-11-14,1,-0.03500596509531806,0.12756234991584645,trend_off
0.5,GOLD,2017-02-09,2017-02-10,1,-0.0005667162057411135,0.12341616667282565,trend_off
0.5,GOLD,2017-02-14,2017-02-15,1,0.006373009724831569,0.12017863366968295,trend_off
0.5,GOLD,2017-02-16,2017-02-17,1,-0.0019355035597278247,0.11860799989818513,trend_off
0.5,GOLD,2017-02-24,2017-02-27,1,0.00039780411352374756,0.11626004016388439,trend_off
0.5,GOLD,2017-03-01,2017-03-03,2,-0.018736507291719273,0.11208375155220225,trend_off
0.5,GOLD,2017-03-21,2017-03-24,3,0.0016852384456151892,0.12010952786563525,trend_off
0.5,GOLD,2017-03-31,2017-04-06,4,0.0024051951275225747,0.10867684246502182,trend_off
0.5,GOLD,2017-04-07,2017-04-25,12,0.00900895026542492,0.10377845841637574,trend_off
0.5,GOLD,2017-05-12,2017-05-15,1,0.001957286339612674,0.10477344718730672,trend_off
0.5,GOLD,2017-05-17,2017-05-24,5,-0.004055646589214756,0.11384800637791564,trend_off
0.5,GOLD,2017-05-26,2017-06-15,14,-0.012148962378248696,0.1079338528159667,trend_off
0.5,GOLD,2017-06-16,2017-06-19,1,-0.007815030963417069,0.11174428761908582,trend_off
0.5,GOLD,2017-06-23,2017-06-26,1,-0.00788083324992539,0.10764908390629437,trend_off
0.5,GOLD,2017-07-27,2017-09-07,30,0.06787869296379379,0.09969233864931247,new_high
0.5,GOLD,2017-10-30,2017-10-31,1,-0.005572541968437261,0.09664162371578232,trend_off
0.5,GOLD,2017-11-01,2017-11-07,4,-0.00031396626774016223,0.09620403663125145,trend_off
0.5,GOLD,2017-11-13,2017-11-14,1,0.003288147664073371,0.09814133294094375,trend_off
0.5,GOLD,2018-06-13,2018-06-15,2,-0.017194886582101887,0.08902663237813906,trend_off
0.5,GOLD,2018-12-20,2019-03-01,51,0.025957620656739344,0.09702344329390952,trend_off
0.5,GOLD,2019-12-10,2019-12-18,6,0.006837139455026842,0.11185551858615625,trend_off
0.5,GOLD,2021-05-11,2021-05-12,1,-0.0072435743884633474,0.14034455382684016,trend_off
0.5,GOLD,2021-05-13,2021-06-15,23,0.017763171279639556,0.13777136900597056,trend_off
0.5,GOLD,2021-07-30,2021-08-03,2,0.0008275405606330555,0.13198161967304983,trend_off
0.5,GOLD,2021-09-14,2021-09-16,2,-0.027890003372791128,0.13609621292562157,trend_off
0.5,GOLD,2021-10-25,2021-10-26,1,-0.007416440143863001,0.13744083646183056,trend_off
0.5,GOLD,2021-12-22,2022-01-03,8,-0.0011652289661709947,0.13374648299317812,trend_off
0.5,GOLD,2022-06-02,2022-06-03,1,-0.011328456217598482,0.14494042983237163,trend_off
0.5,GOLD,2022-06-08,2022-06-09,1,-0.0019929712749124917,0.14019192788264948,trend_off
0.5,GOLD,2022-06-10,2022-06-14,2,-0.03305785123966942,0.1403520470473464,trend_off
0.5,GOLD,2022-06-15,2022-06-17,2,0.01154099817639187,0.15102582621240512,trend_off
0.5,GOLD,2022-08-10,2022-08-11,1,-0.0035838342476660623,0.14012509285495395,trend_off
0.5,GOLD,2022-12-01,2022-12-05,2,-0.018675574733166167,0.1832316947531251,trend_off
0.5,GOLD,2022-12-07,2022-12-12,3,-0.003170161942088412,0.17980004265399557,trend_off
0.5,GOLD,2022-12-13,2022-12-15,2,-0.02065184945049303,0.17868576280894174,trend_off
0.5,GOLD,2022-12-20,2022-12-22,2,-0.01648952294475803,0.1782170981353854,trend_off
0.5,GOLD,2022-12-26,2023-02-09,33,0.041181715352483605,0.17436056156746615,trend_off
0.5,GOLD,2023-08-23,2023-08-25,2,-0.004209204493937024,0.09732235373795024,trend_off
0.5,GOLD,2023-09-18,2023-09-21,3,-0.007064630211758294,0.08522477727050395,trend_off
0.5,GOLD,2026-08-19,2026-09-01,9,-0.032759093732429245,0.24277915890089374,trend_off
0.5,GOLD,2026-09-02,2026-09-10,6,-0.0016536702775469259,0.24037693011255282,trend_off
0.5,GOLD,2026-09-18,2026-09-21,1,-0.009265746323048663,0.22171093519640747,trend_off
0.5,SILVER,2001-09-17,2001-10-15,20,-0.002737869998934883,0.1586119292430293,trend_off
0.5,SILVER,2002-09-12,2002-09-13,1,-0.007194243108574971,0.17531098004106088,trend_off
0.5,SILVER,2002-11-11,2002-11-25,10,-0.020805911193412907,0.1489345906077178,trend_off
0.5,SILVER,2002-12-03,2002-12-20,13,0.021624017693898878,0.15801641736091535,trend_off
0.5,SILVER,2002-12-23,2002-12-25,2,0.0008597006286503728,0.1668973122745127,trend_off
0.5,SILVER,2002-12-26,2002-12-30,2,-0.00808502798222599,0.16059808910398457,trend_off
0.5,SILVER,2003-02-18,2003-03-05,11,0.015600988208574806,0.18086781137553298,trend_off
0.5,SILVER,2003-04-23,2003-04-28,3,-0.009733955198556354,0.1477650961491443,trend_off
0.5,SILVER,2003-04-30,2003-05-22,16,0.0034497184059656405,0.15258018316629174,trend_off
0.5,SILVER,2003-05-27,2003-05-29,2,-0.011041376644063572,0.160589164810532,trend_off
0.5,SILVER,2004-04-27,2004-04-28,1,-0.058266438999248105,0.45962508346245556,trend_off
0.5,SILVER,2004-05-27,2004-06-02,4,-0.057673646335198336,0.4409600394284897,trend_off
0.5,SILVER,2004-06-07,2004-06-09,2,-0.04513068687364563,0.4134890945150782,trend_off
0.5,SILVER,2004-06-10,2004-06-14,2,-0.01566574021645506,0.4074566995843241,trend_off
0.5,SILVER,2004-06-15,2004-06-16,1,-0.001744548545758895,0.39221533756496846,trend_off
0.5,SILVER,2004-06-17,2004-06-21,2,-0.01080718176997253,0.393782419185209,trend_off
0.5,SILVER,2004-06-24,2004-06-25,1,-0.007775775142346286,0.39648321385661195,trend_off
0.5,SILVER,2004-07-09,2004-08-12,24,0.013620154956947683,0.3878220721464143,trend_off
0.5,SILVER,2004-08-16,2004-09-03,14,-0.026300155315710505,0.31374251607932707,trend_off
0.5,SILVER,2004-09-30,2004-12-29,64,-0.017206471940690693,0.2788721904400483,trend_off
0.5,SILVER,2005-01-12,2005-01-13,1,0.0002972436077208762,0.3384632297366584,trend_off
0.5,SILVER,2005-01-27,2005-01-28,1,-0.0033784136353572913,0.321610186283307,trend_off
0.5,SILVER,2005-02-02,2005-02-03,1,-0.01083085411018081,0.3018161129588404,trend_off
0.5,SILVER,2005-06-29,2005-07-01,2,-0.03452654392321253,0.19445378458140997,trend_off
0.5,SILVER,2005-07-13,2005-07-14,1,-0.010237455819847363,0.18555023857731684,trend_off
0.5,SILVER,2005-07-27,2005-08-08,8,-0.002708489489292143,0.17239053228790996,trend_off
0.5,SILVER,2005-08-10,2005-08-15,3,-0.015295256142123237,0.175840355722551,trend_off
0.5,SILVER,2005-08-17,2005-08-18,1,0.0007157677177085375,0.18153896301691938,trend_off
0.5,SILVER,2005-09-15,2005-11-04,36,0.07522437297510653,0.16651986253151202,trend_off
0.5,SILVER,2006-09-20,2006-09-22,2,0.01587006713341088,0.45956537096224637,trend_off
0.5,SILVER,2006-10-12,2006-10-30,12,0.0796812405888514,0.4051930346445773,trend_off
0.5,SILVER,2007-08-07,2007-08-08,1,0.005904429272630463,0.2056449719059472,trend_off
0.5,SILVER,2008-05-02,2008-05-07,3,0.01440693813325522,0.3751808847026173,trend_off
0.5,SILVER,2008-05-30,2008-06-10,7,-0.013074185401046545,0.37295066317565345,trend_off
0.5,SILVER,2008-06-11,2008-06-12,1,-0.021748239281180415,0.349153773793794,trend_off
0.5,SILVER,2009-02-09,2009-02-13,4,0.061988310964310234,0.48670077769883247,trend_off
0.5,SILVER,2009-02-16,2009-03-09,15,-0.049192370185283774,0.45610769709443233,trend_off
0.5,SILVER,2009-03-27,2009-03-30,1,-0.01720629642378979,0.5518212133516396,trend_off
0.5,SILVER,2009-04-01,2009-04-03,2,-0.01851135891195954,0.5278856143947236,trend_off
0.5,SILVER,2009-04-15,2009-04-17,2,-0.0789371022164449,0.4797366398652326,trend_off
0.5,SILVER,2009-05-04,2009-05-15,9,0.06850983967812385,0.48559176382480834,trend_off
0.5,SILVER,2009-05-19,2009-05-20,1,0.011339532599542457,0.4261659969495498,trend_off
0.5,SILVER,2009-05-22,2009-06-18,19,-0.030920079777914666,0.4084388473230039,trend_off
0.5,SILVER,2011-07-12,2011-09-22,52,0.02551282777417252,0.4161906243996789,trend_off
0.5,SILVER,2012-01-27,2012-01-30,1,-0.007408065540400188,0.41812574872111363,trend_off
0.5,SILVER,2012-02-07,2012-02-08,1,-0.014400719058970668,0.3803383572375525,trend_off
0.5,SILVER,2012-02-14,2012-02-15,1,0.0018004372833944071,0.35648496692684367,trend_off
0.5,SILVER,2012-02-27,2012-02-29,2,-0.026269813258554597,0.33795388091950324,trend_off
0.5,SILVER,2012-03-01,2012-03-05,2,-0.055039147485701934,0.4070015689423559,trend_off
0.5,SILVER,2012-04-12,2012-04-13,1,-0.03490697371020646,0.3878928152813304,trend_off
0.5,SILVER,2012-09-06,2012-10-15,27,0.0026978525589487212,0.26611255023279645,trend_off
0.5,SILVER,2012-11-07,2012-11-08,1,0.018324853583222556,0.25402876003426816,trend_off
0.5,SILVER,2013-01-18,2013-01-24,4,-0.006488644274641908,0.25833830659494317,trend_off
0.5,SILVER,2013-01-30,2013-02-01,2,-0.006531506252510866,0.2624063261278476,trend_off
0.5,SILVER,2013-02-04,2013-02-05,1,0.005015725096314982,0.26650921660230925,trend_off
0.5,SILVER,2014-06-13,2014-07-30,33,0.046901332948956265,0.17603612434968285,trend_off
0.5,SILVER,2015-03-27,2015-03-30,1,-0.023164464972043608,0.2981376453384211,trend_off
0.5,SILVER,2015-05-14,2015-05-28,10,-0.045618634542086034,0.2949023675085965,trend_off
0.5,SILVER,2015-05-29,2015-06-03,3,-0.01318624509429911,0.2713174445303906,trend_off
0.5,SILVER,2015-10-23,2015-10-29,4,-0.01732204897091738,0.26079357102475387,trend_off
0.5,SILVER,2016-02-29,2016-03-08,6,0.032760467177495256,0.2631008816997281,trend_off
0.5,SILVER,2017-02-09,2017-03-07,18,-0.012866746182584765,0.2263703381557065,trend_off
0.5,SILVER,2017-03-29,2017-04-25,19,-0.035494911330475,0.1922108217927878,trend_off
0.5,SILVER,2017-05-26,2017-05-31,3,0.004918074397959771,0.1724136482759286,trend_off
0.5,SILVER,2017-06-05,2017-06-13,6,-0.04610474579447421,0.16326329202887827,trend_off
0.5,SILVER,2017-09-01,2017-09-18,11,-0.03657095333739724,0.17737309686157013,trend_off
0.5,SILVER,2017-10-25,2017-10-27,2,-0.009841140971698414,0.15927144319246758,trend_off
0.5,SILVER,2017-10-30,2017-11-07,6,0.006130260718278713,0.15378741378012198,trend_off
0.5,SILVER,2017-12-28,2018-01-09,8,0.006178712394683261,0.16684893805106182,trend_off
0.5,SILVER,2018-01-12,2018-01-18,4,-0.010311124997094634,0.14991117004968682,trend_off
0.5,SILVER,2018-01-19,2018-01-30,7,0.002238592398089434,0.14359760086053486,trend_off
0.5,SILVER,2018-03-26,2018-03-27,1,-0.008597862512640497,0.1705051727370865,trend_off
0.5,SILVER,2018-06-05,2018-06-19,10,-0.01140014154468294,0.16602481635411617,trend_off
0.5,SILVER,2019-01-09,2019-01-17,6,-0.011882697997241287,0.15568310287365075,trend_off
0.5,SILVER,2019-01-25,2019-02-14,14,-0.008888032451392469,0.15441997142830213,trend_off
0.5,SILVER,2019-02-15,2019-02-27,8,-0.0032436330728414786,0.1395280867195906,trend_off
0.5,SILVER,2019-11-14,2019-11-15,1,-0.004702281867396629,0.23668348872788375,trend_off
0.5,SILVER,2019-11-19,2019-11-20,1,-0.00017542298351114205,0.2266837009057269,trend_off
0.5,SILVER,2019-12-11,2019-12-12,1,0.006032001629402428,0.20830754722167286,trend_off
0.5,SILVER,2019-12-16,2019-12-17,1,-0.00240898178688731,0.2002767296110491,trend_off
0.5,SILVER,2019-12-20,2020-01-28,27,0.01599720712850372,0.1887145087241865,trend_off
0.5,SILVER,2021-11-08,2021-11-09,1,-0.00912910807336964,0.2589182733439602,trend_off
0.5,SILVER,2021-11-10,2021-11-22,8,-0.018976836499784655,0.25715880679767983,trend_off
0.5,SILVER,2022-02-22,2022-02-28,4,0.002056650708153418,0.25250577862674617,trend_off
0.5,SILVER,2022-11-04,2022-11-07,1,0.005194795424712018,0.39206835369317605,trend_off
0.5,SILVER,2022-11-10,2022-11-11,1,-0.0014300935214115462,0.37701816993449033,trend_off
0.5,SILVER,2023-11-09,2023-11-10,1,-0.026980826012055648,0.24262649594495722,trend_off
0.5,SILVER,2024-02-08,2024-02-09,1,-0.0016397365500649963,0.22700653749932057,trend_off
0.5,SILVER,2026-05-01,2026-05-18,11,0.014772704785280366,0.6598706195833143,trend_off
0.5,SILVER,2026-05-22,2026-05-25,1,0.0,0.643983547718772,trend_off
0.5,SILVER,2026-05-26,2026-06-01,4,-0.017010635158965504,0.6230436064473688,trend_off
0.5,SILVER,2026-06-02,2026-06-04,2,-0.020342283882861634,0.5783277786833927,trend_off
0.5,SILVER,2026-06-17,2026-06-18,1,-0.06281829163980401,0.5654386688783689,trend_off
0.5,SILVER,2026-09-04,2026-09-10,4,-0.02669312105748567,0.41040478181092327,trend_off
0.5,CRUDE,2001-09-13,2001-09-19,4,-0.03293521082346862,0.28555089768713987,trend_off
0.5,CRUDE,2003-05-09,2003-05-12,1,-0.013347725146101053,0.5148096955251783,trend_off
0.5,CRUDE,2003-05-22,2003-06-24,23,-0.0024263325441471473,0.46914168554833086,trend_off
0.5,CRUDE,2003-08-14,2003-08-15,1,-0.001286616768447102,0.3521364647393194,trend_off
0.5,CRUDE,2003-08-20,2003-09-01,8,0.02003227517290318,0.33113912160656755,trend_off
0.5,CRUDE,2003-10-02,2003-10-29,19,-0.031166229906842924,0.30902389465884716,trend_off
0.5,CRUDE,2003-11-06,2003-11-07,1,0.01949769161021897,0.31081428951804974,trend_off
0.5,CRUDE,2003-11-10,2003-11-24,10,-0.03691707968362967,0.3052401465497075,trend_off
0.5,CRUDE,2003-11-27,2004-02-04,49,0.08845769944776571,0.3533461716328789,trend_off
0.5,CRUDE,2004-12-06,2004-12-07,1,-0.0353652972069014,0.3951169662765475,trend_off
0.5,CRUDE,2005-12-06,2005-12-07,1,-0.012178838154177751,0.282152811008693,trend_off
0.5,CRUDE,2005-12-28,2005-12-29,1,0.008358408601651268,0.2775773039626454,trend_off
0.5,CRUDE,2006-12-15,2006-12-21,4,-0.012139373388917352,0.28394328233268235,trend_off
0.5,CRUDE,2007-02-02,2007-02-05,1,-0.004744133804222006,0.41098671915931634,trend_off
0.5,CRUDE,2007-02-23,2007-02-26,1,0.004088976161199076,0.37795989261424207,trend_off
0.5,CRUDE,2007-03-08,2007-03-09,1,-0.025794941082606604,0.33926070736895203,trend_off
0.5,CRUDE,2007-03-26,2007-04-30,25,0.04450801532112436,0.3415305698844903,trend_off
0.5,CRUDE,2007-05-08,2007-05-09,1,-0.011403776158263934,0.3061602055356719,trend_off
0.5,CRUDE,2007-05-17,2007-05-22,3,0.0016959699247058868,0.2974976815953011,trend_off
0.5,CRUDE,2007-05-23,2007-05-24,1,-0.024175101399495746,0.29132321869584016,trend_off
0.5,CRUDE,2007-05-25,2007-05-28,1,0.0,0.29413892062068203,trend_off
0.5,CRUDE,2007-05-31,2007-07-27,41,0.20324939966643307,0.29089468136587093,new_high
0.5,CRUDE,2009-05-07,2009-07-03,41,0.17668849293288802,0.6885815480521046,trend_off
0.5,CRUDE,2009-07-31,2009-09-01,22,-0.020158300331211354,0.4641607841604389,trend_off
0.5,CRUDE,2009-09-10,2009-09-11,1,-0.03683627239291909,0.3923842144026129,trend_off
0.5,CRUDE,2009-09-16,2009-09-18,2,-0.006481881214402629,0.3956835807402212,trend_off
0.5,CRUDE,2011-12-16,2012-02-08,38,0.05538330346180209,0.33083506207938157,trend_off
0.5,CRUDE,2012-02-09,2012-02-10,1,-0.01171873208994978,0.2401479417596155,trend_off
0.5,CRUDE,2012-12-31,2013-02-15,34,0.043999138847253594,0.22358877472392488,trend_off
0.5,CRUDE,2013-02-19,2013-02-20,1,-0.022760236853778593,0.15955596514778905,trend_off
0.5,CRUDE,2013-03-22,2013-04-05,10,-0.010777954819101265,0.15388909860298575,trend_off
0.5,CRUDE,2013-04-08,2013-04-11,3,0.0016067001381561141,0.16510479353454863,trend_off
0.5,CRUDE,2013-12-03,2013-12-09,4,0.013535978862668996,0.18443680863948278,trend_off
0.5,CRUDE,2013-12-10,2013-12-11,1,-0.010861838103957244,0.176828080239169,trend_off
0.5,CRUDE,2013-12-13,2013-12-25,8,0.02712218207005379,0.17305518534370037,trend_off
0.5,CRUDE,2014-01-31,2014-02-03,1,-0.010872885237672936,0.1673493888276446,trend_off
0.5,CRUDE,2014-02-04,2014-03-11,25,0.029221074869329344,0.166429994254819,trend_off
0.5,CRUDE,2015-06-09,2015-06-15,4,-0.010309260694663092,0.40477148646443745,trend_off
0.5,CRUDE,2015-06-16,2015-06-19,3,-0.006003011556172555,0.3814986055812131,trend_off
0.5,CRUDE,2015-06-23,2015-06-29,4,-0.0439271687298608,0.35924158761249647,trend_off
0.5,CRUDE,2016-05-05,2016-06-15,29,0.08325809233116743,0.49030070463827413,trend_off
0.5,CRUDE,2019-04-29,2019-05-02,3,-0.026614151601716318,0.2489794620031335,trend_off
0.5,CRUDE,2020-08-31,2020-09-02,2,-0.025815589604829214,0.6333459453300062,trend_off
0.5,CRUDE,2020-10-06,2020-10-07,1,-0.017703403944474116,0.5642895790450682,trend_off
0.5,CRUDE,2020-10-08,2020-10-12,2,-0.042728778349411245,0.5551221837405826,trend_off
0.5,CRUDE,2020-10-14,2020-10-16,2,-0.003898631672582975,0.5335337129735843,trend_off
0.5,CRUDE,2020-10-20,2020-10-21,1,-0.03449108385801525,0.5009749433352468,trend_off
0.5,CRUDE,2020-11-24,2021-02-02,50,0.21932751074566492,0.49082672529409865,new_high
0.5,CRUDE,2022-11-02,2022-11-03,1,-0.020333353678385402,0.4123994312752125,trend_off
0.5,CRUDE,2022-11-04,2022-11-07,1,-0.008854332031313694,0.4278569491707589,trend_off
0.5,CRUDE,2022-12-23,2022-12-26,1,0.0,0.39140615629151315,trend_off
0.5,CRUDE,2023-04-12,2023-04-13,1,-0.013211607565434269,0.35986532366897594,trend_off
0.5,CRUDE,2023-07-25,2023-07-26,1,-0.010674350162489965,0.32293845784302044,trend_off
0.5,CRUDE,2023-07-27,2023-08-23,19,-0.01498310654403745,0.3172426546360397,trend_off
0.5,CRUDE,2023-08-24,2023-08-25,1,0.009867156852431336,0.2782915187235737,trend_off
0.5,CRUDE,2023-12-26,2023-12-27,1,-0.019319823876784437,0.3357779352624574,trend_off
0.5,CRUDE,2024-02-12,2024-02-20,6,0.016380683388252715,0.30348410594376074,trend_off
0.5,CRUDE,2024-02-22,2024-02-23,1,-0.02696861379114235,0.28105099468368283,trend_off
0.5,CRUDE,2024-02-27,2024-04-17,36,0.04843412656011048,0.2847591958559044,trend_off
0.5,CRUDE,2024-04-18,2024-05-14,18,-0.05693226789253414,0.23335485217447713,trend_off
0.5,CRUDE,2024-05-16,2024-05-23,5,-0.029786703399717007,0.2098110785038785,trend_off
0.5,CRUDE,2024-05-28,2024-05-29,1,-0.007515952152811867,0.21447177718247215,trend_off
0.5,CRUDE,2024-06-12,2024-06-13,1,0.0015286974086883287,0.2360499913954362,trend_off
0.5,CRUDE,2024-06-17,2024-07-19,24,-0.0024897867929513096,0.23488582796428903,trend_off
0.5,CRUDE,2025-01-03,2025-01-06,1,-0.005408349524478107,0.2627052114681598,trend_off
0.5,CRUDE,2025-01-28,2025-01-29,1,-0.015588910787790566,0.2721782926024695,trend_off
0.5,CRUDE,2026-07-15,2026-08-21,27,0.09371858325974713,0.5829179520179485,trend_off
0.5,CRUDE,2026-08-26,2026-08-27,1,0.015809259020949096,0.528018179488016,trend_off
0.5,COPPER,2002-01-07,2002-01-09,2,0.0014094250945211328,0.25491980470866643,trend_off
0.5,COPPER,2002-01-10,2002-02-22,31,-0.002141342563756976,0.24958927202545333,trend_off
0.5,COPPER,2002-10-21,2002-12-17,41,0.03648068596333642,0.18146868380395906,trend_off
0.5,COPPER,2007-03-16,2007-05-10,39,0.1846434348631112,0.3609937778445599,trend_off
0.5,COPPER,2009-04-15,2009-04-23,6,-0.08645337788862739,0.5052381979799426,trend_off
0.5,COPPER,2009-04-24,2009-05-12,12,0.00917422215222774,0.4892139388153972,trend_off
0.5,COPPER,2009-05-22,2009-06-30,27,0.07395954243589964,0.4489188895207983,trend_off
0.5,COPPER,2009-07-01,2009-07-03,2,-0.010799176997623228,0.43329909783049686,trend_off
0.5,COPPER,2009-07-14,2009-09-11,43,0.23471622358290856,0.41525608908844314,trend_off
0.5,COPPER,2011-09-07,2011-09-09,2,-0.031101937021345227,0.21830405173145762,trend_off
0.5,COPPER,2012-03-13,2012-03-22,7,-0.033106681190221754,0.2621900519541495,trend_off
0.5,COPPER,2012-03-23,2012-03-27,2,0.01824385611371393,0.2533158099404371,trend_off
0.5,COPPER,2012-04-27,2012-04-30,1,0.0035340249843951455,0.25000115596894235,trend_off
0.5,COPPER,2012-11-12,2012-11-13,1,0.0,0.1782302979054722,trend_off
0.5,COPPER,2012-11-15,2012-11-16,1,-0.003175037708605055,0.17027277393823534,trend_off
0.5,COPPER,2012-11-19,2012-11-20,1,-0.003543532124530291,0.1768628639277569,trend_off
0.5,COPPER,2012-11-26,2012-11-27,1,0.00014139246563571461,0.1658860058064531,trend_off
0.5,COPPER,2012-11-28,2012-12-25,19,0.0034071110878244326,0.1608375828485037,trend_off
0.5,COPPER,2012-12-26,2012-12-28,2,-0.001534981821830761,0.1615360304430975,trend_off
0.5,COPPER,2013-01-01,2013-01-03,2,0.01661628838262419,0.15952787393674867,trend_off
0.5,COPPER,2013-01-17,2013-01-31,10,0.020976127612969853,0.16138458963478888,trend_off
0.5,COPPER,2013-10-08,2013-10-09,1,-0.01843392558289414,0.17786402165063545,trend_off
0.5,COPPER,2013-10-11,2013-10-18,5,0.008575766318546396,0.1790716529466029,trend_off
0.5,COPPER,2013-10-22,2013-10-24,2,-0.020279439322024473,0.1643831053082033,trend_off
0.5,COPPER,2013-10-30,2013-10-31,1,-0.007830081396198785,0.16247153060768613,trend_off
0.5,COPPER,2013-12-04,2013-12-05,1,-0.00305677167772489,0.15195432317780652,trend_off
0.5,COPPER,2013-12-06,2014-01-22,33,0.0322679254564755,0.14741853309120972,trend_off
0.5,COPPER,2014-02-21,2014-02-26,3,-0.01993403752576972,0.11141406911799834,trend_off
0.5,COPPER,2014-06-30,2014-07-31,23,0.010978697060399112,0.13208493978304547,trend_off
0.5,COPPER,2014-09-12,2014-09-15,1,-0.006769796408825912,0.13824613352405113,trend_off
0.5,COPPER,2014-09-16,2014-09-18,2,-0.02136079512895761,0.15437872049199292,trend_off
0.5,COPPER,2016-03-22,2016-03-23,1,-0.023637515240995888,0.2093883853020518,trend_off
0.5,COPPER,2016-04-29,2016-05-03,2,-0.028301927256913273,0.20955172546076511,trend_off
0.5,COPPER,2016-06-29,2016-07-08,7,-0.029768745448782163,0.2132329612907473,trend_off
0.5,COPPER,2016-07-29,2016-08-01,1,-0.010808344746931597,0.19484243544203605,trend_off
0.5,COPPER,2016-08-03,2016-08-10,5,-0.01161204825869766,0.1891102686640295,trend_off
0.5,COPPER,2016-09-22,2016-09-27,3,-0.011885724748883941,0.1592319856791602,trend_off
0.5,COPPER,2016-09-30,2016-10-06,4,-0.024523116804428646,0.1528032073929188,trend_off
0.5,COPPER,2019-01-25,2019-01-28,1,-0.01844408970947764,0.20759008316393554,trend_off
0.5,COPPER,2019-01-29,2019-01-30,1,0.01500727953329295,0.21306228624996223,trend_off
0.5,COPPER,2019-01-31,2019-02-13,9,-0.005378309329338582,0.2105581450581943,trend_off
0.5,COPPER,2019-02-15,2019-03-21,24,0.034790396252953215,0.18332019994553575,trend_off
0.5,COPPER,2019-04-03,2019-04-04,1,-0.012896693025546635,0.1706175853867098,trend_off
0.5,COPPER,2019-04-08,2019-04-10,2,-0.002389557144524379,0.17140407787922815,trend_off
0.5,COPPER,2019-04-12,2019-04-29,11,-0.017311648519555023,0.17496417893198005,trend_off
0.5,COPPER,2019-10-30,2019-10-31,1,-0.017720624127444018,0.14053248353199066,trend_off
0.5,COPPER,2019-11-26,2019-11-27,1,0.0,0.1536871486695418,trend_off
0.5,COPPER,2022-12-16,2022-12-22,4,-0.002658511438958011,0.29918889451485997,trend_off
0.5,COPPER,2022-12-23,2022-12-30,5,0.0006573908067351031,0.2815469967204836,trend_off
0.5,COPPER,2023-01-06,2023-02-08,23,0.03454010284725517,0.25759402457799957,trend_off
0.5,COPPER,2023-03-06,2023-03-07,1,-0.02780150690073646,0.25441315314271584,trend_off
0.5,COPPER,2023-03-09,2023-03-10,1,-0.0022198300980265095,0.25764928673073584,trend_off
0.5,COPPER,2023-03-13,2023-03-14,1,-0.014498099447410207,0.24982106442731464,trend_off
0.5,COPPER,2023-03-24,2023-03-30,4,-0.002681983740219218,0.25670173717474964,trend_off
0.5,COPPER,2023-03-31,2023-04-03,1,-0.010963479465040837,0.23709596090862736,trend_off
0.5,COPPER,2023-04-05,2023-04-06,1,0.007003531016212428,0.23428177015250287,trend_off
0.5,COPPER,2023-08-09,2023-08-10,1,-0.004379561119956632,0.20716996151678643,trend_off
0.5,COPPER,2023-11-13,2023-11-27,10,0.02730379403550587,0.16956559725607123,trend_off
0.5,COPPER,2023-11-28,2023-11-29,1,-0.003946357389501665,0.16353329502368538,trend_off
0.5,COPPER,2023-11-30,2023-12-06,4,-0.029381027011847416,0.16158812272370368,trend_off
0.5,COPPER,2023-12-08,2023-12-12,2,-0.008900502744903172,0.18628085633695035,trend_off
0.5,COPPER,2024-01-02,2024-01-04,2,-0.009821625434240366,0.16726846074492877,trend_off
0.5,COPPER,2024-08-21,2024-08-29,6,-0.008131034373442314,0.2403979560956978,trend_off
0.5,COPPER,2024-08-30,2024-09-06,5,-0.03148367681139164,0.22587865992504044,trend_off
0.5,COPPER,2024-09-11,2024-10-14,23,0.06869946670852278,0.22753733230334353,trend_off
0.5,COPPER,2024-10-15,2024-10-23,6,0.0009301678870430319,0.23483769299238447,trend_off
0.5,COPPER,2024-11-07,2024-11-08,1,-0.028004506705995857,0.2733363212271554,trend_off
0.5,COPPER,2024-12-10,2024-12-12,2,-0.0067478642808587175,0.2263468909242541,trend_off
0.5,COPPER,2025-01-10,2025-03-25,52,0.21253952912650176,0.19324502507688004,new_high
0.5,NATGAS,2002-03-06,2002-04-24,35,0.31976746979846427,0.6027510357572013,trend_off
0.5,NATGAS,2003-04-09,2003-04-28,13,-0.013859484951634804,0.9145993329404568,trend_off
0.5,NATGAS,2003-04-29,2003-07-04,48,-0.001909898541876398,0.7638384151643144,trend_off
0.5,NATGAS,2003-07-07,2003-07-10,3,-0.02285823155534783,0.5531231550342806,trend_off
0.5,NATGAS,2003-10-09,2003-10-20,7,-0.14326756034108667,0.5319876038845215,trend_off
0.5,NATGAS,2003-10-21,2003-10-27,4,-0.07446152124649441,0.5393135916658597,trend_off
0.5,NATGAS,2003-10-30,2003-11-03,2,-0.0010615954141022232,0.5365197214402438,trend_off
0.5,NATGAS,2003-11-26,2004-01-26,43,0.1628426425820504,0.5326017185188188,trend_off
0.5,NATGAS,2004-04-20,2004-04-21,1,0.005222367295136365,0.4147135098952016,trend_off
0.5,NATGAS,2004-04-22,2004-04-23,1,-0.009247740429633389,0.40196951680953535,trend_off
0.5,NATGAS,2004-04-30,2004-06-07,26,0.05885359789579936,0.38186909005842784,trend_off
0.5,NATGAS,2004-07-16,2004-07-19,1,-0.011720781918970191,0.3482318985384956,trend_off
0.5,NATGAS,2004-07-20,2004-07-30,8,0.04711326030489471,0.3383783443224203,trend_off
0.5,NATGAS,2005-02-08,2005-02-11,3,-0.011518510510491908,0.556982925496409,trend_off
0.5,NATGAS,2005-04-22,2005-04-27,3,-0.06212647894901513,0.3509295252921262,trend_off
0.5,NATGAS,2005-06-01,2005-06-09,6,0.03770806314141506,0.35929555979818095,trend_off
0.5,NATGAS,2006-06-15,2006-06-19,2,-0.04356870577247551,0.5833711638520725,trend_off
0.5,NATGAS,2006-08-09,2006-08-14,3,-0.09645796809161056,0.7655049442370889,trend_off
0.5,NATGAS,2006-08-22,2006-08-28,4,-0.0764839872731834,0.7063622984789448,trend_off
0.5,NATGAS,2006-10-20,2006-10-23,1,-0.049716907166175495,0.9545172674422018,trend_off
0.5,NATGAS,2006-10-24,2006-10-26,2,0.05725569492912497,0.9398216578442354,trend_off
0.5,NATGAS,2006-10-31,2006-11-06,4,-0.005840210942533175,0.9110729630939096,trend_off
0.5,NATGAS,2006-11-07,2006-12-04,19,0.006576417472985652,0.8591696722065851,trend_off
0.5,NATGAS,2006-12-05,2006-12-06,1,0.005465230194458437,0.7374908369103326,trend_off
0.5,NATGAS,2010-05-13,2010-05-14,1,-0.0062227300865549395,0.4524012369396834,trend_off
0.5,NATGAS,2010-08-04,2010-08-09,3,-0.09035253838529067,0.41809670681657013,trend_off
0.5,NATGAS,2010-11-24,2010-11-25,1,0.0,0.5664669740148996,trend_off
0.5,NATGAS,2010-12-31,2011-01-06,4,0.006583383443630186,0.47391274791029403,trend_off
0.5,NATGAS,2011-03-15,2011-03-16,1,-0.0007612334413729105,0.3682133033188984,trend_off
0.5,NATGAS,2011-03-17,2011-04-11,17,-0.012025057918856996,0.3910357425287214,trend_off
0.5,NATGAS,2011-04-19,2011-04-25,4,0.029798182201018486,0.340042231830869,trend_off
0.5,NATGAS,2012-07-05,2012-08-03,21,-0.023089929142320553,0.5537833391943295,trend_off
0.5,NATGAS,2012-08-14,2012-08-15,1,-0.03034587181695647,0.5596163247532577,trend_off
0.5,NATGAS,2012-09-10,2012-09-18,6,-0.01386914432064823,0.48658711597367826,trend_off
0.5,NATGAS,2012-09-21,2012-10-30,27,0.17850956901441073,0.484958372157958,trend_off
0.5,NATGAS,2013-08-27,2013-08-30,3,0.013299425811948762,0.29768870103944567,trend_off
0.5,NATGAS,2013-09-03,2013-09-05,2,-0.024822652601227402,0.2873682890767616,trend_off
0.5,NATGAS,2013-09-20,2013-09-23,1,-0.023053983539871203,0.2638372451080608,trend_off
0.5,NATGAS,2013-10-08,2013-10-15,5,0.019913853646155166,0.2826711802793384,trend_off
0.5,NATGAS,2013-10-17,2013-10-21,2,-0.023689110293184434,0.26116274169899356,trend_off
0.5,NATGAS,2013-10-23,2013-10-28,3,-0.013815958247036408,0.2659656381568303,trend_off
0.5,NATGAS,2013-10-30,2013-10-31,1,-0.010773424626137285,0.29671262469864296,trend_off
0.5,NATGAS,2013-11-20,2013-12-12,16,0.20005440667810825,0.27844197396020076,new_high
0.5,NATGAS,2014-05-28,2014-05-30,2,-0.016670305659950757,0.3919290429281915,trend_off
0.5,NATGAS,2014-06-02,2014-06-03,1,0.003686079446322932,0.37741171819934893,trend_off
0.5,NATGAS,2014-06-04,2014-07-01,19,-0.03987067847044201,0.36516720229830535,trend_off
0.5,NATGAS,2014-11-03,2014-11-28,19,0.010380577571659,0.3238002015817868,trend_off
0.5,NATGAS,2015-07-15,2015-07-16,1,-0.021932793576980525,0.3726082843357286,trend_off
0.5,NATGAS,2015-07-17,2015-07-20,1,-0.016376283348280896,0.3667355694618559,trend_off
0.5,NATGAS,2015-07-21,2015-07-22,1,0.005204755400073369,0.3627517427880951,trend_off
0.5,NATGAS,2015-07-27,2015-07-30,3,-0.007529633061074015,0.35172920090243953,trend_off
0.5,NATGAS,2015-08-04,2015-08-05,1,-0.004978641103989934,0.35672059743560647,trend_off
0.5,NATGAS,2015-08-06,2015-08-07,1,-0.005332337959060629,0.34566489141274875,trend_off
0.5,NATGAS,2017-04-26,2017-05-26,22,0.02991728271412919,0.3704741239604858,trend_off
0.5,NATGAS,2017-08-10,2017-08-14,2,-0.008710145857063756,0.32261220457358464,trend_off
0.5,NATGAS,2017-08-22,2017-08-23,1,-0.0037427418819038216,0.30013527110433647,trend_off
0.5,NATGAS,2017-08-24,2017-08-25,1,-0.019328560218520474,0.29123868693500743,trend_off
0.5,NATGAS,2017-08-29,2017-09-05,5,0.0037149335060961963,0.28636762947003,trend_off
0.5,NATGAS,2017-09-06,2017-09-07,1,-0.006333351135253906,0.2931246548853061,trend_off
0.5,NATGAS,2017-09-13,2017-09-21,6,-0.03662524046516724,0.2977778129440741,trend_off
0.5,NATGAS,2017-10-23,2017-10-25,2,-0.02407222608426851,0.30943963776777994,trend_off
0.5,NATGAS,2017-11-03,2017-11-15,8,0.03217156741760796,0.3781619708259395,trend_off
0.5,NATGAS,2017-11-28,2017-11-30,2,-0.015940074255678782,0.4005192696550756,trend_off
0.5,NATGAS,2017-12-01,2017-12-04,1,-0.02482855632921077,0.4179329335099412,trend_off
0.5,NATGAS,2018-05-31,2018-06-25,17,-0.009823782657874536,0.26125140007911196,trend_off
0.5,NATGAS,2018-06-26,2018-06-28,2,0.0003403082600643703,0.24001875645778983,trend_off
0.5,NATGAS,2018-08-03,2018-08-27,16,0.008061690328436955,0.21358738865228485,trend_off
0.5,NATGAS,2018-08-31,2018-09-04,2,-0.031892983085852755,0.19440125724376864,trend_off
0.5,NATGAS,2018-09-20,2018-11-09,36,0.24966398282873548,0.23444779762066706,new_high
0.5,NATGAS,2019-03-01,2019-03-12,7,-0.02623296555939758,0.6477186778727465,trend_off
0.5,NATGAS,2019-10-29,2019-11-12,10,0.009241497467043391,0.39270330925188324,trend_off
0.5,NATGAS,2019-11-14,2019-11-18,2,-0.030600713021950443,0.40208007860975825,trend_off
0.5,NATGAS,2019-11-22,2019-11-27,3,-0.061538475301981976,0.4097570505964461,trend_off
0.5,NATGAS,2022-01-07,2022-01-20,9,-0.029111298983116707,0.7546399666739596,trend_off
0.5,NATGAS,2023-08-07,2023-08-16,7,-0.04880730336066097,0.6022281707874351,trend_off
0.5,NATGAS,2023-08-17,2023-08-18,1,-0.026707337606796,0.606528879217266,trend_off
0.5,NATGAS,2023-08-30,2023-09-05,4,-0.07653790642224267,0.6069129584202737,trend_off
0.5,NATGAS,2023-09-13,2023-09-21,6,-0.026119466387206858,0.5780724031378012,trend_off
0.5,NATGAS,2023-09-25,2023-09-26,1,0.006441818999187721,0.558076998375231,trend_off
0.5,NATGAS,2023-09-28,2023-11-06,27,0.10831918945776975,0.5717877994142176,trend_off
0.5,NATGAS,2023-11-15,2023-11-20,3,-0.09655174991012594,0.5628199628330811,trend_off
0.5,NATGAS,2025-10-17,2025-11-11,17,0.5176197518385894,0.5829697864184077,new_high
0.5,NATGAS,2026-06-25,2026-06-26,1,-0.03350283898551076,0.573489825696743,trend_off
0.5,NATGAS,2026-07-06,2026-07-07,1,0.006163396009379873,0.5313216357688315,trend_off
0.5,NATGAS,2026-09-15,2026-09-16,1,-0.00959228461445416,0.3654501666236783,trend_off
0.5,NATGAS,2026-09-24,2026-09-25,1,-0.03063385934388252,0.4412303121880868,trend_off
0.5,CORN,2002-03-28,2002-04-01,2,-0.021739130434782594,0.13859983384042118,trend_off
0.5,CORN,2002-04-09,2002-04-10,1,-0.003712871287128716,0.14257369080036078,trend_off
0.5,CORN,2002-12-25,2002-12-27,2,-0.012358393408856805,0.17630073163813176,trend_off
0.5,CORN,2003-01-03,2003-01-10,5,-0.005296610169491567,0.16720706928323628,trend_off
0.5,CORN,2003-02-10,2003-02-11,1,0.0,0.16496605327226413,trend_off
0.5,CORN,2003-03-06,2003-03-10,2,-0.010427528675703845,0.14829724002579506,trend_off
0.5,CORN,2003-03-31,2003-04-04,4,0.010570824524312794,0.17791171105014,trend_off
0.5,CORN,2003-04-09,2003-04-25,12,-0.029958677685950397,0.17016095818922403,trend_off
0.5,CORN,2003-05-05,2003-06-04,22,-0.006276150627615107,0.15520683731032225,trend_off
0.5,CORN,2003-06-06,2003-06-09,1,-0.010471204188481686,0.17604051963577397,trend_off
0.5,CORN,2003-06-10,2003-06-17,5,0.011494252873563315,0.17676579168620649,trend_off
0.5,CORN,2003-06-18,2003-06-23,3,-0.019447287615148467,0.18472551128806314,trend_off
0.5,CORN,2003-06-24,2003-06-26,2,-0.02612330198537094,0.17828531722735141,trend_off
0.5,CORN,2005-03-09,2005-03-10,1,0.015531660692950977,0.20198811342461104,trend_off
0.5,CORN,2005-03-11,2005-03-14,1,-0.01379310344827589,0.20906844369832706,trend_off
0.5,CORN,2005-03-15,2005-03-29,10,-0.06783369803063455,0.2751010441931218,trend_off
0.5,CORN,2005-03-30,2005-04-05,4,-0.03294117647058825,0.25433090279481224,trend_off
0.5,CORN,2005-04-06,2005-04-07,1,-0.008443908323281013,0.24593282687523413,trend_off
0.5,CORN,2005-04-21,2005-04-22,1,-0.009467455621301801,0.224463261483974,trend_off
0.5,CORN,2005-04-25,2005-04-27,2,-0.023446658851113744,0.225409220345764,trend_off
0.5,CORN,2005-05-16,2005-05-19,3,0.012077294685990392,0.2703262172562012,trend_off
0.5,CORN,2005-05-20,2005-06-08,13,0.01289566236811246,0.26171831320437994,trend_off
0.5,CORN,2005-06-09,2005-06-10,1,-0.025522041763341052,0.27431259644205574,trend_off
0.5,CORN,2005-06-15,2005-06-28,9,-0.02564102564102566,0.2862762846210261,trend_off
0.5,CORN,2005-10-03,2005-10-04,1,-0.014371257485029987,0.28731950231522296,trend_off
0.5,CORN,2005-12-16,2006-01-18,23,-0.008433734939759074,0.23607771285040027,trend_off
0.5,CORN,2006-01-25,2006-02-01,5,0.0,0.21722424764830708,trend_off
0.5,CORN,2006-02-02,2006-03-06,22,0.01133786848072571,0.2068968554532193,trend_off
0.5,CORN,2006-03-07,2006-05-15,49,0.17647058823529416,0.21957597550633987,new_high
0.5,CORN,2006-09-11,2006-09-28,13,0.1551912568306011,0.25700402008417184,new_high
0.5,CORN,2007-10-10,2007-10-24,10,0.02663786897048226,0.3456334244231515,trend_off
0.5,CORN,2008-07-31,2008-08-01,1,-0.03829787234042559,0.34816829338580646,trend_off
0.5,CORN,2008-08-20,2008-08-26,4,0.0,0.4530958881661509,trend_off
0.5,CORN,2008-09-01,2008-09-02,1,-0.02683677958644959,0.4154345182777101,trend_off
0.5,CORN,2008-09-15,2008-09-16,1,-0.0529359430604982,0.4038487410070496,trend_off
0.5,CORN,2009-04-09,2009-04-13,2,-0.007046764894298563,0.36934750758257584,trend_off
0.5,CORN,2009-04-30,2009-05-04,2,0.00441640378548902,0.3455289121405483,trend_off
0.5,CORN,2009-05-06,2009-06-15,28,0.013100436681222627,0.3356292572306077,trend_off
0.5,CORN,2010-02-22,2010-03-01,5,-0.0020188425302826163,0.2905601875226811,trend_off
0.5,CORN,2010-03-03,2010-03-05,2,-0.029274783765801726,0.27811852423473404,trend_off
0.5,CORN,2011-12-27,2012-01-05,7,0.0161863403079352,0.2502485119027591,trend_off
0.5,CORN,2012-03-01,2012-03-06,3,0.006500956022944537,0.2090853903174664,trend_off
0.5,CORN,2012-03-16,2012-03-20,2,-0.03789004457652301,0.20617951482847185,trend_off
0.5,CORN,2012-03-22,2012-03-26,2,-0.010473235065942554,0.21120860277923392,trend_off
0.5,CORN,2012-04-05,2012-04-09,2,-0.014052411697683231,0.2744369310162346,trend_off
0.5,CORN,2012-04-30,2012-05-02,2,-0.027262400605831072,0.29241942781176367,trend_off
0.5,CORN,2012-05-04,2012-05-09,3,-0.0317100792751982,0.29045184155633885,trend_off
0.5,CORN,2012-05-18,2012-05-21,1,-0.003933910306844979,0.3106327287587125,trend_off
0.5,CORN,2012-12-11,2012-12-12,1,-0.004487400759406235,0.2129346035441936,trend_off
0.5,CORN,2013-01-30,2013-02-01,2,-0.005741303613644,0.17022614636774613,trend_off
0.5,CORN,2013-03-08,2013-03-15,5,-0.011375387797311287,0.18151254464206215,trend_off
0.5,CORN,2013-03-18,2013-03-28,8,-0.034375000000000044,0.18356179496154512,trend_off
0.5,CORN,2014-03-05,2014-05-02,42,0.03945291951604424,0.18370691917490858,trend_off
0.5,CORN,2014-05-05,2014-05-12,5,-0.01142573273720815,0.20178293501916678,trend_off
0.5,CORN,2014-05-13,2014-05-14,1,-0.016890213611525096,0.20375800779783126,trend_off
0.5,CORN,2014-12-29,2014-12-30,1,-0.01514233797698361,0.22803753118045825,trend_off
0.5,CORN,2015-01-05,2015-01-13,6,-0.04987684729064035,0.23719752518241213,trend_off
0.5,CORN,2015-02-11,2015-02-18,5,-0.005184705119896327,0.23630763863963805,trend_off
0.5,CORN,2015-02-19,2015-02-23,2,-0.02822322001282873,0.22586718154881194,trend_off
0.5,CORN,2015-02-26,2015-03-04,4,0.003947368421052699,0.21841093889719793,trend_off
0.5,CORN,2015-09-10,2015-09-24,10,0.05459571527297857,0.2765172205020033,trend_off
0.5,CORN,2015-10-21,2015-11-02,8,-0.01116217990807622,0.23286359522048206,trend_off
0.5,CORN,2015-11-04,2015-11-05,1,-0.015768725361366642,0.21398890696646236,trend_off
0.5,CORN,2015-12-04,2015-12-07,1,-0.020598006644518274,0.19726713845870475,trend_off
0.5,CORN,2015-12-08,2015-12-09,1,0.004729729729729737,0.2001123753052521,trend_off
0.5,CORN,2016-02-04,2016-02-08,2,-0.016960651289009476,0.1609704458014369,trend_off
0.5,CORN,2016-04-13,2016-06-14,44,0.16867469879518082,0.1859394776949039,new_high
0.5,CORN,2016-12-27,2017-01-05,7,0.01760563380281699,0.22416899452114888,trend_off
0.5,CORN,2017-01-09,2017-02-27,35,0.000694444444444553,0.20648198601429202,trend_off
0.5,CORN,2017-02-28,2017-03-08,6,-0.004089979550102263,0.1760554039439455,trend_off
0.5,CORN,2017-03-17,2017-03-24,5,-0.030612244897959218,0.18580517397272214,trend_off
0.5,CORN,2017-03-29,2017-03-30,1,-0.002789400278940035,0.1685890901617751,trend_off
0.5,CORN,2017-04-10,2017-04-17,5,-0.0013623978201634523,0.17599873156957638,trend_off
0.5,CORN,2017-04-25,2017-04-26,1,-0.016438356164383605,0.16622580811099166,trend_off
0.5,CORN,2017-04-27,2017-04-28,1,-0.011049723756906049,0.16926346976636855,trend_off
0.5,CORN,2017-05-01,2017-05-02,1,-0.014218009478673022,0.1896554723794574,trend_off
0.5,CORN,2017-05-03,2017-05-04,1,-0.022525597269624553,0.18891024276226356,trend_off
0.5,CORN,2017-05-17,2017-05-18,1,-0.014804845222072704,0.1942900209349475,trend_off
0.5,CORN,2017-05-19,2017-05-29,6,0.004697986577181235,0.19926521330841346,trend_off
0.5,CORN,2017-06-02,2017-06-09,5,0.04024144869215296,0.19116528084134474,new_high
0.5,CORN,2017-11-20,2017-11-21,1,0.0,0.16686029550397405,trend_off
0.5,CORN,2018-02-02,2018-02-05,1,-0.007607192254495132,0.11951822312264529,trend_off
0.5,CORN,2018-02-06,2018-04-30,59,0.079779917469051,0.1233553096000798,new_high
0.5,CORN,2018-09-20,2018-10-25,25,0.02411347517730489,0.24204428284482393,trend_off
0.5,CORN,2018-12-03,2018-12-06,3,0.002020202020202033,0.16758590575190294,trend_off
0.5,CORN,2018-12-07,2019-02-18,51,0.00200534759358284,0.15981064659768884,trend_off
0.5,CORN,2019-09-23,2019-10-29,26,0.03482920294708647,0.29206415436686023,trend_off
0.5,CORN,2019-10-31,2019-11-04,2,-0.017307692307692357,0.25959633441769187,trend_off
0.5,CORN,2019-12-16,2019-12-27,9,0.005154639175257714,0.2644458553635552,trend_off
0.5,CORN,2019-12-30,2019-12-31,1,-0.0012878300064391723,0.2264488226440409,trend_off
0.5,CORN,2020-01-01,2020-01-03,2,-0.003223726627981982,0.21912743336046805,trend_off
0.5,CORN,2020-01-07,2020-01-08,1,-0.0006501950585175997,0.21044862230968808,trend_off
0.5,CORN,2020-01-17,2020-01-21,2,-0.004495825305073864,0.23246357929937161,trend_off
0.5,CORN,2020-01-22,2020-01-24,2,-0.0038585209003215715,0.22175448249884824,trend_off
0.5,CORN,2020-02-05,2020-02-26,15,-0.02692055154300721,0.2110011508893031,trend_off
0.5,CORN,2020-03-02,2020-03-09,5,-0.0013342228152101177,0.18979162972268848,trend_off
0.5,CORN,2020-03-10,2020-03-11,1,-0.0019736842105263497,0.19747507270792802,trend_off
0.5,CORN,2020-09-09,2020-10-09,22,0.12857142857142856,0.20230867585932732,new_high
0.5,CORN,2021-08-13,2021-08-18,3,-0.011438627364716236,0.5022734144982336,trend_off
0.5,CORN,2021-08-26,2021-08-30,2,-0.02261420171867934,0.44338605854995394,trend_off
0.5,CORN,2021-10-27,2021-11-08,8,-0.010318528488111212,0.3025738090050489,trend_off
0.5,CORN,2021-11-10,2021-11-30,14,-0.0039525691699604515,0.28095704728022014,trend_off
0.5,CORN,2021-12-02,2022-04-12,93,0.3453206239168112,0.23859234514581326,new_high
0.5,CORN,2022-10-14,2022-10-19,3,-0.01667270750271843,0.2847200310516767,trend_off
0.5,CORN,2022-10-24,2022-11-03,8,-0.0033015407190022383,0.26072011342107254,trend_off
0.5,CORN,2022-11-04,2022-11-07,1,-0.00770925110132159,0.23711222025279743,trend_off
0.5,CORN,2022-12-27,2022-12-29,2,0.007039644312708315,0.18468558769216142,trend_off
0.5,CORN,2023-01-09,2023-01-26,13,0.04557640750670244,0.17953410145180165,trend_off
0.5,CORN,2023-01-27,2023-02-15,13,-0.009882869692532936,0.17351632705016443,trend_off
0.5,CORN,2023-02-17,2023-02-21,2,0.004057543341940306,0.15238462145423406,trend_off
0.5,CORN,2024-05-21,2024-05-29,6,-0.006004366812227047,0.20594622872408702,trend_off
0.5,CORN,2024-10-02,2024-10-03,1,-0.009826589595375745,0.23641596012706761,trend_off
0.5,CORN,2025-03-05,2025-03-26,15,0.02498580352072688,0.21556965587310797,trend_off
0.5,CORN,2025-06-12,2025-06-13,1,0.0136830102622576,0.18549115681504905,trend_off
0.5,CORN,2025-09-23,2025-09-24,1,-0.004692082111436902,0.24239738244972953,trend_off
0.5,CORN,2025-09-25,2025-09-29,2,-0.00998238402818552,0.23521002919991857,trend_off
0.5,CORN,2025-10-02,2025-10-10,6,-0.020746887966805017,0.22498079033316,trend_off
0.5,CORN,2025-10-23,2025-10-24,1,-0.011098130841121545,0.19216617457633736,trend_off
0.5,CORN,2025-10-27,2025-11-07,9,-0.0034985422740524408,0.19220863680711237,trend_off
0.5,CORN,2025-11-10,2025-11-21,9,-0.009889470622454932,0.17574254576157783,trend_off
0.5,CORN,2025-12-01,2025-12-03,2,-0.002888503755054894,0.17584983907068646,trend_off
0.5,CORN,2025-12-04,2025-12-05,1,-0.0022844089091947906,0.18036575299306942,trend_off
0.5,CORN,2025-12-09,2025-12-12,3,-0.020986954055587037,0.17400465021849923,trend_off
0.5,CORN,2025-12-15,2026-01-02,14,-0.005116543490619629,0.17787768405737533,trend_off
0.5,CORN,2026-01-05,2026-01-12,5,-0.05174353205849269,0.1607331386312543,trend_off
0.5,CORN,2026-02-16,2026-02-17,1,-0.01273885350318471,0.16326134512596535,trend_off
0.5,CORN,2026-02-18,2026-02-23,3,0.0011709601873535203,0.16207729502971954,trend_off
0.5,CORN,2026-02-26,2026-03-03,3,0.002308136180034559,0.14955193069842881,trend_off
0.5,CORN,2026-03-05,2026-04-09,25,0.005662514156285381,0.16042889454404152,trend_off
0.5,DXY,1972-08-10,1972-09-11,22,0.0017462757967141584,0.01664477738346028,trend_off
0.5,DXY,1972-09-12,1972-11-24,53,0.008349423616347051,0.012117995381220213,trend_off
0.5,DXY,1972-11-30,1973-01-02,23,0.0031861491031659472,0.00986108950560081,new_high
0.5,DXY,1973-11-13,1973-11-14,1,-0.005133828524628292,0.07363298271886697,trend_off
0.5,DXY,1973-11-15,1973-11-16,1,-0.0012115370306382545,0.073576185214339,trend_off
0.5,DXY,1973-11-21,1974-01-21,43,0.1022795990727754,0.06940475425009382,new_high
0.5,DXY,1974-06-18,1974-06-19,1,0.00029947868468838124,0.0679413302614625,trend_off
0.5,DXY,1974-06-20,1974-07-02,8,-0.0015956521199894658,0.06573259373149079,trend_off
0.5,DXY,1974-07-11,1974-07-12,1,-0.0030790381173431136,0.05749886953448906,trend_off
0.5,DXY,1974-07-15,1974-07-17,2,-0.0007988200682554902,0.056769524982396825,trend_off
0.5,DXY,1974-07-29,1974-11-04,70,0.004782262771786172,0.0611672817028406,trend_off
0.5,DXY,1975-07-02,1975-07-03,1,0.0007241846903804916,0.03840974909258421,trend_off
0.5,DXY,1975-07-07,1975-07-09,2,-0.002983470115613618,0.038566049527993806,trend_off
0.5,DXY,1975-07-10,1975-09-09,43,0.04504411482544168,0.04038695221649364,trend_off
0.5,DXY,1975-11-05,1975-11-06,1,-0.002351306598286418,0.046115056724741574,trend_off
0.5,DXY,1975-11-10,1976-01-05,40,0.010498427335630112,0.04447884109898918,trend_off
0.5,DXY,1976-01-07,1976-02-12,26,0.0003886238918435758,0.03296944616553115,trend_off
0.5,DXY,1976-11-01,1976-11-04,3,-0.0009424927008409023,0.025562599150753002,trend_off
0.5,DXY,1976-11-29,1976-12-06,5,-0.0015091118447541074,0.02146875016585147,trend_off
0.5,DXY,1977-03-11,1977-03-14,1,-0.0010431542298247054,0.022074920966979376,trend_off
0.5,DXY,1979-02-06,1979-02-07,1,-0.0104225467761766,0.0812006462317638,trend_off
0.5,DXY,1979-03-28,1979-05-15,34,0.019350447338746912,0.052463434720607535,trend_off
0.5,DXY,1979-05-16,1979-06-15,22,-0.0023328048467421425,0.040104061642347776,trend_off
0.5,DXY,1979-10-09,1979-10-10,1,-0.007301015198560967,0.07028131292918639,trend_off
0.5,DXY,1979-10-11,1979-10-25,10,0.012133671602426066,0.07206951389250947,trend_off
0.5,DXY,1980-02-29,1980-03-17,11,0.04130057106865759,0.0470403647008283,new_high
0.5,DXY,1980-10-28,1981-01-30,68,0.07969616656003731,0.05023873661612592,new_high
0.5,DXY,1981-10-16,1981-10-29,9,0.01094542362683315,0.12871045201097064,trend_off
0.5,DXY,1981-11-05,1981-11-09,2,-0.008271560601423755,0.120859234677458,trend_off
0.5,DXY,1981-11-10,1981-11-12,2,-0.00939722712964941,0.12034757095465273,trend_off
0.5,DXY,1981-12-16,1981-12-21,3,0.0031202174261975024,0.09833824711265471,trend_off
0.5,DXY,1982-01-05,1982-01-18,9,0.01669665539978138,0.08497876602530556,trend_off
0.5,DXY,1982-01-20,1982-01-21,1,-0.002419074507906571,0.0806818688727038,trend_off
0.5,DXY,1982-01-25,1982-04-06,51,0.05681191739774105,0.08240026150645229,new_high
0.5,DXY,1982-05-13,1982-05-14,1,0.0036241178447986577,0.06652046232588073,trend_off
0.5,DXY,1982-05-18,1982-05-21,3,-0.0014386838776369038,0.06531833759653931,trend_off
0.5,DXY,1982-05-25,1982-05-26,1,0.004763246379808628,0.06368143948884429,trend_off
0.5,DXY,1983-01-20,1983-01-27,5,0.0058065707429064695,0.08340602402260723,trend_off
0.5,DXY,1983-02-14,1983-02-17,3,-0.005290093818044128,0.09348632792192885,trend_off
0.5,DXY,1983-02-28,1983-03-03,3,-0.0030743258984508026,0.08701261432324878,trend_off
0.5,DXY,1983-03-11,1983-03-14,1,-0.010808975294323564,0.0818432811123835,trend_off
0.5,DXY,1983-03-17,1983-04-21,25,0.017675463348628684,0.084032073955494,trend_off
0.5,DXY,1983-05-16,1983-05-17,1,0.00024601261847023714,0.06143334439565893,trend_off
0.5,DXY,1983-10-11,1983-10-20,7,0.0018919816054905336,0.06710567526876414,trend_off
0.5,DXY,1984-02-16,1984-02-22,4,-0.002825369250209264,0.07584144597651356,trend_off
0.5,DXY,1984-04-02,1984-06-01,44,0.02835773895559557,0.08410511544910604,trend_off
0.5,DXY,1985-04-02,1985-04-03,1,-0.007561272431945487,0.1466024001977063,trend_off
0.5,DXY,1985-04-25,1985-04-30,3,-0.013963972294173232,0.15036752035524895,trend_off
0.5,DXY,1985-05-02,1985-05-07,3,-0.0007217414061312377,0.1455061633518327,trend_off
0.5,DXY,1985-05-10,1985-05-22,8,-0.013409481416923996,0.1525878929660331,trend_off
0.5,DXY,1985-06-11,1985-06-13,2,0.0020156077609458922,0.12503782300282734,trend_off
0.5,DXY,1987-07-14,1987-07-15,1,-0.012171880789582867,0.07501199764155163,trend_off
0.5,DXY,1987-07-17,1987-07-27,6,-0.0037996687800773143,0.0893170696045873,trend_off
0.5,DXY,1987-07-28,1987-07-31,3,0.0020082797970806254,0.080517257148494,trend_off
0.5,DXY,1987-08-04,1987-08-18,10,-0.021775680241748252,0.07820092810162399,trend_off
0.5,DXY,1987-09-30,1987-10-01,1,-0.0015217766698114588,0.07064111099064944,trend_off
0.5,DXY,1988-05-27,1988-05-30,1,0.0,0.06696628418610022,trend_off
0.5,DXY,1988-05-31,1988-08-09,50,0.0904600485721665,0.06729549356138258,new_high
0.5,DXY,1989-10-02,1989-10-16,10,0.0015190027937104222,0.10912384746278093,trend_off
0.5,DXY,1989-10-23,1989-10-24,1,-0.006418796464780385,0.09843170135927692,trend_off
0.5,DXY,1991-03-08,1991-04-22,31,0.0868960747555163,0.09233707747357821,new_high
0.5,DXY,1991-10-23,1991-10-24,1,-0.005893919442689466,0.09407574386786662,trend_off
0.5,DXY,1992-02-13,1992-03-13,21,0.02899861343444088,0.12327175395177303,trend_off
0.5,DXY,1992-03-19,1992-03-25,4,-0.010009939780572852,0.1019251651320827,trend_off
0.5,DXY,1992-03-26,1992-03-30,2,-0.007843560658450821,0.09756631766477421,trend_off
0.5,DXY,1992-04-01,1992-04-02,1,-0.004101116621323286,0.09869247162085841,trend_off
0.5,DXY,1992-04-23,1992-04-24,1,-0.005427535117356497,0.08684057658676493,trend_off
0.5,DXY,1992-04-27,1992-04-28,1,-0.00033413655273728526,0.08556373435849246,trend_off
0.5,DXY,1992-04-29,1992-04-30,1,-0.0034470983825395374,0.08293691551898212,trend_off
0.5,DXY,1992-05-04,1992-05-06,2,-0.008719941933013176,0.08183471597938793,trend_off
0.5,DXY,1992-05-08,1992-05-11,1,-0.0026848401992194404,0.08034778540119639,trend_off
0.5,DXY,1993-06-02,1993-06-03,1,-0.0008948750524521154,0.0869746797452463,trend_off
0.5,DXY,1993-06-14,1993-07-09,19,0.051827244152952145,0.0894561329675576,new_high
0.5,DXY,1994-12-19,1994-12-27,6,0.0018952709489827857,0.055467268202570065,trend_off
0.5,DXY,1995-08-25,1995-09-20,18,0.0029168125384484433,0.09561949900154744,trend_off
0.5,DXY,1995-11-03,1995-11-06,1,-0.0008321409003646529,0.08523554533443319,trend_off
0.5,DXY,1995-11-07,1995-11-08,1,0.0,0.08250094697284094,trend_off
0.5,DXY,1995-12-19,1995-12-26,5,-0.007172258535726783,0.068729555548333,trend_off
0.5,DXY,1995-12-27,1995-12-29,2,0.0020097624506421052,0.06347266786597973,trend_off
0.5,DXY,1996-01-03,1996-01-05,2,-0.0005875108847283039,0.060466093424356826,trend_off
0.5,DXY,1996-01-12,1996-02-19,26,0.005290437227284617,0.05499883613925599,trend_off
0.5,DXY,1996-08-14,1996-08-23,7,-0.0051927597348288,0.05073000302953198,trend_off
0.5,DXY,1996-09-06,1996-10-08,22,0.011974679721350023,0.04374459346553944,trend_off
0.5,DXY,1997-11-25,1998-01-06,30,0.042887977218689866,0.06564184905763268,new_high
0.5,DXY,1999-02-26,1999-05-06,49,0.00780296555213944,0.072022875738911,trend_off
0.5,DXY,1999-09-03,1999-09-09,4,-0.0015033225868311684,0.0759648165969912,trend_off
0.5,DXY,1999-09-17,1999-09-21,2,-0.0075727593823079475,0.07892245293825308,trend_off
0.5,DXY,1999-11-01,1999-11-02,1,-0.0013090046985578807,0.07760986239633853,trend_off
0.5,DXY,2001-01-24,2001-01-31,5,-0.010386852246951683,0.10009379609403826,trend_off
0.5,DXY,2001-02-07,2001-02-23,12,0.010280452664109818,0.09523624082622373,trend_off
0.5,DXY,2001-09-12,2001-09-13,1,0.0,0.08362361859276611,trend_off
0.5,DXY,2001-10-25,2001-10-26,1,0.0008654129942022859,0.08155853630096062,trend_off
0.5,DXY,2002-01-04,2002-03-20,53,0.007650643648583255,0.07150017024755147,trend_off
0.5,DXY,2003-08-28,2003-08-29,1,-0.007386454957083788,0.07539979819664108,trend_off
0.5,DXY,2003-09-02,2003-09-05,3,-0.018797379158328575,0.0797672829375607,trend_off
0.5,DXY,2004-05-10,2004-05-18,6,-0.0033857313986424,0.10439746790102679,trend_off
0.5,DXY,2004-06-25,2004-06-28,1,-0.001800135437208139,0.09712610320609942,trend_off
0.5,DXY,2004-06-29,2004-06-30,1,-0.0068225096227131354,0.09679528134382571,trend_off
0.5,DXY,2004-07-30,2004-08-03,2,-0.0043352533750276034,0.08943592436337645,trend_off
0.5,DXY,2004-08-24,2004-08-25,1,-0.00044713744619617746,0.08789707273596666,trend_off
0.5,DXY,2004-09-15,2004-09-16,1,-0.004038144746941641,0.08049394284837928,trend_off
0.5,DXY,2005-05-02,2005-05-03,1,0.00023676497770996896,0.06755518162299488,trend_off
0.5,DXY,2005-05-11,2005-07-01,37,0.06110189148619227,0.06825120450775876,new_high
0.5,DXY,2006-10-23,2006-10-27,4,-0.013262617207025706,0.05577801467074204,trend_off
0.5,DXY,2008-08-11,2008-09-05,19,0.03677923489787194,0.08418169771388818,new_high
0.5,DXY,2010-01-26,2010-02-02,5,0.0073951527323457,0.0757153522536217,trend_off
0.5,DXY,2010-02-03,2010-03-08,23,0.013355140757373762,0.07350445404870758,trend_off
0.5,DXY,2010-03-09,2010-03-12,3,-0.009430382694764039,0.07038741196081498,trend_off
0.5,DXY,2010-03-19,2010-04-22,24,0.010530208885862757,0.07320904872867882,trend_off
0.5,DXY,2010-07-27,2010-07-29,2,-0.006570952951107878,0.08713843632974151,trend_off
0.5,DXY,2010-08-13,2010-08-17,2,-0.008679850726912575,0.09513002831911092,trend_off
0.5,DXY,2010-08-20,2010-09-13,16,-0.013845339878238327,0.09205037883563731,trend_off
0.5,DXY,2010-12-20,2010-12-28,6,-0.0033485880226166165,0.09333540221323552,trend_off
0.5,DXY,2011-01-05,2011-01-13,6,-0.013331667908605849,0.08772735222965664,trend_off
0.5,DXY,2011-10-24,2011-10-25,1,0.003025563892268046,0.1025316160132121,trend_off
0.5,DXY,2012-10-10,2012-10-16,4,-0.006881824761815314,0.06260288822871997,trend_off
0.5,DXY,2012-10-18,2012-11-01,10,0.008567472365434314,0.06084676202108236,trend_off
0.5,DXY,2012-11-02,2012-11-07,3,0.0021095149034013883,0.056719384921213194,trend_off
0.5,DXY,2012-11-13,2012-11-14,1,-0.00024672264441505387,0.05174603137043635,trend_off
0.5,DXY,2013-01-08,2013-01-10,2,-0.007591793676860248,0.046108281482101804,trend_off
0.5,DXY,2013-01-15,2013-01-22,5,0.0011281520263510814,0.052858585877623855,trend_off
0.5,DXY,2013-02-20,2013-05-17,62,0.039339037926626075,0.05067462465293908,new_high
0.5,DXY,2013-09-13,2013-09-16,1,-0.0024554567923344983,0.06740816078171374,trend_off
0.5,DXY,2013-11-12,2013-11-13,1,-0.003202391038454655,0.05943260128105342,trend_off
0.5,DXY,2014-01-02,2014-01-23,15,-0.0023563787484026655,0.05025299267180061,trend_off
0.5,DXY,2014-01-27,2014-01-29,2,0.00012425013950889685,0.051379074609436116,trend_off
0.5,DXY,2014-01-30,2014-02-05,4,-0.0007398885350018425,0.05316388991172033,trend_off
0.5,DXY,2014-05-30,2014-06-13,10,0.0026129037861901683,0.03482255646133776,trend_off
0.5,DXY,2014-06-17,2014-06-19,2,-0.0038446926597236475,0.03434779367197312,trend_off
0.5,DXY,2014-07-18,2014-07-25,5,0.0063338568988178245,0.030391402783529725,trend_off
0.5,DXY,2014-07-28,2014-08-25,20,0.018758537521406105,0.02883597905644186,new_high
0.5,DXY,2015-05-07,2015-05-13,4,-0.01056858984329423,0.09590942184957374,trend_off
0.5,DXY,2016-08-29,2016-09-05,5,0.003138683998913816,0.07442498349694701,trend_off
0.5,DXY,2016-09-13,2016-09-14,1,-0.003137043092956482,0.07351038637559937,trend_off
0.5,DXY,2016-09-20,2016-09-22,2,-0.005936260307767616,0.07290910247363593,trend_off
0.5,DXY,2016-10-04,2016-11-15,30,0.04234290031758192,0.06460491719163763,new_high
0.5,DXY,2017-04-20,2017-04-24,2,-0.00691523802212568,0.05842070537617161,trend_off
0.5,DXY,2018-05-17,2018-06-06,14,0.0020327638699566553,0.05436744454564947,trend_off
0.5,DXY,2018-06-08,2018-06-11,1,0.00032067106700450765,0.05403426454887303,trend_off
0.5,DXY,2018-06-12,2018-08-09,42,0.01812363425301977,0.052545541146795126,new_high
0.5,DXY,2020-01-13,2020-01-15,2,-0.001232615501472245,0.038250017115407355,trend_off
0.5,DXY,2021-06-17,2021-06-18,1,0.003700119376901956,0.058465666398966526,trend_off
0.5,DXY,2021-07-01,2021-07-02,1,-0.003995627681256386,0.05303585039974668,trend_off
0.5,DXY,2021-07-06,2021-07-29,17,-0.0074554556310535425,0.05273522476424823,trend_off
0.5,DXY,2023-02-28,2023-03-01,1,-0.003718884136876266,0.07919056902632324,trend_off
0.5,DXY,2023-03-07,2023-03-13,4,-0.01912520564222675,0.08385639696902869,trend_off
0.5,DXY,2023-09-05,2023-10-23,34,0.006965016448220895,0.059995334751978394,trend_off
0.5,DXY,2023-10-24,2023-10-26,2,0.0031053151545969992,0.05741247998248262,trend_off
0.5,DXY,2024-01-12,2024-01-15,1,0.0,0.06302068528892547,trend_off
0.5,DXY,2024-01-16,2024-01-24,6,-0.0011610172781869599,0.06684829336504158,trend_off
0.5,DXY,2024-01-25,2024-01-30,3,-0.001641384275815616,0.062029817788999166,trend_off
0.5,DXY,2024-02-28,2024-03-01,2,-0.00115409446728032,0.053043244628609425,trend_off
0.5,DXY,2025-10-09,2025-10-10,1,-0.005625854464970104,0.06735643750277813,trend_off
0.5,DXY,2025-10-14,2025-10-15,1,-0.0026249583868726,0.06706998050530223,trend_off
0.5,DXY,2025-11-17,2025-11-28,9,-0.0013053244120715402,0.05356837132434537,trend_off
0.5,DXY,2026-01-09,2026-01-20,7,-0.004942982723149747,0.040754003245413166,trend_off
0.5,DXY,2026-03-03,2026-03-04,1,-0.002826919738155853,0.05854431892183272,trend_off
0.5,DXY,2026-03-05,2026-03-06,1,-0.0033226120828501182,0.059289891716621676,trend_off
0.5,DXY,2026-03-09,2026-04-09,23,-0.0036297702081452554,0.05848652405668994,trend_off
0.5,DXY,2026-08-26,2026-08-27,1,-0.00010078155712889281,0.046496812047407944,trend_off
0.5,EURUSD,2005-02-15,2005-03-23,26,-0.0018448822627185057,0.08661289864907137,trend_off
0.5,EURUSD,2005-05-04,2005-05-06,2,-0.010659601382936867,0.07929978614293103,trend_off
0.5,EURUSD,2005-08-31,2005-09-09,7,0.005671855572032758,0.08763493245783817,trend_off
0.5,EURUSD,2006-01-05,2006-01-12,5,-0.005119106614970836,0.09352935846553116,trend_off
0.5,EURUSD,2006-01-16,2006-01-26,8,0.008159628513165096,0.09321134734132933,trend_off
0.5,EURUSD,2006-03-16,2006-03-23,5,-0.016665114733854347,0.08043915415730347,trend_off
0.5,EURUSD,2006-03-24,2006-03-27,1,-0.001993821520633321,0.08051942889247796,trend_off
0.5,EURUSD,2006-03-28,2006-03-31,3,0.008662248913434922,0.07810072936443797,trend_off
0.5,EURUSD,2006-04-03,2006-04-10,5,-0.002228628358495466,0.08083135122845239,trend_off
0.5,EURUSD,2006-04-11,2006-04-12,1,-0.0027982952733381916,0.08491839460117863,trend_off
0.5,EURUSD,2006-04-13,2006-04-14,1,-0.00033914821160563324,0.08259106676281064,trend_off
0.5,EURUSD,2006-04-17,2006-05-04,13,0.03647732003061277,0.08641680900968704,new_high
0.5,EURUSD,2007-06-14,2007-07-10,18,0.03335441618625956,0.0451721857709856,new_high
0.5,EURUSD,2010-01-15,2010-01-19,2,-0.007640392365025117,0.08310912598259403,trend_off
0.5,EURUSD,2010-09-29,2010-11-09,29,0.022011033098857435,0.11756631502068775,trend_off
0.5,EURUSD,2012-11-02,2012-11-05,1,-0.009300255610185104,0.07754402881272061,trend_off
0.5,EURUSD,2012-11-26,2012-11-29,3,-0.0009715317388028222,0.0698824734444246,trend_off
0.5,EURUSD,2012-11-30,2013-01-30,43,0.03993526043258888,0.06660778389074636,new_high
0.5,EURUSD,2013-04-24,2013-04-25,1,0.0017703734453156095,0.0854743757704094,trend_off
0.5,EURUSD,2013-04-26,2013-05-10,10,0.0020855443439369292,0.08287063122499765,trend_off
0.5,EURUSD,2013-06-04,2013-07-01,19,-0.004502770290233049,0.0825291250741927,trend_off
0.5,EURUSD,2013-07-02,2013-07-03,1,-0.006787954443738808,0.0794835478461131,trend_off
0.5,EURUSD,2014-07-11,2014-07-14,1,-9.533187496590934e-05,0.036981179358816924,trend_off
0.5,EURUSD,2014-07-15,2014-07-16,1,-0.0036509059047658,0.03600938514871479,trend_off
0.5,EURUSD,2015-08-24,2015-09-01,6,-0.01328009879628178,0.11596447373511132,trend_off
0.5,EURUSD,2015-09-02,2015-09-04,2,-0.014830864056007309,0.12810064339944996,trend_off
0.5,EURUSD,2015-09-10,2015-09-15,3,0.00774578344677157,0.12028829200099696,trend_off
0.5,EURUSD,2015-09-18,2015-09-22,2,-0.018420275854526214,0.11461004152990355,trend_off
0.5,EURUSD,2015-09-29,2015-10-01,2,-0.005250882205527607,0.11126005812587123,trend_off
0.5,EURUSD,2015-10-05,2015-10-19,10,0.011940467762998619,0.10683620325773624,trend_off
0.5,EURUSD,2015-10-20,2015-10-23,3,-0.02189602754113007,0.10013589060885464,trend_off
0.5,EURUSD,2016-02-24,2016-02-29,3,-0.009350964290490316,0.09519134996987708,trend_off
0.5,EURUSD,2016-03-01,2016-03-02,1,-0.0011963651431659006,0.09325144588062692,trend_off
0.5,EURUSD,2018-09-21,2018-09-24,1,-0.002115127565657682,0.07169061033078025,trend_off
0.5,EURUSD,2018-09-25,2018-09-28,3,-0.00983366419544518,0.06969330235656593,trend_off
0.5,EURUSD,2019-02-05,2019-02-06,1,-0.0023048017136692023,0.06822753134426122,trend_off
0.5,EURUSD,2019-06-28,2019-07-01,1,-0.0007045888946014545,0.04899807248914122,trend_off
0.5,EURUSD,2019-10-21,2019-10-23,2,-0.0023705646483241916,0.049639255290156815,trend_off
0.5,EURUSD,2020-01-01,2020-01-03,2,-0.004401494957191443,0.044934861442521117,trend_off
0.5,EURUSD,2021-04-07,2021-04-08,1,-4.7486026508836154e-05,0.061335419250870195,trend_off
0.5,EURUSD,2021-04-14,2021-04-16,2,0.001472597050099056,0.058372756136888436,trend_off
0.5,EURUSD,2021-04-19,2021-06-15,41,0.012764640255376491,0.05612977983640876,trend_off
0.5,EURUSD,2022-12-06,2022-12-12,4,0.0024096418380508133,0.11784763231536696,trend_off
0.5,EURUSD,2022-12-13,2023-02-08,41,0.017832870370998677,0.11046259260919063,trend_off
0.5,EURUSD,2024-02-27,2024-02-29,2,-0.00111640640620847,0.05627898847715618,trend_off
0.5,EURUSD,2024-03-01,2024-03-19,12,0.006383037878097575,0.05432503939774616,trend_off
0.5,EURUSD,2024-03-20,2024-03-22,2,-8.691069991428879e-05,0.051269443551199244,trend_off
0.5,EURUSD,2024-05-10,2024-05-24,10,0.0025519365172632646,0.05495687462403748,trend_off
0.5,EURUSD,2024-05-27,2024-06-05,7,0.0031557240356914207,0.051749035851158386,trend_off
0.5,EURUSD,2024-07-30,2024-08-02,3,-0.0029450113959568203,0.04697784776598669,trend_off
0.5,EURUSD,2024-10-21,2024-10-22,1,-0.004673224704925039,0.05253513000004983,trend_off
0.5,EURUSD,2024-10-25,2024-10-28,1,-0.002548029968427179,0.05242794601143568,trend_off
0.5,EURUSD,2024-10-30,2024-10-31,1,0.0035618565060204777,0.050699921131212924,trend_off
0.5,EURUSD,2026-06-01,2026-06-02,1,-0.0011518852142700098,0.05600726557418282,trend_off
0.5,EURUSD,2026-08-21,2026-08-26,3,-0.0011208150729585808,0.04891194674059563,trend_off
0.5,EURUSD,2026-08-27,2026-08-31,2,-0.005655520471433473,0.0464355248455635,trend_off
0.5,EURUSD,2026-09-01,2026-09-02,1,-0.0019016820235382426,0.04784737581253102,trend_off
0.5,EURUSD,2026-09-04,2026-09-14,6,-0.0029564707127023304,0.047107522212558296,trend_off
0.5,USDJPY,1999-04-07,1999-04-19,8,-0.03267490716628085,0.15193612360720818,trend_off
0.5,USDJPY,1999-04-21,1999-04-26,3,-0.0032573875228274485,0.14133107563045638,trend_off
0.5,USDJPY,1999-04-29,1999-04-30,1,0.0014262231769490707,0.13251568976579395,trend_off
0.5,USDJPY,1999-05-11,1999-05-13,2,0.0066143288296249825,0.11900033734774519,trend_off
0.5,USDJPY,1999-05-14,1999-05-25,7,-0.004070666714535376,0.11693975706091816,trend_off
0.5,USDJPY,1999-05-26,1999-05-31,3,-0.005805451317664412,0.10921973326427295,trend_off
0.5,USDJPY,1999-06-04,1999-06-07,1,-0.014955882820581357,0.11248153676238454,trend_off
0.5,USDJPY,1999-06-25,1999-06-28,1,0.001815641033487303,0.12424280163753086,trend_off
0.5,USDJPY,1999-06-30,1999-07-01,1,0.0,0.1186409165873734,trend_off
0.5,USDJPY,1999-07-06,1999-07-19,9,-0.030303005687804307,0.11571564967428667,trend_off
0.5,USDJPY,2000-02-22,2000-02-28,4,-0.008854385202669457,0.1052880980291285,trend_off
0.5,USDJPY,2000-02-29,2000-03-01,1,-0.02949450883012905,0.10415884266976323,trend_off
0.5,USDJPY,2000-04-10,2000-04-12,2,-0.0066691629774418,0.13568577598076775,trend_off
0.5,USDJPY,2000-04-28,2000-05-04,4,-0.0013869766413550089,0.12501032036216214,trend_off
0.5,USDJPY,2000-05-08,2000-05-11,3,-0.007054551183660496,0.11889317588896041,trend_off
0.5,USDJPY,2000-07-05,2000-08-02,20,0.01636584676896602,0.10038152528780626,trend_off
0.5,USDJPY,2001-08-28,2001-08-30,2,-0.00491581698377519,0.09558942082189872,trend_off
0.5,USDJPY,2002-09-18,2002-09-19,1,8.235600232020523e-05,0.10314344924901271,trend_off
0.5,USDJPY,2002-09-20,2002-10-31,29,-0.0068938043996544796,0.10825360628645402,trend_off
0.5,USDJPY,2002-12-02,2002-12-03,1,-0.0014472967854037844,0.09163754537844845,trend_off
0.5,USDJPY,2002-12-17,2002-12-18,1,-0.007646770960148763,0.10102727462349173,trend_off
0.5,USDJPY,2003-02-06,2003-02-13,5,0.0036700512440259736,0.08096807635317942,trend_off
0.5,USDJPY,2003-06-26,2003-07-02,4,-0.009307400557343692,0.08446396291889133,trend_off
0.5,USDJPY,2003-07-11,2003-07-14,1,-0.0016114191799257993,0.07646875274239201,trend_off
0.5,USDJPY,2003-07-22,2003-07-23,1,-0.002520546385687994,0.07241092044328254,trend_off
0.5,USDJPY,2003-07-30,2003-08-11,8,-0.014798792794827098,0.06915347241404907,trend_off
0.5,USDJPY,2003-08-13,2003-08-22,7,-0.014345630270570897,0.06863054043062496,trend_off
0.5,USDJPY,2004-04-20,2004-04-26,4,-0.003028651191515186,0.11354916545773322,trend_off
0.5,USDJPY,2004-04-28,2004-05-28,22,-0.0004544212314919749,0.10724527578284188,trend_off
0.5,USDJPY,2004-07-21,2004-07-26,3,0.0,0.1130065538393154,trend_off
0.5,USDJPY,2004-07-27,2004-08-04,6,0.0010822758798212373,0.10952042640310505,trend_off
0.5,USDJPY,2004-10-13,2004-10-15,2,-0.002735437470338442,0.08130992660225367,trend_off
0.5,USDJPY,2005-03-22,2005-04-01,8,0.019507625168130316,0.0848679280132966,trend_off
0.5,USDJPY,2005-04-04,2005-04-07,3,0.0028629253979362,0.08011697372224981,trend_off
0.5,USDJPY,2005-04-14,2005-04-18,2,-0.008033266131730832,0.07845283486570573,trend_off
0.5,USDJPY,2005-04-19,2005-04-22,3,-0.008515849306678924,0.07881320375163585,trend_off
0.5,USDJPY,2005-05-17,2005-07-06,36,0.0448664216804624,0.08127475584128024,new_high
0.5,USDJPY,2006-01-09,2006-01-10,1,-0.0007857863328596393,0.09845354251190086,trend_off
0.5,USDJPY,2006-01-11,2006-01-12,1,0.003062639813262713,0.09525621647479456,trend_off
0.5,USDJPY,2006-07-03,2006-07-07,4,-0.0068845395688657,0.08537816948947785,trend_off
0.5,USDJPY,2006-07-10,2006-07-11,1,0.0,0.08678501612042669,trend_off
0.5,USDJPY,2006-07-13,2006-07-27,10,0.0035547396837802836,0.0862416298915877,trend_off
0.5,USDJPY,2006-07-31,2006-08-01,1,0.00043660310392623636,0.08771169203561101,trend_off
0.5,USDJPY,2006-08-07,2006-08-10,3,0.0004343936364579193,0.08429060392802237,trend_off
0.5,USDJPY,2006-09-22,2006-09-25,1,-0.0019280075407447361,0.07064637738928017,trend_off
0.5,USDJPY,2008-07-08,2008-07-09,1,-0.02320630088529141,0.1649446787303462,trend_off
0.5,USDJPY,2008-07-23,2008-07-24,1,-0.004727056623557657,0.16094328832508964,trend_off
0.5,USDJPY,2008-07-25,2008-08-05,7,-0.0003708939832478553,0.15678989710347918,trend_off
0.5,USDJPY,2009-08-18,2009-08-19,1,-0.00769712943617451,0.13442323896068223,trend_off
0.5,USDJPY,2009-12-22,2009-12-23,1,-0.0017972976959735876,0.13917522083476105,trend_off
0.5,USDJPY,2009-12-28,2010-01-15,14,-0.010251962224637867,0.13223676242057641,trend_off
0.5,USDJPY,2010-03-24,2010-03-30,4,0.008759533944769471,0.1049725091530018,trend_off
0.5,USDJPY,2010-03-31,2010-04-30,22,0.0033148545671088936,0.09965481200131474,trend_off
0.5,USDJPY,2011-04-01,2011-04-20,13,-0.009356991045895158,0.11522453935221397,trend_off
0.5,USDJPY,2012-02-10,2012-04-03,37,0.050340026546423555,0.06582404710825664,trend_off
0.5,USDJPY,2012-07-02,2012-07-09,5,-0.00452160066020324,0.08502795739669639,trend_off
0.5,USDJPY,2012-07-11,2012-07-13,2,-0.0005041073257284756,0.07959491218370399,trend_off
0.5,USDJPY,2012-07-18,2012-07-19,1,-0.003754893645589119,0.076338389954856,trend_off
0.5,USDJPY,2012-08-29,2012-09-03,3,-0.0035636856355406588,0.06470879989512544,trend_off
0.5,USDJPY,2012-10-17,2012-12-17,43,0.06765620538630923,0.056910933469784084,new_high
0.5,USDJPY,2013-11-01,2013-12-10,27,0.05029444104311831,0.09300712804993778,new_high
0.5,USDJPY,2014-06-03,2014-06-04,1,0.0011716730006583465,0.054763114224514686,trend_off
0.5,USDJPY,2014-06-11,2014-06-12,1,-0.003069012857908837,0.05053028616838562,trend_off
0.5,USDJPY,2014-06-16,2014-06-17,1,-0.0009512893322486393,0.050123505845150414,trend_off
0.5,USDJPY,2014-07-30,2014-08-08,7,0.0005192347435087896,0.03849260619402333,trend_off
0.5,USDJPY,2014-08-12,2014-09-05,18,0.03304142498768692,0.04071537695949104,new_high
0.5,USDJPY,2015-10-06,2015-10-08,2,-0.004532567605020743,0.07965116250683049,trend_off
0.5,USDJPY,2015-10-23,2015-12-09,33,0.016978338099968848,0.07327588594357767,trend_off
0.5,USDJPY,2016-11-18,2016-11-22,2,0.0035735455082297474,0.10504749409754423,trend_off
0.5,USDJPY,2016-11-23,2017-01-12,36,0.03686289921399477,0.10175370368252172,trend_off
0.5,USDJPY,2017-04-26,2017-04-27,1,0.001305803681080242,0.09497736226778611,trend_off
0.5,USDJPY,2017-04-28,2017-05-01,1,0.0006833297047303954,0.09195670142696424,trend_off
0.5,USDJPY,2017-05-02,2017-05-19,13,-0.003675772693546464,0.08993436554415943,trend_off
0.5,USDJPY,2017-05-24,2017-05-25,1,-0.003867544274979595,0.09313679764102321,trend_off
0.5,USDJPY,2017-06-20,2017-06-22,2,-0.0032505527183027683,0.09056400374381084,trend_off
0.5,USDJPY,2017-06-27,2017-07-24,19,-0.00816215201604864,0.08525384572491253,trend_off
0.5,USDJPY,2017-07-26,2017-07-27,1,-0.007812290857157955,0.08065567303385276,trend_off
0.5,USDJPY,2017-09-18,2017-11-20,45,0.007563184515643417,0.09590825613376867,trend_off
0.5,USDJPY,2017-12-19,2017-12-27,6,0.005641053689809938,0.06974840346927627,trend_off
0.5,USDJPY,2018-06-04,2018-06-05,1,0.0033303332651362094,0.07148639637311398,trend_off
0.5,USDJPY,2018-07-11,2018-08-16,26,-0.0023008443473705453,0.05803363245741843,trend_off
0.5,USDJPY,2018-08-22,2018-09-07,12,0.003277825669025125,0.06512808158094,trend_off
0.5,USDJPY,2019-02-13,2019-02-15,2,0.0002081402944285049,0.06549888128093823,trend_off
0.5,USDJPY,2019-03-20,2019-03-21,1,-0.00665162169062572,0.053826706517857516,trend_off
0.5,USDJPY,2019-03-22,2019-03-25,1,-0.006542953231038928,0.05560106352595382,trend_off
0.5,USDJPY,2019-05-02,2019-05-06,2,-0.0074382007904171266,0.046638530545788474,trend_off
0.5,USDJPY,2019-11-26,2019-12-04,6,-0.0031102915559710897,0.050555696243805875,trend_off
0.5,USDJPY,2020-01-02,2020-01-03,1,-0.0015637336192902973,0.04362185930109394,trend_off
0.5,USDJPY,2020-01-09,2020-01-27,12,-0.002100285978969385,0.0531180008309548,trend_off
0.5,USDJPY,2020-01-29,2020-02-03,3,-0.006964062876857469,0.050097575098979746,trend_off
0.5,USDJPY,2021-02-17,2021-02-18,1,-0.0022807721965967254,0.05099291692229312,trend_off
0.5,USDJPY,2021-02-24,2021-03-29,23,0.04281796071249033,0.051065720565297144,new_high
0.5,USDJPY,2023-03-01,2023-03-06,3,-0.003579125223835189,0.1277599768253138,trend_off
0.5,USDJPY,2023-03-08,2023-03-10,2,-0.007249398798785944,0.1226536373414577,trend_off
0.5,USDJPY,2023-04-12,2023-04-13,1,-0.003809957401393671,0.11541328162782923,trend_off
0.5,USDJPY,2023-04-17,2023-10-23,135,0.11874967468393516,0.1156565117658394,new_high
0.5,USDJPY,2025-02-28,2025-03-04,2,-0.0047129613863474695,0.09607758629204613,trend_off
0.5,USDJPY,2025-07-23,2025-08-05,9,5.447154184201608e-05,0.09768364428206906,trend_off
0.5,USDJPY,2025-08-07,2025-08-08,1,-0.002418508797027763,0.11146792241296015,trend_off
0.5,USDJPY,2025-08-11,2025-08-13,2,0.0006365406577943933,0.10920353452103261,trend_off
0.5,USDJPY,2025-08-20,2025-08-27,5,-0.0018208580952578934,0.10022627535447817,trend_off
0.5,USDJPY,2025-09-03,2025-09-09,4,-0.007970526053692306,0.09540841256600523,trend_off
0.5,USDJPY,2025-09-12,2025-09-15,1,0.0030022370381548313,0.08790211151849359,trend_off
0.5,USDJPY,2025-09-16,2025-09-17,1,-0.006729788017681426,0.08559713160125439,trend_off
0.5,USDJPY,2025-09-19,2025-09-22,1,0.0010003243654117533,0.08658774673819115,trend_off
0.5,USDJPY,2025-09-23,2025-09-24,1,-0.0007581621735744948,0.08413820136984897,trend_off
0.5,USDJPY,2025-09-25,2025-10-02,5,-0.011213467116019116,0.08425274560343658,trend_off
0.5,USDJPY,2025-10-06,2025-12-17,52,0.034570785752249034,0.09494359715643622,trend_off
0.5,GBPUSD,2005-09-01,2005-09-12,7,-0.00633706677331225,0.08822669331089181,trend_off
0.5,GBPUSD,2005-09-13,2005-09-14,1,5.467390254398907e-05,0.08435361710843718,trend_off
0.5,GBPUSD,2006-01-06,2006-01-10,2,-0.0035467471848178445,0.09012789753943273,trend_off
0.5,GBPUSD,2006-01-13,2006-01-16,1,-0.006235457166818836,0.08823714440843622,trend_off
0.5,GBPUSD,2006-01-23,2006-01-24,1,-0.0016942754628596068,0.08886670921732023,trend_off
0.5,GBPUSD,2006-01-25,2006-01-27,2,-0.009192018082553322,0.08619697874126064,trend_off
0.5,GBPUSD,2006-04-04,2006-04-05,1,-0.0015423709580077993,0.07458724708934354,trend_off
0.5,GBPUSD,2006-04-17,2006-04-20,3,0.004569379031344356,0.0717323190501577,trend_off
0.5,GBPUSD,2006-04-24,2006-05-04,8,0.03624341901166339,0.07414091682216158,new_high
0.5,GBPUSD,2008-03-10,2008-03-17,5,-0.005532584979261235,0.08049524550409487,trend_off
0.5,GBPUSD,2008-03-18,2008-03-31,9,-0.012579804683931384,0.08843540919435837,trend_off
0.5,GBPUSD,2008-04-18,2008-04-21,1,-0.008597095958654322,0.08798946569467828,trend_off
0.5,GBPUSD,2008-04-22,2008-04-23,1,-0.009001753595342166,0.0914190779419435,trend_off
0.5,GBPUSD,2008-04-30,2008-05-02,2,-0.008201401477304193,0.09921313140635502,trend_off
0.5,GBPUSD,2008-06-26,2008-07-01,3,0.00271046156475907,0.08405862547586147,trend_off
0.5,GBPUSD,2008-07-04,2008-07-08,2,-0.007421991942479611,0.07787268263406079,trend_off
0.5,GBPUSD,2008-07-10,2008-07-24,10,0.004868704302210869,0.07716202444570851,trend_off
0.5,GBPUSD,2008-07-28,2008-07-29,1,-0.006675273945263127,0.06974919444729848,trend_off
0.5,GBPUSD,2009-05-07,2009-07-01,39,0.09605021292616356,0.15000277875830342,trend_off
0.5,GBPUSD,2009-07-02,2009-07-08,4,-0.017632784417350056,0.13840558967272476,trend_off
0.5,GBPUSD,2009-07-14,2009-07-17,3,0.0007511998269698061,0.13637111006368535,trend_off
0.5,GBPUSD,2009-07-20,2009-07-27,5,-0.0023738616379025412,0.13354651272610338,trend_off
0.5,GBPUSD,2009-07-30,2009-08-21,16,-0.0004124830126973622,0.12374225739078282,trend_off
0.5,GBPUSD,2009-09-09,2009-09-16,5,-0.0032795657681020662,0.1155206809753544,trend_off
0.5,GBPUSD,2010-08-02,2010-08-12,8,-0.016180065354647333,0.10866113116365475,trend_off
0.5,GBPUSD,2010-08-13,2010-08-25,8,-0.01134251064607894,0.10715663792850078,trend_off
0.5,GBPUSD,2010-09-16,2010-10-26,28,0.004838585955908359,0.08986017473331293,trend_off
0.5,GBPUSD,2010-10-27,2010-10-28,1,-0.004795335395199496,0.08971589099488197,trend_off
0.5,GBPUSD,2011-12-21,2011-12-26,3,-0.004725914313725377,0.08448306487967988,trend_off
0.5,GBPUSD,2011-12-27,2011-12-29,2,-0.011196770955697821,0.08052533902943472,trend_off
0.5,GBPUSD,2012-03-06,2012-03-07,1,-0.009591161614929122,0.07364535068323112,trend_off
0.5,GBPUSD,2012-03-09,2012-03-12,1,-0.009623197034714481,0.07694993716917276,trend_off
0.5,GBPUSD,2012-03-16,2012-03-29,9,0.012078812935424343,0.07726299058491046,trend_off
0.5,GBPUSD,2012-03-30,2012-04-17,12,-0.003973930905695644,0.07339595577611507,trend_off
0.5,GBPUSD,2013-08-15,2013-09-04,14,0.0030660996159692644,0.09292414977881311,trend_off
0.5,GBPUSD,2013-09-05,2013-11-13,49,0.017209953465699757,0.07670285961547688,trend_off
0.5,GBPUSD,2014-08-12,2014-08-14,2,-0.005824785492991369,0.035147352634057896,trend_off
0.5,GBPUSD,2015-05-13,2015-05-20,5,-0.009883829197061655,0.09663272850385136,trend_off
0.5,GBPUSD,2015-06-18,2015-07-09,15,-0.030171142512399385,0.09339039954544066,trend_off
0.5,GBPUSD,2015-07-13,2015-07-14,1,-0.002167462130108766,0.08680590063478857,trend_off
0.5,GBPUSD,2015-07-15,2015-07-16,1,-0.00018761564453750879,0.08884404579710468,trend_off
0.5,GBPUSD,2015-08-03,2015-08-05,2,-0.0037055150345502996,0.07517558568748195,trend_off
0.5,GBPUSD,2015-08-06,2015-08-07,1,-0.005879959783812838,0.0722827409371407,trend_off
0.5,GBPUSD,2015-08-17,2015-08-18,1,-0.004270372810119216,0.0685917816982206,trend_off
0.5,GBPUSD,2015-08-19,2015-08-27,6,-0.011673531360810618,0.06904129587969371,trend_off
0.5,GBPUSD,2017-04-03,2017-05-29,40,0.021809894533719287,0.09207862875992891,trend_off
0.5,GBPUSD,2017-06-02,2017-06-05,1,-0.001415720640746354,0.07627595412013,trend_off
0.5,GBPUSD,2017-06-08,2017-06-09,1,-0.018448238250496907,0.07273635529538934,trend_off
0.5,GBPUSD,2018-09-26,2018-09-27,1,-0.0005401534245563777,0.08425451465164836,trend_off
0.5,GBPUSD,2018-10-16,2018-10-18,2,-0.0038265418242217075,0.0835988265880156,trend_off
0.5,GBPUSD,2019-01-28,2019-02-04,5,-0.009925841610358366,0.0968138714847823,trend_off
0.5,GBPUSD,2019-02-08,2019-02-11,1,-0.0009573254174547463,0.08905485600299934,trend_off
0.5,GBPUSD,2019-02-13,2019-02-14,1,-0.0027385047020891395,0.08652200470622194,trend_off
0.5,GBPUSD,2019-02-19,2019-02-22,3,0.009076790778985488,0.08576456860162132,trend_off
0.5,GBPUSD,2019-02-27,2019-03-11,8,-0.020339805999834537,0.08768188702437005,trend_off
0.5,GBPUSD,2019-03-12,2019-03-13,1,-0.013720114205164946,0.10214942738328976,trend_off
0.5,GBPUSD,2019-03-14,2019-03-22,6,-0.01154328129309734,0.11668848620602096,trend_off
0.5,GBPUSD,2019-03-25,2019-03-28,3,-0.004077282603525023,0.10815862828883857,trend_off
0.5,GBPUSD,2019-04-04,2019-04-05,1,-0.007584650161878814,0.09970358908472679,trend_off
0.5,GBPUSD,2020-07-13,2020-07-15,2,-0.004610430559856216,0.10389683599315179,trend_off
0.5,GBPUSD,2020-07-16,2020-10-07,59,0.023213096488974072,0.10054659795953497,trend_off
0.5,GBPUSD,2021-10-19,2021-10-22,3,0.003985603714041774,0.06837008570125881,trend_off
0.5,GBPUSD,2022-01-13,2022-01-14,1,0.0002673732624651759,0.059021953906058716,trend_off
0.5,GBPUSD,2022-12-08,2022-12-12,2,0.0021908336783964533,0.16367457143331562,trend_off
0.5,GBPUSD,2022-12-13,2022-12-16,3,-0.006655346286001618,0.15577038534043947,trend_off
0.5,GBPUSD,2022-12-29,2022-12-30,1,0.0023148150442264814,0.14194410073807798,trend_off
0.5,GBPUSD,2023-01-16,2023-02-06,15,-0.014851615951481434,0.13423047835092708,trend_off
0.5,GBPUSD,2023-03-21,2023-05-15,39,0.014231491957187759,0.11322519819731047,trend_off
0.5,GBPUSD,2023-11-15,2024-01-03,35,0.010287778830882832,0.08870645669548945,trend_off
0.5,GBPUSD,2024-02-01,2024-02-05,2,-0.0044555690805488934,0.06294228251891293,trend_off
0.5,GBPUSD,2024-02-19,2024-02-20,1,-0.0018630326454666113,0.0640921588856871,trend_off
0.5,GBPUSD,2024-02-21,2024-02-23,2,0.0028746448114360668,0.06288707316499172,trend_off
0.5,GBPUSD,2024-02-28,2024-02-29,1,-0.0014688642791402806,0.058224891896312414,trend_off
0.5,GBPUSD,2024-03-04,2024-03-25,15,-0.004925784149093504,0.05677336802124354,trend_off
0.5,GBPUSD,2024-04-01,2024-04-02,1,-0.007263809000584098,0.0588009251674662,trend_off
0.5,GBPUSD,2024-05-03,2024-05-06,1,3.7643236793671875e-05,0.06461367018763162,trend_off
0.5,GBPUSD,2024-05-14,2024-06-05,16,0.016809332775840735,0.0601746760379778,trend_off
0.5,GBPUSD,2024-06-12,2024-06-17,3,-0.004502462038312838,0.05440212895496249,trend_off
0.5,GBPUSD,2024-06-18,2024-06-21,3,-0.004366664441726176,0.056032546577762334,trend_off
0.5,GBPUSD,2024-12-12,2024-12-13,1,-0.0069725226394551365,0.06765999928326463,trend_off
0.5,GBPUSD,2025-03-05,2025-04-08,24,-0.004635498727709297,0.08176430587886856,trend_off
0.5,AUDUSD,2009-04-02,2009-04-03,1,-0.0027169857877226145,0.24578511229641076,trend_off
0.5,AUDUSD,2009-04-06,2009-06-30,61,0.13261852419320186,0.2389115478661232,trend_off
0.5,AUDUSD,2009-07-06,2009-07-07,1,-0.009384804147644865,0.19459056885734383,trend_off
0.5,AUDUSD,2009-07-14,2009-09-01,35,0.04005293961068013,0.1895930040748241,trend_off
0.5,AUDUSD,2012-01-09,2012-01-12,3,0.011491171971191205,0.14925141467708053,trend_off
0.5,AUDUSD,2012-10-04,2012-10-05,1,0.0010241903961907273,0.08486878294399082,trend_off
0.5,AUDUSD,2012-10-19,2012-10-22,1,-0.006667938238382964,0.07955460897677885,trend_off
0.5,AUDUSD,2012-10-31,2012-11-16,12,-0.002522870340587513,0.07742205970649582,trend_off
0.5,AUDUSD,2012-11-20,2012-12-25,25,-0.0033074207538618117,0.07141431638324784,trend_off
0.5,AUDUSD,2012-12-27,2013-01-10,10,0.01353187193655181,0.05955783679239184,trend_off
0.5,AUDUSD,2014-05-19,2014-05-21,2,-0.014221166450607337,0.06702716171328899,trend_off
0.5,AUDUSD,2014-05-28,2014-05-29,1,-0.0038763465022495502,0.06753871872374856,trend_off
0.5,AUDUSD,2014-05-30,2014-06-03,2,-0.007943861577221378,0.07093132922457301,trend_off
0.5,AUDUSD,2014-06-06,2014-08-04,41,-0.0014900811441083128,0.07035479531511878,trend_off
0.5,AUDUSD,2014-08-05,2014-08-06,1,-0.002977641915551832,0.0599944264485091,trend_off
0.5,AUDUSD,2014-08-18,2014-09-03,12,-0.003990357377366305,0.05946477399531978,trend_off
0.5,AUDUSD,2014-09-04,2014-09-05,1,-0.0003734032003417376,0.05724607483029687,trend_off
0.5,AUDUSD,2016-02-25,2016-02-29,2,-0.009266488208577228,0.1206645544457727,trend_off
0.5,AUDUSD,2016-03-04,2016-04-18,31,0.0383528279358738,0.1278713499055165,trend_off
0.5,AUDUSD,2017-12-14,2018-01-11,20,0.028077648875243222,0.07065827180078904,trend_off
0.5,AUDUSD,2018-04-19,2018-04-20,1,-0.008410809369654992,0.07985866466188858,trend_off
0.5,AUDUSD,2018-05-25,2018-05-28,1,-0.001995015609674744,0.07983865924528412,trend_off
0.5,AUDUSD,2018-06-05,2018-06-08,3,-0.0051778069336044785,0.08848869383090585,trend_off
0.5,AUDUSD,2019-04-01,2019-04-03,2,-0.0077995779351599515,0.08182826906376327,trend_off
0.5,AUDUSD,2019-04-16,2019-04-17,1,-0.0015690689343786923,0.08006312843392764,trend_off
0.5,AUDUSD,2019-04-18,2019-04-19,1,-0.003645512122669614,0.07766902912945144,trend_off
0.5,AUDUSD,2019-04-22,2019-04-23,1,-0.0019271614489693167,0.07591107321889377,trend_off
0.5,AUDUSD,2019-12-13,2019-12-16,1,-0.007555291186236435,0.06305421263835645,trend_off
0.5,AUDUSD,2019-12-31,2020-01-06,4,-0.00816914257460033,0.06023878077511127,trend_off
0.5,AUDUSD,2021-10-15,2021-11-11,19,-0.010747375925890812,0.0819783704102312,trend_off
0.5,AUDUSD,2022-03-07,2022-03-08,1,-0.00896712430570279,0.08660866910129751,trend_off
0.5,AUDUSD,2022-03-11,2022-03-15,2,-0.022712639332738704,0.09227732188387121,trend_off
0.5,AUDUSD,2022-03-17,2022-04-12,18,0.017357867342853384,0.10575769291850699,trend_off
0.5,AUDUSD,2022-04-13,2022-04-14,1,-0.0004694816537171853,0.09717055414456721,trend_off
0.5,AUDUSD,2023-01-05,2023-01-19,10,0.01682388316383654,0.14406296629345236,trend_off
0.5,AUDUSD,2023-01-24,2023-02-03,8,0.006459241149610051,0.13592525947042203,trend_off
0.5,AUDUSD,2023-02-10,2023-02-13,1,-0.00373326530585949,0.14056932122765425,trend_off
0.5,AUDUSD,2023-02-15,2023-02-16,1,-0.011546999164649185,0.13612843752230855,trend_off
0.5,AUDUSD,2023-04-05,2023-04-06,1,-0.006125675031237399,0.12518064396346681,trend_off
0.5,AUDUSD,2023-06-12,2023-06-26,10,-0.009559809229752303,0.10454715201655683,trend_off
0.5,AUDUSD,2023-11-20,2023-11-30,8,0.01618346920292746,0.1103038674347818,trend_off
0.5,AUDUSD,2023-12-19,2024-01-05,13,0.0004291822979149984,0.10538821605609704,trend_off
0.5,AUDUSD,2024-04-30,2024-05-01,1,-0.012785583484118512,0.08732694872562054,trend_off
0.5,AUDUSD,2024-05-02,2024-05-08,4,0.008772291629215445,0.0951326802612584,trend_off
0.5,AUDUSD,2024-07-30,2024-07-31,1,-0.0015117225366841902,0.06833228337589357,trend_off
0.5,AUDUSD,2024-11-01,2024-11-04,1,0.0022979794981730084,0.08070374524524865,trend_off
0.5,AUDUSD,2025-06-25,2025-07-18,17,0.00033729480391664346,0.11169932693991493,trend_off
0.5,AUDUSD,2025-07-21,2025-07-29,6,0.0018267336121180477,0.09391126317391596,trend_off
0.5,AUDUSD,2025-08-14,2025-08-15,1,-0.008271334111297324,0.08332703687581612,trend_off
0.5,AUDUSD,2025-08-18,2025-08-19,1,-0.002788247573541902,0.08437119006281266,trend_off
0.5,AUDUSD,2025-08-29,2025-09-26,20,0.0007524032925445567,0.08030859169765701,trend_off
0.5,AUDUSD,2026-07-01,2026-07-03,2,0.0004342956844010093,0.08499425172732732,trend_off
0.5,AUDUSD,2026-07-28,2026-07-30,2,-0.0039946039108850195,0.0723332938851476,trend_off
0.5,AAPL,1984-03-19,1984-03-21,2,-0.009532256461625255,0.4808212101368098,trend_off
0.5,AAPL,1984-03-28,1984-03-29,1,-0.004902148368962522,0.4445848934726789,trend_off
0.5,AAPL,1984-04-20,1984-05-25,25,0.04424514794013734,0.4244403020318788,trend_off
0.5,AAPL,1984-09-27,1984-09-28,1,-0.024270671760581508,0.44430106685855353,trend_off
0.5,AAPL,1984-10-02,1984-10-04,2,0.025250355811493597,0.43364014095844505,trend_off
0.5,AAPL,1984-10-30,1984-10-31,1,-0.0049994887342973415,0.4160494074132882,trend_off
0.5,AAPL,1985-11-15,1985-12-09,16,-0.025155304677032864,0.41035657043256857,trend_off
0.5,AAPL,1985-12-12,1986-01-27,32,0.1062422994001937,0.34187646933381616,trend_off
0.5,AAPL,1986-01-28,1986-02-14,13,0.06742171859263446,0.3248827270350161,trend_off
0.5,AAPL,1988-02-18,1988-03-23,24,0.017962836842134733,0.5718405487880694,trend_off
0.5,AAPL,1988-04-18,1988-04-21,3,-0.012498922833703463,0.4398829779600918,trend_off
0.5,AAPL,1988-04-22,1988-05-09,11,0.015574596768747062,0.4163578828026042,trend_off
0.5,AAPL,1988-05-10,1988-05-11,1,-0.03363687076586286,0.35543215956902147,trend_off
0.5,AAPL,1988-05-13,1988-05-18,3,-0.016575794007221978,0.3556553780802172,trend_off
0.5,AAPL,1988-05-31,1988-06-02,2,0.0060235662423369085,0.3488248987243289,trend_off
0.5,AAPL,1988-06-03,1988-07-22,35,-0.011630099829468166,0.35197381280963475,trend_off
0.5,AAPL,1988-11-14,1988-11-16,2,-0.022506463875623384,0.2860228685452841,trend_off
0.5,AAPL,1988-12-02,1988-12-06,2,0.006371992951396344,0.28458967893126313,trend_off
0.5,AAPL,1989-04-26,1989-05-01,3,-0.018869515015790372,0.2756586568990704,trend_off
0.5,AAPL,1989-05-02,1989-05-24,16,0.2001142183166449,0.26849191201446004,new_high
0.5,AAPL,1989-08-17,1989-11-03,56,0.05738351143936815,0.31601748206853314,trend_off
0.5,AAPL,1990-03-09,1990-04-06,20,0.08135660022700186,0.3505898211830034,trend_off
0.5,AAPL,1991-05-30,1991-05-31,1,-0.013122562640979885,0.5803368659935287,trend_off
0.5,AAPL,1991-06-03,1991-06-04,1,-0.002537627999063319,0.5808337995806775,trend_off
0.5,AAPL,1991-07-09,1991-07-11,2,-0.002666466254479638,0.46379032146626203,trend_off
0.5,AAPL,1991-08-12,1991-09-10,21,-0.029214531402851684,0.42030971715396837,trend_off
0.5,AAPL,1991-10-14,1991-10-30,12,-0.002508484666857047,0.3681161124473455,trend_off
0.5,AAPL,1991-10-31,1991-11-04,2,-0.03398052059957446,0.3947345920926536,trend_off
0.5,AAPL,1991-11-08,1991-11-15,5,-0.061031306612879366,0.43464329414729364,trend_off
0.5,AAPL,1991-11-25,1991-11-27,2,-0.004877750785502344,0.453274754022845,trend_off
0.5,AAPL,1991-11-28,1991-11-29,1,-0.004901496158313368,0.43233302275488156,trend_off
0.5,AAPL,1991-12-02,1991-12-06,4,-0.05797133364502238,0.4220742169844704,trend_off
0.5,AAPL,1991-12-11,1992-03-04,60,0.32901162675292195,0.38870150340945653,trend_off
0.5,AAPL,1992-10-22,1992-10-27,3,0.056408786246755716,0.3636362746236767,trend_off
0.5,AAPL,1992-11-03,1992-12-16,31,0.05994102819758784,0.3571190246438686,trend_off
0.5,AAPL,1992-12-17,1993-01-20,24,0.054943645295149945,0.3134634145680646,trend_off
0.5,AAPL,1994-01-10,1994-01-18,6,-0.1263922252638804,0.5220303262594596,trend_off
0.5,AAPL,1994-01-21,1994-02-03,9,0.0037449784218202,0.6021667160024383,trend_off
0.5,AAPL,1994-02-04,1994-03-16,28,0.10095741943010239,0.5469806724327342,trend_off
0.5,AAPL,1994-07-18,1994-07-19,1,-0.024227368483666245,0.4328322094319234,trend_off
0.5,AAPL,1996-10-01,1996-10-02,1,-0.040606372395377455,0.5828617107827677,trend_off
0.5,AAPL,1996-10-14,1996-10-29,11,-0.07920753476833786,0.5653022668879899,trend_off
0.5,AAPL,1996-11-27,1996-11-28,1,0.0,0.43714970168675704,trend_off
0.5,AAPL,1996-12-02,1996-12-04,2,-0.004974891558436667,0.4344590342537667,trend_off
0.5,AAPL,1997-07-30,1997-08-07,6,0.679856920447411,0.56989183770629,new_high
0.5,AAPL,2001-03-30,2001-04-02,1,-0.021748160000288896,0.6967701707668087,trend_off
0.5,AAPL,2001-04-10,2001-04-17,5,-0.07440821449761681,0.7132547894495508,trend_off
0.5,AAPL,2001-04-18,2001-05-18,22,0.03247230833171777,0.7552009036113546,trend_off
0.5,AAPL,2001-06-25,2001-07-06,9,-0.08170062040031745,0.630265725994506,trend_off
0.5,AAPL,2001-07-09,2001-07-10,1,-0.06872192212302086,0.5750816150394323,trend_off
0.5,AAPL,2001-07-11,2001-07-17,4,0.11357474392555367,0.6202039296787797,trend_off
0.5,AAPL,2001-11-05,2001-11-08,3,-0.018878837921825098,0.5522433985671084,trend_off
0.5,AAPL,2001-11-12,2001-12-25,31,0.13920253330306354,0.5290642102506042,trend_off
0.5,AAPL,2003-03-17,2003-03-19,2,-0.003999518323873241,0.30044692248324,trend_off
0.5,AAPL,2003-03-21,2003-03-24,1,-0.0420001853327403,0.2819310865598079,trend_off
0.5,AAPL,2003-05-05,2003-06-05,23,0.09633461612036176,0.4547592056690735,trend_off
0.5,AAPL,2006-03-14,2006-03-15,1,-0.01619137463339071,0.40899501652625514,trend_off
0.5,AAPL,2006-08-08,2006-08-09,1,-0.018369494696617084,0.46295813618269555,trend_off
0.5,AAPL,2006-08-15,2006-11-16,67,0.2883366308152231,0.44367544267825054,new_high
0.5,AAPL,2009-03-24,2009-03-25,1,-9.378439962004492e-05,0.5146900827845423,trend_off
0.5,AAPL,2009-03-26,2009-05-22,41,0.1149543313731698,0.5040032916275625,trend_off
0.5,AAPL,2009-05-26,2009-07-02,27,0.0706532753550011,0.41761005696095205,trend_off
0.5,AAPL,2009-07-13,2009-08-21,29,0.1888437004068979,0.31243588821188245,new_high
0.5,AAPL,2012-12-03,2012-12-04,1,-0.017639314069807233,0.3137422644214449,trend_off
0.5,AAPL,2013-07-30,2013-08-01,2,0.007411894920758666,0.25048449440713866,trend_off
0.5,AAPL,2013-08-07,2013-08-09,2,-0.016193178518823848,0.23466526484823588,trend_off
0.5,AAPL,2013-08-12,2013-09-11,22,0.0007493075556848083,0.24064751136998488,trend_off
0.5,AAPL,2013-10-01,2013-10-03,2,-0.009324489581014395,0.3006658800431347,trend_off
0.5,AAPL,2013-10-10,2013-11-20,29,0.05793446255320145,0.2765679204304191,trend_off
0.5,AAPL,2016-04-01,2016-04-05,2,-0.001636336064599897,0.24088476724232324,trend_off
0.5,AAPL,2016-04-06,2016-04-07,1,-0.021809638649671448,0.23489086193801542,trend_off
0.5,AAPL,2016-07-25,2016-09-06,31,0.11242458372767672,0.18620057243030155,trend_off
0.5,AAPL,2019-03-05,2019-03-07,2,-0.01726196349780018,0.31045024907632474,trend_off
0.5,AAPL,2019-03-08,2019-05-13,46,0.07822095085064684,0.2981734344385318,trend_off
0.5,AAPL,2019-05-14,2019-05-20,4,-0.029524240358117293,0.300952686712634,trend_off
0.5,AAPL,2019-06-06,2019-08-02,41,0.10150098786733297,0.28663376551730735,trend_off
0.5,AAPL,2021-05-31,2021-07-07,27,0.1601798980183935,0.2487238068576278,new_high
0.5,AAPL,2023-11-01,2023-12-13,30,0.13939626037655817,0.1960533652455091,new_high
0.5,AAPL,2025-07-23,2025-07-29,4,-0.01344859906160445,0.2637767770657928,trend_off
0.5,MSFT,1987-07-09,1987-07-23,10,0.02089019809204662,0.4662190496620882,trend_off
0.5,MSFT,1987-08-05,1987-08-12,5,0.028276101174449897,0.42341444645486837,trend_off
0.5,MSFT,1988-04-18,1988-04-19,1,-0.009131497292956703,0.4731033430051479,trend_off
0.5,MSFT,1988-04-20,1988-04-21,1,-0.00229360535484624,0.45847013161139977,trend_off
0.5,MSFT,1988-04-28,1988-04-29,1,-0.01580267092556875,0.4188722828420359,trend_off
0.5,MSFT,1988-05-03,1988-05-20,13,-0.004424891436152323,0.40943234514245547,trend_off
0.5,MSFT,1988-05-24,1988-08-03,51,-0.008810240377532752,0.3595127964901946,trend_off
0.5,MSFT,1989-01-20,1989-03-01,28,0.09468730402333358,0.25234652104590666,trend_off
0.5,MSFT,1993-10-18,1993-10-19,1,-0.03313197068595175,0.2741736537143516,trend_off
0.5,MSFT,1994-03-11,1994-03-29,12,0.00917469206545607,0.2091771774611212,trend_off
0.5,MSFT,1994-03-30,1994-03-31,1,0.013452833581793167,0.24471295162153378,trend_off
0.5,MSFT,1996-01-01,1996-01-04,3,-0.004273431431514263,0.38040088827795815,trend_off
0.5,MSFT,1999-05-24,1999-05-25,1,-0.012945327920050986,0.36499198529259275,trend_off
0.5,MSFT,2000-11-01,2000-11-03,2,-0.019748675863712317,0.6402385575568997,trend_off
0.5,MSFT,2000-11-27,2000-11-28,1,-0.05216612034683532,0.5247154348314134,trend_off
0.5,MSFT,2001-04-09,2001-04-16,5,0.0636924044270295,0.6031452324314613,trend_off
0.5,MSFT,2002-11-01,2002-11-08,5,0.039622681108905766,0.4619689226575273,trend_off
0.5,MSFT,2004-05-31,2004-06-01,1,-0.004574358725907612,0.18904072511467465,trend_off
0.5,MSFT,2004-06-07,2004-07-16,29,0.039727713248294494,0.18419434802070167,trend_off
0.5,MSFT,2005-09-26,2005-10-05,7,-0.02374247613936653,0.1381664615718132,trend_off
0.5,MSFT,2006-01-02,2006-01-25,17,0.009560437767413665,0.10851587290427576,trend_off
0.5,MSFT,2007-04-03,2007-04-11,6,0.008611672893819478,0.19308368211265944,trend_off
0.5,MSFT,2008-03-11,2008-03-12,1,-0.022199460799587123,0.3071917698808513,trend_off
0.5,MSFT,2008-03-18,2008-03-19,1,-0.027192845455526915,0.3196068784017906,trend_off
0.5,MSFT,2008-05-12,2008-05-13,1,-0.003346573499103833,0.3241397687397094,trend_off
0.5,MSFT,2008-05-15,2008-05-16,1,-0.015106852645666913,0.31236837476879276,trend_off
0.5,MSFT,2008-08-28,2008-08-29,1,-0.023264140352818097,0.3044442362898196,trend_off
0.5,MSFT,2009-05-12,2009-05-19,5,0.02760067062339555,0.49240990746849295,trend_off
0.5,MSFT,2009-05-20,2009-05-21,1,-0.027478130144456103,0.45126797702262567,trend_off
0.5,MSFT,2009-05-26,2009-07-09,32,0.10324466280833211,0.43782675806082705,trend_off
0.5,MSFT,2010-09-20,2010-09-23,3,-0.039323236612746726,0.23476811039388099,trend_off
0.5,MSFT,2010-09-24,2010-09-27,1,-0.0020176998997535334,0.23469495809645258,trend_off
0.5,MSFT,2010-11-18,2010-11-19,1,-0.005804880157626924,0.19566620650069122,trend_off
0.5,MSFT,2010-11-22,2010-11-23,1,-0.02370864549698648,0.1901224290291795,trend_off
0.5,MSFT,2010-12-02,2011-01-21,36,0.0420231605551602,0.219483826896351,trend_off
0.5,MSFT,2013-04-04,2013-04-08,2,-0.0003497077737368848,0.12542923472253142,trend_off
0.5,MSFT,2022-12-12,2022-12-15,3,-0.013860735245486255,0.386933088172706,trend_off
0.5,MSFT,2023-08-18,2023-08-22,2,0.018895433897067715,0.23432822176634652,trend_off
0.5,MSFT,2024-08-29,2024-09-04,4,-0.01021491236133465,0.19502771431732036,trend_off
0.5,MSFT,2024-10-08,2024-10-10,2,0.002724645325181463,0.18653721594761297,trend_off
0.5,MSFT,2024-11-05,2024-11-15,8,0.00860352562602995,0.2289255729727598,trend_off
0.5,NVDA,2003-03-17,2003-04-11,19,-0.06689604733084265,0.7655586424164431,trend_off
0.5,NVDA,2003-04-14,2003-04-15,1,-0.005189865937104243,0.6143661939486184,trend_off
0.5,NVDA,2003-04-22,2003-04-24,2,-0.007759970916394132,0.562366433659518,trend_off
0.5,NVDA,2003-05-02,2003-06-05,24,0.6710720867928379,0.5959232678215447,new_high
0.5,NVDA,2003-10-27,2003-11-03,5,0.047093186869740844,0.508963987804839,trend_off
0.5,NVDA,2003-11-05,2003-12-05,22,0.1262374789166667,0.48920407652998377,trend_off
0.5,NVDA,2005-04-19,2005-04-20,1,-0.030535857724759863,0.3930936769348612,trend_off
0.5,NVDA,2005-04-21,2005-04-26,3,0.0017858022970216325,0.4229446666889509,trend_off
0.5,NVDA,2005-05-12,2005-08-12,66,0.31416920936805215,0.39013321990110433,new_high
0.5,NVDA,2008-05-15,2008-05-21,4,-0.02901632210592542,0.6027875433873194,trend_off
0.5,NVDA,2009-03-26,2009-05-07,30,0.016098030045418765,0.7981319213505377,trend_off
0.5,NVDA,2009-06-05,2009-06-23,12,-0.03047081912307037,0.6574461694484539,trend_off
0.5,NVDA,2009-11-25,2009-12-16,15,0.2938033055591591,0.4085906583007196,new_high
0.5,NVDA,2010-11-10,2010-11-11,1,-0.010203966808976062,0.3570489293026256,trend_off
0.5,NVDA,2010-11-12,2011-01-06,39,0.4577680055456794,0.37351859257649855,new_high
0.5,NVDA,2011-03-17,2011-04-04,12,-0.01735691195989375,0.5976568041046965,trend_off
0.5,NVDA,2011-04-13,2011-04-22,7,0.04279280023018561,0.5318154987454583,trend_off
0.5,NVDA,2011-04-25,2011-04-26,1,0.026049800553345603,0.49684096218529294,trend_off
0.5,NVDA,2011-04-27,2011-05-13,12,-0.05388608355768587,0.48588712365515857,trend_off
0.5,NVDA,2011-05-18,2011-05-19,1,-0.014412254664372348,0.5324941523711578,trend_off
0.5,NVDA,2011-06-07,2011-06-08,1,-0.027131823782348463,0.4753451855469608,trend_off
0.5,NVDA,2011-10-10,2011-10-17,5,0.010825959305524657,0.6331671595360859,trend_off
0.5,NVDA,2011-10-18,2011-10-20,2,-0.06912170231939907,0.6212854302277775,trend_off
0.5,NVDA,2011-10-21,2011-10-31,6,0.022099421656075924,0.612929498219325,trend_off
0.5,NVDA,2011-11-01,2011-11-09,6,0.018492341204551233,0.6158530665840667,trend_off
0.5,NVDA,2011-11-21,2011-11-23,2,-0.01298743872942032,0.5728963345210926,trend_off
0.5,NVDA,2011-11-30,2011-12-08,6,-0.060140674723367926,0.5722142350190819,trend_off
0.5,NVDA,2012-01-27,2012-02-27,21,0.0375587236105408,0.4000058987833375,trend_off
0.5,NVDA,2012-03-29,2012-04-02,2,0.006565980315066167,0.28055232684535675,trend_off
0.5,NVDA,2012-04-03,2012-04-04,1,-0.028514556823036274,0.273356049793647,trend_off
0.5,NVDA,2012-07-25,2012-07-30,3,0.018334182764964124,0.3867623569708333,trend_off
0.5,NVDA,2013-01-04,2013-01-08,2,-0.05019003746195383,0.28697780323586514,trend_off
0.5,NVDA,2013-04-11,2013-04-18,5,-0.018010911342620006,0.2069035824248037,trend_off
0.5,NVDA,2013-04-19,2013-05-15,18,0.1694509935901931,0.2195308306701848,new_high
0.5,NVDA,2015-08-04,2015-08-05,1,0.010308856636727981,0.23776370360061494,trend_off
0.5,NVDA,2019-04-23,2019-04-24,1,0.002622398900578249,0.39208228338484935,trend_off
0.5,NVDA,2019-07-24,2019-07-25,1,-0.029552998939428976,0.33916545793579517,trend_off
0.5,NVDA,2019-08-19,2019-08-20,1,-0.01703965997050172,0.4726224452099569,trend_off
0.5,NVDA,2019-08-30,2019-09-13,10,0.08614412977760444,0.45513658365887827,trend_off
0.5,NVDA,2019-09-16,2019-09-20,4,-0.04172907358504829,0.42703574345044143,trend_off
0.5,NVDA,2022-12-06,2022-12-19,9,0.01670083748685114,0.6120458968666865,trend_off
0.5,NVDA,2022-12-21,2022-12-22,1,-0.07041995841320725,0.5732930613148131,trend_off
0.5,NVDA,2023-01-17,2023-01-19,2,-0.05293199366055423,0.5527619607093043,trend_off
0.5,NVDA,2023-01-23,2023-03-22,42,0.379278362131112,0.5943886807591172,new_high
0.5,AMZN,2005-07-21,2005-07-28,5,0.20368899814190566,0.22788468365183576,new_high
0.5,AMZN,2006-06-21,2006-06-27,4,-0.0046384611521478325,0.31127195937421276,trend_off
0.5,AMZN,2006-06-28,2006-07-05,5,0.011171631749714361,0.28941679645438334,trend_off
0.5,AMZN,2008-05-14,2008-05-21,5,0.05525604355746738,0.45045625168331044,trend_off
0.5,AMZN,2010-07-30,2010-08-24,17,0.056323737050891776,0.33848134718941697,trend_off
0.5,AMZN,2010-08-25,2010-08-26,1,-0.0156878480093543,0.30919576272545074,trend_off
0.5,AMZN,2010-08-27,2010-08-30,1,-0.022504726576955236,0.30524639919437685,trend_off
0.5,AMZN,2012-01-31,2012-02-01,1,-0.07704181648959962,0.3618682323182081,trend_off
0.5,AMZN,2012-02-10,2012-02-15,3,-0.005766969172378955,0.39218932185444255,trend_off
0.5,AMZN,2012-03-16,2012-04-13,20,0.01842753450878787,0.31317136155587233,trend_off
0.5,AMZN,2014-07-02,2014-07-08,4,-0.027159361056255715,0.29633286028988337,trend_off
0.5,AMZN,2014-08-25,2014-09-12,14,-0.00847257476872787,0.316118036501932,trend_off
0.5,AMZN,2015-01-26,2015-01-27,1,-0.009397415550576715,0.2724995253903489,trend_off
0.5,AMZN,2017-09-28,2017-10-02,2,0.002917182459157175,0.17135339001711974,trend_off
0.5,AMZN,2017-10-04,2017-10-27,17,0.14034909429535114,0.1632949788990645,new_high
0.5,AMZN,2019-03-06,2019-03-07,1,-0.02576471998369667,0.34991751835738266,trend_off
0.5,AMZN,2019-03-11,2019-06-03,60,0.013210668968336003,0.35212551682734994,trend_off
0.5,AMZN,2019-06-04,2019-07-30,40,0.09769538954395851,0.27320076284673617,trend_off
0.5,AMZN,2019-09-03,2019-09-04,1,0.006022901313268436,0.22341054878880845,trend_off
0.5,AMZN,2019-10-31,2019-11-05,3,0.014099517508409543,0.18255383695418576,trend_off
0.5,AMZN,2019-11-07,2019-11-08,1,-0.0012974492684962868,0.17143710081174388,trend_off
0.5,AMZN,2019-11-11,2019-11-13,2,-0.01046475724731144,0.16742651479288934,trend_off
0.5,AMZN,2019-11-25,2019-12-02,5,0.00437469537733981,0.1590273185545416,trend_off
0.5,AMZN,2019-12-19,2019-12-25,4,-0.0017128550370743012,0.14248592191710766,trend_off
0.5,AMZN,2023-04-24,2023-05-01,5,-0.03916764964291397,0.3324472953159778,trend_off
0.5,AMZN,2023-05-04,2023-07-21,56,0.25,0.36552333922294067,trend_off
0.5,GOOGL,2006-03-14,2006-03-16,2,-0.035282958467785175,0.4630448450527963,trend_off
0.5,GOOGL,2006-06-12,2006-07-14,24,0.05755602933163284,0.3362473523172311,trend_off
0.5,GOOGL,2006-08-09,2006-08-10,1,-0.00726930242498558,0.25779588816000865,trend_off
0.5,GOOGL,2006-08-15,2006-08-21,4,-0.009633364425967295,0.2624105671089715,trend_off
0.5,GOOGL,2006-08-28,2006-08-29,1,-0.005249973616827441,0.24529463851759398,trend_off
0.5,GOOGL,2006-08-30,2006-09-06,5,-0.0016022111058884292,0.2381230292030055,trend_off
0.5,GOOGL,2006-09-07,2006-09-27,14,0.06454573055668811,0.22268990789067297,trend_off
0.5,GOOGL,2008-06-19,2008-06-20,1,-0.0245806632116069,0.4223233197060588,trend_off
0.5,GOOGL,2008-06-23,2008-06-24,1,-0.005337499351705688,0.4148550041710538,trend_off
0.5,GOOGL,2009-04-01,2009-04-07,4,0.012878142653053759,0.47516187288743245,trend_off
0.5,GOOGL,2009-04-09,2009-04-14,3,-0.009637692894317373,0.45059199153800267,trend_off
0.5,GOOGL,2009-04-15,2009-06-30,54,0.11090911763498346,0.4363983341695996,trend_off
0.5,GOOGL,2009-07-14,2009-08-21,28,0.0954813864253714,0.2692383815962512,new_high
0.5,GOOGL,2010-01-27,2010-01-29,2,-0.02243139009328532,0.22963488490175427,trend_off
0.5,GOOGL,2010-03-01,2010-04-08,28,0.0653286745912467,0.19413989846382945,trend_off
0.5,GOOGL,2010-08-04,2010-08-05,1,0.0035154821172918016,0.31784537069077573,trend_off
0.5,GOOGL,2010-08-17,2010-08-19,2,-0.045971559260377326,0.2894584099957263,trend_off
0.5,GOOGL,2010-09-20,2010-09-30,8,0.03444946568518592,0.2675287564221476,trend_off
0.5,GOOGL,2011-07-13,2011-08-15,23,0.035243347741726216,0.23324168570158146,trend_off
0.5,GOOGL,2012-07-19,2012-08-14,18,0.1274744523123128,0.21303912319808324,new_high
0.5,GOOGL,2015-04-07,2015-04-17,8,-0.022244267678709573,0.19965198439484247,trend_off
0.5,GOOGL,2015-07-07,2015-07-08,1,-0.015144584795903082,0.15941473948954,trend_off
0.5,GOOGL,2023-03-16,2023-03-29,9,0.010665785503041425,0.3852140031384948,trend_off
0.5,GOOGL,2023-03-31,2023-04-19,13,0.004338376915846043,0.36169546103201505,trend_off
0.5,GOOGL,2024-09-20,2024-09-23,1,-0.010636489228721846,0.2598883310963727,trend_off
0.5,GOOGL,2024-09-26,2024-10-21,17,0.008234699900578901,0.24641788803201572,trend_off
0.5,GOOGL,2024-10-23,2024-10-24,1,-0.00036871454273024185,0.20938278352252443,trend_off
0.5,GOOGL,2024-10-29,2024-11-27,21,-0.0026521816813729338,0.20787722517931845,trend_off
0.5,GOOGL,2026-09-29,2026-10-01,2,-0.001730689992460066,0.30263487219273266,new_high
0.5,META,2013-07-16,2013-07-19,3,-0.01671709217779538,0.2842695164517458,trend_off
0.5,META,2017-01-04,2017-02-08,25,0.13067650484932858,0.20167059662197045,new_high
0.5,META,2019-03-04,2019-03-18,10,-0.041225896711368004,0.37256581369876285,trend_off
0.5,META,2019-03-20,2019-05-23,46,0.093266235960481,0.3503049769800405,trend_off
0.5,META,2025-03-17,2025-03-18,1,-0.037262366435440564,0.3339590819556107,trend_off
0.5,META,2026-09-07,2026-09-08,1,-0.005334255834122614,0.40060875745204283,trend_off
0.5,AVGO,2012-11-22,2012-11-23,1,0.022242350346171058,0.30040630072426155,trend_off
0.5,AVGO,2019-06-04,2019-06-12,6,0.05280377265654712,0.3234796999350143,trend_off
0.5,AVGO,2022-08-16,2022-08-17,1,-0.023674339827316038,0.3142304892029272,trend_off
0.5,AVGO,2022-12-06,2023-02-24,58,0.10792806539442457,0.3815039803656598,trend_off
0.5,AVGO,2026-09-22,2026-09-23,1,-0.026197449077444812,0.4011728385465112,trend_off
0.5,TSLA,2011-09-16,2011-09-23,5,0.022480792403540617,0.5243348244637397,trend_off
0.5,TSLA,2011-09-27,2011-09-28,1,-0.061092232893706466,0.48995325663637146,trend_off
0.5,TSLA,2011-10-05,2011-12-09,47,0.22349236287464058,0.5260788209023783,trend_off
0.5,TSLA,2015-04-08,2015-04-09,1,0.011653015949509848,0.37732002455719643,trend_off
0.5,TSLA,2015-04-10,2015-04-16,4,-0.019914699736057417,0.3661740999817746,trend_off
0.5,TSLA,2015-04-22,2015-08-03,73,0.18478859830663263,0.3544165185831657,trend_off
0.5,TSLA,2016-06-06,2016-06-09,3,0.039332972485925266,0.34449400038774913,trend_off
0.5,TSLA,2016-12-20,2016-12-22,2,-0.0016284494671260363,0.31529309818258,trend_off
0.5,TSLA,2016-12-23,2016-12-26,1,0.0,0.3067753309095484,trend_off
0.5,TSLA,2016-12-27,2017-02-09,32,0.22625611883651908,0.3061623939352115,new_high
0.5,TSLA,2017-12-29,2018-01-01,1,0.0,0.3132560453588873,trend_off
0.5,TSLA,2018-01-02,2018-01-03,1,-0.010233112708571857,0.31539894109990574,trend_off
0.5,TSLA,2019-04-03,2019-04-04,1,-0.08234816239503528,0.4623986779827254,trend_off
0.5,TSLA,2019-10-17,2019-10-18,1,-0.019162530722660276,0.41321542119277704,trend_off
0.5,TSLA,2019-10-22,2019-12-12,37,0.40730876131415394,0.40098437273956683,new_high
0.5,TSLA,2021-06-23,2021-07-01,6,0.032517415649218506,0.4876688292490366,trend_off
0.5,TSLA,2021-07-05,2021-07-06,1,-0.028457809785947474,0.4431045811486105,trend_off
0.5,TSLA,2021-07-30,2021-10-21,59,0.3009313212603715,0.3986826992444627,new_high
0.5,TSLA,2022-09-05,2022-09-13,6,0.08112214248516625,0.5146924477673028,trend_off
0.5,TSLA,2022-09-16,2022-09-22,4,-0.04865669842969533,0.4889435862388397,trend_off
0.5,TSLA,2022-09-28,2022-09-29,1,-0.06810050474193607,0.4772096157961218,trend_off
0.5,TSLA,2023-05-30,2023-07-21,38,0.2926028250150077,0.5027127223236192,trend_off
0.5,TSLA,2025-04-02,2025-04-03,1,-0.05474611137253549,0.7714543598727672,trend_off
0.5,TSLA,2025-07-04,2025-07-07,1,-0.06789282780315342,0.6838986077892804,trend_off
0.5,TSLA,2025-07-16,2025-07-17,1,-0.007025863995037018,0.6492411297093058,trend_off
0.5,TSLA,2025-07-28,2025-07-31,3,-0.053195760063354025,0.6336284388042973,trend_off
0.5,TSLA,2025-08-05,2025-08-08,3,0.06779603716319782,0.5885136330459861,trend_off
0.5,TSLA,2025-08-18,2025-08-19,1,-0.017454368181154756,0.5274849878861523,trend_off
0.5,TSLA,2025-08-22,2025-12-02,72,0.26243339285880984,0.5300105396731563,trend_off
0.5,BRK-B,1998-07-30,1998-08-04,3,-0.0034482724601393455,0.2199972421590201,trend_off
0.5,BRK-B,1998-08-26,1998-08-27,1,-0.03055073543309661,0.22827159177059464,trend_off
0.5,BRK-B,1999-01-20,1999-01-21,1,-0.019746124459562142,0.3331953149591988,trend_off
0.5,BRK-B,2000-06-20,2000-06-22,2,-0.03723694055526383,0.3498420436973163,trend_off
0.5,BRK-B,2004-11-19,2004-11-22,1,-0.019683703278507658,0.167095076756835,trend_off
0.5,BRK-B,2005-01-07,2005-01-10,1,0.002398071036091576,0.14968614148143,trend_off
0.5,BRK-B,2005-10-12,2005-10-13,1,-0.006433177559708958,0.11420113630032946,trend_off
0.5,BRK-B,2005-10-18,2005-10-19,1,-0.0010752250791054019,0.10867202705051794,trend_off
0.5,BRK-B,2005-10-24,2005-10-27,3,-0.0024902060940703574,0.1043906726551055,trend_off
0.5,BRK-B,2005-10-31,2005-12-19,35,0.04937837711664028,0.10149406329122249,trend_off
0.5,BRK-B,2007-05-01,2007-05-03,2,0.0033277572743979356,0.10208794139412748,trend_off
0.5,BRK-B,2007-06-15,2007-06-18,1,-0.002208774940873237,0.09040893576204817,trend_off
0.5,BRK-B,2007-07-27,2007-07-30,1,-0.004425998358466687,0.08479800717418746,trend_off
0.5,BRK-B,2008-04-07,2008-04-18,9,-0.026560685339602874,0.21120662154751993,trend_off
0.5,BRK-B,2008-09-16,2008-10-07,15,-0.0119760479041916,0.23533287188108137,trend_off
0.5,BRK-B,2009-05-19,2009-05-20,1,-0.006666692097981763,0.46932765481926614,trend_off
0.5,BRK-B,2009-07-20,2009-09-01,31,0.08626193287569794,0.295264751684239,trend_off
0.5,BRK-B,2009-09-15,2009-09-21,4,0.00651614364442743,0.24892200418593513,trend_off
0.5,BRK-B,2009-09-22,2009-09-25,3,-0.027380899128727654,0.24276861922479834,trend_off
0.5,BRK-B,2009-09-29,2009-10-15,12,0.0058365667678781374,0.23531744796190435,trend_off
0.5,BRK-B,2009-10-23,2009-10-28,3,-0.011452714424959098,0.20192376164129872,trend_off
0.5,BRK-B,2009-12-29,2010-01-01,3,0.0018293102038617892,0.1222815711366731,trend_off
0.5,BRK-B,2010-01-04,2010-01-12,6,-0.003322277509024585,0.11691480116251786,trend_off
0.5,BRK-B,2017-05-12,2017-05-16,2,0.0017756139672289173,0.11023376351468078,trend_off
0.5,BRK-B,2017-05-22,2017-05-23,1,0.002119486673393789,0.11675240924036785,trend_off
0.5,BRK-B,2017-05-29,2017-05-30,1,-0.003500524005724426,0.10835075976085382,trend_off
0.5,BRK-B,2017-06-06,2017-06-07,1,0.002227142035230223,0.10165398146017013,trend_off
0.5,BRK-B,2017-06-08,2017-08-02,39,0.06535284235387895,0.09874362799078211,new_high
0.5,BRK-B,2019-06-05,2019-07-19,32,0.013133291337263486,0.14911042343560219,trend_off
0.5,BRK-B,2019-08-30,2019-09-03,2,-0.012339657442779761,0.16705177755024603,trend_off
0.5,BRK-B,2022-05-03,2022-05-06,3,-0.0003447924854371731,0.19177293584020266,trend_off
0.5,BRK-B,2022-05-17,2022-05-18,1,-0.025301943104409808,0.20100919965164074,trend_off
0.5,BRK-B,2022-05-23,2022-05-25,2,-0.0050290054713234555,0.2097739314702281,trend_off
0.5,BRK-B,2022-05-27,2022-05-30,1,0.0,0.20994659705523527,trend_off
0.5,BRK-B,2022-06-07,2022-06-08,1,-0.01565440381844818,0.19673163777460148,trend_off
0.5,BRK-B,2022-08-16,2022-08-18,2,-0.007761307452091137,0.2034546293126877,trend_off
0.5,BRK-B,2022-10-28,2022-11-02,3,-0.033941905890606416,0.2708045256099885,trend_off
0.5,BRK-B,2022-11-10,2022-12-22,30,-0.001682090188297125,0.29166768957444134,trend_off
0.5,BRK-B,2023-01-04,2023-01-19,11,-0.029629557044443033,0.20897213466682843,trend_off
0.5,BRK-B,2023-01-20,2023-01-30,6,-0.008197013537762143,0.2013241472246874,trend_off
0.5,BRK-B,2023-01-31,2023-02-02,2,0.0010914109844673003,0.18532835489541716,trend_off
0.5,BRK-B,2023-02-13,2023-02-14,1,-0.009402632056083715,0.17762395431927946,trend_off
0.5,BRK-B,2023-03-03,2023-03-08,3,-0.003456607609693796,0.15970420955136286,trend_off
0.5,BRK-B,2023-10-16,2023-10-17,1,-0.002426122263340713,0.11641637787882891,trend_off
0.5,BRK-B,2023-11-01,2023-11-08,5,0.007418146306818141,0.12849646380532054,trend_off
0.5,BRK-B,2025-09-22,2025-09-25,3,0.0025318507253944134,0.14006401843328609,trend_off
0.5,BRK-B,2025-09-26,2025-10-02,4,-0.008219477554538779,0.1355924708831413,trend_off
0.5,BRK-B,2025-10-06,2025-10-10,4,-0.021779097576360318,0.12864287682901768,trend_off
0.5,BRK-B,2025-10-14,2025-10-16,2,-0.014436364385924216,0.1300060807885896,trend_off
0.5,BRK-B,2025-10-17,2025-10-21,2,-0.002294798854633351,0.1329301514553758,trend_off
0.5,BRK-B,2025-11-07,2025-12-09,22,-0.015288752695344354,0.1436501030967356,trend_off
0.5,BRK-B,2025-12-11,2025-12-26,11,0.0049409733977934245,0.135711449672874,trend_off
0.5,BRK-B,2025-12-29,2026-01-02,4,-0.00838236062623865,0.1375589037521722,trend_off
0.5,BRK-B,2026-01-06,2026-01-15,7,-0.012884466151813156,0.12993139921312152,trend_off
0.5,BRK-B,2026-01-16,2026-01-20,2,-0.016014907578986493,0.11854206810236642,trend_off
0.5,BRK-B,2026-01-26,2026-01-27,1,-0.018201724555297893,0.12300593138328604,trend_off
0.5,BRK-B,2026-01-29,2026-01-30,1,0.007844103624966348,0.12872805401943044,trend_off
0.5,BRK-B,2026-02-03,2026-02-09,4,0.008790044200856606,0.13732855689091772,trend_off
0.5,BRK-B,2026-02-19,2026-02-20,1,0.0025355370053421478,0.14198385553040715,trend_off
0.5,JPM,1981-07-31,1981-08-04,2,-0.04906529128554382,0.2338306310714386,trend_off
0.5,JPM,1981-08-06,1981-08-24,12,-0.009523805233633276,0.250150291140124,trend_off
0.5,JPM,1981-09-02,1981-09-03,1,-0.04390236211509779,0.23190157263590735,trend_off
0.5,JPM,1981-10-23,1981-11-18,18,0.011682689342989327,0.24887503916794945,trend_off
0.5,JPM,1981-11-19,1981-11-30,7,0.0348843809192767,0.23021220959241753,trend_off
0.5,JPM,1981-12-31,1982-01-04,2,-0.004587083640344325,0.18308175113233507,trend_off
0.5,JPM,1982-02-16,1982-03-12,18,-0.0023976278252774152,0.2709876045173634,trend_off
0.5,JPM,1982-04-21,1982-04-30,7,-0.035087934110822894,0.22117121390371525,trend_off
0.5,JPM,1982-08-25,1982-08-30,3,-0.030768591405593182,0.3415707352527015,trend_off
0.5,JPM,1983-11-29,1983-12-02,3,-0.005333950124455145,0.2957337010386183,trend_off
0.5,JPM,1983-12-07,1983-12-12,3,-0.04312711472281683,0.27490701075323576,trend_off
0.5,JPM,1983-12-13,1983-12-15,2,-0.02197779350696638,0.28845799944447714,trend_off
0.5,JPM,1983-12-19,1983-12-21,2,-0.00828795534538862,0.27752829833689047,trend_off
0.5,JPM,1984-01-04,1984-02-09,26,0.046321795586917736,0.27992685546777957,trend_off
0.5,JPM,1984-02-27,1984-03-07,7,-0.03341862415109986,0.23892473337002956,trend_off
0.5,JPM,1984-03-08,1984-03-12,2,-0.03445992640580531,0.2401527569609353,trend_off
0.5,JPM,1984-03-16,1984-03-19,1,-0.015832060739577103,0.25624906138451203,trend_off
0.5,JPM,1984-03-22,1984-03-27,3,-0.010525923719521657,0.25285276263437667,trend_off
0.5,JPM,1985-08-27,1985-08-29,2,0.0,0.17999732168399812,trend_off
0.5,JPM,1985-09-04,1985-09-09,3,-0.00017770888659851547,0.16647499353773756,trend_off
0.5,JPM,1985-09-10,1985-09-11,1,-0.015872807038152525,0.15891527495857144,trend_off
0.5,JPM,1986-08-13,1986-09-02,14,0.023872089854828582,0.24126350845248443,trend_off
0.5,JPM,1986-10-30,1986-10-31,1,-0.0028409786876805176,0.2206400456230261,trend_off
0.5,JPM,1986-12-03,1986-12-15,8,-0.0613469192570163,0.21589711118362995,trend_off
0.5,JPM,1986-12-16,1986-12-22,4,-0.008474850983691162,0.21927722608305328,trend_off
0.5,JPM,1987-01-08,1987-02-23,32,0.019178067144162814,0.2136667716029117,trend_off
0.5,JPM,1987-03-27,1987-03-30,1,-0.02777768664929281,0.21366746378493684,trend_off
0.5,JPM,1988-05-13,1988-05-18,3,-0.01449308546807948,0.28481906591696,trend_off
0.5,JPM,1988-05-19,1988-07-04,32,0.1504389602738918,0.2912823343763125,trend_off
0.5,JPM,1988-07-15,1988-07-19,2,-0.040816707738767444,0.3254500085685177,trend_off
0.5,JPM,1988-07-29,1988-08-31,23,0.01992062704231401,0.3228695630184006,trend_off
0.5,JPM,1991-03-15,1991-03-20,3,-0.036232357972542206,0.5162138774149028,trend_off
0.5,JPM,1991-03-26,1991-04-01,4,-0.02941189691490187,0.5401341195886711,trend_off
0.5,JPM,1991-04-02,1991-05-14,30,0.056737618592967554,0.553550929563678,trend_off
0.5,JPM,1991-12-26,1991-12-31,3,-0.03409125620971465,0.3882061826746459,trend_off
0.5,JPM,1993-12-03,1993-12-14,7,-0.012658109171097776,0.2511473249924481,trend_off
0.5,JPM,1993-12-20,1993-12-21,1,-0.006172916628189529,0.23968512622399996,trend_off
0.5,JPM,1993-12-22,1994-01-06,11,-0.018511239537408963,0.23398858846231108,trend_off
0.5,JPM,1994-05-18,1994-05-20,2,-0.03344410838649514,0.27972535496080736,trend_off
0.5,JPM,1994-05-26,1994-06-20,17,0.06418876381614291,0.2724460935338764,trend_off
0.5,JPM,1994-06-22,1994-06-23,1,-0.006389638396410824,0.25347843861153846,trend_off
0.5,JPM,1994-07-01,1994-07-04,1,0.0,0.23747969772682415,trend_off
0.5,JPM,1994-07-14,1994-07-15,1,-0.01277877225344648,0.22051478557019188,trend_off
0.5,JPM,1994-08-02,1994-08-04,2,-0.022507738271176247,0.20820476333373028,trend_off
0.5,JPM,1994-08-16,1994-08-31,11,-0.009584056444771005,0.1961627568158055,trend_off
0.5,JPM,2000-07-31,2000-08-02,2,0.03262222613793475,0.3972106671780774,trend_off
0.5,JPM,2000-08-11,2000-08-15,2,-0.0036049367629799045,0.3873628531452719,trend_off
0.5,JPM,2000-08-22,2000-08-25,3,-0.013033232842529996,0.3726402792846549,trend_off
0.5,JPM,2000-08-28,2000-08-30,2,0.010676506660177498,0.3695457230149347,trend_off
0.5,JPM,2000-12-25,2000-12-26,1,0.002739496595233204,0.4905240760926845,trend_off
0.5,JPM,2001-11-26,2001-11-28,2,-0.050392752206399605,0.31218329307741677,trend_off
0.5,JPM,2002-04-17,2002-04-22,3,-0.017977559567147527,0.3965121684820612,trend_off
0.5,JPM,2002-04-23,2002-04-25,2,-0.04289561527405894,0.38438669953459387,trend_off
0.5,JPM,2003-03-21,2003-03-24,1,-0.04137909784422933,0.43494930642114554,trend_off
0.5,JPM,2003-03-25,2003-04-01,5,0.003728393680406228,0.44234892885593163,trend_off
0.5,JPM,2003-04-15,2003-06-02,34,0.26237475616059713,0.3984456199097399,new_high
0.5,JPM,2004-06-07,2004-07-05,20,0.007260797132457419,0.19428312064240633,trend_off
0.5,JPM,2004-08-10,2004-08-11,1,-0.0024327338251354247,0.17144515750810368,trend_off
0.5,JPM,2004-08-12,2004-09-27,32,0.061584461111186206,0.16598963748943493,trend_off
0.5,JPM,2004-10-21,2004-11-19,21,-0.00742684179165598,0.17791950429224151,trend_off
0.5,JPM,2004-11-22,2004-11-25,3,0.0039949591456189815,0.1622829779673792,trend_off
0.5,JPM,2005-01-14,2005-01-20,4,-0.014811349008993613,0.12399649468776823,trend_off
0.5,JPM,2005-06-28,2005-06-30,2,-0.016703566869541442,0.12443519895023403,trend_off
0.5,JPM,2005-07-12,2005-07-18,4,0.007375878129076696,0.12539156340796945,trend_off
0.5,JPM,2005-07-25,2005-07-27,2,-0.002539417522788745,0.11966208672530002,trend_off
0.5,JPM,2005-10-21,2005-11-10,14,0.09080532612247172,0.15297707523420898,new_high
0.5,JPM,2006-06-26,2006-06-27,1,-0.015903728585425214,0.19739323448227616,trend_off
0.5,JPM,2010-11-29,2010-11-30,1,-0.0134525436065972,0.28431535927134394,trend_off
0.5,JPM,2010-12-02,2010-12-03,1,0.007631746753937962,0.2925458600572728,trend_off
0.5,JPM,2010-12-08,2010-12-09,1,0.013660966455691037,0.2882929498247005,trend_off
0.5,JPM,2010-12-15,2010-12-16,1,-0.004973690129373209,0.27888530078575774,trend_off
0.5,JPM,2010-12-20,2011-02-16,42,0.20137831867969025,0.267730792919226,new_high
0.5,JPM,2012-01-30,2012-03-26,40,0.24750046324282127,0.40576885942772045,new_high
0.5,JPM,2012-08-08,2013-01-04,107,0.23813011069749912,0.3322032071407058,new_high
0.5,JPM,2017-04-14,2017-05-17,23,-0.001540236159542463,0.15513700385053922,trend_off
0.5,JPM,2019-03-15,2019-03-18,1,0.006006699588149811,0.16385908470111282,trend_off
0.5,JPM,2020-08-11,2020-08-12,1,-0.008476263814814589,0.4246291784619418,trend_off
0.5,JPM,2020-08-13,2020-08-14,1,0.00039095920943021945,0.41246200094043617,trend_off
0.5,JPM,2020-09-14,2020-09-15,1,-0.031131317903102418,0.3457270461196636,trend_off
0.5,JPM,2020-09-16,2020-09-21,3,-0.04403190849589611,0.34673608553046936,trend_off
0.5,JPM,2020-10-07,2020-10-13,4,0.01052819417856532,0.31017729692649715,trend_off
0.5,JPM,2020-10-14,2021-01-07,61,0.3654808292027474,0.2972437619651349,new_high
0.5,JPM,2022-10-21,2022-10-27,4,0.019389882921150958,0.3729872670489865,trend_off
0.5,JPM,2022-10-28,2022-12-09,30,0.048223355788428846,0.3449028382948701,trend_off
0.5,JPM,2022-12-13,2022-12-15,2,-0.02968343456849698,0.2639756204508046,trend_off
0.5,JPM,2023-01-03,2023-02-15,31,0.0721002102635313,0.2222003221087176,new_high
0.5,JPM,2025-03-17,2025-04-03,13,-0.022399744288650547,0.27186537125864013,trend_off
0.5,LLY,1974-05-24,1974-05-27,1,0.0,0.25903837237776334,trend_off
0.5,LLY,1974-05-28,1974-05-30,2,-0.014729164963804608,0.25057928702667254,trend_off
0.5,LLY,1974-06-05,1974-07-03,20,-0.02083322685623834,0.2377251928632165,trend_off
0.5,LLY,1975-01-27,1975-01-28,1,-0.026464875250824638,0.34874288007389864,trend_off
0.5,LLY,1975-02-05,1975-03-28,37,0.06345016592813946,0.3257425455327094,trend_off
0.5,LLY,1976-03-24,1976-04-01,6,-0.011682125942533594,0.3328199590464403,trend_off
0.5,LLY,1976-07-07,1976-07-08,1,0.002476878389266357,0.24551471337359657,trend_off
0.5,LLY,1976-07-09,1976-07-19,6,-0.021530924523098238,0.2544208451330166,trend_off
0.5,LLY,1976-08-09,1976-08-10,1,0.002341746350138507,0.23573756627262304,trend_off
0.5,LLY,1976-08-12,1976-08-13,1,-0.004598404555761659,0.2299532252883199,trend_off
0.5,LLY,1976-08-16,1976-09-06,15,-0.029478986992865108,0.22825332755426186,trend_off
0.5,LLY,1976-10-26,1976-11-01,4,0.009367518897411387,0.1890054996730915,trend_off
0.5,LLY,1977-11-07,1977-12-05,20,-0.003389356123653098,0.22825360959216232,trend_off
0.5,LLY,1977-12-29,1978-01-05,5,-0.01973653890703775,0.20616480755211158,trend_off
0.5,LLY,1978-01-13,1978-02-16,24,0.05340481142367115,0.18380805499175426,trend_off
0.5,LLY,1978-11-20,1978-11-22,2,-0.041322553218088975,0.28516608252437886,trend_off
0.5,LLY,1978-11-24,1978-11-27,1,0.0,0.28203232682348583,trend_off
0.5,LLY,1978-12-14,1978-12-15,1,-0.008196524362046764,0.2651681854866488,trend_off
0.5,LLY,1978-12-20,1979-02-05,33,0.056258266817430735,0.2683495448345648,trend_off
0.5,LLY,1980-06-11,1980-06-17,4,-0.026005594665060916,0.22851795472358,trend_off
0.5,LLY,1980-07-22,1980-07-23,1,-0.0159082432938511,0.2238946824131135,trend_off
0.5,LLY,1980-08-01,1980-08-06,3,0.0,0.21650654510451248,trend_off
0.5,LLY,1980-10-03,1980-10-15,8,-0.014218478158659287,0.2561574937084519,trend_off
0.5,LLY,1981-11-30,1981-12-01,1,0.0,0.20471534156962354,trend_off
0.5,LLY,1981-12-02,1981-12-04,2,0.022988302715198694,0.20407754065543401,trend_off
0.5,LLY,1982-01-28,1982-03-02,23,0.002412882906438929,0.22750445267045913,trend_off
0.5,LLY,1982-03-30,1982-04-23,18,0.12882106331670928,0.2085750479819552,new_high
0.5,LLY,1984-01-16,1984-01-18,2,-0.012244986122276091,0.17633257826546858,trend_off
0.5,LLY,1984-01-19,1984-02-07,13,0.016529180467100613,0.1698011701730966,trend_off
0.5,LLY,1986-10-21,1986-10-22,1,-0.005435419893971116,0.2834564489327446,trend_off
0.5,LLY,1986-10-23,1986-11-21,21,0.09136721629654088,0.2765597447582876,trend_off
0.5,LLY,1988-04-11,1988-04-14,3,-0.05731556655967651,0.2520050815197662,trend_off
0.5,LLY,1988-05-31,1988-06-16,12,0.045383518444694015,0.23975784387998283,trend_off
0.5,LLY,1988-06-30,1988-07-08,6,0.0,0.2328080103125827,trend_off
0.5,LLY,1988-07-15,1988-07-21,4,-0.03240010272289606,0.20060492932451104,trend_off
0.5,LLY,1988-07-29,1988-08-01,1,0.005971174788739431,0.20156601803443916,trend_off
0.5,LLY,1988-08-03,1988-08-04,1,-0.01754465692204077,0.1985450527535002,trend_off
0.5,LLY,1988-08-05,1988-08-09,2,-0.0035657342165549277,0.1993878297782354,trend_off
0.5,LLY,1988-08-17,1988-08-31,10,0.0015009611916154686,0.19345995878709102,trend_off
0.5,LLY,1988-09-02,1988-10-07,25,0.07440574234721375,0.19626859070882505,new_high
0.5,LLY,1990-09-14,1990-09-17,1,0.0,0.31031495215904303,trend_off
0.5,LLY,1990-09-18,1990-09-20,2,-0.049069676597382705,0.3031251890425411,trend_off
0.5,LLY,1990-09-21,1990-09-25,2,0.02120156791334571,0.30431855061323404,trend_off
0.5,LLY,1990-10-12,1990-10-29,11,-0.03722532965332026,0.3271511196702836,trend_off
0.5,LLY,1991-01-18,1991-04-24,68,0.05702584592103932,0.2775091371580339,trend_off
0.5,LLY,1993-09-17,1993-09-22,3,0.012820356214278794,0.27042147550565165,trend_off
0.5,LLY,1993-09-23,1993-12-09,55,0.1596892353025352,0.26687122557462234,trend_off
0.5,LLY,1999-07-15,1999-07-20,3,-0.03983740099968691,0.39072189883918884,trend_off
0.5,LLY,1999-08-24,1999-09-02,7,0.03186894633575843,0.35202378806729356,trend_off
0.5,LLY,1999-09-03,1999-09-08,3,-0.04210587777306285,0.34655179590266394,trend_off
0.5,LLY,1999-11-29,1999-11-30,1,-0.04249556656239761,0.4107225469249461,trend_off
0.5,LLY,2001-02-02,2001-02-05,1,-0.024420263062549408,0.35823116945983624,trend_off
0.5,LLY,2001-02-12,2001-02-14,2,-0.03794351628648496,0.3519962828681077,trend_off
0.5,LLY,2001-03-01,2001-03-02,1,0.004431219855194568,0.32910219571208665,trend_off
0.5,LLY,2001-04-26,2001-05-30,24,0.04410755669951216,0.26542277103088724,trend_off
0.5,LLY,2001-06-01,2001-06-13,8,-0.03158619619812675,0.23305861432565983,trend_off
0.5,LLY,2001-08-01,2001-08-03,2,0.003801750931492709,0.21872231976712966,trend_off
0.5,LLY,2001-08-09,2001-08-31,16,0.008665132167309242,0.2031072536617239,trend_off
0.5,LLY,2001-09-05,2001-09-07,2,-0.03884712251950839,0.20811789662994507,trend_off
0.5,LLY,2001-09-27,2001-10-04,5,-0.014107331417295699,0.2398763450573266,trend_off
0.5,LLY,2001-10-05,2001-10-10,3,0.0007530777972408753,0.25710648600426944,trend_off
0.5,LLY,2001-12-10,2001-12-20,8,-0.018518652999343077,0.20575632728247828,trend_off
0.5,LLY,2002-04-02,2002-04-03,1,-0.013969396298003756,0.18576427125665312,trend_off
0.5,LLY,2002-12-25,2002-12-26,1,-0.00822606490683575,0.3782650392066922,trend_off
0.5,LLY,2004-07-02,2004-07-06,2,-0.015712577316451926,0.17022358032987328,trend_off
0.5,LLY,2004-09-15,2004-09-22,5,-0.04810153941558648,0.1966956404381191,trend_off
0.5,LLY,2005-04-13,2005-04-14,1,-0.03431399616512565,0.2667439350365713,trend_off
0.5,LLY,2005-04-15,2005-05-31,32,0.01045497626907177,0.3144728542555343,trend_off
0.5,LLY,2007-03-28,2007-04-16,13,0.10167952285995274,0.1322045338993072,new_high
0.5,LLY,2008-04-18,2008-04-21,1,-0.04762779192926403,0.21402223090172628,trend_off
0.5,LLY,2009-05-13,2009-05-28,11,-0.038975728849851676,0.33331986997214075,trend_off
0.5,LLY,2009-05-29,2009-06-05,5,0.0057854709742442,0.31130497535426505,trend_off
0.5,LLY,2009-09-14,2009-09-15,1,-0.011470078080519697,0.18599892357426276,trend_off
0.5,LLY,2009-09-29,2009-09-30,1,-0.01166907350084001,0.16875230474414868,trend_off
0.5,LLY,2009-10-06,2009-10-30,18,0.02998155482527265,0.1694130228127621,trend_off
0.5,LLY,2009-11-05,2009-12-10,25,0.03144564645294046,0.20034505791929827,trend_off
0.5,LLY,2010-11-29,2010-11-30,1,-0.006786306297833278,0.1357724632532418,trend_off
0.5,LLY,2010-12-01,2010-12-06,3,-0.008464755838452631,0.1429734257843084,trend_off
0.5,LLY,2010-12-10,2011-01-06,19,-0.0011430271782770784,0.13583604236730656,trend_off
0.5,LLY,2011-01-20,2011-01-25,3,-0.0005754953475882729,0.10106290883355805,trend_off
0.5,LLY,2011-01-27,2011-01-28,1,-0.019734717520743628,0.10375778081588208,trend_off
0.5,LLY,2011-03-24,2011-03-25,1,-0.0034685002135674825,0.12723553796826426,trend_off
0.5,LLY,2013-11-22,2013-11-26,2,-0.013468332618499668,0.1630802249540604,trend_off
0.5,LLY,2013-12-24,2014-02-19,41,0.15524063182663173,0.1547368203065401,new_high
0.5,LLY,2016-05-02,2016-05-17,11,0.0019559142026364107,0.22949917081702514,trend_off
0.5,LLY,2016-07-05,2016-07-08,3,0.0002514166992775291,0.19183028147698403,trend_off
0.5,LLY,2016-08-23,2016-08-25,2,-0.019605624769437613,0.13824631026515355,trend_off
0.5,LLY,2016-09-14,2016-09-16,2,0.006514572231409277,0.15352534093997497,trend_off
0.5,LLY,2019-05-16,2019-05-23,5,0.0006854195553054332,0.19549457062659242,trend_off
0.5,LLY,2019-06-03,2019-06-10,5,-0.024321345931216043,0.16933610297628499,trend_off
0.5,LLY,2019-06-12,2019-06-13,1,-0.029677214709716848,0.20629499133142204,trend_off
0.5,LLY,2019-09-05,2019-09-09,2,-0.030802887137873824,0.225499636546976,trend_off
0.5,LLY,2019-10-28,2019-10-29,1,-0.011682447787849659,0.22224035312723245,trend_off
0.5,LLY,2019-10-30,2019-11-05,4,-0.01304139237002222,0.21930415031438785,trend_off
0.5,LLY,2019-11-06,2019-11-07,1,-0.00922508674277156,0.22267430769874488,trend_off
0.5,LLY,2019-11-11,2019-11-14,3,-0.0068203997165098285,0.21535774300176536,trend_off
0.5,LLY,2019-11-15,2019-11-18,1,0.007774851879589262,0.20790125097882886,trend_off
0.5,LLY,2019-11-20,2019-12-18,20,0.12974439608874633,0.200565279150462,new_high
0.5,LLY,2021-09-23,2021-09-27,2,-0.024894439554807857,0.2584097098936118,trend_off
0.5,LLY,2021-10-12,2021-11-30,35,0.06901529755799896,0.27034412740269526,trend_off
0.5,LLY,2023-03-17,2023-04-13,19,0.13965036608116055,0.22526207669916717,new_high
0.5,LLY,2026-04-22,2026-04-24,2,-0.04071716060406039,0.33643923464037023,trend_off
0.5,V,2009-04-03,2009-04-07,2,-0.048768470601615155,0.6193301378683147,trend_off
0.5,V,2009-04-08,2009-06-02,39,0.15734639572651998,0.6016033667821592,trend_off
0.5,V,2009-07-15,2009-07-30,11,0.07278530540920558,0.3567191760095332,trend_off
0.5,V,2010-08-17,2010-08-18,1,-0.00654370410118299,0.34385746683111795,trend_off
0.5,V,2010-09-24,2010-10-01,5,0.013127091568180038,0.32208281726527876,trend_off
0.5,V,2010-10-05,2010-10-06,1,-0.010134739067747978,0.3002901168515389,trend_off
0.5,V,2010-10-13,2010-10-27,10,0.03873161282174675,0.2928237070671295,trend_off
0.5,V,2010-11-08,2010-11-12,4,-0.022487419050930657,0.27476406729662145,trend_off
0.5,V,2010-12-10,2010-12-15,3,-0.04064887209562951,0.249925446990835,trend_off
0.5,V,2011-02-11,2011-02-15,2,0.00907541374968468,0.2946832332319158,trend_off
0.5,V,2011-02-17,2011-02-22,3,-0.03152109925317892,0.2771874167552396,trend_off
0.5,V,2011-02-25,2011-02-28,1,-0.021826365480627774,0.2697616890479662,trend_off
0.5,V,2011-04-04,2011-04-07,3,0.015550436378406918,0.23592916245137344,trend_off
0.5,V,2011-04-11,2011-04-12,1,-0.008750748310884848,0.22033100127687577,trend_off
0.5,V,2011-04-13,2011-04-14,1,-0.015354975828387074,0.21559322604813677,trend_off
0.5,V,2014-09-24,2014-09-25,1,-0.017256146896550306,0.13639798395393118,trend_off
0.5,V,2014-09-30,2014-10-01,1,-0.01574717017915217,0.1418569641661363,trend_off
0.5,V,2022-11-08,2022-11-09,1,-0.03675564207711857,0.27634587211402206,trend_off
0.5,V,2024-05-29,2024-06-05,5,0.02097766222551134,0.12287533204325565,trend_off
0.5,MA,2008-09-01,2008-09-03,2,-0.053267704008904015,0.45350442075276304,trend_off
0.5,MA,2009-03-27,2009-04-07,7,-0.010210678020890596,0.5927978866817806,trend_off
0.5,MA,2009-04-09,2009-04-20,7,-0.11950615711609935,0.5732583586467089,trend_off
0.5,MA,2009-04-21,2009-04-22,1,-0.021901790114153497,0.6161249330155616,trend_off
0.5,MA,2009-04-23,2009-04-27,2,0.0018157880123876868,0.6044723739302486,trend_off
0.5,MA,2009-04-28,2009-05-25,19,0.004894118309741291,0.6037588812657438,trend_off
0.5,MA,2009-05-26,2009-05-27,1,-0.007294869636601864,0.5220467540046114,trend_off
0.5,MA,2009-06-01,2009-06-02,1,-0.030737653201539983,0.5013038541229335,trend_off
0.5,MA,2009-07-15,2009-09-02,35,0.16290560247528174,0.37914674271098475,trend_off
0.5,MA,2010-08-16,2010-08-18,2,0.011499709405580871,0.36927540473813686,trend_off
0.5,MA,2010-09-21,2010-10-04,9,0.026038033927821447,0.36290454901387903,trend_off
0.5,MA,2014-07-11,2014-07-31,14,-0.02215455827342494,0.1906256744246894,trend_off
0.5,MA,2014-08-01,2014-08-04,1,0.009336109810762938,0.20185897027314317,trend_off
0.5,MA,2014-09-05,2014-09-11,4,-0.016132566908898083,0.16243183274859882,trend_off
0.5,MA,2014-09-15,2014-09-16,1,0.017942858826887287,0.15528265096736338,trend_off
0.5,MA,2014-09-17,2014-09-26,7,-0.015219326996966265,0.15930234016515873,trend_off
0.5,MA,2024-05-30,2024-06-03,2,0.002465392056384852,0.12899318844583546,trend_off
0.5,MA,2024-06-21,2024-06-28,5,-0.030098019915427265,0.1170808511613405,trend_off
0.5,MA,2024-07-02,2024-07-08,4,0.003575843696272951,0.13276648021796586,trend_off
0.5,MA,2024-07-15,2024-07-16,1,-0.001058558278126731,0.14214547578236744,trend_off
0.5,MA,2024-07-17,2024-07-18,1,-0.005408273513897055,0.14633280724714073,trend_off
0.5,XOM,1965-09-14,1965-10-13,21,-0.003205538636934735,0.13625469358654102,trend_off
0.5,XOM,1965-10-18,1965-11-24,27,0.0479000029619534,0.12743202777301824,trend_off
0.5,XOM,1965-12-28,1966-01-10,9,0.020216573660968074,0.1363348990556014,trend_off
0.5,XOM,1966-04-05,1966-04-12,5,-0.01129030103764439,0.13391629723153145,trend_off
0.5,XOM,1967-03-16,1967-03-21,3,-0.0019767143535106557,0.1609861706943539,trend_off
0.5,XOM,1967-03-23,1967-04-04,8,-0.02504854611466334,0.16413011857953047,trend_off
0.5,XOM,1967-04-05,1967-04-06,1,-0.001957372842124383,0.15299505586276427,trend_off
0.5,XOM,1967-08-28,1967-08-29,1,-0.003967799247915904,0.1483038393410533,trend_off
0.5,XOM,1967-09-11,1967-09-21,8,0.10078996436671028,0.134084815040531,new_high
0.5,XOM,1968-06-24,1968-06-26,2,0.0,0.12319494182431442,trend_off
0.5,XOM,1970-07-20,1970-07-22,2,-0.018828580208749557,0.22760307552567888,trend_off
0.5,XOM,1970-07-23,1970-09-17,40,0.11012590935064126,0.23031113025063696,trend_off
0.5,XOM,1971-06-25,1971-06-28,1,-0.0016733136553752637,0.13409227997194276,trend_off
0.5,XOM,1971-12-10,1972-03-15,68,0.04814636404554995,0.15355345367717896,trend_off
0.5,XOM,1972-05-12,1972-05-16,2,0.0,0.12903108986907627,trend_off
0.5,XOM,1973-08-17,1973-08-20,1,0.0069053984935492085,0.17951529781778147,trend_off
0.5,XOM,1974-08-07,1974-08-08,1,-0.023884799460751394,0.22451899171805698,trend_off
0.5,XOM,1975-01-02,1975-01-06,2,0.0,0.2745163263410884,trend_off
0.5,XOM,1975-01-10,1975-01-14,2,-0.0036236517854458805,0.26705797604518267,trend_off
0.5,XOM,1977-03-21,1977-03-23,2,-0.026894906934320728,0.13423523031200554,trend_off
0.5,XOM,1977-06-09,1977-06-10,1,-0.007335570379525147,0.1187945380062228,trend_off
0.5,XOM,1978-04-06,1978-04-12,4,0.0027777625419251883,0.15168758104317123,trend_off
0.5,XOM,1978-04-14,1978-05-24,28,0.024709137937932724,0.16175182465770874,trend_off
0.5,XOM,1978-05-26,1978-05-31,3,0.005376631831951473,0.15740168849074665,trend_off
0.5,XOM,1978-06-02,1978-06-05,1,0.010695431918201326,0.14888740123057226,trend_off
0.5,XOM,1980-03-28,1980-04-01,2,-0.00438685392141458,0.27641202173009594,trend_off
0.5,XOM,1980-04-03,1980-06-04,44,0.17880271870828346,0.26816533915684027,new_high
0.5,XOM,1981-03-12,1981-03-13,1,-0.022648193359122937,0.22065766381426044,trend_off
0.5,XOM,1981-03-23,1981-03-26,3,-0.007067207189989988,0.23487028627081152,trend_off
0.5,XOM,1981-06-15,1981-07-16,23,0.0073250390536050425,0.20432348972754208,trend_off
0.5,XOM,1981-07-27,1981-08-24,20,-0.043238577067462036,0.19988082249973668,trend_off
0.5,XOM,1981-09-11,1981-09-14,1,-0.01858766674653123,0.2086674487686998,trend_off
0.5,XOM,1981-11-24,1981-12-08,10,-0.019379973946410334,0.19006794291280302,trend_off
0.5,XOM,1982-03-15,1982-03-16,1,-0.008510123014042414,0.15930412626596666,trend_off
0.5,XOM,1982-05-06,1982-05-17,7,-4.6483612337056e-07,0.15545575498820488,trend_off
0.5,XOM,1990-04-11,1990-04-12,1,0.0027395690390168426,0.18572999611604904,trend_off
0.5,XOM,1996-07-31,1996-08-07,5,0.009117609485667089,0.1652724942166768,trend_off
0.5,XOM,1999-09-23,1999-09-24,1,0.0,0.23930295135148297,trend_off
0.5,XOM,2003-01-06,2003-01-07,1,-0.03380967954987113,0.2601277809787584,trend_off
0.5,XOM,2003-01-09,2003-01-10,1,-0.013989664280147918,0.2728397886369889,trend_off
0.5,XOM,2003-03-05,2003-03-07,2,-0.003723227858306144,0.23243637495724426,trend_off
0.5,XOM,2003-03-18,2003-04-03,12,-0.005673687961112117,0.21998378560805898,trend_off
0.5,XOM,2003-04-04,2003-04-08,2,-0.026463385314255183,0.22316128813121694,trend_off
0.5,XOM,2003-04-22,2003-04-23,1,-0.0022585366135833285,0.20523424284990519,trend_off
0.5,XOM,2003-05-02,2003-05-05,1,-0.016370860752458527,0.20202160182341627,trend_off
0.5,XOM,2003-05-06,2003-06-25,36,0.0488970617339024,0.20269282937871885,trend_off
0.5,XOM,2003-07-17,2003-07-30,9,0.0034094845766943216,0.14425263628119042,trend_off
0.5,XOM,2009-09-17,2009-09-18,1,0.0021477300707886116,0.1970399902089277,trend_off
0.5,XOM,2009-09-30,2009-10-01,1,-0.019530833068753473,0.17988507712313415,trend_off
0.5,XOM,2009-10-06,2009-10-07,1,0.00014609371016627293,0.18984228531404346,trend_off
0.5,XOM,2009-10-09,2009-11-13,25,0.052285059176495174,0.18151158688063465,trend_off
0.5,XOM,2010-04-19,2010-04-27,6,0.0005861402195932452,0.12425075541574916,trend_off
0.5,XOM,2010-04-28,2010-04-29,1,-0.007660664038451448,0.13101218079247148,trend_off
0.5,XOM,2010-10-27,2010-12-08,30,0.10099606679360851,0.15760407471388369,new_high
0.5,XOM,2011-06-13,2011-06-15,2,-0.007194455805898947,0.1673942866013023,trend_off
0.5,XOM,2013-10-22,2013-10-23,1,-0.004205010018569211,0.11187978382413145,trend_off
0.5,XOM,2013-10-25,2013-10-28,1,0.002955703643327201,0.11125288573096916,trend_off
0.5,XOM,2017-03-20,2017-03-22,2,-0.0029268105219060203,0.1345875628821252,trend_off
0.5,XOM,2017-09-25,2017-11-15,37,0.012121042177889896,0.1051321057558572,trend_off
0.5,XOM,2017-11-30,2017-12-05,3,-0.004802849226627881,0.08943815572481183,trend_off
0.5,XOM,2017-12-11,2017-12-12,1,-0.0032516383881323607,0.08717402952336648,trend_off
0.5,XOM,2017-12-13,2018-01-02,14,0.022978954633743776,0.08571970384700484,new_high
0.5,XOM,2019-12-26,2020-01-08,9,-0.012833155996159085,0.17507329789571174,trend_off
0.5,XOM,2020-01-09,2020-01-10,1,-0.00888794357727829,0.16742676846775695,trend_off
0.5,XOM,2020-01-13,2020-01-14,1,-0.008595960046827944,0.16621995642091092,trend_off
0.5,XOM,2020-12-17,2020-12-18,1,-0.01724903101698294,0.4868703079614581,trend_off
0.5,XOM,2020-12-21,2020-12-22,1,-0.01692480166044119,0.4791888077586637,trend_off
0.5,XOM,2020-12-30,2020-12-31,1,-0.009134389736174753,0.4330051852182563,trend_off
0.5,XOM,2021-01-01,2021-01-04,1,0.0067928138079929035,0.42010367417284394,trend_off
0.5,XOM,2021-01-05,2021-02-16,30,0.2166376609891716,0.4272190463695703,new_high
0.5,XOM,2024-02-28,2024-04-02,24,0.14340491575375336,0.19193136641688865,new_high
0.5,XOM,2025-08-20,2025-09-08,13,0.012162475059804834,0.20062145259057007,trend_off
0.5,XOM,2026-07-14,2026-09-15,45,0.1745564197046312,0.29081382972269054,new_high
0.5,WMT,1973-09-20,1973-09-24,2,-0.027180464849025032,0.582485135126717,trend_off
0.5,WMT,1973-09-28,1973-10-17,13,0.022255429680818173,0.5358945476169651,trend_off
0.5,WMT,1973-10-24,1973-10-25,1,-0.010768494051671462,0.42606068933349706,trend_off
0.5,WMT,1973-10-29,1973-11-05,5,-0.07974383514553585,0.4108245713520119,trend_off
0.5,WMT,1974-05-24,1974-07-09,32,0.11602793875109252,0.4067566060591608,trend_off
0.5,WMT,1974-07-10,1974-07-12,2,0.013091494661257252,0.32086034053270335,trend_off
0.5,WMT,1974-07-18,1974-07-22,2,-0.01251781687422815,0.29964245136507756,trend_off
0.5,WMT,1974-07-23,1974-07-24,1,0.0,0.31265802308742696,trend_off
0.5,WMT,1974-07-26,1974-07-30,2,-0.01276066912634366,0.3005082966895706,trend_off
0.5,WMT,1974-07-31,1974-08-05,3,-0.01276066912634366,0.29067911284578646,trend_off
0.5,WMT,1974-08-06,1974-08-12,4,-0.03247425674121018,0.2749658485158876,trend_off
0.5,WMT,1976-08-12,1976-08-13,1,-0.009272928295414151,0.40077439983945456,trend_off
0.5,WMT,1977-01-25,1977-01-27,2,-0.008862524058649068,0.3105551966429415,trend_off
0.5,WMT,1977-01-31,1977-02-01,1,0.009023118486817694,0.2962131322758144,trend_off
0.5,WMT,1979-01-03,1979-01-19,12,0.05377796258979428,0.3849915066517136,trend_off
0.5,WMT,1979-01-30,1979-02-02,3,-0.015896666037326757,0.3243197872173984,trend_off
0.5,WMT,1979-03-01,1979-04-02,22,0.02967341197967066,0.3067285151764308,trend_off
0.5,WMT,1979-04-06,1979-07-03,62,-0.04203413014077173,0.2506068512899196,trend_off
0.5,WMT,1980-04-11,1980-05-23,30,0.11021660993273907,0.2591209235182907,trend_off
0.5,WMT,1984-04-23,1984-04-25,2,-0.003663020540892181,0.3444172303017287,trend_off
0.5,WMT,1984-04-27,1984-05-01,2,-0.01408602665491454,0.33850548797510815,trend_off
0.5,WMT,1984-05-04,1984-05-17,9,0.0035211433310671225,0.31697017715951376,trend_off
0.5,WMT,1984-06-12,1984-06-15,3,-0.01838229042714168,0.273279540281868,trend_off
0.5,WMT,1985-10-09,1985-11-12,24,0.14285715657606923,0.19273008873651945,new_high
0.5,WMT,1986-10-10,1986-11-13,24,0.031518871732925335,0.35691044730166266,trend_off
0.5,WMT,1988-01-15,1988-01-18,1,-0.026905703330210362,0.5773091548611285,trend_off
0.5,WMT,1988-01-25,1988-01-26,1,-0.04072373229266113,0.5722566785576124,trend_off
0.5,WMT,1988-02-16,1988-02-17,1,-0.004525228259007141,0.48340426930017916,trend_off
0.5,WMT,1988-02-29,1988-03-10,8,0.004256299769258343,0.43765318727744434,trend_off
0.5,WMT,1988-03-11,1988-03-14,1,0.004218992394987797,0.39999236673805916,trend_off
0.5,WMT,1988-03-15,1988-03-25,8,-0.05290371930422244,0.38726602425549417,trend_off
0.5,WMT,1988-03-28,1988-03-29,1,0.0043856078540156496,0.357508828767538,trend_off
0.5,WMT,1988-04-11,1988-04-14,3,-0.050847478412637814,0.330239085673738,trend_off
0.5,WMT,1988-04-19,1988-04-20,1,-0.013513720223656378,0.35968929415621814,trend_off
0.5,WMT,1988-04-22,1988-04-26,2,-0.021739121316395438,0.3616983475038987,trend_off
0.5,WMT,1988-04-27,1988-04-28,1,-0.017857839637339112,0.3473932664071248,trend_off
0.5,WMT,1988-05-03,1988-05-04,1,-0.01793740790763554,0.3309214990988833,trend_off
0.5,WMT,1988-06-15,1988-06-16,1,-0.029411655173798512,0.2823629741718567,trend_off
0.5,WMT,1988-06-17,1988-06-20,1,0.0,0.2929755432651516,trend_off
0.5,WMT,1988-06-21,1988-08-05,33,0.09361707814764642,0.2839160580267271,trend_off
0.5,WMT,1988-08-08,1988-08-09,1,-0.015564442715728322,0.2926037827510249,trend_off
0.5,WMT,1988-09-07,1988-09-13,4,-0.02755855493100834,0.27324345313596154,trend_off
0.5,WMT,1988-09-14,1988-10-26,30,-0.011810646915839884,0.27206215955554797,trend_off
0.5,WMT,1988-11-28,1988-11-30,2,0.008333465627110126,0.19683904015056658,trend_off
0.5,WMT,1990-08-20,1990-08-21,1,-0.03097291881040687,0.37635759930105767,trend_off
0.5,WMT,1990-09-21,1990-09-24,1,-0.01895702786800013,0.3992340088953439,trend_off
0.5,WMT,1990-10-19,1990-10-26,5,-0.054053993800998845,0.4579206140557819,trend_off
0.5,WMT,1990-11-02,1990-11-07,3,-0.04054045247838289,0.44047353396147193,trend_off
0.5,WMT,1990-11-08,1991-01-01,38,0.10124801632469271,0.44718402407798535,trend_off
0.5,WMT,1992-04-02,1992-04-03,1,-0.007211279752658339,0.22369224502997595,trend_off
0.5,WMT,1992-05-04,1992-05-05,1,0.0024093386037236098,0.21974514473425225,trend_off
0.5,WMT,1992-05-06,1992-05-08,2,0.0024093386037236098,0.21277605597793697,trend_off
0.5,WMT,1992-05-11,1992-05-12,1,0.007092211906738477,0.20890924104201303,trend_off
0.5,WMT,1992-05-15,1992-05-26,7,0.0,0.2023809544496365,trend_off
0.5,WMT,1992-05-27,1992-06-24,20,0.025080284688616672,0.2059146310082731,trend_off
0.5,WMT,1992-06-25,1992-07-02,5,0.021226571987095655,0.18968123127462072,trend_off
0.5,WMT,1993-10-15,1993-10-22,5,-0.023256422234235963,0.28166924510966956,trend_off
0.5,WMT,1993-11-02,1993-12-07,25,0.024258784047181292,0.2800075204910516,trend_off
0.5,WMT,1994-02-02,1994-02-03,1,0.013513965246007453,0.25396864939910124,trend_off
0.5,WMT,1994-03-01,1994-03-02,1,-0.013393381721737319,0.24372590652125026,trend_off
0.5,WMT,1994-03-07,1994-03-17,8,-0.03820481957924793,0.23533117371240556,trend_off
0.5,WMT,1994-07-13,1994-07-25,8,0.0,0.31663732623177726,trend_off
0.5,WMT,1994-08-26,1994-08-29,1,-0.010101240332629269,0.24970152498681214,trend_off
0.5,WMT,1994-09-02,1994-09-05,1,0.0,0.23266102378980913,trend_off
0.5,WMT,1994-09-08,1994-09-19,7,-0.03482650224853767,0.24041993894293287,trend_off
0.5,WMT,1994-11-09,1994-11-11,2,-0.015625582667204263,0.21240412136085238,trend_off
0.5,WMT,1995-02-06,1995-02-07,1,-0.005180791564075582,0.24868569708985505,trend_off
0.5,WMT,1997-01-14,1997-01-16,2,-0.015957261363985897,0.3249449592595462,trend_off
0.5,WMT,2000-09-13,2000-09-14,1,-0.025522112060816782,0.41642476943794593,trend_off
0.5,WMT,2004-11-01,2004-11-02,1,0.005571474195326553,0.12790263869141857,trend_off
0.5,WMT,2004-11-03,2004-11-29,18,-0.024412902598998643,0.12547771391064613,trend_off
0.5,WMT,2004-12-21,2004-12-23,2,-0.0009506492543843725,0.16298276318498592,trend_off
0.5,WMT,2004-12-28,2004-12-31,3,-0.007702812115598423,0.1553894665470666,trend_off
0.5,WMT,2005-01-03,2005-01-20,13,0.0003749138091504456,0.15053680528836177,trend_off
0.5,WMT,2005-11-10,2005-12-05,17,-0.038744155566507454,0.1878188362387889,trend_off
0.5,WMT,2006-04-12,2006-04-14,2,-0.0028316657374911625,0.1408479647715376,trend_off
0.5,WMT,2006-09-01,2006-10-23,36,0.12827289424026245,0.16858024990234333,new_high
0.5,WMT,2007-01-01,2007-03-08,48,0.03681257759075374,0.1502562528012185,trend_off
0.5,WMT,2007-05-31,2007-06-04,2,0.07584042555358006,0.13194954724840735,new_high
0.5,WMT,2009-07-20,2009-07-24,4,0.0024581468311095644,0.18464498856975414,trend_off
0.5,WMT,2009-08-03,2009-08-05,2,-0.012841322307858505,0.1644910597128655,trend_off
0.5,WMT,2009-08-11,2009-09-11,23,0.019149640879860153,0.15747101689070034,trend_off
0.5,WMT,2009-10-14,2009-10-21,5,0.008766712611437466,0.13571475007973047,trend_off
0.5,WMT,2009-10-22,2009-10-23,1,-0.0007928315110707906,0.14788430476911488,trend_off
0.5,WMT,2009-10-26,2009-10-27,1,0.0006020972744631425,0.14716322042051594,trend_off
0.5,WMT,2009-10-29,2009-11-03,3,-0.009920998624917576,0.14298484208144857,trend_off
0.5,WMT,2009-11-04,2009-12-16,30,0.06369405626128843,0.1477543826230178,trend_off
0.5,WMT,2011-04-19,2011-04-20,1,0.006372623628598806,0.12052125741125608,trend_off
0.5,WMT,2011-04-21,2011-04-25,2,-0.003919538615891338,0.11805045630341032,trend_off
0.5,WMT,2011-06-09,2011-06-10,1,-0.016784846397165487,0.1077257727164232,trend_off
0.5,WMT,2011-06-16,2011-06-17,1,-0.00018926839409139085,0.1178706190290907,trend_off
0.5,WMT,2011-06-20,2011-06-22,2,-0.0005660681394757949,0.11480592640864193,trend_off
0.5,WMT,2012-12-14,2012-12-19,3,-0.0033453704765387116,0.1761747655822873,trend_off
0.5,WMT,2012-12-20,2012-12-24,2,-0.006231458592355965,0.17253987058013384,trend_off
0.5,WMT,2013-02-08,2013-02-19,7,-0.03805222600461855,0.13347630900148763,trend_off
0.5,WMT,2013-02-21,2013-02-28,5,0.007400900977403424,0.14108921728912288,trend_off
0.5,WMT,2013-09-16,2013-09-30,10,-0.01096524765381468,0.10818097163598879,trend_off
0.5,WMT,2014-02-26,2014-02-28,2,-0.001069669255229222,0.13209887798133066,trend_off
0.5,WMT,2014-03-04,2014-03-13,7,0.0037725677798801094,0.1320550686120873,trend_off
0.5,WMT,2015-04-09,2015-04-10,1,-0.0023501712354933035,0.16950640496104832,trend_off
0.5,WMT,2016-02-15,2016-02-18,3,-0.031127057643457245,0.21891676972080856,trend_off
0.5,WMT,2016-02-22,2016-02-29,5,0.010818002977764252,0.2249156919546202,trend_off
0.5,WMT,2016-03-04,2016-04-29,40,0.008760416664511217,0.21175485145235684,trend_off
0.5,WMT,2018-03-30,2018-04-02,1,-0.03843986462067861,0.2867324190176418,trend_off
0.5,WMT,2018-04-05,2018-04-06,1,-0.01275467222308413,0.29204368231249644,trend_off
0.5,WMT,2018-04-17,2018-04-18,1,-0.003754467978993481,0.26387628612896685,trend_off
0.5,WMT,2018-04-25,2018-04-27,2,0.0013764637242248412,0.24377747652287096,trend_off
0.5,WMT,2018-06-28,2018-06-29,1,-0.0024459539951008358,0.19444124407483435,trend_off
0.5,WMT,2018-07-09,2018-11-20,96,0.1021399372208438,0.187623399544681,trend_off
0.5,WMT,2021-06-10,2021-06-16,4,-0.019516913364516997,0.1453976207292373,trend_off
0.5,WMT,2021-10-18,2021-11-08,15,0.05357157904928611,0.1220855153215275,trend_off
0.5,WMT,2022-09-21,2022-09-22,1,-0.010239267391588869,0.2623608273189587,trend_off
0.5,WMT,2022-11-04,2022-11-14,6,-0.018301522553776817,0.2205919352256897,trend_off
0.5,WMT,2023-01-20,2023-02-03,10,0.008325003937674103,0.20417423456187084,trend_off
0.5,WMT,2023-02-06,2023-02-07,1,0.0021324223041929713,0.1867855522048822,trend_off
0.5,WMT,2023-02-09,2023-02-10,1,0.015545563936304019,0.18056119621929043,trend_off
0.5,WMT,2023-02-24,2023-02-27,1,-0.007229593530838185,0.1866143339935662,trend_off
0.5,WMT,2023-03-27,2023-04-24,20,0.05958232002436059,0.1609243699648071,new_high
0.5,WMT,2026-09-28,2026-09-29,1,-0.017750393135187115,0.2696219232284856,trend_off
0.5,COST,1988-04-22,1988-05-11,13,0.010032947775133305,0.288086498135221,trend_off
0.5,COST,1988-06-03,1988-06-06,1,-0.026143316533698502,0.26577627231672873,trend_off
0.5,COST,1988-06-09,1988-06-15,4,0.006451344108958201,0.29207008279385765,trend_off
0.5,COST,1988-06-16,1988-06-27,7,-0.038461563913407715,0.28044565368210767,trend_off
0.5,COST,1988-06-28,1988-07-01,3,-0.01948060508705185,0.2863171511282342,trend_off
0.5,COST,1988-07-05,1988-07-07,2,-0.03947364548630761,0.2697524637540614,trend_off
0.5,COST,1990-07-24,1990-07-26,2,-0.018987064249848307,0.3272591957773358,trend_off
0.5,COST,1990-11-19,1990-11-22,3,0.03424681533866636,0.40796660808227864,trend_off
0.5,COST,1990-11-26,1990-11-27,1,0.006536353918971116,0.38478127515502913,trend_off
0.5,COST,1990-11-28,1990-12-18,14,-0.006666467338179327,0.38239763360115464,trend_off
0.5,COST,1992-10-12,1992-12-07,40,0.19847401099223427,0.27339056333080985,trend_off
0.5,COST,1992-12-14,1992-12-15,1,-0.019108720937028756,0.46376973589879605,trend_off
0.5,COST,1993-01-14,1993-02-02,13,-0.03267937057521442,0.38355247792383174,trend_off
0.5,COST,1993-08-03,1993-08-06,3,-0.014925184049250473,0.46423590560511707,trend_off
0.5,COST,1993-08-17,1993-10-27,51,0.0977437306158313,0.4081149168304163,trend_off
0.5,COST,1994-10-07,1994-10-27,14,-0.061538799539140876,0.3550081089643523,trend_off
0.5,COST,1994-11-01,1994-11-07,4,-0.003936845729368255,0.3316636890386301,trend_off
0.5,COST,1994-11-08,1994-11-09,1,-0.03076988505167022,0.3641986939673359,trend_off
0.5,COST,1999-06-25,1999-07-23,20,0.051150550613666024,0.4006723394982137,trend_off
0.5,COST,2000-08-30,2000-09-04,3,-0.008771928412396601,0.4979682897534281,trend_off
0.5,COST,2000-09-07,2000-09-18,7,-0.06678039035513339,0.4699405052957398,trend_off
0.5,COST,2000-11-16,2000-11-29,9,0.03185838566433152,0.5177249686930139,trend_off
0.5,COST,2000-12-18,2000-12-19,1,-0.06861070362768673,0.5683727844104728,trend_off
0.5,COST,2000-12-21,2000-12-26,3,0.012280635382641458,0.5845622597025162,trend_off
0.5,COST,2000-12-27,2001-02-12,33,0.14117715098247574,0.5780485453441381,trend_off
0.5,COST,2001-02-26,2001-02-27,1,0.002915866253120125,0.5113631204031904,trend_off
0.5,COST,2001-05-15,2001-05-16,1,0.016877724601015665,0.44157025161714686,trend_off
0.5,COST,2002-04-04,2002-04-05,1,-0.005573141396213233,0.2574188362194496,trend_off
0.5,COST,2003-04-02,2003-04-04,2,-0.0015810673846312628,0.3393998397607218,trend_off
0.5,COST,2003-05-20,2003-06-09,14,0.024897264085372184,0.30442670383960335,trend_off
0.5,COST,2005-09-12,2005-09-14,2,-0.017303731587837268,0.15478833172095358,trend_off
0.5,COST,2009-05-26,2009-05-27,1,-0.006308874002707077,0.3358552792847445,trend_off
0.5,COST,2009-07-15,2009-07-16,1,0.012580183487471919,0.2931256351946751,trend_off
0.5,COST,2009-07-17,2009-08-17,21,0.003481661205618991,0.2854960262320155,trend_off
0.5,COST,2009-08-25,2009-10-07,31,0.189036152638824,0.2443316705242367,new_high
0.5,COST,2012-05-10,2012-05-17,5,-0.004887629526908355,0.15395752722989217,trend_off
0.5,COST,2014-04-21,2014-05-06,11,-0.011130728312777283,0.1337329379616805,trend_off
0.5,COST,2014-05-08,2014-05-14,4,0.00655897544095696,0.14202664613107976,trend_off
0.5,COST,2014-05-16,2014-05-23,5,-0.005795388665270074,0.1385149353156821,trend_off
0.5,COST,2014-06-03,2014-06-16,9,-0.0006924065884328368,0.13016486699238036,trend_off
0.5,COST,2014-06-18,2014-06-30,8,-0.009546532510354644,0.12073430827005757,trend_off
0.5,COST,2014-07-02,2014-07-04,2,0.00518347898238547,0.10899234012157093,trend_off
0.5,COST,2014-07-08,2014-09-04,42,0.06869913970702979,0.10635958460593561,new_high
0.5,COST,2016-02-17,2016-02-19,2,-0.014644359774409699,0.20467497094309092,trend_off
0.5,COST,2016-03-28,2016-04-07,8,-0.0041915257851087295,0.18639443422716004,trend_off
0.5,COST,2016-04-25,2016-04-26,1,0.007193881478096076,0.18122048358770163,trend_off
0.5,COST,2016-05-10,2016-05-11,1,-0.016314496284742797,0.1900018651195296,trend_off
0.5,COST,2017-08-02,2017-08-03,1,-0.020895298123050465,0.20919711525154733,trend_off
0.5,COST,2017-09-04,2017-09-08,4,-0.0058774746569819625,0.21876014370226257,trend_off
0.5,COST,2017-09-12,2017-10-06,18,-0.01843248365718797,0.2075348436828913,trend_off
0.5,COST,2021-03-25,2021-04-06,8,0.03978745966067976,0.20726911850055993,trend_off
0.5,COST,2022-01-24,2022-01-25,1,-0.023685736186071615,0.2610367532987335,trend_off
0.5,COST,2022-07-13,2022-08-30,34,0.06668708171506199,0.35210873610368354,trend_off
0.5,COST,2022-08-31,2022-09-02,2,-0.0057268598015965955,0.2748154668229718,trend_off
0.5,COST,2023-01-13,2023-01-17,2,0.0031325543849902715,0.30362570967680363,trend_off
0.5,COST,2023-01-31,2023-02-08,6,-0.01262458255876664,0.27901133897886354,trend_off
0.5,COST,2023-03-24,2023-03-28,2,-0.017162127514422698,0.209805582678237,trend_off
0.5,COST,2023-03-29,2023-04-06,6,-0.009961798999098326,0.20493510481227847,trend_off
0.5,COST,2023-04-07,2023-04-19,8,0.020679788114650544,0.19553584932556467,trend_off
0.5,COST,2023-04-27,2023-05-01,2,-0.015320876999667665,0.20130792386503873,trend_off
0.5,COST,2023-05-09,2023-05-11,2,0.0021967350360052595,0.1923673490202481,trend_off
0.5,COST,2023-05-12,2023-05-15,1,-0.0040272084936570085,0.18379594822335824,trend_off
0.5,COST,2025-09-03,2025-09-04,1,0.006443568680098766,0.17312418668211796,trend_off
0.5,COST,2025-09-23,2025-09-24,1,0.0017697809224357375,0.1658196150048348,trend_off
0.5,COST,2025-10-15,2025-10-16,1,-0.030754326603044113,0.18035072657854687,trend_off
0.5,COST,2025-10-22,2025-10-23,1,-0.002784013575380495,0.1898292676517572,trend_off
0.5,COST,2025-10-27,2025-10-28,1,-0.0061192542860331045,0.18317309425576403,trend_off
0.5,COST,2026-01-13,2026-01-29,12,0.011635711755342504,0.20368291439204025,trend_off
0.5,NFLX,2005-04-11,2005-04-22,9,-0.058031162628707444,0.49161770252794507,trend_off
0.5,NFLX,2005-04-25,2005-05-03,6,0.003475631441752558,0.538013576578668,trend_off
0.5,NFLX,2005-05-06,2005-05-09,1,0.0034546034152422855,0.47067933296405834,trend_off
0.5,NFLX,2005-05-11,2005-07-13,45,0.2764485942164163,0.557549767366566,trend_off
0.5,NFLX,2007-01-09,2007-01-11,2,0.01042264696066142,0.38415094975926134,trend_off
0.5,NFLX,2007-04-05,2007-04-18,9,-0.10330504454348644,0.3437719176707705,trend_off
0.5,NFLX,2007-10-08,2007-11-15,28,0.08037576762689436,0.4562387528530969,trend_off
0.5,NFLX,2008-07-28,2008-08-21,18,0.047850797190245764,0.501793203867573,trend_off
0.5,NFLX,2008-08-28,2008-08-29,1,-0.008997389411655288,0.45714876816730393,trend_off
0.5,NFLX,2008-09-18,2008-10-01,9,-0.03221706715931605,0.4692827476787704,trend_off
0.5,NFLX,2009-06-11,2009-06-15,2,0.011128739627646045,0.478523496213889,trend_off
0.5,NFLX,2012-03-23,2012-03-29,4,-0.04276586379175795,0.6226038627860941,trend_off
0.5,NFLX,2012-04-03,2012-04-05,2,-0.021777724064170445,0.5687645669192296,trend_off
0.5,NFLX,2014-04-08,2014-04-10,2,-0.0405858691289791,0.4090760228545207,trend_off
0.5,NFLX,2014-04-16,2014-04-22,4,0.1251923567530755,0.40740525246136217,trend_off
0.5,NFLX,2014-05-05,2014-05-06,1,-0.052819570224556855,0.47624777699825915,trend_off
0.5,NFLX,2016-03-08,2016-03-09,1,0.018393436881438463,0.5250202057152709,trend_off
0.5,NFLX,2016-03-16,2016-03-18,2,0.017815806572778703,0.4802115316792598,trend_off
0.5,NFLX,2016-03-22,2016-03-24,2,-0.014823693953844419,0.45240350562407766,trend_off
0.5,NFLX,2016-04-08,2016-04-19,7,-0.09122431264203257,0.395111208811205,trend_off
0.5,NFLX,2016-05-24,2016-06-01,6,0.03698033320635852,0.43288617484777336,trend_off
0.5,NFLX,2016-06-02,2016-06-09,5,-0.041086455922067944,0.3974872907435678,trend_off
0.5,NFLX,2016-07-27,2016-07-28,1,-0.004237343455570919,0.4993516633158618,trend_off
0.5,NFLX,2016-08-05,2016-08-08,1,-0.019787734488344366,0.46792800882709495,trend_off
0.5,NFLX,2016-08-17,2016-08-19,2,-0.005188356366030877,0.42176731698626707,trend_off
0.5,NFLX,2016-08-31,2016-09-01,1,-0.0007183139625065449,0.3637995462339797,trend_off
0.5,NFLX,2016-09-06,2016-09-09,3,-0.03586774026252204,0.3488649995832305,trend_off
0.5,NFLX,2016-09-16,2016-09-19,1,-0.014274245980868572,0.3436535402422622,trend_off
0.5,NFLX,2016-10-03,2016-11-16,32,0.12238142606979396,0.3392553371694117,trend_off
0.5,NFLX,2019-11-18,2019-12-10,16,-0.03123243202489856,0.338434852753177,trend_off
0.5,NFLX,2019-12-11,2019-12-13,2,-0.0014384393698507747,0.29799457237178467,trend_off
0.5,NFLX,2019-12-16,2019-12-30,10,0.06278563441240448,0.2885388676026461,trend_off
0.5,NFLX,2021-06-22,2021-06-29,5,0.0485043533296432,0.25658405637830134,trend_off
0.5,NFLX,2022-10-13,2022-10-14,1,-0.010795211243111336,0.5844678062713393,trend_off
0.5,NFLX,2022-10-17,2022-10-18,1,-0.017299052730212705,0.5955386650011355,trend_off
0.5,NFLX,2022-10-19,2022-11-21,23,0.046515832680755986,0.6848362550372713,trend_off
0.5,NFLX,2022-11-22,2022-11-24,2,0.016777668646399846,0.6100868420808185,trend_off
0.5,NFLX,2022-11-30,2022-12-15,11,-0.0494877476898532,0.6094505513198637,trend_off
0.5,NFLX,2022-12-19,2022-12-28,7,-0.03961152276747748,0.5757035698873915,trend_off
0.5,NFLX,2023-01-04,2023-01-09,3,0.0186160826704731,0.5308560793049742,trend_off
0.5,NFLX,2023-01-10,2023-02-21,30,0.03040844884242455,0.5088370588789999,trend_off
0.5,NFLX,2026-03-05,2026-03-11,4,-0.04315820165697193,0.48719834128010003,trend_off
0.5,NFLX,2026-03-17,2026-03-19,2,-0.027766031471333052,0.4373717391080025,trend_off
0.5,NFLX,2026-04-02,2026-04-03,1,0.0,0.40025364217988413,trend_off
0.5,NFLX,2026-04-07,2026-04-09,2,0.03268572522676072,0.38097063355704824,trend_off
0.5,ORCL,1988-11-22,1988-11-24,2,0.007518017364773089,0.4355832070308783,trend_off
0.5,ORCL,1991-03-05,1991-03-07,2,-0.02666299558757046,0.7838499532755545,trend_off
0.5,ORCL,1991-03-13,1991-03-14,1,0.013335551547204227,0.7690389880778064,trend_off
0.5,ORCL,1991-03-22,1991-03-27,3,-0.013886961715972257,0.7183935785029837,trend_off
0.5,ORCL,1991-03-29,1991-04-30,22,0.02777831499335659,0.6679022041010333,trend_off
0.5,ORCL,1991-06-04,1991-06-10,4,-0.06493483623218577,0.8414795482870361,trend_off
0.5,ORCL,1991-06-12,1991-06-13,1,-0.013701273928855229,0.7855935439860187,trend_off
0.5,ORCL,1991-06-14,1991-06-17,1,0.0,0.7610858091622796,trend_off
0.5,ORCL,1991-06-18,1991-06-19,1,-0.04225237158840223,0.7373960026983257,trend_off
0.5,ORCL,1991-07-26,1991-07-29,1,-0.027027535596074626,0.6306175572946859,trend_off
0.5,ORCL,1991-08-07,1991-08-29,16,0.1688335276501023,0.5771423028408581,new_high
0.5,ORCL,1992-05-27,1992-06-03,5,0.05000085635431617,0.5362510857228112,trend_off
0.5,ORCL,1992-06-08,1992-06-09,1,-0.023999494092065476,0.5001069557724002,trend_off
0.5,ORCL,1992-06-11,1992-06-26,11,-0.08064431025672958,0.486521429210961,trend_off
0.5,ORCL,1998-03-06,1998-03-09,1,-0.0488373382348436,0.6833279603367326,trend_off
0.5,ORCL,1998-07-16,1998-07-17,1,-0.022008777873013363,0.4165198136232076,trend_off
0.5,ORCL,1998-07-20,1998-07-22,2,-0.05895654643062209,0.4114839389176822,trend_off
0.5,ORCL,1998-07-27,1998-08-03,5,-0.0023421127851557255,0.4970733974827481,trend_off
0.5,ORCL,1999-05-05,1999-05-10,3,-0.02499961084042901,0.756994232825779,trend_off
0.5,ORCL,1999-05-12,1999-05-13,1,-0.09135807460303946,0.7077875255768998,trend_off
0.5,ORCL,1999-05-17,1999-05-21,4,0.051020286101330026,0.7320028944413778,trend_off
0.5,ORCL,1999-06-02,1999-06-11,7,-0.03341275449998238,0.6713637052507873,trend_off
0.5,ORCL,1999-06-14,1999-06-15,1,-0.049645034992205184,0.6494088138950329,trend_off
0.5,ORCL,2001-12-06,2001-12-11,3,-0.049685819225773864,0.5998673030912592,trend_off
0.5,ORCL,2002-01-31,2002-02-07,5,-0.07763615214844488,0.5058936726731499,trend_off
0.5,ORCL,2002-02-11,2002-02-12,1,-0.010397274899020426,0.48222218386998517,trend_off
0.5,ORCL,2002-10-24,2002-11-08,11,-0.03143971954451141,0.6660278809455463,trend_off
0.5,ORCL,2002-11-21,2002-12-20,21,-0.06282666980813989,0.6381709311955128,trend_off
0.5,ORCL,2003-01-02,2003-02-04,23,0.04638715633369461,0.5629036306899409,trend_off
0.5,ORCL,2003-02-17,2003-02-21,4,0.058974063632520446,0.5065786909796375,trend_off
0.5,ORCL,2004-04-05,2004-04-08,3,-0.03053989477447483,0.27136866293330314,trend_off
0.5,ORCL,2004-04-09,2004-04-20,7,-0.030694656595197767,0.2637221006026248,trend_off
0.5,ORCL,2004-04-23,2004-04-27,2,-0.030327395844716554,0.2684447427264387,trend_off
0.5,ORCL,2004-09-20,2004-09-21,1,0.0008781803218702589,0.36470287030022264,trend_off
0.5,ORCL,2004-10-05,2004-11-26,38,0.0368550907536469,0.35793325610316856,trend_off
0.5,ORCL,2004-11-29,2004-11-30,1,0.004732259969095098,0.2520997081524174,trend_off
0.5,ORCL,2005-05-23,2005-05-26,3,0.017322647430755733,0.24073601975602138,trend_off
0.5,ORCL,2005-06-15,2005-06-16,1,-0.012677707425382434,0.20858726016162546,trend_off
0.5,ORCL,2005-08-23,2005-08-24,1,-0.011450516761346452,0.17367523114707067,trend_off
0.5,ORCL,2005-11-10,2005-11-15,3,-0.002362308161766191,0.2633468170219878,trend_off
0.5,ORCL,2007-01-23,2007-01-25,2,-0.008177718769990738,0.2402258722247277,trend_off
0.5,ORCL,2007-01-29,2007-02-01,3,-0.012739408122308116,0.2292445776965731,trend_off
0.5,ORCL,2007-02-21,2007-02-23,2,-0.022093220896455046,0.20407224484461095,trend_off
0.5,ORCL,2007-03-12,2007-03-15,3,-0.020504001587406617,0.24884329834842778,trend_off
0.5,ORCL,2009-05-19,2009-05-20,1,-0.0015815823085582048,0.376724863979946,trend_off
0.5,ORCL,2011-06-07,2011-06-08,1,-0.018530035244637366,0.23781800269979472,trend_off
0.5,ORCL,2011-06-09,2011-06-15,4,-0.014859448377694373,0.23838580796174677,trend_off
0.5,ORCL,2012-03-13,2012-03-21,6,-0.023896473762366588,0.24635296783088978,trend_off
0.5,ORCL,2012-03-27,2012-03-28,1,0.00034062496456810365,0.24447345433435969,trend_off
0.5,ORCL,2015-11-06,2015-11-09,1,-0.012801218190936603,0.21238231958471424,trend_off
0.5,ORCL,2016-03-01,2016-03-02,1,-0.006054381381397245,0.24968868605944575,trend_off
0.5,ORCL,2016-03-08,2016-03-14,4,0.014417062215545506,0.23370477992417898,trend_off
0.5,ORCL,2016-03-15,2016-04-18,24,0.06850076630369117,0.22842864228446844,trend_off
0.5,ORCL,2016-05-30,2016-05-31,1,0.003244231958813293,0.17070526054765156,trend_off
0.5,ORCL,2016-06-01,2016-06-02,1,-0.039741774579869715,0.16530240562349255,trend_off
0.5,ORCL,2019-08-26,2019-08-30,4,-0.00134276646000131,0.24174377258132104,trend_off
0.5,ORCL,2020-01-28,2020-01-29,1,-0.004863214559001072,0.16699814288481732,trend_off
0.5,ORCL,2020-01-30,2020-01-31,1,-0.016131978672535796,0.16216905284929045,trend_off
0.5,ORCL,2020-02-04,2020-02-21,13,0.011843002707562666,0.17266858361206,trend_off
0.5,ORCL,2021-12-09,2021-12-10,1,0.15613403812074855,0.18683031298660596,new_high
0.5,ORCL,2022-08-12,2022-08-25,9,-0.028553459183347174,0.29409396920176634,trend_off
0.5,ORCL,2022-10-28,2022-11-02,3,-0.028955501263122296,0.34718117607778265,trend_off
0.5,ORCL,2022-11-15,2022-12-21,26,0.029300296946642268,0.3064447745852758,trend_off
0.5,ORCL,2026-04-20,2026-04-23,3,-0.007320692947191509,0.5948857585231151,trend_off
0.5,ORCL,2026-04-27,2026-04-28,1,-0.04047173602174048,0.586904946462411,trend_off
0.5,ORCL,2026-04-30,2026-06-11,30,0.14071506897506358,0.574212491459892,trend_off
0.5,JNJ,1963-01-17,1963-03-01,31,0.04343858351397212,0.20366393224823046,trend_off
0.5,JNJ,1963-03-13,1963-03-14,1,-0.0061902333926721065,0.1611038120258784,trend_off
0.5,JNJ,1963-03-15,1963-03-19,2,-0.012195902323578589,0.168164283343622,trend_off
0.5,JNJ,1963-03-20,1963-03-22,2,-0.012232857883556325,0.1684152233170229,trend_off
0.5,JNJ,1963-03-27,1963-04-15,13,-0.024239716368671393,0.1709501474516817,trend_off
0.5,JNJ,1963-04-23,1963-04-24,1,-0.006213853312980966,0.17012434861733988,trend_off
0.5,JNJ,1964-06-16,1964-06-17,1,-0.012374213334923612,0.23409630334183493,trend_off
0.5,JNJ,1964-06-23,1964-06-24,1,-0.004928121829069099,0.22077211522782267,trend_off
0.5,JNJ,1964-07-27,1964-07-31,4,-0.0049123562181591085,0.15751444844601817,trend_off
0.5,JNJ,1964-09-02,1964-09-04,2,-0.0037594274576872033,0.12432579145361254,trend_off
0.5,JNJ,1964-09-08,1964-09-18,8,0.004972731824672616,0.12127749005080884,trend_off
0.5,JNJ,1964-09-21,1964-09-24,3,-0.007424782961098941,0.19261198116067646,trend_off
0.5,JNJ,1964-10-20,1964-10-21,1,-0.00717543019322886,0.16108778304504054,trend_off
0.5,JNJ,1964-10-22,1964-12-29,48,0.07506024271649236,0.15831474254973865,trend_off
0.5,JNJ,1965-11-11,1965-12-15,24,0.17401815762613637,0.1813046442125901,new_high
0.5,JNJ,1966-03-17,1966-05-06,36,0.0632186273381945,0.19266322832252958,trend_off
0.5,JNJ,1966-06-03,1966-06-07,2,-0.0028581703763052024,0.18447471464907525,trend_off
0.5,JNJ,1966-06-09,1966-07-15,26,0.04125019607832936,0.17340687583934022,trend_off
0.5,JNJ,1966-11-08,1966-12-02,18,0.005018299161674733,0.20191835513505388,trend_off
0.5,JNJ,1966-12-07,1966-12-30,17,-0.005815222198505388,0.16425498097454683,trend_off
0.5,JNJ,1967-08-14,1967-09-18,25,0.1678105079394958,0.1796883218564863,new_high
0.5,JNJ,1967-11-14,1967-12-19,25,0.1697808051663201,0.2517030919789564,new_high
0.5,JNJ,1968-10-21,1968-10-22,1,-0.005603289391818755,0.14295241657880176,trend_off
0.5,JNJ,1968-10-23,1968-10-24,1,0.004226737638194367,0.13916222370384201,trend_off
0.5,JNJ,1968-10-25,1968-10-31,4,-0.03781624994172328,0.13522032926553793,trend_off
0.5,JNJ,1969-06-20,1969-06-25,3,0.010775719506772141,0.1702112655865913,trend_off
0.5,JNJ,1969-07-01,1969-07-02,1,-0.013214443862810121,0.17153157205820638,trend_off
0.5,JNJ,1969-07-28,1969-08-12,11,0.10367366674500378,0.18124122747345606,new_high
0.5,JNJ,1970-09-01,1970-12-11,73,0.11324095205804996,0.33949502711011337,trend_off
0.5,JNJ,1975-02-07,1975-02-11,2,-0.014245502112783526,0.3379216303299127,trend_off
0.5,JNJ,1975-02-12,1975-03-19,25,0.016902847892739326,0.3341020976208949,trend_off
0.5,JNJ,1975-03-26,1975-03-28,2,-0.009332885114160305,0.2956068445756998,trend_off
0.5,JNJ,1975-04-14,1975-04-24,8,-0.04521228985393644,0.27880564159637283,trend_off
0.5,JNJ,1975-04-30,1975-05-29,21,0.046401616240597576,0.24799957416162674,trend_off
0.5,JNJ,1975-06-16,1975-06-18,2,-0.0013165109356367832,0.18292531207823287,trend_off
0.5,JNJ,1975-06-19,1975-07-02,9,-0.025773417688287115,0.1852691230161688,trend_off
0.5,JNJ,1975-07-09,1975-07-11,2,-0.011889487138135868,0.17694832025053148,trend_off
0.5,JNJ,1976-01-01,1976-01-21,14,-0.02228421454899643,0.16225720403536367,trend_off
0.5,JNJ,1976-07-16,1976-07-19,1,0.0,0.13824817120522345,trend_off
0.5,JNJ,1976-07-22,1976-07-23,1,-0.005737586048027543,0.13476607891129003,trend_off
0.5,JNJ,1976-08-04,1976-08-05,1,-0.005713860153851891,0.12534770464371892,trend_off
0.5,JNJ,1976-08-10,1976-08-12,2,-0.012839089287229544,0.12096000050405939,trend_off
0.5,JNJ,1976-08-23,1976-09-27,25,0.1106255540597949,0.11132982578341702,new_high
0.5,JNJ,1977-08-05,1977-08-08,1,-0.008944180171026828,0.16221513462167178,trend_off
0.5,JNJ,1977-08-09,1977-09-19,29,0.04850755402902163,0.15912195146032246,trend_off
0.5,JNJ,1977-09-26,1977-09-27,1,-0.0068377251344258205,0.1533761779036308,trend_off
0.5,JNJ,1977-09-28,1977-10-05,5,0.0,0.15049202485610882,trend_off
0.5,JNJ,1977-10-07,1977-10-12,3,-0.015463991404583322,0.14242641725097477,trend_off
0.5,JNJ,1977-10-17,1977-10-19,2,-0.02068950220615373,0.13513745027516758,trend_off
0.5,JNJ,1977-10-27,1977-10-31,2,0.0017068302247689182,0.16877042005594725,trend_off
0.5,JNJ,1977-11-09,1977-11-17,6,0.022264042070391232,0.17677106864370282,trend_off
0.5,JNJ,1978-01-31,1978-02-02,2,0.008960727057280016,0.1752987031358453,trend_off
0.5,JNJ,1978-04-20,1978-04-21,1,0.0,0.15110902864054954,trend_off
0.5,JNJ,1978-10-13,1978-10-16,1,-0.01376131005762693,0.15072784658557598,trend_off
0.5,JNJ,1978-11-20,1978-11-27,5,0.0,0.20353513962446101,trend_off
0.5,JNJ,1979-01-18,1979-01-24,4,0.0,0.18762924688197263,trend_off
0.5,JNJ,1979-01-25,1979-01-29,2,0.004902499065558841,0.1749208290767552,trend_off
0.5,JNJ,1979-01-30,1979-01-31,1,-0.009787708270972084,0.16946285747514134,trend_off
0.5,JNJ,1979-06-12,1979-06-18,4,-0.003472363575060533,0.14069694927513937,trend_off
0.5,JNJ,1979-08-01,1979-09-10,28,0.037637797674354934,0.13540437401414188,trend_off
0.5,JNJ,1980-04-02,1980-05-22,36,0.13123037644151148,0.19517039804757563,new_high
0.5,JNJ,1981-08-10,1981-08-13,3,-0.02671750550114249,0.2731353187202396,trend_off
0.5,JNJ,1983-09-30,1983-10-03,1,-0.0027703599096524645,0.1909954128241347,trend_off
0.5,JNJ,1984-09-05,1984-09-07,2,0.0,0.24165940132644065,trend_off
0.5,JNJ,1984-09-13,1984-09-19,4,-0.02930408384199845,0.2438841430582461,trend_off
0.5,JNJ,1984-11-12,1984-12-05,17,0.038393323411021196,0.32174529872156366,trend_off
0.5,JNJ,1984-12-06,1984-12-07,1,-0.02491037082821268,0.2752735094064936,trend_off
0.5,JNJ,1984-12-10,1984-12-26,12,0.04347802892173025,0.27708684226263164,trend_off
0.5,JNJ,1988-06-23,1988-06-24,1,-0.009419534838107424,0.2592662696278032,trend_off
0.5,JNJ,1988-06-30,1988-07-01,1,-0.004724158723463656,0.25865859145916203,trend_off
0.5,JNJ,1988-07-26,1988-07-27,1,-0.016129062680155792,0.22015587120057206,trend_off
0.5,JNJ,1988-07-29,1988-08-10,8,-0.004687014826947444,0.24027825823521248,trend_off
0.5,JNJ,1988-08-19,1988-08-22,1,-0.006249768635556596,0.20525475037152513,trend_off
0.5,JNJ,1988-08-29,1988-08-30,1,-0.006154766778054599,0.1959783909429512,trend_off
0.5,JNJ,1988-09-07,1988-09-09,2,-0.0044443323849246985,0.19033399257259115,trend_off
0.5,JNJ,1988-09-14,1988-09-29,11,0.011782592296181615,0.18258814740625287,new_high
0.5,JNJ,1990-02-01,1990-02-05,2,0.01639371823904856,0.23640951597603396,trend_off
0.5,JNJ,1990-09-21,1990-09-24,1,-0.018000095984442743,0.255839691921293,trend_off
0.5,JNJ,1991-07-11,1991-08-19,27,0.0029143597697343093,0.21647830735770934,trend_off
0.5,JNJ,1991-09-12,1991-09-13,1,-0.008344351679344886,0.18743566783110469,trend_off
0.5,JNJ,1991-10-17,1991-11-12,18,0.10709352199642042,0.15843193600864286,new_high
0.5,JNJ,1992-04-03,1992-04-07,2,-0.026649567983543787,0.22785218458941228,trend_off
0.5,JNJ,1992-04-09,1992-04-22,9,-0.04737478632731085,0.22394863354107397,trend_off
0.5,JNJ,1992-06-01,1992-06-02,1,-0.057398272007450624,0.24221701889826364,trend_off
0.5,JNJ,1992-07-21,1992-07-23,2,0.002739546924604097,0.242715236832809,trend_off
0.5,JNJ,1992-07-27,1992-09-25,44,0.015364201359166385,0.23976587527816381,trend_off
0.5,JNJ,1992-10-13,1992-12-01,35,0.05166505616609496,0.277340338725365,trend_off
0.5,JNJ,1992-12-11,1992-12-28,11,-0.0073527797155844565,0.20554457426634323,trend_off
0.5,JNJ,1992-12-29,1993-01-04,4,-0.01736985243927891,0.21096879819110792,trend_off
0.5,JNJ,1993-10-07,1993-10-08,1,-0.006309652051074588,0.24514635666346726,trend_off
0.5,JNJ,1993-10-15,1993-10-20,3,0.021213307329002618,0.2301894673817231,trend_off
0.5,JNJ,1993-10-21,1993-10-22,1,-0.020527808017847038,0.2240489189663146,trend_off
0.5,JNJ,1993-11-01,1993-11-02,1,0.0,0.21587168348799382,trend_off
0.5,JNJ,1993-11-05,1993-11-09,2,0.011965937497829149,0.20471020691094483,trend_off
0.5,JNJ,1993-11-10,1993-11-11,1,-0.008620822140195883,0.19994105331690643,trend_off
0.5,JNJ,1993-11-19,1993-12-09,14,-0.0056180953673129475,0.18931647522504752,trend_off
0.5,JNJ,1999-12-21,1999-12-22,1,0.00618085428253945,0.257332244440729,trend_off
0.5,JNJ,2004-01-01,2004-01-06,3,0.0013548102976450593,0.15179895429576976,trend_off
0.5,JNJ,2004-01-12,2004-01-16,4,-0.03702917474488565,0.15089312050181233,trend_off
0.5,JNJ,2004-01-20,2004-03-02,30,0.03113040392300115,0.16869860186527894,trend_off
0.5,JNJ,2006-01-03,2006-01-10,5,0.023851922148433236,0.15067601498651292,trend_off
0.5,JNJ,2006-05-29,2006-05-30,1,-0.013841059035254122,0.09848065169754544,trend_off
0.5,JNJ,2006-05-31,2006-06-26,18,-0.0001662146793806052,0.10521538338302297,trend_off
0.5,JNJ,2007-06-08,2007-06-12,2,-0.004828761455592412,0.1170022115318378,trend_off
0.5,JNJ,2007-06-13,2007-06-14,1,0.0043423256461645465,0.11450096121615887,trend_off
0.5,JNJ,2007-06-15,2007-06-18,1,-0.0070091023280404174,0.11253590699839844,trend_off
0.5,JNJ,2007-07-06,2007-07-10,2,0.0011262163442993245,0.11128495701817508,trend_off
0.5,JNJ,2007-07-11,2007-07-13,2,0.00906761014962676,0.11578732388842558,trend_off
0.5,JNJ,2007-09-04,2007-09-05,1,-0.005323886444599801,0.13130641242558044,trend_off
0.5,JNJ,2007-09-07,2007-10-19,30,0.04134191518641539,0.12585208891552646,trend_off
0.5,JNJ,2008-02-22,2008-02-29,5,-0.019309949463853893,0.13940209359685585,trend_off
0.5,JNJ,2008-03-05,2008-03-06,1,-0.007920153329983748,0.13708348562631548,trend_off
0.5,JNJ,2008-03-11,2008-03-12,1,0.0017614111604380422,0.14897566922686206,trend_off
0.5,JNJ,2009-05-26,2009-05-27,1,-0.018820374105944393,0.20658344277033716,trend_off
0.5,JNJ,2009-07-10,2009-08-27,34,0.0711442733746448,0.17247560962315564,trend_off
0.5,JNJ,2009-08-31,2009-09-01,1,-0.008272825002324735,0.14062937626107788,trend_off
0.5,JNJ,2009-09-04,2009-09-21,11,0.005802468368074631,0.13748958942370998,trend_off
0.5,JNJ,2010-09-09,2010-11-29,57,0.04384396300241988,0.15070382046562722,trend_off
0.5,JNJ,2013-10-04,2013-10-07,1,-0.008247263142656003,0.12230788543151012,trend_off
0.5,JNJ,2015-06-03,2015-06-04,1,-0.008592141909566697,0.12443854854713496,trend_off
0.5,JNJ,2015-07-23,2015-07-24,1,-0.010479063627081842,0.11828540431087882,trend_off
0.5,JNJ,2015-07-28,2015-08-06,7,0.0005046350107258402,0.12094989971968054,trend_off
0.5,JNJ,2017-02-13,2017-03-01,12,0.07593708522713905,0.11186450917514988,new_high
0.5,JNJ,2018-07-17,2018-07-18,1,-0.010146488647909124,0.18180368482058018,trend_off
0.5,JNJ,2018-07-26,2018-10-10,54,0.0642296087450065,0.18392725494066092,trend_off
0.5,JNJ,2021-10-19,2021-10-20,1,-0.0005493694243312586,0.13758219557296583,trend_off
0.5,JNJ,2021-10-26,2021-10-27,1,-0.012126876928532537,0.13046144936008758,trend_off
0.5,JNJ,2021-12-06,2022-01-14,29,0.03007268160237575,0.1558388027650084,trend_off
0.5,JNJ,2023-12-04,2023-12-05,1,-0.002076979384283195,0.15716584935491099,trend_off
0.5,JNJ,2024-01-17,2024-01-31,10,-0.009536929631466573,0.1312418571560198,trend_off
0.5,JNJ,2024-02-21,2024-03-19,19,-0.01556605378498177,0.12288114292086111,trend_off
0.5,JNJ,2024-03-21,2024-03-22,1,-0.0033386905324636063,0.1189427732508547,trend_off
0.5,JNJ,2024-05-13,2024-05-21,6,0.008216802055433847,0.17289081854234636,trend_off
0.5,PG,1963-01-17,1963-02-06,14,0.013698359875576216,0.18850636172272567,trend_off
0.5,PG,1963-02-07,1963-02-21,10,-0.030302037993855557,0.18125255530872472,trend_off
0.5,PG,1963-03-22,1963-07-19,85,0.031018224637683778,0.1565076147922318,trend_off
0.5,PG,1965-12-02,1965-12-06,2,-0.006967852266314245,0.09976736231673931,trend_off
0.5,PG,1966-08-09,1966-08-10,1,-0.00380153053544241,0.12725098367802842,trend_off
0.5,PG,1966-08-12,1966-09-14,23,0.0879533274268749,0.12669987507264074,new_high
0.5,PG,1967-11-29,1967-11-30,1,-0.018232194715798955,0.1734405586824725,trend_off
0.5,PG,1967-12-01,1968-01-10,28,0.014045315613439469,0.18253886518400522,trend_off
0.5,PG,1968-01-16,1968-01-19,3,-0.008355561920273868,0.1562130025746316,trend_off
0.5,PG,1968-04-01,1968-05-14,31,0.10226940942843465,0.15055323067144677,new_high
0.5,PG,1968-08-26,1968-08-30,4,-0.005369031257809964,0.12475169019356812,trend_off
0.5,PG,1968-11-25,1968-12-05,8,0.013587802480393485,0.14417396856036854,trend_off
0.5,PG,1969-04-24,1969-04-25,1,-0.008620930518457248,0.11156298343038702,trend_off
0.5,PG,1969-04-30,1969-05-27,19,0.05263140536032962,0.11185309482950719,trend_off
0.5,PG,1973-03-23,1973-03-28,3,-0.0035501066141571114,0.20893301141229767,trend_off
0.5,PG,1973-06-27,1973-07-06,7,-0.022222957013041444,0.23688798151128315,trend_off
0.5,PG,1973-09-28,1973-10-02,2,-0.01641362196106111,0.24951530752156642,trend_off
0.5,PG,1973-10-17,1973-10-18,1,-0.00980425032974741,0.26086367526056553,trend_off
0.5,PG,1973-11-09,1973-11-14,3,-0.028395226582055844,0.25386966250326476,trend_off
0.5,PG,1973-11-16,1973-11-19,1,-0.025672640198592944,0.25333102226545745,trend_off
0.5,PG,1974-05-07,1974-05-13,4,-0.008929104585010395,0.23700843252921006,trend_off
0.5,PG,1974-05-15,1974-07-02,34,0.0037881684120677495,0.227260113357385,trend_off
0.5,PG,1975-01-22,1975-01-24,2,0.0029850321268396485,0.2791693655889859,trend_off
0.5,PG,1975-01-28,1975-04-24,62,0.06501524079861287,0.2898975859719613,trend_off
0.5,PG,1975-10-28,1975-10-29,1,-0.011172478401450081,0.16801200018889553,trend_off
0.5,PG,1975-10-30,1975-12-05,26,0.021097246025190808,0.1664058663830579,trend_off
0.5,PG,1975-12-08,1975-12-11,3,-0.005494692940548496,0.14217266700386963,trend_off
0.5,PG,1976-01-05,1976-02-03,21,-0.00021989041214953708,0.1265337924231077,trend_off
0.5,PG,1977-08-12,1977-09-22,29,0.03211024010952768,0.13968852393485867,trend_off
0.5,PG,1977-11-11,1977-11-21,6,-0.00450527841410342,0.13635256692479103,trend_off
0.5,PG,1977-11-22,1977-11-24,2,0.011869889426927127,0.13639113746538614,trend_off
0.5,PG,1979-08-20,1979-08-24,4,-0.015576089278134364,0.11652122539915076,trend_off
0.5,PG,1979-08-27,1979-08-28,1,-0.0031341330027742087,0.11601025517750668,trend_off
0.5,PG,1979-08-29,1979-09-05,5,-0.02180692152475061,0.11538408366399647,trend_off
0.5,PG,1979-09-12,1979-09-13,1,-0.0047850603136297964,0.11198695222510276,trend_off
0.5,PG,1979-10-05,1979-10-09,2,-0.022047323587106482,0.12986057462664133,trend_off
0.5,PG,1979-10-11,1979-10-17,4,-0.006864755174478154,0.13661585152766575,trend_off
0.5,PG,1980-01-16,1980-01-18,2,-0.02010112213976245,0.13177864479488288,trend_off
0.5,PG,1981-01-06,1981-01-12,4,-0.0035209036398041738,0.19703895186658799,trend_off
0.5,PG,1981-01-27,1981-01-28,1,-0.007406938049815626,0.1722044189080128,trend_off
0.5,PG,1981-04-02,1981-04-03,1,0.0,0.20480257549209885,trend_off
0.5,PG,1981-04-15,1981-04-16,1,-0.0017670755298568874,0.1895419239821938,trend_off
0.5,PG,1981-04-17,1981-05-11,16,0.0010768580197828559,0.18344893133327517,trend_off
0.5,PG,1983-05-20,1983-05-23,1,-0.004464561488386254,0.17525730305348022,trend_off
0.5,PG,1983-08-31,1983-09-01,1,0.0,0.21089623198074678,trend_off
0.5,PG,1983-09-02,1983-09-28,18,0.03248214008878625,0.2049202174180191,trend_off
0.5,PG,1983-09-30,1983-11-03,24,0.017107491240577977,0.17548323713450265,trend_off
0.5,PG,1984-06-13,1984-06-15,2,-0.012106887502207897,0.2136040435428495,trend_off
0.5,PG,1984-07-02,1984-09-24,60,0.06038835554261923,0.18616577307844254,trend_off
0.5,PG,1988-09-15,1988-10-03,12,0.003144251361284267,0.16292172420707646,trend_off
0.5,PG,1988-10-05,1988-11-11,27,0.013373973479548829,0.1455493048520542,trend_off
0.5,PG,1990-09-21,1990-09-24,1,-0.005208082810767345,0.29427971295548966,trend_off
0.5,PG,1991-07-23,1991-08-01,7,0.028708788486014436,0.16456185751149285,trend_off
0.5,PG,1991-08-05,1991-08-08,3,-0.004594927664607118,0.1608537491977095,trend_off
0.5,PG,1993-06-24,1993-07-22,20,-0.02135523486141544,0.1610751521262813,trend_off
0.5,PG,1995-08-18,1995-08-23,3,0.007448042986761161,0.16602088922737737,trend_off
0.5,PG,1999-07-12,1999-07-26,10,0.007148467383914836,0.2791380642169828,trend_off
0.5,PG,2000-09-05,2000-09-13,6,0.0,0.3139765434245673,trend_off
0.5,PG,2000-09-15,2000-09-18,1,-0.005999501755849734,0.2959562461052126,trend_off
0.5,PG,2000-09-22,2000-09-26,2,-0.03326804016073659,0.2818630672236927,trend_off
0.5,PG,2000-09-28,2000-11-02,25,0.019807546766742234,0.3627781005555168,trend_off
0.5,PG,2000-11-14,2000-11-16,2,0.022433288948934704,0.37777150847161867,trend_off
0.5,PG,2000-11-17,2000-11-24,5,-0.02805290073528044,0.365317915630395,trend_off
0.5,PG,2000-11-29,2000-12-11,8,-0.08602140271393166,0.3442797290395228,trend_off
0.5,PG,2000-12-13,2000-12-15,2,-0.014667609219220723,0.36032441366094703,trend_off
0.5,PG,2000-12-25,2001-01-04,8,-0.019492107733649733,0.3402354163369073,trend_off
0.5,PG,2001-01-05,2001-01-12,5,-0.06171868025005267,0.3628645873684547,trend_off
0.5,PG,2001-02-02,2001-02-05,1,0.007999267233310903,0.36840994355862133,trend_off
0.5,PG,2001-06-26,2001-06-27,1,-0.0072031632662902245,0.25581249515196,trend_off
0.5,PG,2001-07-02,2001-07-05,3,0.0009305265846097921,0.24232044267490815,trend_off
0.5,PG,2001-07-06,2001-09-21,55,0.03640138509065416,0.22762673386403057,trend_off
0.5,PG,2006-05-10,2006-05-11,1,-0.012247279304026915,0.14593421513195023,trend_off
0.5,PG,2006-07-07,2006-07-14,5,-0.014867272902191031,0.15799287307547,trend_off
0.5,PG,2006-07-31,2006-08-01,1,-0.004803924008111804,0.15410087931637237,trend_off
0.5,PG,2008-02-20,2008-02-21,1,-0.003173577050074705,0.1569373064102086,trend_off
0.5,PG,2008-02-22,2008-03-04,7,-0.002416993564824832,0.15255161105883958,trend_off
0.5,PG,2008-03-05,2008-03-06,1,-0.002848222380071319,0.14946502561884661,trend_off
0.5,PG,2008-06-05,2008-06-06,1,-0.019498867487810156,0.1353923206079446,trend_off
0.5,PG,2008-07-23,2008-07-25,2,-0.003709200733298168,0.16094178470946452,trend_off
0.5,PG,2008-07-29,2008-08-01,3,-0.009002161202725567,0.1716218404286263,trend_off
0.5,PG,2008-08-04,2008-09-22,35,0.0337284131168627,0.17823122835809702,trend_off
0.5,PG,2009-07-20,2009-07-21,1,-0.001259374422994619,0.23927991956840058,trend_off
0.5,PG,2009-07-27,2009-08-06,8,-0.0774470748631727,0.22310472079180785,trend_off
0.5,PG,2009-08-07,2009-08-11,2,-0.0019219902526564914,0.25200616151967803,trend_off
0.5,PG,2009-09-04,2009-10-26,36,0.08463817046418542,0.19975959029849294,trend_off
0.5,PG,2011-04-04,2011-04-05,1,-0.009476112844674422,0.11945142945814063,trend_off
0.5,PG,2011-04-07,2011-05-04,19,0.0787259354741674,0.1180393718001539,new_high
0.5,PG,2014-02-27,2014-03-21,16,-0.003965091256874165,0.1392304549143778,trend_off
0.5,PG,2014-06-11,2014-06-12,1,-0.0037478127500837344,0.08990808451263693,trend_off
0.5,PG,2014-06-19,2014-06-20,1,-0.0038637035096157346,0.08412460714162978,trend_off
0.5,PG,2014-07-03,2014-07-04,1,0.0,0.08731078695310791,trend_off
0.5,PG,2014-07-07,2014-07-28,15,-0.003701242760102419,0.0847695688075794,trend_off
0.5,PG,2015-02-26,2015-02-27,1,-0.00046958835885702044,0.13867185954524852,trend_off
0.5,PG,2015-03-02,2015-03-04,2,-0.012410878233485967,0.13461430821542758,trend_off
0.5,PG,2015-04-08,2015-04-16,6,0.008819679083868825,0.14341676709363643,trend_off
0.5,PG,2015-07-15,2015-07-17,2,0.0010958137397636403,0.1290539695576962,trend_off
0.5,PG,2015-07-21,2015-07-30,7,-0.04417856476797144,0.12276545066358811,trend_off
0.5,PG,2015-12-07,2015-12-09,2,-0.008548876411486939,0.16756033342838675,trend_off
0.5,PG,2015-12-15,2015-12-30,11,0.004894881408548546,0.16146117732529006,trend_off
0.5,PG,2016-01-01,2016-01-04,1,-0.013096939280518805,0.1600914317353941,trend_off
0.5,PG,2018-07-31,2018-08-01,1,-0.0028439357999437975,0.14366435027010308,trend_off
0.5,PG,2018-08-02,2018-09-14,31,0.01963403896335092,0.14615785898758002,trend_off
0.5,PG,2018-09-17,2018-09-25,6,-0.013412728455636236,0.11709554889728614,trend_off
0.5,PG,2018-10-01,2018-10-04,3,-0.020915586997852675,0.12762610742259833,trend_off
0.5,PG,2018-10-08,2018-10-09,1,-0.0024271216537442575,0.13358857458609533,trend_off
0.5,PG,2026-01-26,2026-01-27,1,-0.0076929397048626225,0.18260703077945223,trend_off
0.5,PG,2026-01-30,2026-03-05,24,0.01462743877815842,0.18289577461964956,trend_off
0.5,PG,2026-09-17,2026-09-18,1,-0.007861766439289486,0.16951517815456188,trend_off
0.5,PG,2026-09-22,2026-09-24,2,-0.017136746215105858,0.16818522346275652,trend_off
0.5,PG,2026-09-25,2026-09-30,3,-0.006496594241938269,0.1647176423793816,trend_off
0.5,HD,1984-07-10,1984-07-11,1,0.0,0.4244863114413118,trend_off
0.5,HD,1984-07-17,1984-07-23,4,-0.060439474001604654,0.4193072422703603,trend_off
0.5,HD,1984-07-31,1984-08-15,11,-0.0384612947545242,0.43305081725223743,trend_off
0.5,HD,1985-01-23,1985-01-24,1,0.014706348901186939,0.4076212627805195,trend_off
0.5,HD,1985-02-14,1985-03-22,26,-0.007192834744178311,0.4143902583266947,trend_off
0.5,HD,1985-03-25,1985-03-26,1,-0.02816925764374356,0.3866254070466232,trend_off
0.5,HD,1985-04-22,1985-04-23,1,-0.0071437234791040805,0.36315276921809614,trend_off
0.5,HD,1985-04-24,1985-05-21,19,-0.04316523350678869,0.3518912091213411,trend_off
0.5,HD,1986-02-03,1986-02-07,4,-0.07619090451176513,0.4612708933916009,trend_off
0.5,HD,1986-02-11,1986-04-04,38,0.21875401287932328,0.4385051406093965,trend_off
0.5,HD,1986-10-23,1986-11-13,15,0.057970809856608074,0.35177939271524794,trend_off
0.5,HD,1986-12-15,1986-12-29,10,0.01369906108094443,0.30731638901276964,trend_off
0.5,HD,1988-01-29,1988-02-02,2,0.019738063325738464,0.5102378954110898,trend_off
0.5,HD,1988-02-03,1988-05-26,81,0.21118797399308198,0.49183983304961176,trend_off
0.5,HD,1990-08-07,1990-08-10,3,0.033707777833187125,0.43437607923808275,trend_off
0.5,HD,1990-10-23,1990-10-24,1,-0.016000159528228863,0.523482661662382,trend_off
0.5,HD,1995-03-07,1995-03-08,1,-0.014045507177802619,0.1900805518781373,trend_off
0.5,HD,1997-01-17,1997-01-22,3,0.007371256005749505,0.2578307808258743,trend_off
0.5,HD,2000-02-25,2000-03-01,3,0.04952732599013632,0.4360746330372452,trend_off
0.5,HD,2003-03-27,2003-03-28,1,-0.017159026534791844,0.40835896605231903,trend_off
0.5,HD,2003-04-02,2003-04-09,5,-0.005023247136747178,0.407768857525659,trend_off
0.5,HD,2003-04-29,2003-04-30,1,-0.0042485837082791855,0.33062854183428364,trend_off
0.5,HD,2003-05-02,2003-07-08,47,0.2140934585830554,0.3378048444754739,new_high
0.5,HD,2006-11-15,2006-11-21,4,0.007974257612639368,0.20719099351195366,trend_off
0.5,HD,2006-11-22,2006-11-24,2,-0.009973828193346801,0.19781207573185455,trend_off
0.5,HD,2006-11-28,2007-02-27,65,0.07418306425611365,0.18967927034655893,trend_off
0.5,HD,2008-05-01,2008-05-07,4,-0.04385674466765799,0.36779153980926826,trend_off
0.5,HD,2008-05-12,2008-05-20,6,-0.044343507718424435,0.35536225400192745,trend_off
0.5,HD,2008-08-15,2008-08-18,1,-0.02070480799233565,0.446572200663084,trend_off
0.5,HD,2008-08-27,2008-09-01,3,-0.0018403555269181915,0.42283648684931496,trend_off
0.5,HD,2009-06-25,2009-06-30,3,0.002545358769805439,0.3799403900581154,trend_off
0.5,HD,2009-07-15,2009-07-29,10,0.05440211643400161,0.34311946933344994,trend_off
0.5,HD,2010-07-30,2010-08-10,7,-0.00947002091081206,0.2830438130172831,trend_off
0.5,HD,2010-09-20,2010-10-19,21,-0.007830603850697004,0.24974787974087698,trend_off
0.5,HD,2010-10-21,2010-10-25,2,-0.012889060647912398,0.21622877522250664,trend_off
0.5,HD,2010-11-04,2010-11-08,2,-0.014088917840182624,0.21012265730405513,trend_off
0.5,HD,2010-11-10,2010-11-19,7,-0.014520371102180407,0.20166183183081235,trend_off
0.5,HD,2010-11-25,2010-11-26,1,-0.005134930835534068,0.1915354009554325,trend_off
0.5,HD,2010-12-01,2011-01-14,32,0.13539923393876707,0.22660539842383576,new_high
0.5,HD,2014-02-07,2014-02-10,1,-0.0005231024322746025,0.13917738661091694,trend_off
0.5,HD,2018-04-05,2018-04-06,1,-0.02612612356961419,0.24248017281771297,trend_off
0.5,HD,2018-04-18,2018-04-19,1,-0.015401396434590597,0.23807714686557768,trend_off
0.5,HD,2018-04-20,2018-04-24,2,-0.0042369487757402124,0.23442104468494698,trend_off
0.5,HD,2018-04-25,2018-07-16,58,0.12742218222700186,0.22514033916142484,trend_off
0.5,HD,2019-01-28,2019-01-29,1,-0.0007781884025217511,0.2565765983482103,trend_off
0.5,HD,2019-01-30,2019-02-05,4,0.023108735313754014,0.25102442967529515,trend_off
0.5,HD,2019-02-07,2019-03-04,17,-0.0014126930734181808,0.2318343632898613,trend_off
0.5,HD,2019-03-12,2019-03-13,1,-0.008212717163194272,0.19672743559909925,trend_off
0.5,HD,2019-03-26,2019-05-22,41,-0.0022712915503955156,0.1814770409715757,trend_off
0.5,HD,2019-05-23,2019-05-28,3,-0.002343971584022997,0.17217946854961497,trend_off
0.5,HD,2022-08-16,2022-08-22,4,-0.04633767543361589,0.2649306840020848,trend_off
0.5,HD,2022-11-17,2022-12-20,23,0.01703310548172232,0.3674378576784144,trend_off
0.5,HD,2022-12-27,2022-12-29,2,0.002691156630791891,0.28890856634663425,trend_off
0.5,HD,2023-04-11,2023-04-12,1,-0.01133532627275069,0.23984173319655122,trend_off
0.5,HD,2023-04-20,2023-04-21,1,0.004923621814461043,0.22217077306781974,trend_off
0.5,HD,2023-04-27,2023-05-02,3,0.0011907480377832957,0.2332794175268016,trend_off
0.5,HD,2024-05-14,2024-05-22,6,-0.02910417132229537,0.19610000290612628,trend_off
0.5,HD,2024-05-31,2024-06-03,1,-0.020485607945188722,0.2038978663213026,trend_off
0.5,HD,2024-06-13,2024-06-25,8,-0.027480577305626475,0.2091711530493128,trend_off
0.5,HD,2024-06-26,2024-07-01,3,-0.01647068968761467,0.21738669253093681,trend_off
0.5,HD,2024-07-10,2024-08-07,20,-0.00517173944379834,0.2099324181803429,trend_off
0.5,HD,2025-06-06,2025-06-10,2,0.001578893873879661,0.22637540392702532,trend_off
0.5,HD,2025-06-27,2025-06-30,1,-0.0056950464393634714,0.21258051600616457,trend_off
0.5,HD,2025-07-01,2025-07-18,13,-0.03687416213058159,0.21222512040201338,trend_off
0.5,HD,2025-07-21,2025-07-30,7,0.022085470251447026,0.19815925873896986,trend_off
0.5,HD,2025-08-01,2025-10-01,43,0.06854471609194501,0.19689123816261817,trend_off
0.5,HD,2026-06-24,2026-07-07,9,0.006854156353347074,0.3090600159696607,trend_off
0.5,UNH,1988-05-16,1988-05-17,1,-0.02632065064352085,0.5832736606014977,trend_off
0.5,UNH,1988-05-18,1988-05-19,1,-0.05263500687416145,0.5744867000289944,trend_off
0.5,UNH,1988-05-20,1988-05-24,2,-0.027025689974869205,0.5815553677484991,trend_off
0.5,UNH,1988-05-27,1988-06-01,3,-0.05405035922904011,0.5436088394457654,trend_off
0.5,UNH,1988-06-06,1988-06-07,1,-0.027775316342599998,0.5100384095886183,trend_off
0.5,UNH,1995-01-13,1995-01-16,1,-0.005649306125119713,0.35119089032272566,trend_off
0.5,UNH,1995-04-11,1995-04-14,3,0.025139311725983493,0.30677958205853445,trend_off
0.5,UNH,1995-08-17,1995-08-18,1,0.00862095148392128,0.3694230617077582,trend_off
0.5,UNH,1995-09-05,1995-09-07,2,0.011494294022821538,0.3277812818952603,trend_off
0.5,UNH,1997-01-02,1997-01-03,1,0.027625164298069604,0.364231104080335,trend_off
0.5,UNH,1997-01-24,1997-02-05,8,-0.03166240592511671,0.37056684726421674,trend_off
0.5,UNH,1997-02-07,1997-03-17,26,0.15507995880275272,0.3725447402491944,trend_off
0.5,UNH,1997-03-20,1997-03-21,1,-0.014458231463774784,0.3650444006741172,trend_off
0.5,UNH,1997-03-28,1997-03-31,1,-0.056931237160590564,0.3868533647189885,trend_off
0.5,UNH,1998-01-22,1998-01-23,1,-0.014322806370265284,0.33195721730626176,trend_off
0.5,UNH,1999-02-01,1999-02-03,2,-0.007895314749423954,0.5558713259191254,trend_off
0.5,UNH,1999-02-18,1999-04-06,33,0.0703640075311096,0.5240116922133653,trend_off
0.5,UNH,1999-12-28,1999-12-31,3,0.027811381171970684,0.4452524448463581,trend_off
0.5,UNH,2000-01-05,2000-01-28,17,-0.005903228111393433,0.40916128573916294,trend_off
0.5,UNH,2003-03-06,2003-03-10,2,-0.008283065043476312,0.2821086060507931,trend_off
0.5,UNH,2003-03-12,2003-04-21,28,0.07053113331347594,0.270926217870981,trend_off
0.5,UNH,2006-10-23,2006-10-27,4,-0.024289613654902453,0.27741409934423245,trend_off
0.5,UNH,2006-12-19,2007-01-19,23,0.016625100808792537,0.25874992052518364,trend_off
0.5,UNH,2007-02-01,2007-02-05,2,-0.008901225287094805,0.2237788532092131,trend_off
0.5,UNH,2007-10-31,2007-12-10,28,0.17741624666996625,0.18235852522587553,new_high
0.5,UNH,2008-12-19,2008-12-22,1,-0.028312641128203753,0.9310301492460452,trend_off
0.5,UNH,2008-12-24,2009-01-14,15,-0.07241892328873212,0.8912722754020735,trend_off
0.5,UNH,2009-01-26,2009-01-28,2,0.06536439214342216,0.7272852313332309,trend_off
0.5,UNH,2009-07-15,2009-07-17,2,0.007225534050441906,0.44853344742769113,trend_off
0.5,UNH,2010-06-02,2010-06-09,5,0.025012425679115102,0.27031402877018773,trend_off
0.5,UNH,2010-07-22,2010-07-27,3,-0.007096790816629506,0.22366877866521925,trend_off
0.5,UNH,2010-07-28,2010-08-24,19,0.023409315930893904,0.22855306992974378,trend_off
0.5,UNH,2019-04-01,2019-04-10,7,0.0019957499517169186,0.2636993899754578,trend_off
0.5,UNH,2019-06-14,2019-06-26,8,-0.007743473468913908,0.23756238830952806,trend_off
0.5,UNH,2019-06-27,2019-07-01,2,-0.015020029094140352,0.22823454744126825,trend_off
0.5,UNH,2019-07-08,2019-07-09,1,-0.007423851110979984,0.20731263575775086,trend_off
0.5,UNH,2023-06-01,2023-06-06,3,-0.012276354445318383,0.18560622572838592,trend_off
0.5,UNH,2023-06-08,2023-06-12,2,0.004813963816055367,0.19307871348287162,trend_off
0.5,UNH,2023-06-13,2023-06-14,1,-0.06401260828746336,0.184915625419706,trend_off
0.5,UNH,2025-03-19,2025-04-17,21,-0.0975557537439754,0.3106128384633497,trend_off
0.5,UNH,2025-12-03,2025-12-05,2,-0.02590451133041083,0.3363293296675945,trend_off
0.5,UNH,2025-12-12,2025-12-17,3,-0.029867604883432097,0.32041269897606345,trend_off
0.5,AMD,1981-04-17,1981-05-13,18,-0.05217390958212742,0.5242864406145794,trend_off
0.5,AMD,1981-05-28,1981-06-03,4,-0.11206884134679607,0.49254058945313056,trend_off
0.5,AMD,1982-03-01,1982-03-03,2,-0.044585894404698734,0.4702530138583867,trend_off
0.5,AMD,1982-03-04,1982-03-08,2,-0.03821656422381203,0.48438486280667536,trend_off
0.5,AMD,1982-03-09,1982-04-20,30,0.26712325975357887,0.48229881957665083,trend_off
0.5,AMD,1985-07-18,1985-07-19,1,0.02586206896551735,0.5051253431478538,trend_off
0.5,AMD,1985-11-27,1986-01-02,26,0.050000000000000044,0.4068247319953431,trend_off
0.5,AMD,1986-01-21,1986-01-22,1,-0.03448275862068961,0.37350324994898537,trend_off
0.5,AMD,1987-01-08,1987-03-06,41,0.3770491803278688,0.41054189774270927,trend_off
0.5,AMD,1987-04-06,1987-04-07,1,-0.0357142857142857,0.5129887041158135,trend_off
0.5,AMD,1987-04-10,1987-04-13,1,-0.04166666666666663,0.5021362792441079,trend_off
0.5,AMD,1987-04-22,1987-05-06,10,0.07272727272727275,0.4651502064391653,trend_off
0.5,AMD,1988-04-12,1988-04-14,2,-0.07339449541284404,0.5362755701084423,trend_off
0.5,AMD,1988-04-15,1988-05-27,30,0.1399999999999999,0.543896896423494,trend_off
0.5,AMD,1988-05-31,1988-07-07,27,0.08333333333333326,0.4617204346070068,trend_off
0.5,AMD,1988-07-08,1988-07-11,1,-0.08396946564885499,0.4116004952868517,trend_off
0.5,AMD,1989-04-18,1989-04-19,1,-0.013698630136986356,0.39117153360781376,trend_off
0.5,AMD,1989-04-20,1989-04-25,3,0.0,0.3809800393777653,trend_off
0.5,AMD,1989-05-12,1989-06-28,33,0.09589041095890405,0.36732207933964134,trend_off
0.5,AMD,1989-09-27,1989-09-28,1,0.04347826086956519,0.3047019328617312,trend_off
0.5,AMD,1991-01-24,1991-03-22,41,0.6363636363636365,0.683901096829266,new_high
0.5,AMD,1992-09-15,1992-10-01,12,-0.11224489795918369,0.6541146418346432,trend_off
0.5,AMD,1992-10-05,1992-10-09,4,0.010638297872340496,0.5697940825946937,trend_off
0.5,AMD,1992-10-12,1992-12-23,52,0.4099999999999999,0.6217238209163665,trend_off
0.5,AMD,1994-01-17,1994-01-18,1,0.0,0.36752473934381946,trend_off
0.5,AMD,1994-01-24,1994-01-31,5,0.0,0.39963823673812393,trend_off
0.5,AMD,1994-02-03,1994-02-07,2,-0.0239520958083832,0.375073349679666,trend_off
0.5,AMD,1994-02-09,1994-02-11,2,-0.02857142857142858,0.420662070518549,trend_off
0.5,AMD,1994-02-15,1994-02-17,2,0.005714285714285783,0.4055365610122971,trend_off
0.5,AMD,1994-03-03,1994-03-07,2,-0.037234042553191515,0.4095682180189259,trend_off
0.5,AMD,1994-03-09,1994-04-08,22,0.23076923076923084,0.4538126035731892,trend_off
0.5,AMD,1995-01-04,1995-01-12,6,0.23902439024390243,0.32426743364332516,new_high
0.5,AMD,1997-07-31,1997-08-07,5,0.04982206405693956,0.4640067246718112,trend_off
0.5,AMD,1998-05-12,1998-05-13,1,0.0,0.6321728722037184,trend_off
0.5,AMD,1999-05-19,1999-06-03,11,-0.17630057803468213,0.6259276459293663,trend_off
0.5,AMD,1999-06-04,1999-06-07,1,0.0,0.6021228041908909,trend_off
0.5,AMD,1999-06-22,1999-06-23,1,-0.05519480519480524,0.5532564049667563,trend_off
0.5,AMD,1999-07-12,1999-07-14,2,0.03597122302158273,0.5271315961760695,trend_off
0.5,AMD,1999-08-09,1999-08-17,6,-0.03246753246753242,0.5880748736647207,trend_off
0.5,AMD,1999-08-20,1999-09-21,22,0.013698630136986356,0.5373311701581039,trend_off
0.5,AMD,1999-09-22,1999-09-23,1,-0.08910891089108908,0.6041660517895706,trend_off
0.5,AMD,1999-09-27,1999-09-28,1,-0.04844290657439443,0.6358684022138069,trend_off
0.5,AMD,1999-09-29,1999-10-15,12,0.010791366906474753,0.6304927425249709,trend_off
0.5,AMD,1999-10-22,2000-01-06,54,0.7123745819397993,0.6377619597559623,new_high
0.5,AMD,2001-01-18,2001-01-26,6,-0.05785123966942152,1.0236286908018022,trend_off
0.5,AMD,2001-01-30,2001-02-21,16,-0.04246463107097864,0.9479172566778694,trend_off
0.5,AMD,2001-03-22,2001-04-04,9,-0.21587904828425886,0.863676005766988,trend_off
0.5,AMD,2001-12-05,2001-12-21,12,-0.02278324450577296,0.7769873574368552,trend_off
0.5,AMD,2002-01-10,2002-01-18,6,-0.09817596478690493,0.837177994839618,trend_off
0.5,AMD,2003-03-18,2003-03-28,8,-0.050381739073841025,0.7388123679566887,trend_off
0.5,AMD,2003-04-02,2003-04-04,2,0.014285700661795575,0.7358023192709018,trend_off
0.5,AMD,2003-04-07,2003-04-09,2,-0.03216783440639481,0.7050493544993157,trend_off
0.5,AMD,2003-04-15,2003-05-14,21,-0.01052630588288439,0.6536269083730496,trend_off
0.5,AMD,2003-08-05,2003-08-06,1,-0.0013754817153938115,0.3913546978365073,trend_off
0.5,AMD,2003-08-07,2003-08-08,1,-0.039682502138671416,0.3953269682187763,trend_off
0.5,AMD,2004-10-11,2004-10-13,2,-0.007885280156361585,0.45846911879853913,trend_off
0.5,AMD,2005-04-08,2005-04-15,5,-0.0959625704318331,0.46826129716112197,trend_off
0.5,AMD,2005-06-06,2005-09-29,83,0.46208115841208586,0.30677427926905,new_high
0.5,AMD,2006-05-16,2006-05-17,1,-0.0012982476102579854,0.42455304295085294,trend_off
0.5,AMD,2006-09-08,2006-09-29,15,-0.03682166215827598,0.586123536944798,trend_off
0.5,AMD,2006-10-02,2006-10-03,1,-0.027408315994091104,0.495721822472379,trend_off
0.5,AMD,2006-10-05,2006-10-06,1,-0.04380726223543985,0.48936432155861803,trend_off
0.5,AMD,2009-04-17,2009-04-24,5,-0.014044930651669008,0.9051777019027016,trend_off
0.5,AMD,2009-04-30,2009-06-16,33,0.14404438627588645,0.8274912298746463,trend_off
0.5,AMD,2009-07-17,2009-07-23,4,-0.10250002145767212,0.6294069249271408,trend_off
0.5,AMD,2009-07-24,2009-07-29,3,-0.015915104266073565,0.7129629998496778,trend_off
0.5,AMD,2010-07-30,2010-08-04,3,0.004005368588131608,0.4670885906260312,trend_off
0.5,AMD,2010-09-29,2010-09-30,1,-0.02335165815859508,0.468191230084109,trend_off
0.5,AMD,2010-10-01,2010-10-04,1,-0.01560285539551709,0.45991517046894476,trend_off
0.5,AMD,2010-11-02,2010-11-22,14,-0.017241394575414404,0.40923019709098934,trend_off
0.5,AMD,2010-12-20,2011-01-19,22,-0.0376213533240759,0.33368797927847954,trend_off
0.5,AMD,2011-01-20,2011-01-21,1,-0.059850432482953964,0.38487658376642586,trend_off
0.5,AMD,2011-01-24,2011-01-25,1,-0.026041642413474064,0.4130194782437571,trend_off
0.5,AMD,2011-01-27,2011-01-28,1,-0.03354841662991437,0.4121989149291633,trend_off
0.5,AMD,2012-01-27,2012-03-05,26,0.03665689057293653,0.473299448180193,trend_off
0.5,AMD,2012-03-07,2012-04-11,25,0.06555087659560876,0.42350444526065245,trend_off
0.5,AMD,2013-04-29,2013-06-11,31,0.4776119177260205,0.5042711533516223,trend_off
0.5,AMD,2013-06-14,2013-06-17,1,0.027918815207329084,0.5651141151112394,trend_off
0.5,AMD,2013-06-19,2013-06-20,1,-0.049140117362858615,0.5421357971582991,trend_off
0.5,AMD,2013-06-24,2013-07-09,11,0.0,0.5443215216457562,trend_off
0.5,AMD,2013-11-26,2013-12-05,7,0.055072479592579215,0.422408159293254,trend_off
0.5,AMD,2015-04-10,2015-04-14,2,-0.03260866466677248,0.3991546834017321,trend_off
0.5,AMD,2015-04-16,2015-04-17,1,-0.10104528690478842,0.4313477340154747,trend_off
0.5,AMD,2015-11-24,2015-12-02,6,-0.029914502483068484,0.515218213539121,trend_off
0.5,AMD,2015-12-07,2015-12-10,3,0.03813565957138998,0.47696375756975584,trend_off
0.5,AMD,2018-12-18,2018-12-19,1,-0.06871795654296875,0.8067805241019762,trend_off
0.5,AMD,2021-06-15,2021-07-28,31,0.2169752556183706,0.31446275887187247,new_high
0.5,AMD,2023-03-13,2023-04-20,28,0.0987684216940492,0.48679417385726254,trend_off
0.5,AMD,2024-06-21,2024-06-24,1,-0.006078246936104592,0.41271250673077997,trend_off
0.5,AMD,2024-07-02,2024-07-04,2,-0.0024953056308284483,0.40204416411132443,trend_off
0.5,AMD,2024-10-24,2024-10-30,4,-0.03154324987539581,0.42377665623292937,trend_off
0.5,AMD,2024-12-02,2024-12-05,3,-0.004927474026975576,0.42267300374508054,trend_off
0.5,AMD,2025-06-16,2025-07-28,30,0.3740011432924528,0.5906795378902339,new_high
0.5,BAC,1975-02-06,1975-02-11,3,-0.10000002161823751,0.7329162086471277,trend_off
0.5,BAC,1975-02-13,1975-02-18,3,-0.12264155282052358,0.7265191527493599,trend_off
0.5,BAC,1975-02-27,1975-03-06,5,-0.010869428954014437,0.745016349403132,trend_off
0.5,BAC,1975-03-21,1975-03-24,1,-0.0752685869371219,0.8039758526543461,trend_off
0.5,BAC,1975-03-26,1975-03-31,3,0.022472096996490665,0.8013719362890127,trend_off
0.5,BAC,1975-04-09,1975-05-06,19,0.18390751580331743,0.6978038294820662,trend_off
0.5,BAC,1975-05-08,1975-06-03,18,-0.09259234182535192,0.5693891577769844,trend_off
0.5,BAC,1975-06-27,1975-07-15,12,-0.07766997351985527,0.5046509615977124,trend_off
0.5,BAC,1975-09-05,1975-09-08,1,-0.02325572714146562,0.41741813406318856,trend_off
0.5,BAC,1975-12-26,1976-01-15,14,-0.012986845535938762,0.37226673758952555,trend_off
0.5,BAC,1976-07-08,1976-07-20,8,0.0,0.19251681006458712,trend_off
0.5,BAC,1976-09-17,1976-09-28,7,-0.011764903363793988,0.20653419601247136,trend_off
0.5,BAC,1976-11-19,1977-01-06,34,0.23456809151863212,0.19144204267421952,new_high
0.5,BAC,1977-02-21,1977-02-23,2,-0.011235814705446767,0.2293431159328812,trend_off
0.5,BAC,1977-03-15,1977-04-20,26,0.04444408774342956,0.22518128091036282,trend_off
0.5,BAC,1977-08-03,1977-08-10,5,-0.021978200737704623,0.1578691258765296,trend_off
0.5,BAC,1977-09-28,1977-09-30,2,-0.011363357691009823,0.12401918155315922,trend_off
0.5,BAC,1977-11-23,1977-11-28,3,0.0,0.14280126526675435,trend_off
0.5,BAC,1977-12-05,1977-12-14,7,-0.021978200737704623,0.15988997507875105,trend_off
0.5,BAC,1977-12-28,1978-01-03,4,0.011235948301331566,0.17141259826905314,trend_off
0.5,BAC,1978-01-04,1978-01-10,4,-0.010989198363618113,0.17430717995739828,trend_off
0.5,BAC,1979-01-19,1979-01-29,6,0.009709078571999985,0.24842185111688636,trend_off
0.5,BAC,1979-03-21,1979-03-23,2,0.0,0.15455693999652717,trend_off
0.5,BAC,1979-03-26,1979-03-30,4,0.0,0.14703338860750603,trend_off
0.5,BAC,1979-04-25,1979-04-26,1,-0.00952357657622771,0.15030248085095108,trend_off
0.5,BAC,1979-06-08,1979-08-31,60,0.2323226767029738,0.1354061654818032,trend_off
0.5,BAC,1979-10-05,1979-10-08,1,0.0,0.19793478895246716,trend_off
0.5,BAC,1979-11-12,1979-12-25,31,0.06796147213397363,0.36254416156325686,trend_off
0.5,BAC,1980-01-09,1980-01-10,1,-0.017857231956535102,0.2767709108190753,trend_off
0.5,BAC,1980-01-15,1980-02-05,15,-0.045044611750037045,0.2651201185364672,trend_off
0.5,BAC,1980-12-24,1980-12-26,2,0.0,0.2897196906547477,trend_off
0.5,BAC,1981-01-28,1981-01-29,1,-0.009259146108187233,0.26539984197309624,trend_off
0.5,BAC,1981-01-30,1981-02-02,1,-0.009259146108187233,0.25946870934663635,trend_off
0.5,BAC,1981-10-20,1981-10-22,2,0.008694714457285313,0.27472888397579454,trend_off
0.5,BAC,1981-10-29,1981-12-09,29,0.0884948414643758,0.25791155564990953,trend_off
0.5,BAC,1982-01-21,1982-02-02,8,0.02586340412110899,0.20499914131806013,trend_off
0.5,BAC,1982-02-03,1982-02-16,9,-0.016807401951243306,0.195456606361668,trend_off
0.5,BAC,1982-08-26,1982-08-30,2,-0.027523239010121103,0.2925587833008796,trend_off
0.5,BAC,1982-09-15,1982-10-07,16,0.21296366327635474,0.2727218976913762,new_high
0.5,BAC,1984-03-28,1984-03-29,1,-0.009708963134776316,0.1886586345609371,trend_off
0.5,BAC,1984-04-24,1984-04-25,1,-0.00490184250107617,0.2301438471590211,trend_off
0.5,BAC,1985-10-11,1985-10-14,1,0.016667381390293112,0.20311998942291903,trend_off
0.5,BAC,1985-10-24,1985-10-25,1,-0.00955436153699818,0.18997457874174353,trend_off
0.5,BAC,1985-11-01,1985-11-05,2,0.0,0.18038981520306377,trend_off
0.5,BAC,1985-11-06,1985-12-13,27,0.14649680226252948,0.1762322879457623,new_high
0.5,BAC,1986-01-29,1986-02-20,16,0.13134419346496795,0.1989878205230307,new_high
0.5,BAC,1986-12-11,1986-12-31,14,-0.049724307864533523,0.2628650382820477,trend_off
0.5,BAC,1988-04-12,1988-04-14,2,-0.018293558602990534,0.2644264952306427,trend_off
0.5,BAC,1988-04-25,1988-05-09,10,0.01234657686593077,0.2511540127969614,trend_off
0.5,BAC,1988-05-10,1988-05-18,6,-0.029585733357640365,0.2633149681789289,trend_off
0.5,BAC,1988-05-19,1988-05-20,1,-0.006024296311303079,0.24246733701134987,trend_off
0.5,BAC,1988-05-31,1988-07-13,31,0.07471261512110261,0.2670692333161049,trend_off
0.5,BAC,1990-06-05,1990-06-07,2,-0.0574708875274057,0.3006598878283264,trend_off
0.5,BAC,1991-02-14,1991-02-19,3,0.007936549003455529,0.5179409053523139,trend_off
0.5,BAC,1991-03-15,1991-03-18,1,-0.011952046545297468,0.4466487196386049,trend_off
0.5,BAC,1991-03-22,1991-05-17,40,0.2161008687526964,0.4252227058829663,trend_off
0.5,BAC,1991-09-25,1991-09-26,1,-0.01030958304627616,0.2595040724271234,trend_off
0.5,BAC,1993-07-28,1993-09-02,26,0.028734953493293025,0.24883302043259642,trend_off
0.5,BAC,1993-12-17,1993-12-21,2,-0.0075757106526855855,0.18907823726962092,trend_off
0.5,BAC,1993-12-23,1993-12-24,1,0.0,0.18272869874765174,trend_off
0.5,BAC,1993-12-27,1993-12-30,3,-0.02000004148057888,0.18336651852767746,trend_off
0.5,BAC,1994-01-13,1994-01-18,3,-0.002531477963256923,0.17980725544692702,trend_off
0.5,BAC,1994-01-20,1994-01-21,1,0.007653756035295611,0.17192420914949658,trend_off
0.5,BAC,1996-01-22,1996-02-23,24,0.11380538845451382,0.19789168454648948,new_high
0.5,BAC,1999-01-06,1999-01-27,15,-0.034950862505446434,0.46789050782156055,trend_off
0.5,BAC,1999-01-28,1999-02-04,5,-0.05684029908831045,0.4689141394550876,trend_off
0.5,BAC,1999-02-22,1999-02-24,2,-0.025714946454619803,0.43376033044836065,trend_off
0.5,BAC,1999-02-26,1999-04-13,32,0.13384654763031123,0.43075028294425644,trend_off
0.5,BAC,2000-03-23,2000-03-27,2,-0.0011538033280693583,0.4709558524403716,trend_off
0.5,BAC,2000-04-03,2000-04-13,8,-0.048423939808518335,0.4729867595277088,trend_off
0.5,BAC,2000-05-30,2000-06-16,13,-0.11825496111651068,0.42905497155299793,trend_off
0.5,BAC,2000-08-01,2000-08-21,14,0.1297514153705488,0.406168099229538,trend_off
0.5,BAC,2000-09-27,2000-09-29,2,-0.005931331965074671,0.3524397305997599,trend_off
0.5,BAC,2000-10-02,2000-10-06,4,-0.027090448799282463,0.35497140567903956,trend_off
0.5,BAC,2005-09-16,2005-09-20,2,-0.015567635283720183,0.12255304511377543,trend_off
0.5,BAC,2009-07-07,2009-07-08,1,-0.0255142927149673,1.0520012181068776,trend_off
0.5,BAC,2009-07-15,2009-07-17,2,-0.03949369948571335,0.9924406573549602,trend_off
0.5,BAC,2009-07-21,2009-09-11,38,0.39297116830872025,0.9478247330898574,trend_off
0.5,BAC,2009-09-15,2009-09-21,4,0.027397077706593942,0.6053161665497587,trend_off
0.5,BAC,2009-09-22,2009-09-23,1,-0.006246015358523538,0.56899012072929,trend_off
0.5,BAC,2009-09-30,2009-10-01,1,-0.041962474926024895,0.5399501531663606,trend_off
0.5,BAC,2009-10-07,2009-10-16,7,-0.005187361786835876,0.523393565441358,trend_off
0.5,BAC,2010-06-22,2010-06-23,1,-0.009627804138599094,0.3892034448335699,trend_off
0.5,BAC,2011-01-10,2011-01-24,10,-0.03333354670051014,0.3491669372229648,trend_off
0.5,BAC,2011-02-01,2011-02-03,2,0.008385492408742534,0.35171804874086543,trend_off
0.5,BAC,2011-02-07,2011-02-09,2,-0.0020447590123038317,0.34002748384936027,trend_off
0.5,BAC,2011-02-11,2011-02-14,1,0.00812441520141105,0.32440203002020385,trend_off
0.5,BAC,2011-02-17,2011-03-02,9,-0.06550072276096963,0.30571313722252236,trend_off
0.5,BAC,2011-03-03,2011-03-04,1,-0.010511206481628621,0.3090418712395937,trend_off
0.5,BAC,2011-03-08,2011-03-09,1,-0.006807262593973795,0.32474326012346355,trend_off
0.5,BAC,2012-01-31,2012-02-01,1,0.03225800842994908,0.5190705420847841,trend_off
0.5,BAC,2012-02-02,2012-02-21,13,0.0885905390306938,0.5083540328487661,trend_off
0.5,BAC,2012-02-27,2012-03-06,6,-0.039862044731385216,0.45255017936922,trend_off
0.5,BAC,2012-03-07,2012-03-08,1,0.004987938880033349,0.44022000430264296,trend_off
0.5,BAC,2012-03-13,2012-04-13,23,0.02237997451663798,0.44637507918138186,trend_off
0.5,BAC,2012-08-08,2012-08-13,3,0.006518612880191066,0.3878037911828975,trend_off
0.5,BAC,2012-08-16,2012-11-06,58,0.25503663681906374,0.3535667104010797,new_high
0.5,BAC,2014-06-05,2014-06-12,5,-0.0006478552303276208,0.23550484395121368,trend_off
0.5,BAC,2014-07-24,2014-07-29,3,-0.017925858486969037,0.20243838995970848,trend_off
0.5,BAC,2014-08-15,2014-08-18,1,0.015111640886269484,0.18176831328548443,trend_off
0.5,BAC,2014-08-20,2014-10-15,40,0.018594090487773496,0.1785545902825248,trend_off
0.5,BAC,2015-04-22,2015-04-23,1,-0.003176800109389033,0.1916644886827492,trend_off
0.5,BAC,2015-04-24,2015-05-06,8,0.04156036153306042,0.18574452869232388,trend_off
0.5,BAC,2015-05-18,2015-07-08,37,-0.012795624296268682,0.17159286571648144,trend_off
0.5,BAC,2016-07-27,2016-07-28,1,0.003417987658435706,0.3290026423362533,trend_off
0.5,BAC,2016-07-29,2016-09-26,41,0.04625457548901801,0.32114041974935736,trend_off
0.5,BAC,2016-09-28,2016-09-29,1,-0.014304100166606881,0.22301780167705362,trend_off
0.5,BAC,2017-04-14,2017-04-21,5,0.016561828061294692,0.2248163813415354,trend_off
0.5,BAC,2018-10-01,2018-10-02,1,-0.0023610576198529465,0.17108030695125653,trend_off
0.5,BAC,2020-08-10,2020-08-17,5,-0.02484926460682002,0.4773406148803558,trend_off
0.5,BAC,2020-09-07,2020-09-08,1,-0.0399398531497589,0.38608506761823447,trend_off
0.5,BAC,2020-09-16,2020-09-21,3,-0.044140569300044064,0.37119644529408935,trend_off
0.5,BAC,2020-10-09,2020-10-13,2,-0.016166980274831655,0.32467666897504294,trend_off
0.5,BAC,2020-10-22,2020-10-26,2,-0.013269233797741808,0.3516866291867954,trend_off
0.5,BAC,2022-11-01,2022-12-05,24,-0.042223048671038876,0.3538090243813587,trend_off
0.5,BAC,2023-01-04,2023-01-18,10,-0.012302176241736906,0.2645353656491033,trend_off
0.5,BAC,2023-02-06,2023-02-07,1,0.010998397786762037,0.22310232061515556,trend_off
0.5,BAC,2023-07-24,2023-07-25,1,-0.015313924534559709,0.25965042856028536,trend_off
0.5,BAC,2023-09-14,2023-09-15,1,-0.012328752316396296,0.21105915719782134,trend_off
0.5,BAC,2023-09-20,2023-09-21,1,-0.017513106061106343,0.200780336500466,trend_off
0.5,BAC,2023-11-14,2024-01-12,43,0.13147788418476258,0.30720465220705,trend_off
0.5,BAC,2026-09-25,2026-09-28,1,-0.02169311332779178,0.22281029622237197,trend_off
0.5,WFC,1973-06-18,1973-07-05,13,-0.008752183152905713,0.1489095343767674,trend_off
0.5,WFC,1973-07-09,1973-07-23,10,0.0,0.13685964876556145,trend_off
0.5,WFC,1973-07-24,1973-10-17,61,0.09763997488617138,0.16558318359620675,new_high
0.5,WFC,1973-12-07,1973-12-12,3,-0.014830269500448967,0.23163591391957258,trend_off
0.5,WFC,1973-12-14,1973-12-17,1,-0.008474698395757208,0.23585464814950494,trend_off
0.5,WFC,1975-01-01,1975-02-21,37,0.137808191311928,0.38629359524482443,trend_off
0.5,WFC,1975-03-21,1975-04-03,9,-0.035831324837356626,0.2756452647203793,trend_off
0.5,WFC,1975-04-08,1975-05-01,17,0.036672089995499535,0.2595908794926662,trend_off
0.5,WFC,1975-09-02,1975-09-03,1,-0.024767091362262628,0.25517904043793194,trend_off
0.5,WFC,1975-09-04,1975-09-10,4,-0.03761775667213896,0.2593153854070588,trend_off
0.5,WFC,1975-09-12,1975-09-23,7,-0.013028123699304506,0.27900763313306215,trend_off
0.5,WFC,1975-10-09,1975-10-10,1,-0.013028123699304506,0.2514591934058269,trend_off
0.5,WFC,1975-10-13,1975-10-14,1,0.0,0.2490104408177253,trend_off
0.5,WFC,1975-10-21,1975-12-09,35,0.08252696850299213,0.24519659932568943,trend_off
0.5,WFC,1977-02-21,1977-02-25,4,0.01002421908018114,0.16531115571146765,trend_off
0.5,WFC,1977-02-28,1977-03-02,2,0.0,0.15859475719730953,trend_off
0.5,WFC,1977-03-04,1977-04-04,21,-0.00963842797841119,0.1539346483929981,trend_off
0.5,WFC,1977-05-06,1977-05-12,4,-0.009731449324906327,0.1363807462538406,trend_off
0.5,WFC,1977-05-13,1977-05-25,8,-0.029196249272278374,0.13162497857609842,trend_off
0.5,WFC,1977-10-03,1977-10-05,2,-0.02061988703892126,0.20327956940651948,trend_off
0.5,WFC,1977-10-25,1977-10-26,1,-0.030927597432479415,0.2038116652695273,trend_off
0.5,WFC,1978-07-07,1978-07-12,3,0.0,0.27379592599876684,trend_off
0.5,WFC,1978-11-16,1978-11-20,2,-0.010000197268488997,0.2068438714866881,trend_off
0.5,WFC,1978-12-19,1979-02-01,32,0.021224632396407372,0.18507415050270168,trend_off
0.5,WFC,1979-05-15,1979-05-18,3,-0.010309881490090045,0.19551228033621965,trend_off
0.5,WFC,1979-05-21,1979-05-28,5,-0.010309881490090045,0.21947331269418152,trend_off
0.5,WFC,1979-06-04,1979-07-25,37,0.11734764844206724,0.20466663877638386,new_high
0.5,WFC,1979-11-07,1979-11-30,17,0.009901482138690465,0.20924302913554496,trend_off
0.5,WFC,1979-12-03,1979-12-10,5,-0.0048777477092531996,0.19420881535550347,trend_off
0.5,WFC,1980-01-04,1980-01-07,1,0.0,0.1836202416272581,trend_off
0.5,WFC,1980-01-08,1980-01-09,1,-0.02438962025488156,0.17815046568556678,trend_off
0.5,WFC,1980-01-23,1980-01-24,1,0.0,0.21520550251725712,trend_off
0.5,WFC,1983-01-27,1983-01-28,1,-0.01030912649466953,0.2891365974071499,trend_off
0.5,WFC,1983-02-01,1983-02-02,1,0.0,0.2908566014821892,trend_off
0.5,WFC,1983-02-24,1983-02-28,2,-0.05208294266584368,0.26797944409147706,trend_off
0.5,WFC,1984-03-16,1984-03-19,1,-0.027237412636788916,0.22354149612758242,trend_off
0.5,WFC,1985-01-18,1985-02-04,11,0.10566228261382049,0.30633453852564096,trend_off
0.5,WFC,1989-11-20,1989-11-21,1,0.005988346672487266,0.2334299061477025,trend_off
0.5,WFC,1990-03-13,1990-03-19,4,-0.012578097825275858,0.2801686411814974,trend_off
0.5,WFC,1990-05-04,1990-06-05,22,0.2222219767257272,0.29246550777566493,new_high
0.5,WFC,1994-03-21,1994-03-25,4,-0.015228356623080974,0.24633156874194095,trend_off
0.5,WFC,1995-02-02,1995-03-23,35,0.03141402628671286,0.2438036523736976,trend_off
0.5,WFC,2001-05-16,2001-05-17,1,-0.006346038139098065,0.3240691668788551,trend_off
0.5,WFC,2001-05-29,2001-05-30,1,-0.0012827467747364985,0.29607716173722526,trend_off
0.5,WFC,2001-07-13,2001-07-16,1,-0.009895111409241708,0.2460522153374122,trend_off
0.5,WFC,2001-08-03,2001-08-15,8,0.013199213468175097,0.22072182175813876,trend_off
0.5,WFC,2001-08-22,2001-08-29,5,-0.03709189459239837,0.2037491351407802,trend_off
0.5,WFC,2002-01-16,2002-02-05,14,0.005940581562507541,0.2036941076010014,trend_off
0.5,WFC,2010-11-19,2011-02-08,57,0.24230868803873729,0.3613972024275874,new_high
0.5,WFC,2011-07-20,2011-07-25,3,0.00871127381194503,0.2829198365891486,trend_off
0.5,WFC,2016-07-13,2016-07-15,2,-0.011601209460785689,0.22070084372075985,trend_off
0.5,WFC,2016-08-08,2016-08-12,4,-0.020650194663156318,0.18778740480271278,trend_off
0.5,WFC,2016-08-15,2016-08-19,4,0.007872593107882686,0.1807728579702325,trend_off
0.5,WFC,2016-11-09,2016-12-01,16,0.1323193301337351,0.22452602075763972,new_high
0.5,WFC,2017-05-22,2017-05-24,2,0.0015090028455799764,0.18830528679324257,trend_off
0.5,WFC,2017-07-24,2017-07-28,4,-0.017873605115840685,0.15697254237816916,trend_off
0.5,WFC,2017-09-18,2017-09-26,6,0.020679142582882504,0.16001328167077172,trend_off
0.5,WFC,2017-09-28,2017-10-18,14,-0.015483940822924591,0.1476601065937563,trend_off
0.5,WFC,2018-05-08,2018-05-24,12,0.027824871615433455,0.23843922098246015,trend_off
0.5,WFC,2018-06-15,2018-06-20,3,-0.009094332276772144,0.2171910658042269,trend_off
0.5,WFC,2018-06-29,2018-07-05,4,-0.0036074295165661185,0.21375059927642148,trend_off
0.5,WFC,2018-07-06,2018-09-26,58,-0.041885613368213725,0.2079944585702363,trend_off
0.5,WFC,2018-10-31,2018-11-02,2,0.007138609191212231,0.22480886154532886,trend_off
0.5,WFC,2019-03-12,2019-03-13,1,0.00543821413028045,0.17212651471331986,trend_off
0.5,WFC,2019-03-14,2019-03-21,5,-0.009731893681028114,0.16868976909808314,trend_off
0.5,WFC,2019-07-05,2019-07-11,4,-0.0131882053322121,0.18624503271471662,trend_off
0.5,WFC,2019-07-26,2019-07-29,1,-0.020689401806853858,0.21020199548644103,trend_off
0.5,WFC,2020-02-13,2020-02-14,1,0.002078119307610038,0.18719423916061034,trend_off
0.5,WFC,2020-11-16,2020-11-18,2,0.006425851925754955,0.45109763835795497,trend_off
0.5,WFC,2020-11-23,2020-11-27,4,0.08212941745536306,0.44666620004750923,trend_off
0.5,WFC,2020-12-04,2021-01-29,40,0.011167399538457135,0.46468059695600183,trend_off
0.5,WFC,2021-02-02,2021-02-05,3,0.06221275175462537,0.4239219293980706,trend_off
0.5,WFC,2021-02-08,2021-02-10,2,-0.005987889437128802,0.41848102486132116,trend_off
0.5,WFC,2022-08-18,2022-08-23,3,-0.03836132192993702,0.3154298389020308,trend_off
0.5,WFC,2022-09-08,2022-09-09,1,0.0022106890220299213,0.2957321173598857,trend_off
0.5,WFC,2022-10-21,2022-12-05,31,-0.01982602201755257,0.33673424155140275,trend_off
0.5,WFC,2023-01-06,2023-01-09,1,-0.009579354591915168,0.2399467167252183,trend_off
0.5,WFC,2023-01-16,2023-01-18,2,-0.01899585918379776,0.23834367141568658,trend_off
0.5,WFC,2023-01-26,2023-01-27,1,0.006767194891935446,0.2439342139382641,trend_off
0.5,WFC,2023-01-31,2023-02-21,15,-0.00714832028655199,0.2343717239199211,trend_off
0.5,WFC,2023-02-22,2023-02-24,2,0.013257999106611296,0.21434377896211987,trend_off
0.5,WFC,2023-02-28,2023-03-02,2,-0.02073981107653977,0.20196847640887602,trend_off
0.5,WFC,2023-06-27,2023-06-28,1,-0.0070888073314380184,0.27742802375266323,trend_off
0.5,WFC,2023-09-25,2023-09-26,1,-0.021895950429344335,0.21979234400171774,trend_off
0.5,WFC,2026-04-06,2026-04-14,6,-0.0018326732893572117,0.2817783032267804,trend_off
0.5,WFC,2026-06-04,2026-07-30,40,0.046679674059333154,0.28438948341634074,trend_off
0.5,WFC,2026-09-25,2026-09-28,1,-0.0260335498412696,0.24440897571567308,trend_off
0.5,GS,2000-12-08,2000-12-14,4,-0.04830007779787615,0.5596456630984223,trend_off
0.5,GS,2000-12-20,2001-02-08,36,0.17850799705185083,0.5620877941727025,trend_off
0.5,GS,2001-05-14,2001-05-17,3,0.04091364246443008,0.5106904459865835,trend_off
0.5,GS,2001-05-18,2001-06-13,18,-0.08318712525888727,0.5045365102622367,trend_off
0.5,GS,2001-11-07,2001-11-22,11,0.007427719996960347,0.3806468738340568,trend_off
0.5,GS,2001-11-23,2001-11-27,2,-0.0016635718318390724,0.3575710695507693,trend_off
0.5,GS,2001-12-04,2001-12-13,7,0.04393714285388994,0.3638493886931758,trend_off
0.5,GS,2001-12-18,2002-01-16,21,-0.023898600002611126,0.3615446389874396,trend_off
0.5,GS,2002-09-04,2002-09-05,1,-0.0345692247325986,0.38353097650702583,trend_off
0.5,GS,2002-12-06,2002-12-09,1,-0.014093613370854907,0.3914430812574815,trend_off
0.5,GS,2002-12-12,2002-12-13,1,-0.015222350019346687,0.3706661575909361,trend_off
0.5,GS,2003-01-14,2003-01-15,1,-0.015930452865487665,0.3432568657195936,trend_off
0.5,GS,2003-01-17,2003-01-20,1,0.0,0.33262470070885636,trend_off
0.5,GS,2003-04-01,2003-04-03,2,0.03921304871463138,0.3371193096675763,trend_off
0.5,GS,2004-09-09,2004-09-22,9,0.016544806822309077,0.19530495462597136,trend_off
0.5,GS,2004-09-23,2004-09-24,1,0.004404986963490121,0.21086043578551283,trend_off
0.5,GS,2004-10-01,2004-10-19,12,-0.009156636330849288,0.19354189466777702,trend_off
0.5,GS,2004-10-27,2004-12-10,32,0.1383979283282668,0.19216752049656485,new_high
0.5,GS,2006-09-01,2006-09-04,1,0.0,0.21530753332927105,trend_off
0.5,GS,2008-08-11,2008-08-12,1,-0.06011235153037919,0.4627376662805749,trend_off
0.5,GS,2010-03-04,2010-04-01,20,0.04040041286408225,0.2767246058648748,trend_off
0.5,GS,2010-07-30,2010-08-02,1,0.012730725190310155,0.31685460577141006,trend_off
0.5,GS,2010-08-03,2010-08-11,6,-0.02572018544850263,0.30800028311012134,trend_off
0.5,GS,2010-10-19,2010-10-22,3,0.006635451534567238,0.24844853529874072,trend_off
0.5,GS,2010-10-25,2010-11-26,24,0.005273668125640896,0.239656733613413,trend_off
0.5,GS,2011-01-26,2011-01-28,2,0.002851616257021572,0.2315576588511029,trend_off
0.5,GS,2011-02-23,2011-03-01,4,-0.008813616251285072,0.20766971882547539,trend_off
0.5,GS,2012-02-02,2012-02-07,3,0.02284165054191223,0.4087129876937617,trend_off
0.5,GS,2012-02-08,2012-02-09,1,-0.0023248384376055586,0.3956554535592236,trend_off
0.5,GS,2012-02-10,2012-02-22,8,0.0021031661979129535,0.3871256887499865,trend_off
0.5,GS,2012-02-23,2012-03-06,8,-0.015428779511570179,0.345494411256201,trend_off
0.5,GS,2012-03-07,2012-04-09,23,0.005326398452691672,0.36343446540284025,trend_off
0.5,GS,2012-04-12,2012-04-13,1,-0.044024035821870644,0.3350481000081015,trend_off
0.5,GS,2012-08-23,2012-08-24,1,0.008455201267586032,0.24179885580145563,trend_off
0.5,GS,2012-08-27,2012-09-03,5,0.010128234538012482,0.23472121600356466,trend_off
0.5,GS,2012-09-04,2012-12-18,75,0.2058246197771807,0.2158059368154471,new_high
0.5,GS,2014-02-04,2014-02-05,1,-0.008284023169297217,0.18612970481486005,trend_off
0.5,GS,2015-11-27,2015-11-30,1,0.0010535512694256344,0.22443132163859061,trend_off
0.5,GS,2016-07-13,2016-07-15,2,0.023556505564722885,0.301497914003896,trend_off
0.5,GS,2016-08-03,2016-09-23,37,0.046960789609123976,0.25802558619028887,trend_off
0.5,GS,2016-10-10,2016-10-11,1,-0.011693298445976663,0.20809635494568673,trend_off
0.5,GS,2016-10-12,2016-11-09,20,0.13780288488927805,0.20470216818498443,new_high
0.5,GS,2017-05-15,2017-05-16,1,0.0021324053928994946,0.19262768659155363,trend_off
0.5,GS,2017-05-18,2017-05-19,1,0.0010689483384993537,0.2360842693334055,trend_off
0.5,GS,2017-07-10,2017-07-18,6,-0.011202498069379452,0.2041742265384645,trend_off
0.5,GS,2017-08-16,2017-08-17,1,-0.01857205156349051,0.19318280291660914,trend_off
0.5,GS,2017-08-22,2017-08-23,1,-0.0037568868149167045,0.19240328662240255,trend_off
0.5,GS,2017-08-24,2017-08-28,2,-0.011839012578101271,0.18641802788229667,trend_off
0.5,GS,2017-09-01,2017-09-04,1,0.0,0.17656782547450958,trend_off
0.5,GS,2018-07-27,2018-08-02,4,-0.015359318412140444,0.17124874231306034,trend_off
0.5,GS,2018-08-21,2018-08-23,2,-0.009679454044208113,0.16594553886179741,trend_off
0.5,GS,2018-08-27,2018-09-06,8,-0.030104587842119224,0.18401376463824237,trend_off
0.5,GS,2018-09-07,2018-09-10,1,-0.008550481019311995,0.16613032628847643,trend_off
0.5,GS,2019-06-20,2019-07-10,14,0.05247833787313749,0.22915022483909234,trend_off
0.5,GS,2019-07-11,2019-08-05,17,-0.04575326386772438,0.2143529893434036,trend_off
0.5,GS,2019-08-06,2019-08-07,1,-0.0013104018419473062,0.2526548673120945,trend_off
0.5,GS,2019-08-08,2019-08-09,1,-0.000483300429567457,0.24499892729278486,trend_off
0.5,GS,2020-09-16,2020-09-17,1,-0.029151074260037713,0.3316386159728015,trend_off
0.5,GS,2020-09-24,2020-09-25,1,-0.0008199359989908839,0.3515745068027575,trend_off
0.5,GS,2020-09-28,2020-09-29,1,-0.011453380387311252,0.34568513660927375,trend_off
0.5,GS,2020-09-30,2020-10-01,1,-0.012041860977926144,0.3414868315444677,trend_off
0.5,GS,2020-10-05,2020-10-06,1,-0.0035180518302616592,0.3282670010312745,trend_off
0.5,GS,2020-10-19,2020-10-26,5,-0.022120433528248107,0.3042632013192872,trend_off
0.5,GS,2022-08-12,2022-08-22,6,-0.03221931288828983,0.2976851081304149,trend_off
0.5,GS,2022-08-23,2022-09-05,9,-0.018217866287317364,0.2792135682863181,trend_off
0.5,GS,2022-10-21,2022-12-07,33,0.11436589254152607,0.33890247468814694,trend_off
0.5,GS,2023-04-11,2023-04-25,10,0.03699176948065097,0.260879915079672,trend_off
0.5,GS,2023-06-30,2023-07-05,3,-0.0077199476163533065,0.22534372723365903,trend_off
0.5,GS,2023-09-13,2023-09-29,12,-0.034061966638832764,0.19166061513290517,trend_off
0.5,GS,2023-10-02,2023-10-03,1,-0.03886957540801095,0.19469372918234848,trend_off
0.5,GS,2023-11-13,2023-12-14,23,0.18264607577077885,0.24349466133067157,new_high
0.5,GS,2025-03-17,2025-03-19,2,0.010882707068250896,0.33787062102698223,trend_off
1.0,BTC,2012-04-06,2012-04-09,1,-0.0195105991256872,0.8076772412161266,trend_off
1.0,BTC,2012-04-17,2012-04-26,7,0.025896839332977928,0.722180319271541,trend_off
1.0,BTC,2012-05-11,2012-05-17,4,0.025374510096904057,0.5740688583841693,trend_off
1.0,BTC,2012-05-23,2012-05-24,1,-0.0018914812730609354,0.5044648583396658,trend_off
1.0,BTC,2012-05-25,2012-06-29,25,0.2961685748906886,0.48805461685307927,trend_off
1.0,BTC,2012-07-02,2012-07-04,2,-0.03390575545511065,0.447000230166657,trend_off
1.0,BTC,2012-07-09,2012-08-07,21,0.5558395200455295,0.45586975717803485,new_high
1.0,BTC,2015-07-08,2015-08-10,23,-0.02332109369426616,0.407408307253188,trend_off
1.0,BTC,2018-09-20,2018-09-24,2,0.011617188489999153,0.5387854270911029,trend_off
1.0,BTC,2018-10-05,2018-10-11,4,-0.05530250709309459,0.47166523227619983,trend_off
1.0,BTC,2023-01-25,2023-01-30,3,-0.012013253416764513,0.4838660202091255,trend_off
1.0,BTC,2023-02-01,2023-02-02,1,-0.01061797692681965,0.4524958611019395,trend_off
1.0,BTC,2023-02-13,2023-03-02,13,0.0764562302498677,0.44339825475479594,trend_off
1.0,LTC,2016-04-04,2016-04-05,1,0.00032609740836164747,0.42472832255022785,trend_off
1.0,LTC,2016-04-06,2016-04-07,1,-0.0032586282142532674,0.41081868802109583,trend_off
1.0,LTC,2016-04-13,2016-06-22,50,0.207431075536614,0.37973762171758735,trend_off
1.0,LTC,2022-11-04,2022-11-07,1,0.0008235872127164701,0.6367113813014814,trend_off
1.0,LTC,2026-09-18,2026-10-01,9,0.15556507284011056,0.5130262546534028,new_high
1.0,XRP,2019-03-12,2019-03-13,1,0.012562858969365598,0.6327161816379413,trend_off
1.0,DOGE,2016-10-11,2016-10-12,1,-0.013810497831939883,0.48246983894589085,trend_off
1.0,DOGE,2016-11-10,2016-11-11,1,-0.017539549663134535,0.464321775252279,trend_off
1.0,DOGE,2016-12-23,2016-12-27,2,-0.03139333195695726,0.4046600325155449,trend_off
1.0,DOGE,2016-12-30,2017-01-02,1,-0.03804477727134292,0.3967663824035487,trend_off
1.0,DOGE,2017-01-03,2017-01-04,1,-0.03131237357216554,0.4055351013789761,trend_off
1.0,DOGE,2017-01-09,2017-01-10,1,-0.042595651193730544,0.444659895568903,trend_off
1.0,BNB,2026-05-12,2026-05-13,1,0.010295336761867002,0.3657623512136346,trend_off
1.0,BNB,2026-05-25,2026-05-27,2,-0.021356651706090024,0.34918054382719976,trend_off
1.0,BNB,2026-06-01,2026-06-02,1,-0.06024989173157258,0.39614987142384905,trend_off
1.0,BNB,2026-08-21,2026-10-01,29,0.11609465579838907,0.3412065455271937,new_high
1.0,SOL,2026-08-19,2026-08-20,1,0.02650041053764518,0.5183100761229215,trend_off
1.0,SOL,2026-08-21,2026-10-01,29,0.2525945051251426,0.5370209808463126,new_high
1.0,SPY,2009-06-25,2009-06-30,3,-0.001411671904783418,0.2743513288135718,trend_off
1.0,SPY,2009-07-15,2009-09-01,34,0.0744153069545519,0.25935269498076113,trend_off
1.0,QQQ,2003-01-28,2003-01-29,1,0.014931236283833194,0.337325073016881,trend_off
1.0,DIA,2009-07-15,2009-09-02,35,0.08227037151326733,0.23791861097648864,trend_off
1.0,IWM,2003-01-10,2003-01-21,7,-0.03375623014682738,0.2303995934619875,trend_off
1.0,IWM,2003-04-18,2003-06-05,34,0.19777357407535945,0.1868332448618816,new_high
1.0,MDY,2003-04-22,2003-05-01,7,0.01595884711070683,0.19019950893942597,trend_off
1.0,EFA,2003-04-21,2003-04-29,6,0.0209749798945984,0.20520840247251876,trend_off
1.0,EFA,2009-04-16,2009-04-17,1,-0.0034055755966326817,0.444579667677081,trend_off
1.0,EFA,2009-04-21,2009-04-22,1,-0.007962350432637488,0.44476841099854647,trend_off
1.0,EFA,2009-05-01,2009-06-22,36,0.07097332076666407,0.40576562413790107,trend_off
1.0,TLT,2009-08-18,2009-10-12,39,0.02630127002068794,0.19434479769692925,trend_off
1.0,TLT,2009-10-13,2009-10-15,2,-0.019368235242973486,0.16556517746751417,trend_off
1.0,TLT,2009-10-19,2009-10-22,3,-0.005510133807644757,0.16400245249944287,trend_off
1.0,TLT,2009-10-30,2009-11-03,2,-0.01436995267614194,0.16275825621316606,trend_off
1.0,TLT,2009-11-24,2009-11-30,4,0.010774750873399075,0.13465999977476195,trend_off
1.0,TLT,2009-12-02,2009-12-04,2,-0.020874926805857785,0.1271537739097446,trend_off
1.0,TLT,2011-04-22,2011-04-25,1,0.0037795216890714745,0.12142473743738277,trend_off
1.0,TLT,2014-01-24,2014-02-24,21,-0.007518854078573112,0.10156293500616818,trend_off
1.0,TLT,2014-02-25,2014-03-04,5,0.002801599596906179,0.09707033254455624,trend_off
1.0,TLT,2014-03-12,2014-04-01,14,0.010345619850322452,0.10145601126998706,trend_off
1.0,TLT,2014-04-02,2014-05-14,30,0.05559981046171214,0.10466433634227719,new_high
1.0,TLT,2017-05-05,2017-05-08,1,-0.005441380900529258,0.09844060431250262,trend_off
1.0,TLT,2017-05-19,2017-05-23,2,-0.009457517829022821,0.09641113938066985,trend_off
1.0,TLT,2017-05-24,2017-07-03,28,0.01421263120991445,0.09565715815158722,trend_off
1.0,TLT,2022-12-07,2022-12-08,1,-0.0027408958876028455,0.22704811828620913,trend_off
1.0,IEF,2018-08-10,2018-08-13,1,-0.00029293770267235786,0.037749431155456474,trend_off
1.0,IEF,2018-08-14,2018-09-10,19,-0.0006348381490237642,0.036695933187425235,trend_off
1.0,IEF,2022-12-07,2022-12-08,1,-0.005648457978868038,0.11000822119325845,trend_off
1.0,IEF,2022-12-14,2022-12-15,1,0.0019459571699376177,0.10807256067963202,trend_off
1.0,VNQ,2014-01-03,2014-01-07,2,0.009548491110920487,0.12865787353535324,trend_off
1.0,GLD,2014-03-07,2014-03-20,9,-0.009528203287879622,0.15374886797413984,trend_off
1.0,GLD,2014-03-21,2014-03-24,1,-0.01782518014920287,0.15388148948132152,trend_off
1.0,SLV,2012-04-12,2012-04-13,1,-0.027689396471065053,0.3279109615892988,trend_off
1.0,SLV,2014-06-13,2014-06-17,2,0.001057106642865735,0.15101674968967083,trend_off
1.0,SLV,2014-06-18,2014-07-30,30,0.038320287602153336,0.14549051697516108,trend_off
1.0,SLV,2026-09-04,2026-09-08,2,-0.007522580495405551,0.4245276533884524,trend_off
1.0,USO,2007-06-21,2007-06-25,2,0.006976756220876901,0.23166772298425897,trend_off
1.0,USO,2007-06-29,2007-08-06,26,0.022641523829046273,0.22198171701670094,trend_off
1.0,USO,2009-05-29,2009-06-05,5,0.027472526320885926,0.48211470307072835,trend_off
1.0,USO,2009-06-09,2009-07-01,16,-0.01911494025888205,0.46022755793390513,trend_off
1.0,USO,2009-07-31,2009-08-31,21,-0.020646620697545526,0.4517047860794544,trend_off
1.0,USO,2009-09-30,2009-10-07,5,-0.006355334373143173,0.4269507898504313,trend_off
1.0,USO,2012-12-31,2013-01-01,1,0.0,0.20565600146698515,trend_off
1.0,USO,2013-01-10,2013-01-11,1,-0.0032191045229339466,0.18483043730640375,trend_off
1.0,USO,2013-01-14,2013-01-15,1,-0.008459659018576704,0.1798537384417438,trend_off
1.0,USO,2013-01-16,2013-02-04,13,0.014585764813444868,0.17741756015129992,trend_off
1.0,USO,2013-02-05,2013-02-07,2,-0.00999139270104532,0.15965225980344103,trend_off
1.0,USO,2015-06-23,2015-06-24,1,-0.012701526018724096,0.31846946076815985,trend_off
1.0,USO,2016-05-31,2016-06-14,10,-0.01179446880139201,0.35678008788324295,trend_off
1.0,USO,2016-06-20,2016-06-22,2,-0.01427372615213629,0.3556375311654632,trend_off
1.0,USO,2020-11-24,2021-03-23,85,0.27824675023083256,0.3971349783725133,trend_off
1.0,XLE,2003-02-26,2003-02-27,1,-0.0058137000351287105,0.21804887360286762,trend_off
1.0,XLE,2003-03-03,2003-03-04,1,-0.004891137250195188,0.20944132254591807,trend_off
1.0,XLE,2003-03-06,2003-03-07,1,0.0,0.20120105657361653,trend_off
1.0,XLE,2003-03-18,2003-03-19,1,0.0013326816772443184,0.19725890187278108,trend_off
1.0,XLE,2003-03-26,2003-04-03,6,-0.001345269054218723,0.18966462201052398,trend_off
1.0,XLE,2003-04-10,2003-04-11,1,-0.005845249480175507,0.18887112912925327,trend_off
1.0,XLE,2003-05-02,2003-06-25,38,0.08531742548349541,0.1762010044968708,trend_off
1.0,XLE,2009-05-01,2009-05-04,1,0.03999142504730102,0.4565632522487964,trend_off
1.0,XLE,2009-05-26,2009-06-18,17,0.006446339841357229,0.42406941222917927,trend_off
1.0,XLE,2009-06-19,2009-06-22,1,-0.049990089304316476,0.3772805312773782,trend_off
1.0,XLE,2009-07-20,2009-08-05,12,0.04119327272623052,0.3399135339838333,trend_off
1.0,XLE,2009-08-06,2009-08-17,7,-0.03576391988611316,0.30762443652041355,trend_off
1.0,XLE,2009-08-18,2009-08-27,7,0.05508495261842583,0.2959996423740158,trend_off
1.0,XLE,2017-09-14,2017-09-15,1,0.002359616026733846,0.12710974910254308,trend_off
1.0,XLE,2017-10-26,2017-10-27,1,0.0017851099767931533,0.09501309106911857,trend_off
1.0,XLE,2017-10-31,2017-11-14,10,0.0033866835556826125,0.09169852297592272,trend_off
1.0,XLV,2009-05-21,2009-05-22,1,0.0011879924465474367,0.226108936401031,trend_off
1.0,XLV,2009-05-25,2009-06-08,10,0.00869882677325462,0.21871180855313638,trend_off
1.0,XLV,2009-06-09,2009-06-10,1,-0.004334496686309031,0.19942683346627232,trend_off
1.0,XLP,2003-01-07,2003-01-08,1,-0.0059200429402640475,0.1675768654345592,trend_off
1.0,XLP,2003-01-13,2003-01-15,2,-0.006842746464773342,0.16030042621588905,trend_off
1.0,XLP,2003-05-27,2003-05-29,2,0.0010087909673337503,0.16213824005719585,trend_off
1.0,XLI,2003-01-10,2003-01-16,4,-0.01978315011993481,0.2323509180541872,trend_off
1.0,XLI,2003-01-17,2003-01-20,1,0.0,0.21941981426962887,trend_off
1.0,XLI,2009-06-19,2009-06-22,1,-0.03333377883478583,0.35587815850802196,trend_off
1.0,XLI,2009-07-16,2009-09-02,34,0.08215566298299293,0.33197729627463,trend_off
1.0,XLB,2005-09-28,2005-10-04,4,-0.0014745900117100197,0.1300961385034068,trend_off
1.0,XLB,2009-04-16,2009-04-23,5,-0.012772847635742712,0.43384459980535284,trend_off
1.0,XLB,2009-04-30,2009-06-16,33,0.026490259437910613,0.42456469351765214,trend_off
1.0,XLU,2003-04-18,2003-06-18,43,0.18861046041478202,0.1883392505068765,new_high
1.0,XLU,2009-06-12,2009-06-15,1,-0.020227469386327024,0.24252821952079603,trend_off
1.0,XLU,2009-06-18,2009-06-22,2,-0.014854331424839828,0.24375211309673056,trend_off
1.0,XLU,2009-07-15,2009-07-17,2,-0.004264458464451004,0.22598285854601297,trend_off
1.0,XLU,2009-07-20,2009-07-21,1,0.00991876608157094,0.2163956575217696,trend_off
1.0,XLU,2009-08-05,2009-09-01,19,0.013985707995039842,0.21427463577860292,trend_off
1.0,SMH,2003-03-17,2003-03-31,10,-0.06707097771657788,0.4644321406778915,trend_off
1.0,GOLD,2014-03-07,2014-03-20,9,-0.00567967694836069,0.15338326073297393,trend_off
1.0,GOLD,2014-03-21,2014-03-24,1,-0.01856291079949479,0.14947487343018764,trend_off
1.0,SILVER,2014-06-13,2014-07-30,33,0.046901332948956265,0.17603612434968285,trend_off
1.0,SILVER,2026-09-04,2026-09-10,4,-0.02669312105748567,0.41040478181092327,trend_off
1.0,CRUDE,2015-06-09,2015-06-15,4,-0.010309260694663092,0.40477148646443745,trend_off
1.0,CRUDE,2015-06-16,2015-06-19,3,-0.006003011556172555,0.3814986055812131,trend_off
1.0,CRUDE,2015-06-23,2015-06-29,4,-0.0439271687298608,0.35924158761249647,trend_off
1.0,COPPER,2009-04-24,2009-05-12,12,0.00917422215222774,0.4892139388153972,trend_off
1.0,COPPER,2009-05-22,2009-06-30,27,0.07395954243589964,0.4489188895207983,trend_off
1.0,COPPER,2016-03-22,2016-03-23,1,-0.023637515240995888,0.2093883853020518,trend_off
1.0,COPPER,2016-04-29,2016-05-03,2,-0.028301927256913273,0.20955172546076511,trend_off
1.0,NATGAS,2014-11-03,2014-11-28,19,0.010380577571659,0.3238002015817868,trend_off
1.0,NATGAS,2015-07-27,2015-07-30,3,-0.007529633061074015,0.35172920090243953,trend_off
1.0,NATGAS,2015-08-04,2015-08-05,1,-0.004978641103989934,0.35672059743560647,trend_off
1.0,NATGAS,2015-08-06,2015-08-07,1,-0.005332337959060629,0.34566489141274875,trend_off
1.0,NATGAS,2018-08-03,2018-08-27,16,0.008061690328436955,0.21358738865228485,trend_off
1.0,NATGAS,2018-08-31,2018-09-04,2,-0.031892983085852755,0.19440125724376864,trend_off
1.0,NATGAS,2019-10-29,2019-11-12,10,0.009241497467043391,0.39270330925188324,trend_off
1.0,NATGAS,2019-11-14,2019-11-18,2,-0.030600713021950443,0.40208007860975825,trend_off
1.0,NATGAS,2019-11-22,2019-11-27,3,-0.061538475301981976,0.4097570505964461,trend_off
1.0,NATGAS,2023-08-07,2023-08-16,7,-0.04880730336066097,0.6022281707874351,trend_off
1.0,NATGAS,2023-08-17,2023-08-18,1,-0.026707337606796,0.606528879217266,trend_off
1.0,NATGAS,2023-08-30,2023-09-05,4,-0.07653790642224267,0.6069129584202737,trend_off
1.0,NATGAS,2023-09-13,2023-09-21,6,-0.026119466387206858,0.5780724031378012,trend_off
1.0,NATGAS,2023-09-25,2023-09-26,1,0.006441818999187721,0.558076998375231,trend_off
1.0,NATGAS,2023-09-28,2023-11-06,27,0.10831918945776975,0.5717877994142176,trend_off
1.0,NATGAS,2026-07-06,2026-07-07,1,0.006163396009379873,0.5313216357688315,trend_off
1.0,NATGAS,2026-09-15,2026-09-16,1,-0.00959228461445416,0.3654501666236783,trend_off
1.0,NATGAS,2026-09-24,2026-09-25,1,-0.03063385934388252,0.4412303121880868,trend_off
1.0,CORN,2005-03-09,2005-03-10,1,0.015531660692950977,0.20198811342461104,trend_off
1.0,CORN,2005-03-11,2005-03-14,1,-0.01379310344827589,0.20906844369832706,trend_off
1.0,CORN,2005-03-15,2005-03-29,10,-0.06783369803063455,0.2751010441931218,trend_off
1.0,CORN,2005-03-30,2005-04-05,4,-0.03294117647058825,0.25433090279481224,trend_off
1.0,CORN,2005-04-06,2005-04-07,1,-0.008443908323281013,0.24593282687523413,trend_off
1.0,CORN,2005-04-21,2005-04-22,1,-0.009467455621301801,0.224463261483974,trend_off
1.0,CORN,2005-04-25,2005-04-27,2,-0.023446658851113744,0.225409220345764,trend_off
1.0,CORN,2005-05-16,2005-05-19,3,0.012077294685990392,0.2703262172562012,trend_off
1.0,CORN,2005-05-20,2005-06-08,13,0.01289566236811246,0.26171831320437994,trend_off
1.0,CORN,2009-04-09,2009-04-13,2,-0.007046764894298563,0.36934750758257584,trend_off
1.0,CORN,2009-04-30,2009-05-04,2,0.00441640378548902,0.3455289121405483,trend_off
1.0,CORN,2009-05-06,2009-06-15,28,0.013100436681222627,0.3356292572306077,trend_off
1.0,CORN,2014-03-05,2014-05-02,42,0.03945291951604424,0.18370691917490858,trend_off
1.0,CORN,2014-05-05,2014-05-12,5,-0.01142573273720815,0.20178293501916678,trend_off
1.0,CORN,2014-05-13,2014-05-14,1,-0.016890213611525096,0.20375800779783126,trend_off
1.0,CORN,2015-02-11,2015-02-18,5,-0.005184705119896327,0.23630763863963805,trend_off
1.0,CORN,2015-02-19,2015-02-23,2,-0.02822322001282873,0.22586718154881194,trend_off
1.0,CORN,2015-02-26,2015-03-04,4,0.003947368421052699,0.21841093889719793,trend_off
1.0,CORN,2017-03-29,2017-03-30,1,-0.002789400278940035,0.1685890901617751,trend_off
1.0,CORN,2017-04-27,2017-04-28,1,-0.011049723756906049,0.16926346976636855,trend_off
1.0,CORN,2021-12-02,2022-04-12,93,0.3453206239168112,0.23859234514581326,new_high
1.0,CORN,2023-01-09,2023-01-26,13,0.04557640750670244,0.17953410145180165,trend_off
1.0,CORN,2023-02-17,2023-02-21,2,0.004057543341940306,0.15238462145423406,trend_off
1.0,CORN,2024-05-21,2024-05-29,6,-0.006004366812227047,0.20594622872408702,trend_off
1.0,DXY,1972-08-10,1972-09-11,22,0.0017462757967141584,0.01664477738346028,trend_off
1.0,DXY,1972-09-12,1972-11-24,53,0.008349423616347051,0.012117995381220213,trend_off
1.0,DXY,1972-11-30,1973-01-02,23,0.0031861491031659472,0.00986108950560081,new_high
1.0,DXY,1973-11-13,1973-11-14,1,-0.005133828524628292,0.07363298271886697,trend_off
1.0,DXY,1973-11-15,1973-11-16,1,-0.0012115370306382545,0.073576185214339,trend_off
1.0,DXY,1973-11-21,1974-01-21,43,0.1022795990727754,0.06940475425009382,new_high
1.0,DXY,1974-06-18,1974-06-19,1,0.00029947868468838124,0.0679413302614625,trend_off
1.0,DXY,1974-06-20,1974-07-02,8,-0.0015956521199894658,0.06573259373149079,trend_off
1.0,DXY,1974-07-11,1974-07-12,1,-0.0030790381173431136,0.05749886953448906,trend_off
1.0,DXY,1974-07-15,1974-07-17,2,-0.0007988200682554902,0.056769524982396825,trend_off
1.0,DXY,1974-07-29,1974-11-04,70,0.004782262771786172,0.0611672817028406,trend_off
1.0,DXY,1975-07-02,1975-07-03,1,0.0007241846903804916,0.03840974909258421,trend_off
1.0,DXY,1975-07-07,1975-07-09,2,-0.002983470115613618,0.038566049527993806,trend_off
1.0,DXY,1975-07-10,1975-09-09,43,0.04504411482544168,0.04038695221649364,trend_off
1.0,DXY,1979-02-06,1979-02-07,1,-0.0104225467761766,0.0812006462317638,trend_off
1.0,DXY,1979-03-28,1979-05-15,34,0.019350447338746912,0.052463434720607535,trend_off
1.0,DXY,1979-05-16,1979-06-15,22,-0.0023328048467421425,0.040104061642347776,trend_off
1.0,DXY,1980-10-28,1981-01-30,68,0.07969616656003731,0.05023873661612592,new_high
1.0,DXY,1987-07-14,1987-07-15,1,-0.012171880789582867,0.07501199764155163,trend_off
1.0,DXY,1987-07-28,1987-07-31,3,0.0020082797970806254,0.080517257148494,trend_off
1.0,DXY,1987-09-30,1987-10-01,1,-0.0015217766698114588,0.07064111099064944,trend_off
1.0,DXY,1988-05-27,1988-05-30,1,0.0,0.06696628418610022,trend_off
1.0,DXY,1988-05-31,1988-08-09,50,0.0904600485721665,0.06729549356138258,new_high
1.0,DXY,1994-12-19,1994-12-27,6,0.0018952709489827857,0.055467268202570065,trend_off
1.0,DXY,2003-08-28,2003-08-29,1,-0.007386454957083788,0.07539979819664108,trend_off
1.0,DXY,2003-09-02,2003-09-05,3,-0.018797379158328575,0.0797672829375607,trend_off
1.0,DXY,2004-06-25,2004-06-28,1,-0.001800135437208139,0.09712610320609942,trend_off
1.0,DXY,2004-07-30,2004-08-03,2,-0.0043352533750276034,0.08943592436337645,trend_off
1.0,DXY,2005-05-02,2005-05-03,1,0.00023676497770996896,0.06755518162299488,trend_off
1.0,DXY,2006-10-23,2006-10-27,4,-0.013262617207025706,0.05577801467074204,trend_off
1.0,DXY,2010-01-26,2010-02-02,5,0.0073951527323457,0.0757153522536217,trend_off
1.0,DXY,2010-02-03,2010-03-08,23,0.013355140757373762,0.07350445404870758,trend_off
1.0,DXY,2011-01-05,2011-01-13,6,-0.013331667908605849,0.08772735222965664,trend_off
1.0,DXY,2014-05-30,2014-06-13,10,0.0026129037861901683,0.03482255646133776,trend_off
1.0,DXY,2014-06-17,2014-06-19,2,-0.0038446926597236475,0.03434779367197312,trend_off
1.0,DXY,2023-02-28,2023-03-01,1,-0.003718884136876266,0.07919056902632324,trend_off
1.0,DXY,2023-09-05,2023-10-23,34,0.006965016448220895,0.059995334751978394,trend_off
1.0,DXY,2025-10-09,2025-10-10,1,-0.005625854464970104,0.06735643750277813,trend_off
1.0,DXY,2025-10-14,2025-10-15,1,-0.0026249583868726,0.06706998050530223,trend_off
1.0,DXY,2025-11-17,2025-11-28,9,-0.0013053244120715402,0.05356837132434537,trend_off
1.0,DXY,2026-01-09,2026-01-20,7,-0.004942982723149747,0.040754003245413166,trend_off
1.0,EURUSD,2005-08-31,2005-09-09,7,0.005671855572032758,0.08763493245783817,trend_off
1.0,EURUSD,2006-01-05,2006-01-12,5,-0.005119106614970836,0.09352935846553116,trend_off
1.0,EURUSD,2006-01-16,2006-01-26,8,0.008159628513165096,0.09321134734132933,trend_off
1.0,EURUSD,2006-03-28,2006-03-31,3,0.008662248913434922,0.07810072936443797,trend_off
1.0,EURUSD,2015-08-24,2015-09-01,6,-0.01328009879628178,0.11596447373511132,trend_off
1.0,EURUSD,2015-09-02,2015-09-04,2,-0.014830864056007309,0.12810064339944996,trend_off
1.0,EURUSD,2015-09-10,2015-09-15,3,0.00774578344677157,0.12028829200099696,trend_off
1.0,EURUSD,2015-09-29,2015-10-01,2,-0.005250882205527607,0.11126005812587123,trend_off
1.0,EURUSD,2015-10-05,2015-10-19,10,0.011940467762998619,0.10683620325773624,trend_off
1.0,EURUSD,2019-02-05,2019-02-06,1,-0.0023048017136692023,0.06822753134426122,trend_off
1.0,USDJPY,1999-04-07,1999-04-19,8,-0.03267490716628085,0.15193612360720818,trend_off
1.0,USDJPY,1999-04-21,1999-04-26,3,-0.0032573875228274485,0.14133107563045638,trend_off
1.0,USDJPY,1999-04-29,1999-04-30,1,0.0014262231769490707,0.13251568976579395,trend_off
1.0,USDJPY,1999-05-11,1999-05-13,2,0.0066143288296249825,0.11900033734774519,trend_off
1.0,USDJPY,1999-05-14,1999-05-25,7,-0.004070666714535376,0.11693975706091816,trend_off
1.0,USDJPY,1999-05-26,1999-05-31,3,-0.005805451317664412,0.10921973326427295,trend_off
1.0,USDJPY,1999-06-04,1999-06-07,1,-0.014955882820581357,0.11248153676238454,trend_off
1.0,USDJPY,1999-06-25,1999-06-28,1,0.001815641033487303,0.12424280163753086,trend_off
1.0,USDJPY,1999-06-30,1999-07-01,1,0.0,0.1186409165873734,trend_off
1.0,USDJPY,1999-07-06,1999-07-19,9,-0.030303005687804307,0.11571564967428667,trend_off
1.0,USDJPY,2000-02-22,2000-02-28,4,-0.008854385202669457,0.1052880980291285,trend_off
1.0,USDJPY,2000-02-29,2000-03-01,1,-0.02949450883012905,0.10415884266976323,trend_off
1.0,USDJPY,2000-04-10,2000-04-12,2,-0.0066691629774418,0.13568577598076775,trend_off
1.0,USDJPY,2000-04-28,2000-05-04,4,-0.0013869766413550089,0.12501032036216214,trend_off
1.0,USDJPY,2000-07-05,2000-08-02,20,0.01636584676896602,0.10038152528780626,trend_off
1.0,USDJPY,2003-02-06,2003-02-13,5,0.0036700512440259736,0.08096807635317942,trend_off
1.0,USDJPY,2009-08-18,2009-08-19,1,-0.00769712943617451,0.13442323896068223,trend_off
1.0,USDJPY,2011-04-01,2011-04-20,13,-0.009356991045895158,0.11522453935221397,trend_off
1.0,USDJPY,2012-02-10,2012-04-03,37,0.050340026546423555,0.06582404710825664,trend_off
1.0,USDJPY,2012-10-17,2012-12-17,43,0.06765620538630923,0.056910933469784084,new_high
1.0,USDJPY,2016-11-18,2016-11-22,2,0.0035735455082297474,0.10504749409754423,trend_off
1.0,USDJPY,2021-02-24,2021-03-29,23,0.04281796071249033,0.051065720565297144,new_high
1.0,GBPUSD,2006-04-04,2006-04-05,1,-0.0015423709580077993,0.07458724708934354,trend_off
1.0,GBPUSD,2006-04-17,2006-04-20,3,0.004569379031344356,0.0717323190501577,trend_off
1.0,GBPUSD,2009-05-07,2009-07-01,39,0.09605021292616356,0.15000277875830342,trend_off
1.0,GBPUSD,2009-07-02,2009-07-08,4,-0.017632784417350056,0.13840558967272476,trend_off
1.0,GBPUSD,2009-07-14,2009-07-17,3,0.0007511998269698061,0.13637111006368535,trend_off
1.0,GBPUSD,2009-07-20,2009-07-27,5,-0.0023738616379025412,0.13354651272610338,trend_off
1.0,GBPUSD,2015-07-13,2015-07-14,1,-0.002167462130108766,0.08680590063478857,trend_off
1.0,GBPUSD,2017-04-03,2017-05-29,40,0.021809894533719287,0.09207862875992891,trend_off
1.0,GBPUSD,2017-06-02,2017-06-05,1,-0.001415720640746354,0.07627595412013,trend_off
1.0,GBPUSD,2017-06-08,2017-06-09,1,-0.018448238250496907,0.07273635529538934,trend_off
1.0,GBPUSD,2019-02-08,2019-02-11,1,-0.0009573254174547463,0.08905485600299934,trend_off
1.0,GBPUSD,2019-02-13,2019-02-14,1,-0.0027385047020891395,0.08652200470622194,trend_off
1.0,GBPUSD,2019-02-19,2019-02-22,3,0.009076790778985488,0.08576456860162132,trend_off
1.0,AUDUSD,2009-04-02,2009-04-03,1,-0.0027169857877226145,0.24578511229641076,trend_off
1.0,AUDUSD,2009-04-06,2009-06-30,61,0.13261852419320186,0.2389115478661232,trend_off
1.0,AUDUSD,2019-04-01,2019-04-03,2,-0.0077995779351599515,0.08182826906376327,trend_off
1.0,AAPL,1984-03-19,1984-03-21,2,-0.009532256461625255,0.4808212101368098,trend_off
1.0,AAPL,1984-03-28,1984-03-29,1,-0.004902148368962522,0.4445848934726789,trend_off
1.0,AAPL,1984-04-20,1984-05-25,25,0.04424514794013734,0.4244403020318788,trend_off
1.0,AAPL,1985-12-12,1986-01-27,32,0.1062422994001937,0.34187646933381616,trend_off
1.0,AAPL,2001-07-09,2001-07-10,1,-0.06872192212302086,0.5750816150394323,trend_off
1.0,AAPL,2001-07-11,2001-07-17,4,0.11357474392555367,0.6202039296787797,trend_off
1.0,AAPL,2003-03-17,2003-03-19,2,-0.003999518323873241,0.30044692248324,trend_off
1.0,AAPL,2003-03-21,2003-03-24,1,-0.0420001853327403,0.2819310865598079,trend_off
1.0,AAPL,2013-07-30,2013-08-01,2,0.007411894920758666,0.25048449440713866,trend_off
1.0,AAPL,2013-08-07,2013-08-09,2,-0.016193178518823848,0.23466526484823588,trend_off
1.0,AAPL,2013-08-12,2013-09-11,22,0.0007493075556848083,0.24064751136998488,trend_off
1.0,AAPL,2016-07-25,2016-09-06,31,0.11242458372767672,0.18620057243030155,trend_off
1.0,NVDA,2003-04-14,2003-04-15,1,-0.005189865937104243,0.6143661939486184,trend_off
1.0,NVDA,2003-04-22,2003-04-24,2,-0.007759970916394132,0.562366433659518,trend_off
1.0,NVDA,2003-05-02,2003-06-05,24,0.6710720867928379,0.5959232678215447,new_high
1.0,NVDA,2012-01-27,2012-02-27,21,0.0375587236105408,0.4000058987833375,trend_off
1.0,NVDA,2019-07-24,2019-07-25,1,-0.029552998939428976,0.33916545793579517,trend_off
1.0,BRK-B,2009-07-20,2009-09-01,31,0.08626193287569794,0.295264751684239,trend_off
1.0,BRK-B,2009-09-15,2009-09-21,4,0.00651614364442743,0.24892200418593513,trend_off
1.0,JPM,1988-05-13,1988-05-18,3,-0.01449308546807948,0.28481906591696,trend_off
1.0,JPM,1988-05-19,1988-07-04,32,0.1504389602738918,0.2912823343763125,trend_off
1.0,LLY,1976-07-07,1976-07-08,1,0.002476878389266357,0.24551471337359657,trend_off
1.0,LLY,2009-09-14,2009-09-15,1,-0.011470078080519697,0.18599892357426276,trend_off
1.0,XOM,1967-03-16,1967-03-21,3,-0.0019767143535106557,0.1609861706943539,trend_off
1.0,XOM,1967-04-05,1967-04-06,1,-0.001957372842124383,0.15299505586276427,trend_off
1.0,WMT,1988-05-03,1988-05-04,1,-0.01793740790763554,0.3309214990988833,trend_off
1.0,WMT,1988-06-15,1988-06-16,1,-0.029411655173798512,0.2823629741718567,trend_off
1.0,WMT,1988-06-17,1988-06-20,1,0.0,0.2929755432651516,trend_off
1.0,WMT,1988-06-21,1988-08-05,33,0.09361707814764642,0.2839160580267271,trend_off
1.0,WMT,2009-07-20,2009-07-24,4,0.0024581468311095644,0.18464498856975414,trend_off
1.0,WMT,2009-08-03,2009-08-05,2,-0.012841322307858505,0.1644910597128655,trend_off
1.0,WMT,2009-08-11,2009-09-11,23,0.019149640879860153,0.15747101689070034,trend_off
1.0,WMT,2018-06-28,2018-06-29,1,-0.0024459539951008358,0.19444124407483435,trend_off
1.0,WMT,2018-07-09,2018-11-20,96,0.1021399372208438,0.187623399544681,trend_off
1.0,COST,1992-10-12,1992-12-07,40,0.19847401099223427,0.27339056333080985,trend_off
1.0,COST,2009-07-15,2009-07-16,1,0.012580183487471919,0.2931256351946751,trend_off
1.0,COST,2009-07-17,2009-08-17,21,0.003481661205618991,0.2854960262320155,trend_off
1.0,COST,2009-08-25,2009-10-07,31,0.189036152638824,0.2443316705242367,new_high
1.0,NFLX,2005-04-11,2005-04-22,9,-0.058031162628707444,0.49161770252794507,trend_off
1.0,NFLX,2005-04-25,2005-05-03,6,0.003475631441752558,0.538013576578668,trend_off
1.0,NFLX,2005-05-06,2005-05-09,1,0.0034546034152422855,0.47067933296405834,trend_off
1.0,NFLX,2005-05-11,2005-07-13,45,0.2764485942164163,0.557549767366566,trend_off
1.0,NFLX,2012-04-03,2012-04-05,2,-0.021777724064170445,0.5687645669192296,trend_off
1.0,NFLX,2022-10-13,2022-10-14,1,-0.010795211243111336,0.5844678062713393,trend_off
1.0,NFLX,2022-10-17,2022-10-18,1,-0.017299052730212705,0.5955386650011355,trend_off
1.0,JNJ,1963-01-17,1963-03-01,31,0.04343858351397212,0.20366393224823046,trend_off
1.0,JNJ,1963-03-13,1963-03-14,1,-0.0061902333926721065,0.1611038120258784,trend_off
1.0,JNJ,1964-09-02,1964-09-04,2,-0.0037594274576872033,0.12432579145361254,trend_off
1.0,JNJ,1964-09-08,1964-09-18,8,0.004972731824672616,0.12127749005080884,trend_off
1.0,JNJ,1977-08-05,1977-08-08,1,-0.008944180171026828,0.16221513462167178,trend_off
1.0,JNJ,1977-08-09,1977-09-19,29,0.04850755402902163,0.15912195146032246,trend_off
1.0,JNJ,1977-09-26,1977-09-27,1,-0.0068377251344258205,0.1533761779036308,trend_off
1.0,JNJ,1977-09-28,1977-10-05,5,0.0,0.15049202485610882,trend_off
1.0,JNJ,1977-10-17,1977-10-19,2,-0.02068950220615373,0.13513745027516758,trend_off
1.0,JNJ,1979-06-12,1979-06-18,4,-0.003472363575060533,0.14069694927513937,trend_off
1.0,JNJ,1979-08-01,1979-09-10,28,0.037637797674354934,0.13540437401414188,trend_off
1.0,JNJ,1984-09-05,1984-09-07,2,0.0,0.24165940132644065,trend_off
1.0,JNJ,1984-09-13,1984-09-19,4,-0.02930408384199845,0.2438841430582461,trend_off
1.0,JNJ,1988-07-26,1988-07-27,1,-0.016129062680155792,0.22015587120057206,trend_off
1.0,JNJ,1993-10-07,1993-10-08,1,-0.006309652051074588,0.24514635666346726,trend_off
1.0,JNJ,2009-05-26,2009-05-27,1,-0.018820374105944393,0.20658344277033716,trend_off
1.0,JNJ,2009-07-10,2009-08-27,34,0.0711442733746448,0.17247560962315564,trend_off
1.0,PG,1965-12-02,1965-12-06,2,-0.006967852266314245,0.09976736231673931,trend_off
1.0,PG,1988-09-15,1988-10-03,12,0.003144251361284267,0.16292172420707646,trend_off
1.0,PG,2000-09-05,2000-09-13,6,0.0,0.3139765434245673,trend_off
1.0,PG,2000-09-15,2000-09-18,1,-0.005999501755849734,0.2959562461052126,trend_off
1.0,PG,2000-09-22,2000-09-26,2,-0.03326804016073659,0.2818630672236927,trend_off
1.0,PG,2000-09-28,2000-11-02,25,0.019807546766742234,0.3627781005555168,trend_off
1.0,PG,2000-11-29,2000-12-11,8,-0.08602140271393166,0.3442797290395228,trend_off
1.0,PG,2000-12-13,2000-12-15,2,-0.014667609219220723,0.36032441366094703,trend_off
1.0,PG,2000-12-25,2001-01-04,8,-0.019492107733649733,0.3402354163369073,trend_off
1.0,PG,2009-08-07,2009-08-11,2,-0.0019219902526564914,0.25200616151967803,trend_off
1.0,PG,2009-09-04,2009-10-26,36,0.08463817046418542,0.19975959029849294,trend_off
1.0,HD,1985-04-24,1985-05-21,19,-0.04316523350678869,0.3518912091213411,trend_off
1.0,HD,2003-03-27,2003-03-28,1,-0.017159026534791844,0.40835896605231903,trend_off
1.0,HD,2003-04-02,2003-04-09,5,-0.005023247136747178,0.407768857525659,trend_off
1.0,HD,2003-04-29,2003-04-30,1,-0.0042485837082791855,0.33062854183428364,trend_off
1.0,HD,2003-05-02,2003-07-08,47,0.2140934585830554,0.3378048444754739,new_high
1.0,UNH,2025-12-03,2025-12-05,2,-0.02590451133041083,0.3363293296675945,trend_off
1.0,UNH,2025-12-12,2025-12-17,3,-0.029867604883432097,0.32041269897606345,trend_off
1.0,AMD,1987-01-08,1987-03-06,41,0.3770491803278688,0.41054189774270927,trend_off
1.0,AMD,1989-04-18,1989-04-19,1,-0.013698630136986356,0.39117153360781376,trend_off
1.0,AMD,1989-04-20,1989-04-25,3,0.0,0.3809800393777653,trend_off
1.0,AMD,1989-05-12,1989-06-28,33,0.09589041095890405,0.36732207933964134,trend_off
1.0,AMD,1994-01-17,1994-01-18,1,0.0,0.36752473934381946,trend_off
1.0,AMD,2005-06-06,2005-09-29,83,0.46208115841208586,0.30677427926905,new_high
1.0,AMD,2013-04-29,2013-06-11,31,0.4776119177260205,0.5042711533516223,trend_off
1.0,AMD,2015-04-10,2015-04-14,2,-0.03260866466677248,0.3991546834017321,trend_off
1.0,BAC,1977-09-28,1977-09-30,2,-0.011363357691009823,0.12401918155315922,trend_off
1.0,BAC,1977-11-23,1977-11-28,3,0.0,0.14280126526675435,trend_off
1.0,BAC,1979-03-21,1979-03-23,2,0.0,0.15455693999652717,trend_off
1.0,BAC,1979-03-26,1979-03-30,4,0.0,0.14703338860750603,trend_off
1.0,BAC,1979-04-25,1979-04-26,1,-0.00952357657622771,0.15030248085095108,trend_off
1.0,BAC,1979-06-08,1979-08-31,60,0.2323226767029738,0.1354061654818032,trend_off
1.0,BAC,1988-04-25,1988-05-09,10,0.01234657686593077,0.2511540127969614,trend_off
1.0,BAC,1988-05-19,1988-05-20,1,-0.006024296311303079,0.24246733701134987,trend_off
1.0,BAC,2023-01-04,2023-01-18,10,-0.012302176241736906,0.2645353656491033,trend_off
1.0,BAC,2023-09-14,2023-09-15,1,-0.012328752316396296,0.21105915719782134,trend_off
1.0,BAC,2023-09-20,2023-09-21,1,-0.017513106061106343,0.200780336500466,trend_off
1.0,WFC,1975-01-01,1975-02-21,37,0.137808191311928,0.38629359524482443,trend_off
1.0,WFC,1975-03-21,1975-04-03,9,-0.035831324837356626,0.2756452647203793,trend_off
1.0,WFC,1975-04-08,1975-05-01,17,0.036672089995499535,0.2595908794926662,trend_off
1.0,WFC,2020-11-16,2020-11-18,2,0.006425851925754955,0.45109763835795497,trend_off
1.0,WFC,2020-11-23,2020-11-27,4,0.08212941745536306,0.44666620004750923,trend_off
1.0,WFC,2023-01-06,2023-01-09,1,-0.009579354591915168,0.2399467167252183,trend_off
1.5,BTC,2012-05-23,2012-05-24,1,-0.0018914812730609354,0.5044648583396658,trend_off
1.5,BTC,2012-05-25,2012-06-29,25,0.2961685748906886,0.48805461685307927,trend_off
1.5,LTC,2016-04-13,2016-06-22,50,0.207431075536614,0.37973762171758735,trend_off
1.5,TLT,2009-12-02,2009-12-04,2,-0.020874926805857785,0.1271537739097446,trend_off
1.5,USO,2020-11-24,2021-03-23,85,0.27824675023083256,0.3971349783725133,trend_off
1.5,NATGAS,2026-09-15,2026-09-16,1,-0.00959228461445416,0.3654501666236783,trend_off
1.5,CORN,2005-03-09,2005-03-10,1,0.015531660692950977,0.20198811342461104,trend_off
1.5,CORN,2005-03-11,2005-03-14,1,-0.01379310344827589,0.20906844369832706,trend_off
1.5,CORN,2005-04-21,2005-04-22,1,-0.009467455621301801,0.224463261483974,trend_off
1.5,CORN,2005-04-25,2005-04-27,2,-0.023446658851113744,0.225409220345764,trend_off
1.5,CORN,2014-03-05,2014-05-02,42,0.03945291951604424,0.18370691917490858,trend_off
1.5,CORN,2024-05-21,2024-05-29,6,-0.006004366812227047,0.20594622872408702,trend_off
1.5,DXY,1972-08-10,1972-09-11,22,0.0017462757967141584,0.01664477738346028,trend_off
1.5,DXY,1972-09-12,1972-11-24,53,0.008349423616347051,0.012117995381220213,trend_off
1.5,DXY,1972-11-30,1973-01-02,23,0.0031861491031659472,0.00986108950560081,new_high
1.5,DXY,1974-07-15,1974-07-17,2,-0.0007988200682554902,0.056769524982396825,trend_off
1.5,DXY,1975-07-02,1975-07-03,1,0.0007241846903804916,0.03840974909258421,trend_off
1.5,DXY,1975-07-07,1975-07-09,2,-0.002983470115613618,0.038566049527993806,trend_off
1.5,DXY,1979-03-28,1979-05-15,34,0.019350447338746912,0.052463434720607535,trend_off
1.5,DXY,1979-05-16,1979-06-15,22,-0.0023328048467421425,0.040104061642347776,trend_off
1.5,DXY,1988-05-27,1988-05-30,1,0.0,0.06696628418610022,trend_off
1.5,DXY,1988-05-31,1988-08-09,50,0.0904600485721665,0.06729549356138258,new_high
1.5,DXY,2010-01-26,2010-02-02,5,0.0073951527323457,0.0757153522536217,trend_off
1.5,DXY,2025-11-17,2025-11-28,9,-0.0013053244120715402,0.05356837132434537,trend_off
1.5,DXY,2026-01-09,2026-01-20,7,-0.004942982723149747,0.040754003245413166,trend_off
1.5,USDJPY,1999-05-26,1999-05-31,3,-0.005805451317664412,0.10921973326427295,trend_off
1.5,USDJPY,1999-06-04,1999-06-07,1,-0.014955882820581357,0.11248153676238454,trend_off
1.5,USDJPY,1999-06-30,1999-07-01,1,0.0,0.1186409165873734,trend_off
1.5,GBPUSD,2009-05-07,2009-07-01,39,0.09605021292616356,0.15000277875830342,trend_off
1.5,GBPUSD,2017-04-03,2017-05-29,40,0.021809894533719287,0.09207862875992891,trend_off
1.5,GBPUSD,2017-06-02,2017-06-05,1,-0.001415720640746354,0.07627595412013,trend_off
1.5,GBPUSD,2017-06-08,2017-06-09,1,-0.018448238250496907,0.07273635529538934,trend_off
1.5,AAPL,2003-03-21,2003-03-24,1,-0.0420001853327403,0.2819310865598079,trend_off
1.5,COST,1992-10-12,1992-12-07,40,0.19847401099223427,0.27339056333080985,trend_off
1.5,JNJ,1977-08-05,1977-08-08,1,-0.008944180171026828,0.16221513462167178,trend_off
1.5,JNJ,1977-08-09,1977-09-19,29,0.04850755402902163,0.15912195146032246,trend_off
1.5,PG,2000-09-15,2000-09-18,1,-0.005999501755849734,0.2959562461052126,trend_off
1.5,PG,2000-09-22,2000-09-26,2,-0.03326804016073659,0.2818630672236927,trend_off
1.5,BAC,1979-03-21,1979-03-23,2,0.0,0.15455693999652717,trend_off
1.5,BAC,1979-03-26,1979-03-30,4,0.0,0.14703338860750603,trend_off
1.5,BAC,1979-06-08,1979-08-31,60,0.2323226767029738,0.1354061654818032,trend_off
